language,dataset,label,base_int8_current,ft_int8
ben,private_calls,0,0.00391,0.00807
ben,private_calls,0,0.00380,0.00936
ben,private_calls,0,0.00537,0.04598
ben,private_calls,0,0.00434,0.01821
ben,private_calls,0,0.00470,0.04848
ben,private_calls,0,0.00400,0.02424
ben,private_calls,0,0.00581,0.04237
ben,private_calls,0,0.98530,0.37876
ben,private_calls,0,0.98102,0.22978
ben,private_calls,0,0.00386,0.01007
ben,private_calls,0,0.00382,0.01530
ben,private_calls,0,0.90845,0.09736
ben,private_calls,0,0.00369,0.01210
ben,private_calls,0,0.00378,0.00540
ben,private_calls,0,0.00391,0.01879
ben,private_calls,0,0.00449,0.01586
ben,private_calls,0,0.00373,0.00580
ben,private_calls,0,0.00371,0.00678
ben,private_calls,0,0.00375,0.01000
ben,private_calls,0,0.00387,0.01695
ben,private_calls,0,0.00673,0.01783
ben,private_calls,0,0.95443,0.06338
ben,private_calls,0,0.08094,0.06586
ben,private_calls,0,0.91840,0.09465
ben,private_calls,0,0.00375,0.00720
ben,private_calls,0,0.00389,0.00748
ben,private_calls,0,0.01211,0.04632
ben,private_calls,0,0.00373,0.00661
ben,private_calls,0,0.00367,0.00706
ben,private_calls,0,0.00375,0.01569
ben,private_calls,0,0.00372,0.01050
ben,private_calls,1,0.96576,0.37511
ben,private_calls,0,0.00380,0.00700
ben,private_calls,0,0.89260,0.08875
ben,private_calls,0,0.96500,0.07244
ben,private_calls,0,0.03569,0.03460
ben,private_calls,0,0.00700,0.04388
ben,private_calls,0,0.00393,0.02364
ben,private_calls,0,0.00480,0.02368
ben,private_calls,0,0.97912,0.15155
ben,private_calls,0,0.00647,0.02131
ben,private_calls,0,0.00370,0.01559
ben,private_calls,0,0.00373,0.01320
ben,private_calls,1,0.89718,0.44139
ben,private_calls,0,0.99230,0.32226
ben,private_calls,0,0.00417,0.00922
ben,private_calls,0,0.00378,0.00646
ben,private_calls,0,0.00389,0.01928
ben,private_calls,0,0.30789,0.02811
ben,private_calls,0,0.00731,0.02216
ben,private_calls,0,0.00394,0.02872
ben,private_calls,0,0.01186,0.15201
ben,private_calls,0,0.00375,0.00984
ben,private_calls,1,0.99149,0.88610
ben,private_calls,0,0.00376,0.00577
ben,private_calls,0,0.00404,0.02140
ben,private_calls,0,0.00367,0.00849
ben,private_calls,0,0.00443,0.02048
ben,private_calls,0,0.00543,0.05017
ben,private_calls,0,0.27877,0.20386
ben,private_calls,1,0.99155,0.97771
ben,private_calls,0,0.00378,0.01114
ben,private_calls,0,0.00387,0.01250
ben,private_calls,0,0.00633,0.07850
ben,private_calls,0,0.00374,0.00641
ben,private_calls,0,0.00369,0.00653
ben,private_calls,0,0.00370,0.02429
ben,private_calls,0,0.00370,0.00704
ben,private_calls,0,0.00415,0.03967
ben,private_calls,0,0.00373,0.00762
ben,private_calls,0,0.00377,0.02393
ben,private_calls,0,0.66938,0.06224
ben,private_calls,0,0.00372,0.00713
ben,private_calls,0,0.00807,0.02043
ben,private_calls,0,0.00376,0.00888
ben,private_calls,0,0.56799,0.13175
ben,private_calls,0,0.00390,0.01669
ben,private_calls,1,0.98410,0.51908
ben,private_calls,0,0.00381,0.00590
ben,private_calls,0,0.00485,0.07344
ben,private_calls,0,0.00377,0.00669
ben,private_calls,0,0.00975,0.16270
ben,private_calls,0,0.04429,0.04081
ben,private_calls,0,0.44796,0.04330
ben,private_calls,1,0.99024,0.93517
ben,private_calls,0,0.00437,0.01863
ben,private_calls,0,0.39102,0.37366
ben,private_calls,0,0.00408,0.03214
ben,private_calls,0,0.00372,0.00828
ben,private_calls,0,0.00369,0.02881
ben,private_calls,0,0.10444,0.08500
ben,private_calls,0,0.00373,0.00620
ben,private_calls,0,0.00386,0.02753
ben,private_calls,1,0.99142,0.93451
ben,private_calls,0,0.00404,0.02020
ben,private_calls,0,0.00381,0.00679
ben,private_calls,0,0.00622,0.05054
ben,private_calls,0,0.00376,0.00680
ben,private_calls,0,0.03707,0.02374
ben,private_calls,0,0.00364,0.00693
ben,private_calls,0,0.00378,0.01086
ben,private_calls,0,0.00419,0.01407
ben,private_calls,0,0.00371,0.01151
ben,private_calls,0,0.00378,0.00669
ben,private_calls,0,0.00374,0.00693
ben,private_calls,1,0.99234,0.96629
ben,private_calls,0,0.00380,0.00542
ben,private_calls,0,0.00371,0.00660
ben,private_calls,1,0.99216,0.92765
ben,private_calls,0,0.00382,0.00752
ben,private_calls,0,0.00456,0.04970
ben,private_calls,0,0.99197,0.38874
ben,private_calls,0,0.99224,0.93261
ben,private_calls,1,0.99098,0.69657
ben,private_calls,0,0.00406,0.02673
ben,private_calls,0,0.00567,0.02581
ben,private_calls,0,0.99199,0.70107
ben,private_calls,0,0.00388,0.00905
ben,private_calls,0,0.03346,0.02104
ben,private_calls,0,0.00388,0.01588
ben,private_calls,0,0.00956,0.03043
ben,private_calls,0,0.00383,0.01597
ben,private_calls,0,0.98977,0.11837
ben,private_calls,0,0.98491,0.29735
ben,private_calls,0,0.98768,0.11012
ben,private_calls,0,0.00419,0.01145
ben,private_calls,0,0.78266,0.03148
ben,private_calls,0,0.00379,0.00973
ben,private_calls,0,0.97851,0.34917
ben,private_calls,0,0.00532,0.01375
ben,private_calls,1,0.01783,0.07961
ben,private_calls,0,0.02379,0.03942
ben,private_calls,0,0.00459,0.01505
ben,private_calls,0,0.00409,0.01090
ben,private_calls,0,0.98509,0.17924
ben,private_calls,0,0.00405,0.02271
ben,private_calls,0,0.00372,0.00786
ben,private_calls,0,0.00380,0.00967
ben,private_calls,0,0.00395,0.02125
ben,private_calls,0,0.00608,0.03152
ben,private_calls,1,0.98905,0.52681
ben,private_calls,0,0.00586,0.01821
ben,private_calls,0,0.10836,0.02466
ben,private_calls,0,0.00372,0.00814
ben,private_calls,0,0.00370,0.00740
ben,private_calls,0,0.98293,0.14794
ben,private_calls,0,0.00368,0.00630
ben,private_calls,0,0.99029,0.89283
ben,private_calls,0,0.00524,0.01001
ben,private_calls,0,0.00381,0.00747
ben,private_calls,1,0.99224,0.96942
ben,private_calls,1,0.99065,0.50440
ben,private_calls,0,0.00378,0.00633
ben,private_calls,1,0.96049,0.42227
ben,private_calls,0,0.03439,0.02223
ben,private_calls,1,0.73289,0.20852
ben,private_calls,1,0.00473,0.13094
ben,private_calls,0,0.78754,0.21860
ben,private_calls,0,0.98992,0.46035
ben,private_calls,0,0.00391,0.01083
ben,private_calls,0,0.00370,0.00580
ben,private_calls,0,0.00422,0.02008
ben,private_calls,0,0.00740,0.03339
ben,private_calls,0,0.00371,0.01398
ben,private_calls,0,0.00368,0.00758
ben,private_calls,1,0.00403,0.08172
ben,private_calls,0,0.00495,0.02005
ben,private_calls,0,0.00370,0.00848
ben,private_calls,1,0.99161,0.97670
ben,private_calls,1,0.99116,0.81577
ben,private_calls,0,0.00373,0.00668
ben,private_calls,0,0.98747,0.18075
ben,private_calls,0,0.00371,0.00622
ben,private_calls,0,0.00500,0.02687
ben,private_calls,0,0.00429,0.01895
ben,private_calls,1,0.99131,0.93315
ben,private_calls,0,0.00374,0.00837
ben,private_calls,0,0.92818,0.11497
ben,private_calls,0,0.00415,0.02226
ben,private_calls,0,0.96873,0.49614
ben,private_calls,0,0.00402,0.03149
ben,private_calls,1,0.98868,0.88123
ben,private_calls,0,0.00400,0.01503
ben,private_calls,0,0.74783,0.04159
ben,private_calls,0,0.98870,0.73874
ben,private_calls,0,0.00376,0.01970
ben,private_calls,1,0.99223,0.75417
ben,private_calls,0,0.00402,0.00969
ben,private_calls,0,0.97198,0.16027
ben,private_calls,0,0.01033,0.04819
ben,private_calls,1,0.54475,0.13194
ben,private_calls,0,0.00435,0.01930
ben,private_calls,0,0.00375,0.00761
ben,private_calls,0,0.13314,0.05529
ben,private_calls,0,0.98237,0.31346
ben,private_calls,0,0.01933,0.04843
ben,private_calls,0,0.00405,0.01489
ben,private_calls,0,0.00415,0.02334
ben,private_calls,0,0.00384,0.01429
ben,private_calls,0,0.98614,0.64391
ben,private_calls,0,0.00380,0.00912
ben,private_calls,0,0.05203,0.11224
ben,private_calls,0,0.23399,0.16451
ben,private_calls,1,0.62127,0.44657
ben,private_calls,0,0.00387,0.02240
ben,private_calls,0,0.00394,0.01478
ben,private_calls,0,0.00424,0.02356
ben,private_calls,0,0.00376,0.01280
ben,private_calls,0,0.00392,0.00845
ben,private_calls,0,0.00450,0.01732
ben,private_calls,0,0.07167,0.01798
ben,private_calls,0,0.00423,0.04550
ben,private_calls,0,0.00376,0.00899
ben,private_calls,0,0.00373,0.00624
ben,private_calls,0,0.00502,0.02521
ben,private_calls,0,0.02035,0.02244
ben,private_calls,0,0.03701,0.06034
ben,private_calls,0,0.98950,0.72468
ben,private_calls,0,0.00375,0.00674
ben,private_calls,0,0.00402,0.04043
ben,private_calls,0,0.00378,0.01032
ben,private_calls,0,0.00379,0.01636
ben,private_calls,0,0.00372,0.01262
ben,private_calls,1,0.99229,0.97545
ben,private_calls,0,0.00513,0.01725
ben,private_calls,0,0.74943,0.30514
ben,private_calls,0,0.00377,0.00664
ben,private_calls,0,0.00486,0.01978
ben,private_calls,1,0.99080,0.40728
ben,private_calls,0,0.00384,0.01478
ben,private_calls,1,0.00849,0.70443
ben,private_calls,0,0.00371,0.00663
ben,private_calls,1,0.98970,0.95471
ben,private_calls,0,0.03937,0.04826
ben,private_calls,0,0.15171,0.22881
ben,private_calls,1,0.98696,0.96250
ben,private_calls,0,0.98996,0.19844
ben,private_calls,1,0.99199,0.82491
ben,private_calls,0,0.00414,0.01283
ben,private_calls,0,0.01030,0.04357
ben,private_calls,0,0.98999,0.93749
ben,private_calls,0,0.00377,0.00708
ben,private_calls,0,0.99036,0.93016
ben,private_calls,1,0.98919,0.18852
ben,private_calls,0,0.00375,0.00952
ben,private_calls,0,0.00373,0.00687
ben,private_calls,0,0.02124,0.04134
ben,private_calls,0,0.00818,0.05657
ben,private_calls,1,0.00397,0.01738
ben,private_calls,0,0.00373,0.01233
ben,private_calls,0,0.01192,0.01220
ben,private_calls,0,0.97178,0.05614
ben,private_calls,0,0.00388,0.01379
ben,private_calls,1,0.01102,0.02912
ben,private_calls,0,0.18721,0.46113
ben,private_calls,0,0.00455,0.02145
ben,private_calls,0,0.00391,0.03999
ben,private_calls,0,0.00370,0.01216
ben,private_calls,1,0.98986,0.71875
ben,private_calls,0,0.00388,0.00941
ben,private_calls,0,0.00377,0.00840
ben,private_calls,0,0.00410,0.02533
ben,private_calls,0,0.00369,0.00692
ben,private_calls,1,0.99228,0.95103
ben,private_calls,0,0.00381,0.00613
ben,private_calls,0,0.00387,0.01391
ben,private_calls,0,0.00383,0.01291
ben,private_calls,0,0.50274,0.05762
ben,private_calls,0,0.98339,0.25738
ben,private_calls,0,0.00377,0.00577
ben,private_calls,0,0.00378,0.00803
ben,private_calls,0,0.00373,0.01153
ben,private_calls,0,0.00381,0.00558
ben,private_calls,0,0.98884,0.83852
ben,private_calls,0,0.00381,0.01056
ben,private_calls,0,0.41176,0.02307
ben,private_calls,0,0.00369,0.00732
ben,private_calls,0,0.00379,0.01887
ben,private_calls,0,0.00423,0.03403
ben,private_calls,0,0.64480,0.01839
ben,private_calls,1,0.99216,0.90590
ben,private_calls,0,0.00369,0.00952
ben,private_calls,0,0.00376,0.00703
ben,private_calls,1,0.00383,0.02321
ben,private_calls,1,0.85529,0.43548
ben,private_calls,1,0.99198,0.66008
ben,private_calls,1,0.31873,0.87727
ben,private_calls,0,0.99178,0.98191
ben,private_calls,0,0.00423,0.01178
ben,private_calls,0,0.44914,0.11012
ben,private_calls,0,0.00567,0.03264
ben,private_calls,0,0.00676,0.02388
ben,private_calls,1,0.99216,0.91629
ben,private_calls,0,0.00446,0.06427
ben,private_calls,0,0.84136,0.05117
ben,private_calls,0,0.00883,0.02556
ben,private_calls,0,0.02525,0.05179
ben,private_calls,1,0.99171,0.94595
ben,private_calls,0,0.00397,0.01288
ben,private_calls,0,0.09266,0.07735
ben,private_calls,0,0.00384,0.01493
ben,private_calls,0,0.01170,0.05089
ben,private_calls,0,0.00421,0.00978
ben,private_calls,0,0.63679,0.08730
ben,private_calls,0,0.00392,0.01664
ben,private_calls,0,0.00409,0.02841
ben,private_calls,1,0.99225,0.97440
ben,private_calls,0,0.00377,0.00785
ben,private_calls,0,0.00391,0.00549
ben,private_calls,0,0.00395,0.01228
ben,private_calls,0,0.00406,0.00930
ben,private_calls,0,0.98334,0.30167
ben,private_calls,0,0.00382,0.01701
ben,private_calls,0,0.00394,0.00804
ben,private_calls,1,0.98879,0.90438
ben,private_calls,0,0.00372,0.01011
ben,private_calls,0,0.00378,0.01272
ben,private_calls,0,0.00370,0.01015
ben,private_calls,0,0.00382,0.01337
ben,private_calls,0,0.00379,0.00605
ben,private_calls,0,0.00380,0.00684
ben,private_calls,1,0.00428,0.15142
ben,private_calls,0,0.00371,0.01410
ben,private_calls,0,0.00369,0.00709
ben,private_calls,0,0.98962,0.53273
ben,private_calls,0,0.00378,0.01054
ben,private_calls,0,0.00734,0.02825
ben,private_calls,0,0.78686,0.05703
ben,private_calls,0,0.00704,0.03765
ben,private_calls,0,0.00377,0.01491
ben,private_calls,0,0.00372,0.00843
ben,private_calls,0,0.07774,0.03005
ben,private_calls,0,0.96888,0.26108
ben,private_calls,1,0.99227,0.98494
ben,private_calls,0,0.99212,0.97182
ben,private_calls,0,0.87539,0.03739
ben,private_calls,0,0.00405,0.02457
ben,private_calls,0,0.01157,0.05448
ben,private_calls,0,0.00928,0.02566
ben,private_calls,0,0.00379,0.00588
ben,private_calls,0,0.13995,0.14416
ben,private_calls,0,0.00366,0.01685
ben,private_calls,0,0.60084,0.04351
ben,private_calls,1,0.98973,0.63829
ben,private_calls,0,0.99165,0.12007
ben,private_calls,1,0.99221,0.92360
ben,private_calls,0,0.00371,0.01022
ben,private_calls,0,0.00407,0.02661
ben,private_calls,0,0.05268,0.06220
ben,private_calls,0,0.00518,0.01792
ben,private_calls,1,0.99119,0.96710
ben,private_calls,0,0.00372,0.00612
ben,private_calls,0,0.00502,0.01162
ben,private_calls,1,0.99203,0.90452
ben,private_calls,0,0.00384,0.01248
ben,private_calls,0,0.96079,0.06440
ben,private_calls,0,0.00375,0.01295
ben,private_calls,1,0.99189,0.95790
ben,private_calls,1,0.99252,0.97555
ben,private_calls,0,0.00369,0.00625
ben,private_calls,1,0.98568,0.10426
ben,private_calls,1,0.99232,0.98154
ben,private_calls,0,0.00368,0.00567
ben,private_calls,0,0.00370,0.00889
ben,private_calls,0,0.00374,0.00663
ben,private_calls,1,0.99237,0.93847
ben,private_calls,0,0.00366,0.00611
ben,private_calls,0,0.00426,0.01510
ben,private_calls,0,0.00366,0.01496
ben,private_calls,1,0.99059,0.90584
ben,private_calls,0,0.00372,0.00554
ben,private_calls,0,0.00370,0.00825
ben,private_calls,0,0.00365,0.00724
ben,private_calls,0,0.01493,0.02102
ben,private_calls,1,0.98443,0.75951
ben,private_calls,0,0.00364,0.00603
ben,private_calls,1,0.00393,0.01536
ben,private_calls,1,0.99016,0.93973
ben,private_calls,0,0.00370,0.00605
ben,private_calls,0,0.00365,0.00628
ben,private_calls,1,0.99238,0.98449
ben,private_calls,0,0.74116,0.20352
ben,private_calls,0,0.00367,0.00576
ben,private_calls,0,0.46392,0.02337
ben,private_calls,0,0.00419,0.00993
ben,private_calls,0,0.00373,0.00643
ben,private_calls,1,0.97907,0.60450
ben,private_calls,0,0.00366,0.00685
ben,private_calls,0,0.98450,0.07214
ben,private_calls,1,0.99227,0.92673
ben,private_calls,0,0.92753,0.00939
ben,private_calls,0,0.00563,0.03220
ben,private_calls,0,0.00369,0.00679
ben,private_calls,1,0.99207,0.97767
ben,private_calls,0,0.00367,0.00665
ben,private_calls,0,0.08145,0.03697
ben,private_calls,0,0.97831,0.04830
ben,private_calls,0,0.00365,0.00729
ben,private_calls,0,0.00373,0.00575
ben,private_calls,0,0.00371,0.00654
ben,private_calls,0,0.97859,0.07747
ben,private_calls,0,0.00389,0.00660
ben,private_calls,0,0.00409,0.01166
ben,private_calls,0,0.00376,0.00807
ben,private_calls,0,0.00371,0.00735
ben,private_calls,0,0.00363,0.01005
ben,private_calls,0,0.00376,0.00994
ben,private_calls,0,0.70826,0.13071
ben,private_calls,1,0.99101,0.92442
ben,private_calls,0,0.00431,0.02473
ben,private_calls,1,0.99158,0.93599
ben,private_calls,1,0.99118,0.95142
ben,private_calls,0,0.01024,0.02533
ben,private_calls,0,0.00379,0.00593
ben,private_calls,0,0.01084,0.11020
ben,private_calls,0,0.00366,0.00635
ben,private_calls,1,0.99181,0.96636
ben,private_calls,1,0.98998,0.65825
ben,private_calls,1,0.97868,0.09119
ben,private_calls,0,0.00926,0.02614
ben,private_calls,0,0.81120,0.88735
ben,private_calls,0,0.95200,0.14019
ben,private_calls,0,0.00639,0.05083
ben,private_calls,0,0.00486,0.02000
ben,private_calls,0,0.98126,0.19731
ben,private_calls,1,0.99190,0.66282
ben,private_calls,0,0.00490,0.02554
ben,private_calls,0,0.52220,0.02328
ben,private_calls,0,0.98658,0.13675
ben,private_calls,0,0.00372,0.01095
ben,private_calls,0,0.00615,0.04145
ben,private_calls,1,0.99101,0.88419
ben,private_calls,1,0.99191,0.74458
ben,private_calls,0,0.00583,0.03191
ben,private_calls,0,0.94717,0.07742
ben,private_calls,0,0.00530,0.00967
ben,private_calls,0,0.00456,0.00913
ben,private_calls,0,0.00371,0.00761
ben,private_calls,0,0.00522,0.06647
ben,private_calls,1,0.99043,0.93937
ben,private_calls,0,0.10459,0.10033
ben,private_calls,0,0.00447,0.06927
ben,private_calls,0,0.00382,0.01303
ben,private_calls,0,0.00376,0.00762
ben,private_calls,0,0.06485,0.02886
ben,private_calls,1,0.99137,0.93923
ben,private_calls,0,0.00462,0.02385
ben,private_calls,0,0.00362,0.00682
ben,private_calls,0,0.00367,0.00753
ben,private_calls,1,0.95681,0.46474
ben,private_calls,1,0.99234,0.97781
ben,private_calls,0,0.71805,0.15398
ben,private_calls,0,0.02412,0.10439
ben,private_calls,0,0.66101,0.27012
ben,private_calls,1,0.99203,0.94873
ben,private_calls,0,0.99091,0.19231
ben,private_calls,1,0.98674,0.57393
ben,private_calls,0,0.99224,0.18652
ben,private_calls,0,0.00368,0.00656
ben,private_calls,0,0.00370,0.00778
ben,private_calls,0,0.00365,0.00756
ben,private_calls,0,0.00384,0.00642
ben,private_calls,1,0.99238,0.98583
ben,private_calls,0,0.00369,0.00812
ben,private_calls,0,0.99020,0.03491
ben,private_calls,1,0.99224,0.93780
ben,private_calls,0,0.96322,0.00749
ben,private_calls,0,0.98627,0.12946
ben,private_calls,1,0.99232,0.97258
ben,private_calls,0,0.00375,0.00713
ben,private_calls,1,0.99123,0.38255
ben,private_calls,0,0.00484,0.02434
ben,private_calls,0,0.98688,0.08119
ben,private_calls,1,0.93222,0.18645
ben,private_calls,0,0.00393,0.01332
ben,private_calls,1,0.00379,0.07490
ben,private_calls,0,0.96511,0.11573
ben,private_calls,1,0.99234,0.91018
ben,private_calls,0,0.00411,0.01904
ben,private_calls,0,0.00372,0.00700
ben,private_calls,1,0.99150,0.82176
ben,private_calls,0,0.00378,0.01117
ben,private_calls,0,0.85082,0.05887
ben,private_calls,0,0.02356,0.04700
ben,private_calls,1,0.98960,0.59565
ben,private_calls,0,0.58771,0.10463
ben,private_calls,0,0.00377,0.00780
ben,private_calls,1,0.99090,0.68093
ben,private_calls,0,0.94681,0.03947
ben,private_calls,1,0.99151,0.72029
ben,private_calls,1,0.99093,0.92472
ben,private_calls,0,0.99183,0.71019
ben,private_calls,1,0.94443,0.23362
ben,private_calls,0,0.00382,0.00893
ben,private_calls,0,0.14162,0.02481
ben,private_calls,1,0.00403,0.00953
ben,private_calls,0,0.44561,0.12397
ben,private_calls,0,0.00384,0.01129
ben,private_calls,0,0.00377,0.00859
ben,private_calls,1,0.99180,0.57681
ben,private_calls,1,0.99180,0.54963
ben,private_calls,0,0.17289,0.04163
ben,private_calls,0,0.00379,0.00649
ben,private_calls,0,0.99165,0.64652
ben,private_calls,1,0.95446,0.43803
ben,private_calls,0,0.00956,0.01888
ben,private_calls,0,0.00392,0.01816
ben,private_calls,0,0.00366,0.01259
ben,private_calls,0,0.37254,0.02765
ben,private_calls,0,0.00371,0.00700
ben,private_calls,0,0.01455,0.01761
ben,private_calls,0,0.01197,0.01433
ben,private_calls,0,0.00383,0.00620
ben,private_calls,0,0.05594,0.02085
ben,private_calls,0,0.00602,0.03586
ben,private_calls,1,0.99206,0.98784
ben,private_calls,0,0.00382,0.00804
ben,private_calls,0,0.61050,0.06398
ben,private_calls,0,0.99230,0.97488
ben,private_calls,0,0.00379,0.01035
ben,private_calls,1,0.99223,0.89575
ben,private_calls,0,0.99224,0.97883
ben,private_calls,0,0.00547,0.02125
ben,private_calls,0,0.00378,0.01196
ben,private_calls,0,0.00492,0.03541
ben,private_calls,0,0.00384,0.01276
ben,private_calls,1,0.99069,0.76973
ben,private_calls,0,0.00645,0.02806
ben,private_calls,0,0.00380,0.01198
ben,private_calls,0,0.96762,0.23687
ben,private_calls,0,0.00381,0.00899
ben,private_calls,0,0.00379,0.00995
ben,private_calls,0,0.00378,0.00703
ben,private_calls,0,0.00422,0.02881
ben,private_calls,0,0.00404,0.02087
ben,private_calls,0,0.00504,0.01866
ben,private_calls,0,0.00394,0.01558
ben,private_calls,0,0.00377,0.00911
ben,private_calls,0,0.06308,0.07340
ben,private_calls,0,0.00376,0.00672
ben,private_calls,0,0.00374,0.00879
ben,private_calls,0,0.00371,0.00720
ben,private_calls,1,0.99067,0.70293
ben,private_calls,0,0.00821,0.04251
ben,private_calls,0,0.98775,0.24586
ben,private_calls,0,0.99055,0.52488
ben,private_calls,0,0.00390,0.00974
ben,private_calls,0,0.00474,0.03717
ben,private_calls,0,0.00387,0.01279
ben,private_calls,0,0.00381,0.00699
ben,private_calls,0,0.00369,0.00613
ben,private_calls,0,0.01031,0.06168
ben,private_calls,1,0.99200,0.86014
ben,private_calls,0,0.98875,0.17496
ben,private_calls,0,0.56735,0.03209
ben,private_calls,0,0.00388,0.00997
ben,private_calls,0,0.00376,0.00764
ben,private_calls,1,0.22542,0.42344
ben,private_calls,0,0.00373,0.00761
ben,private_calls,0,0.99214,0.79974
ben,private_calls,0,0.00373,0.00649
ben,private_calls,0,0.00469,0.01622
ben,private_calls,0,0.00427,0.02060
ben,private_calls,0,0.00436,0.02894
ben,private_calls,0,0.00394,0.01370
ben,private_calls,0,0.92292,0.06750
ben,private_calls,0,0.00389,0.01661
ben,private_calls,0,0.98673,0.07740
ben,private_calls,0,0.00381,0.00680
ben,private_calls,0,0.00448,0.01877
ben,private_calls,0,0.00376,0.00712
ben,private_calls,1,0.99117,0.75785
ben,private_calls,0,0.96764,0.03307
ben,private_calls,1,0.99188,0.92023
ben,private_calls,0,0.00376,0.00839
ben,private_calls,0,0.00669,0.05013
ben,private_calls,0,0.00394,0.00907
ben,private_calls,0,0.00392,0.01320
ben,private_calls,0,0.00558,0.05564
ben,private_calls,1,0.99240,0.98408
ben,private_calls,0,0.99172,0.90331
ben,private_calls,1,0.99152,0.91893
ben,private_calls,0,0.00371,0.01721
ben,private_calls,1,0.66229,0.69929
ben,private_calls,0,0.00375,0.01859
ben,private_calls,1,0.99201,0.91445
ben,private_calls,1,0.00423,0.02587
ben,private_calls,1,0.90902,0.14722
ben,private_calls,0,0.00383,0.00829
ben,private_calls,0,0.00371,0.00895
ben,private_calls,0,0.10070,0.07416
ben,private_calls,0,0.99231,0.96542
ben,private_calls,0,0.00380,0.00984
ben,private_calls,0,0.99177,0.79548
ben,private_calls,1,0.99081,0.72538
ben,private_calls,0,0.32300,0.07830
ben,private_calls,1,0.97055,0.55092
ben,private_calls,1,0.98480,0.39198
ben,private_calls,0,0.00433,0.01366
ben,private_calls,0,0.00372,0.00715
ben,private_calls,1,0.99240,0.95749
ben,private_calls,0,0.04613,0.02866
ben,private_calls,0,0.05609,0.05508
ben,private_calls,0,0.00436,0.00819
ben,private_calls,0,0.03946,0.05326
ben,private_calls,0,0.00371,0.01154
ben,private_calls,0,0.91458,0.07474
ben,private_calls,0,0.00394,0.02303
ben,private_calls,0,0.02515,0.02511
ben,private_calls,0,0.01096,0.02325
ben,private_calls,0,0.72042,0.02405
ben,private_calls,0,0.00451,0.01042
ben,private_calls,0,0.92047,0.05690
ben,private_calls,0,0.99081,0.09936
ben,private_calls,0,0.98823,0.48691
ben,private_calls,0,0.00377,0.00748
ben,private_calls,0,0.00373,0.00895
ben,private_calls,1,0.99171,0.97314
ben,private_calls,1,0.92085,0.47091
ben,private_calls,0,0.00408,0.00921
ben,private_calls,1,0.98985,0.94611
ben,private_calls,1,0.99223,0.97834
ben,private_calls,0,0.01202,0.01320
ben,private_calls,0,0.13126,0.02977
ben,private_calls,1,0.98862,0.74666
ben,private_calls,0,0.99150,0.91965
ben,private_calls,1,0.99220,0.82164
ben,private_calls,0,0.00705,0.01093
ben,private_calls,1,0.99210,0.86333
ben,private_calls,1,0.98672,0.75649
ben,private_calls,0,0.00371,0.02810
ben,private_calls,0,0.00376,0.00819
ben,private_calls,0,0.00375,0.01683
ben,private_calls,0,0.00398,0.01142
ben,private_calls,1,0.97866,0.57184
ben,private_calls,0,0.07941,0.04549
ben,private_calls,0,0.29515,0.04262
ben,private_calls,0,0.01086,0.03000
ben,private_calls,0,0.00372,0.01048
ben,private_calls,1,0.94411,0.63177
ben,private_calls,0,0.06154,0.16776
ben,private_calls,0,0.80709,0.01397
ben,private_calls,0,0.00366,0.00725
ben,private_calls,0,0.98909,0.11488
ben,private_calls,1,0.99207,0.92810
ben,private_calls,0,0.00398,0.02616
ben,private_calls,1,0.97877,0.36913
ben,private_calls,0,0.00466,0.03789
ben,private_calls,1,0.98208,0.24413
ben,private_calls,0,0.03298,0.11573
ben,private_calls,0,0.00401,0.01326
ben,private_calls,0,0.42122,0.03958
ben,private_calls,0,0.00364,0.00756
ben,private_calls,0,0.00361,0.00815
ben,private_calls,0,0.00361,0.00653
ben,private_calls,0,0.03637,0.10185
ben,private_calls,0,0.98603,0.03744
ben,private_calls,0,0.89960,0.09990
ben,private_calls,0,0.49896,0.05457
ben,private_calls,0,0.00382,0.01094
ben,private_calls,0,0.00357,0.00685
ben,private_calls,0,0.00361,0.00850
ben,private_calls,1,0.01665,0.04655
ben,private_calls,0,0.98283,0.48349
ben,private_calls,0,0.00354,0.00973
ben,private_calls,0,0.00363,0.00872
ben,private_calls,0,0.09618,0.01685
ben,private_calls,1,0.99214,0.77382
ben,private_calls,0,0.00368,0.01155
ben,private_calls,0,0.00362,0.00914
ben,private_calls,1,0.99155,0.58143
ben,private_calls,0,0.99256,0.91035
ben,private_calls,0,0.00382,0.01695
ben,private_calls,1,0.99253,0.97146
ben,private_calls,0,0.00355,0.00663
ben,private_calls,0,0.00372,0.00768
ben,private_calls,0,0.00358,0.00969
ben,private_calls,0,0.00409,0.02688
ben,private_calls,0,0.99129,0.84726
ben,private_calls,0,0.00367,0.00798
ben,private_calls,1,0.99179,0.97618
ben,private_calls,0,0.98866,0.08222
ben,private_calls,0,0.00545,0.01882
ben,private_calls,0,0.00362,0.01141
ben,private_calls,1,0.99064,0.93505
ben,private_calls,0,0.00370,0.00728
ben,private_calls,0,0.99136,0.45157
ben,private_calls,0,0.00363,0.00953
ben,private_calls,0,0.08031,0.05456
ben,private_calls,0,0.06816,0.02331
ben,private_calls,0,0.04372,0.03176
ben,private_calls,0,0.73976,0.04306
ben,private_calls,0,0.73090,0.04125
ben,private_calls,0,0.00463,0.00988
ben,private_calls,0,0.00367,0.01251
ben,private_calls,0,0.87287,0.05641
ben,private_calls,1,0.99218,0.89279
ben,private_calls,0,0.00395,0.01387
ben,private_calls,0,0.22849,0.44584
ben,private_calls,0,0.00438,0.01455
ben,private_calls,0,0.00371,0.01384
ben,private_calls,0,0.99221,0.23494
ben,private_calls,0,0.00361,0.00799
ben,private_calls,0,0.00384,0.01239
ben,private_calls,0,0.51843,0.03228
ben,private_calls,0,0.01576,0.02958
ben,private_calls,1,0.99218,0.96661
ben,private_calls,0,0.99223,0.04602
ben,private_calls,0,0.00382,0.02591
ben,private_calls,0,0.98261,0.17836
ben,private_calls,0,0.00366,0.02433
ben,private_calls,0,0.00373,0.01458
ben,private_calls,0,0.00411,0.01888
ben,private_calls,0,0.00375,0.00629
ben,private_calls,0,0.01055,0.02566
ben,private_calls,0,0.00390,0.02754
ben,private_calls,0,0.00368,0.01445
ben,private_calls,0,0.00368,0.01588
ben,private_calls,0,0.09839,0.03913
ben,private_calls,0,0.94891,0.07610
ben,private_calls,0,0.69968,0.05374
ben,private_calls,0,0.00378,0.00662
ben,private_calls,0,0.07040,0.02939
ben,private_calls,0,0.99080,0.26324
ben,private_calls,0,0.96190,0.25005
ben,private_calls,0,0.58827,0.05893
ben,private_calls,0,0.00371,0.00627
ben,private_calls,0,0.00887,0.03510
ben,private_calls,0,0.00464,0.02368
ben,private_calls,1,0.99031,0.82145
ben,private_calls,0,0.06822,0.06020
ben,private_calls,0,0.00379,0.01986
ben,private_calls,0,0.00498,0.00984
ben,private_calls,0,0.00377,0.01284
ben,private_calls,0,0.00658,0.04330
ben,private_calls,0,0.01684,0.06786
ben,private_calls,1,0.05080,0.26908
ben,private_calls,0,0.00385,0.00731
ben,private_calls,0,0.97722,0.10346
ben,private_calls,1,0.80909,0.49160
ben,private_calls,0,0.00479,0.01000
ben,private_calls,0,0.00377,0.00556
ben,private_calls,0,0.00618,0.04428
ben,private_calls,0,0.95474,0.02436
ben,private_calls,0,0.00370,0.00661
ben,private_calls,1,0.96968,0.23175
ben,private_calls,0,0.00370,0.00634
ben,private_calls,0,0.94902,0.16270
ben,private_calls,1,0.99203,0.76830
ben,private_calls,0,0.00376,0.01120
ben,private_calls,0,0.00412,0.03314
ben,private_calls,0,0.61000,0.05254
ben,private_calls,0,0.89250,0.15017
ben,private_calls,0,0.98664,0.08219
ben,private_calls,0,0.96963,0.17217
ben,private_calls,0,0.98118,0.10630
ben,private_calls,0,0.00429,0.05622
ben,private_calls,0,0.00367,0.00725
ben,private_calls,0,0.00380,0.00601
ben,private_calls,0,0.00395,0.01429
ben,private_calls,0,0.99064,0.84159
ben,private_calls,0,0.00374,0.00561
ben,private_calls,0,0.24774,0.03041
ben,private_calls,0,0.02915,0.01751
ben,private_calls,0,0.82848,0.02611
ben,private_calls,0,0.00377,0.01084
ben,private_calls,1,0.99207,0.88634
ben,private_calls,0,0.00416,0.03024
ben,private_calls,0,0.03761,0.04843
ben,private_calls,0,0.00801,0.02652
ben,private_calls,0,0.82946,0.04365
ben,private_calls,0,0.00373,0.00820
ben,private_calls,0,0.00397,0.01530
ben,private_calls,0,0.01752,0.03766
ben,private_calls,0,0.05511,0.02128
ben,private_calls,1,0.98576,0.78091
ben,private_calls,1,0.04733,0.11504
ben,private_calls,0,0.00378,0.00838
ben,private_calls,0,0.01376,0.03257
ben,private_calls,0,0.97169,0.06342
ben,private_calls,1,0.99157,0.84691
ben,private_calls,0,0.00388,0.01010
ben,private_calls,1,0.96311,0.60327
ben,private_calls,0,0.00374,0.00869
ben,private_calls,0,0.98761,0.52779
ben,private_calls,0,0.00418,0.03067
ben,private_calls,1,0.98598,0.90343
ben,private_calls,0,0.00381,0.00828
ben,private_calls,0,0.31866,0.02458
ben,private_calls,1,0.99185,0.91248
ben,private_calls,0,0.00378,0.01015
ben,private_calls,0,0.00474,0.02220
ben,private_calls,0,0.95791,0.11482
ben,private_calls,0,0.98941,0.19401
ben,private_calls,0,0.00418,0.01256
ben,private_calls,0,0.01657,0.05309
ben,private_calls,1,0.98889,0.72669
ben,private_calls,0,0.00436,0.01647
ben,private_calls,0,0.00785,0.08435
ben,private_calls,0,0.00443,0.00829
ben,private_calls,0,0.00386,0.00690
ben,private_calls,0,0.00559,0.01692
ben,private_calls,0,0.87167,0.13399
ben,private_calls,0,0.00377,0.00973
ben,private_calls,0,0.27400,0.02837
ben,private_calls,0,0.00377,0.00733
ben,private_calls,0,0.63365,0.08273
ben,private_calls,0,0.95513,0.02935
ben,private_calls,0,0.00822,0.04187
ben,private_calls,0,0.00400,0.02467
ben,private_calls,0,0.98273,0.19128
ben,private_calls,0,0.98908,0.31367
ben,private_calls,0,0.98725,0.04406
ben,private_calls,0,0.00387,0.02452
ben,private_calls,0,0.00386,0.01843
ben,private_calls,0,0.06044,0.04293
ben,private_calls,1,0.99152,0.96407
ben,private_calls,0,0.00370,0.00770
ben,private_calls,0,0.98630,0.72009
ben,private_calls,1,0.99130,0.97458
ben,private_calls,0,0.92763,0.20059
ben,private_calls,0,0.00380,0.00706
ben,private_calls,0,0.00378,0.00871
ben,private_calls,0,0.97203,0.06402
ben,private_calls,0,0.00387,0.01000
ben,private_calls,0,0.00374,0.01151
ben,private_calls,1,0.99121,0.89444
ben,private_calls,0,0.01659,0.03333
ben,private_calls,0,0.00500,0.02586
ben,private_calls,0,0.00392,0.01471
ben,private_calls,0,0.00381,0.00800
ben,private_calls,1,0.99158,0.82911
ben,private_calls,0,0.83121,0.02600
ben,private_calls,0,0.97947,0.19968
ben,private_calls,0,0.00390,0.00794
ben,private_calls,0,0.09288,0.02124
ben,private_calls,1,0.99221,0.97379
ben,private_calls,0,0.00407,0.01341
ben,private_calls,0,0.01999,0.01898
ben,private_calls,1,0.99194,0.97306
ben,private_calls,0,0.00456,0.02954
ben,private_calls,0,0.98795,0.21702
ben,private_calls,0,0.00415,0.01424
ben,private_calls,1,0.99187,0.96999
ben,private_calls,0,0.00574,0.02394
ben,private_calls,1,0.98613,0.95488
ben,private_calls,0,0.43467,0.02383
ben,private_calls,0,0.01449,0.02590
ben,private_calls,0,0.00474,0.02057
ben,private_calls,1,0.99232,0.97436
ben,private_calls,0,0.29622,0.05103
ben,private_calls,0,0.99143,0.06490
ben,private_calls,0,0.00386,0.00655
ben,private_calls,0,0.00411,0.01261
ben,private_calls,0,0.00510,0.00858
ben,private_calls,0,0.21536,0.04043
ben,private_calls,0,0.02509,0.01728
ben,private_calls,1,0.99021,0.97623
ben,private_calls,0,0.00430,0.01529
ben,private_calls,0,0.00506,0.02347
ben,private_calls,0,0.00632,0.03363
ben,private_calls,0,0.00617,0.07977
ben,private_calls,1,0.99054,0.84744
ben,private_calls,0,0.99196,0.76021
ben,private_calls,0,0.00407,0.04944
ben,private_calls,0,0.98350,0.19116
ben,private_calls,0,0.99242,0.11725
ben,private_calls,0,0.00391,0.01017
ben,private_calls,0,0.00551,0.01546
ben,private_calls,0,0.00437,0.02069
ben,private_calls,0,0.00401,0.03248
ben,private_calls,0,0.01301,0.01934
ben,private_calls,0,0.00405,0.01206
ben,private_calls,0,0.84263,0.37768
ben,private_calls,0,0.00400,0.01170
ben,private_calls,0,0.00577,0.02329
ben,private_calls,0,0.99148,0.22388
ben,private_calls,0,0.00385,0.00886
ben,private_calls,1,0.98331,0.82758
ben,private_calls,0,0.04291,0.32633
ben,private_calls,0,0.00386,0.00811
ben,private_calls,0,0.00593,0.04481
ben,private_calls,0,0.00404,0.00709
ben,private_calls,0,0.90429,0.20452
ben,private_calls,0,0.00387,0.00644
ben,private_calls,0,0.00390,0.00791
ben,private_calls,0,0.00396,0.00782
ben,private_calls,0,0.00391,0.00664
ben,private_calls,0,0.00393,0.01474
ben,private_calls,0,0.00400,0.01946
ben,private_calls,0,0.00679,0.03266
ben,private_calls,1,0.00401,0.08519
ben,private_calls,1,0.00394,0.00742
ben,private_calls,0,0.00394,0.01655
ben,private_calls,0,0.11356,0.03723
ben,private_calls,0,0.00388,0.00723
ben,private_calls,0,0.01127,0.09206
ben,private_calls,1,0.99150,0.96369
ben,private_calls,0,0.00488,0.01780
ben,private_calls,0,0.00372,0.00737
ben,private_calls,0,0.00635,0.07343
ben,private_calls,0,0.00374,0.00667
ben,private_calls,0,0.00379,0.00718
ben,private_calls,0,0.00380,0.00754
ben,private_calls,0,0.00438,0.07942
ben,private_calls,0,0.00371,0.00726
ben,private_calls,0,0.98646,0.05825
ben,private_calls,0,0.00950,0.04877
ben,private_calls,0,0.91634,0.03983
ben,private_calls,0,0.00414,0.03344
ben,private_calls,0,0.00376,0.00872
ben,private_calls,0,0.98438,0.20966
ben,private_calls,0,0.00365,0.00729
ben,private_calls,0,0.00368,0.01388
ben,private_calls,0,0.00371,0.01135
ben,private_calls,0,0.97505,0.36592
ben,private_calls,0,0.00377,0.00849
ben,private_calls,0,0.00369,0.01030
ben,private_calls,0,0.00362,0.00765
ben,private_calls,0,0.00372,0.00705
ben,private_calls,0,0.00530,0.06705
ben,private_calls,0,0.00389,0.01380
ben,private_calls,0,0.00383,0.01158
ben,private_calls,0,0.00394,0.02559
ben,private_calls,0,0.00364,0.00754
ben,private_calls,0,0.00362,0.00723
ben,private_calls,0,0.00464,0.05901
ben,private_calls,0,0.00373,0.00707
ben,private_calls,0,0.00370,0.01348
ben,private_calls,0,0.03396,0.02224
ben,private_calls,0,0.00363,0.00880
ben,private_calls,0,0.00371,0.00749
ben,private_calls,0,0.00374,0.00787
ben,private_calls,0,0.02932,0.01725
ben,private_calls,0,0.00387,0.01354
ben,private_calls,0,0.00375,0.00788
ben,private_calls,0,0.00541,0.02092
ben,private_calls,0,0.00381,0.01308
ben,private_calls,0,0.01425,0.05009
ben,private_calls,0,0.00371,0.01127
ben,private_calls,0,0.00373,0.00728
ben,private_calls,0,0.09595,0.18073
ben,private_calls,0,0.98869,0.26567
ben,private_calls,0,0.00366,0.00945
ben,private_calls,0,0.00519,0.03435
ben,private_calls,0,0.99067,0.17697
ben,private_calls,0,0.00384,0.00676
ben,private_calls,0,0.00926,0.00943
ben,private_calls,0,0.07427,0.02358
ben,private_calls,0,0.00494,0.01731
ben,private_calls,0,0.00398,0.02106
ben,private_calls,0,0.00393,0.01582
ben,private_calls,0,0.02550,0.01977
ben,private_calls,0,0.00400,0.01788
ben,private_calls,0,0.00959,0.04389
ben,private_calls,0,0.00475,0.04161
ben,private_calls,0,0.00371,0.01354
ben,private_calls,0,0.00362,0.00736
ben,private_calls,0,0.02413,0.02272
ben,private_calls,0,0.00400,0.03298
ben,private_calls,0,0.99078,0.01871
ben,private_calls,0,0.86253,0.02020
ben,private_calls,0,0.99236,0.11784
ben,private_calls,0,0.00397,0.01210
ben,private_calls,0,0.00394,0.02319
ben,private_calls,0,0.01810,0.11532
ben,private_calls,0,0.99043,0.72865
ben,private_calls,0,0.00386,0.01202
ben,private_calls,0,0.97829,0.13976
ben,private_calls,1,0.98948,0.44587
ben,private_calls,0,0.00724,0.01479
ben,private_calls,0,0.00446,0.02214
ben,private_calls,0,0.05055,0.06622
ben,private_calls,0,0.00450,0.02391
ben,private_calls,0,0.46282,0.09791
ben,private_calls,0,0.98435,0.52515
ben,private_calls,0,0.98518,0.23238
ben,private_calls,0,0.00427,0.01399
ben,private_calls,0,0.02973,0.09423
ben,private_calls,0,0.00432,0.01162
ben,private_calls,0,0.69365,0.04042
ben,private_calls,0,0.99029,0.60735
ben,private_calls,0,0.99239,0.27781
ben,private_calls,0,0.32924,0.03304
ben,private_calls,0,0.03688,0.04650
ben,private_calls,0,0.00411,0.01671
ben,private_calls,0,0.00413,0.01167
ben,private_calls,1,0.99168,0.93032
ben,private_calls,0,0.00381,0.01081
ben,private_calls,0,0.00388,0.00977
ben,private_calls,0,0.00680,0.01284
ben,private_calls,0,0.00382,0.02936
ben,private_calls,0,0.00445,0.03749
ben,private_calls,0,0.00414,0.08547
ben,private_calls,0,0.99221,0.79225
ben,private_calls,0,0.09984,0.02034
ben,private_calls,0,0.00598,0.04411
ben,private_calls,0,0.03825,0.03215
ben,private_calls,0,0.99097,0.48768
ben,private_calls,0,0.04796,0.05778
ben,private_calls,0,0.93499,0.06138
ben,private_calls,0,0.00382,0.00758
ben,private_calls,0,0.00414,0.01673
ben,private_calls,1,0.98974,0.85253
ben,private_calls,1,0.99215,0.98067
ben,private_calls,0,0.00382,0.00762
ben,private_calls,0,0.98422,0.18431
ben,private_calls,0,0.00383,0.00728
ben,private_calls,0,0.00386,0.00863
ben,private_calls,0,0.04271,0.09511
ben,private_calls,0,0.47387,0.08080
ben,private_calls,1,0.98872,0.91869
ben,private_calls,0,0.97192,0.06848
ben,private_calls,0,0.00386,0.00927
ben,private_calls,0,0.00380,0.01051
ben,private_calls,0,0.00387,0.00857
ben,private_calls,0,0.97032,0.22132
ben,private_calls,1,0.99219,0.98607
ben,private_calls,1,0.98614,0.89113
ben,private_calls,1,0.99204,0.74712
ben,private_calls,0,0.00382,0.00734
ben,private_calls,0,0.97144,0.22817
ben,private_calls,0,0.00380,0.00787
ben,private_calls,0,0.96244,0.29962
ben,private_calls,0,0.00388,0.00703
ben,private_calls,0,0.00607,0.08605
ben,private_calls,0,0.00406,0.02728
ben,private_calls,0,0.00383,0.00749
ben,private_calls,1,0.99193,0.98081
ben,private_calls,0,0.00473,0.05595
ben,private_calls,0,0.99112,0.49039
ben,private_calls,0,0.02748,0.04186
ben,private_calls,0,0.00383,0.00598
ben,private_calls,1,0.98037,0.79772
ben,private_calls,0,0.25401,0.08842
ben,private_calls,0,0.08295,0.06995
ben,private_calls,0,0.00381,0.00667
ben,private_calls,0,0.09763,0.03553
ben,private_calls,0,0.00386,0.00735
ben,private_calls,1,0.99021,0.89987
ben,private_calls,1,0.11143,0.09554
ben,private_calls,0,0.00388,0.00841
ben,private_calls,0,0.19789,0.03859
ben,private_calls,0,0.00382,0.00643
ben,private_calls,0,0.00381,0.00645
ben,private_calls,0,0.00379,0.00640
ben,private_calls,1,0.99040,0.95005
ben,private_calls,0,0.00523,0.02342
ben,private_calls,0,0.00394,0.02523
ben,private_calls,1,0.99090,0.98133
ben,private_calls,0,0.00400,0.01752
ben,private_calls,0,0.97988,0.46797
ben,private_calls,0,0.97377,0.25792
ben,private_calls,0,0.00522,0.04476
ben,private_calls,0,0.00391,0.02369
ben,private_calls,0,0.00418,0.01891
ben,private_calls,0,0.00382,0.00892
ben,private_calls,0,0.00386,0.00573
ben,private_calls,0,0.00382,0.00721
ben,private_calls,0,0.98280,0.07221
ben,private_calls,0,0.95094,0.05054
ben,private_calls,0,0.96955,0.17129
ben,private_calls,1,0.98447,0.85138
ben,private_calls,1,0.97755,0.51075
ben,private_calls,1,0.98759,0.58243
ben,private_calls,0,0.03110,0.05631
ben,private_calls,0,0.00449,0.02103
ben,private_calls,1,0.99163,0.97416
ben,private_calls,0,0.98964,0.91828
ben,private_calls,1,0.99204,0.93173
ben,private_calls,1,0.98553,0.94164
ben,private_calls,1,0.99244,0.98920
ben,private_calls,1,0.00677,0.51813
ben,private_calls,1,0.99129,0.97427
ben,private_calls,1,0.99068,0.93102
ben,private_calls,0,0.00386,0.00688
ben,private_calls,0,0.00394,0.02531
ben,private_calls,0,0.84579,0.12074
ben,private_calls,0,0.62452,0.06670
ben,private_calls,1,0.99211,0.97691
ben,private_calls,0,0.00386,0.00693
ben,private_calls,0,0.92157,0.08934
ben,private_calls,0,0.00390,0.01729
ben,private_calls,1,0.05389,0.12319
ben,private_calls,0,0.00384,0.00820
ben,private_calls,0,0.00411,0.01047
ben,private_calls,0,0.00385,0.00858
ben,private_calls,0,0.00509,0.03660
ben,private_calls,0,0.00389,0.01132
ben,private_calls,0,0.00380,0.02768
ben,private_calls,0,0.00385,0.00772
ben,private_calls,0,0.72062,0.17898
ben,private_calls,0,0.00420,0.02963
ben,private_calls,0,0.01247,0.02259
ben,private_calls,0,0.00381,0.00835
ben,private_calls,0,0.00381,0.00660
ben,private_calls,0,0.98967,0.47591
ben,private_calls,0,0.00383,0.01041
ben,private_calls,0,0.00384,0.00798
ben,private_calls,0,0.00412,0.02780
ben,private_calls,0,0.00387,0.01368
ben,private_calls,1,0.00398,0.01679
ben,private_calls,1,0.98939,0.88047
ben,private_calls,0,0.00436,0.01365
ben,private_calls,0,0.01348,0.04959
ben,private_calls,0,0.09928,0.04366
ben,private_calls,1,0.97128,0.61408
ben,private_calls,0,0.99166,0.98093
ben,private_calls,0,0.00867,0.00916
ben,private_calls,0,0.94319,0.22383
ben,private_calls,0,0.99175,0.96103
ben,private_calls,1,0.99218,0.98622
ben,private_calls,0,0.27592,0.12973
ben,private_calls,0,0.00379,0.01093
ben,private_calls,1,0.98837,0.88459
ben,private_calls,0,0.13333,0.02126
ben,private_calls,1,0.99011,0.93693
ben,private_calls,0,0.95245,0.74277
ben,private_calls,0,0.00380,0.00828
ben,private_calls,0,0.98987,0.78920
ben,private_calls,0,0.00381,0.00802
ben,private_calls,0,0.00415,0.01169
ben,private_calls,1,0.99161,0.98095
ben,private_calls,1,0.99099,0.98273
ben,private_calls,1,0.98929,0.65432
ben,private_calls,1,0.45837,0.32884
ben,private_calls,0,0.98217,0.11215
ben,private_calls,0,0.51441,0.05131
ben,private_calls,1,0.99028,0.78356
ben,private_calls,0,0.01143,0.05566
ben,private_calls,0,0.84793,0.03503
ben,private_calls,0,0.01349,0.01662
ben,private_calls,0,0.99109,0.06672
ben,private_calls,1,0.99227,0.94364
ben,private_calls,0,0.97842,0.13918
ben,private_calls,1,0.99060,0.56208
ben,private_calls,0,0.01784,0.03944
ben,private_calls,0,0.00872,0.01921
ben,private_calls,1,0.99067,0.91215
ben,private_calls,0,0.00384,0.00754
ben,private_calls,0,0.00452,0.07559
ben,private_calls,0,0.01514,0.06157
ben,private_calls,0,0.04240,0.03105
ben,private_calls,0,0.99038,0.35808
ben,private_calls,0,0.79023,0.01318
ben,private_calls,0,0.29403,0.03237
ben,private_calls,0,0.00404,0.01005
ben,private_calls,1,0.98889,0.27792
ben,private_calls,1,0.99189,0.93646
ben,private_calls,0,0.00732,0.01643
ben,private_calls,0,0.00426,0.02318
ben,private_calls,0,0.00387,0.00740
ben,private_calls,0,0.03393,0.06629
ben,private_calls,0,0.03505,0.07552
ben,private_calls,0,0.99219,0.17475
ben,private_calls,0,0.00371,0.00576
ben,private_calls,0,0.21126,0.03895
ben,private_calls,0,0.00370,0.01078
ben,private_calls,0,0.00366,0.01442
ben,private_calls,0,0.03266,0.04194
ben,private_calls,0,0.99025,0.77782
ben,private_calls,1,0.99249,0.96700
ben,private_calls,0,0.99211,0.14856
ben,private_calls,0,0.00470,0.01627
ben,private_calls,0,0.00439,0.02055
ben,private_calls,0,0.02336,0.03808
ben,private_calls,1,0.98999,0.91892
ben,private_calls,0,0.00363,0.00632
ben,private_calls,1,0.90378,0.53000
ben,private_calls,0,0.00446,0.01638
ben,private_calls,1,0.01928,0.05265
ben,private_calls,0,0.00365,0.00922
ben,private_calls,1,0.98906,0.93238
ben,private_calls,1,0.99245,0.98716
ben,private_calls,1,0.99246,0.84712
ben,private_calls,0,0.00439,0.03657
ben,private_calls,0,0.00591,0.01713
ben,private_calls,0,0.04061,0.04292
ben,private_calls,0,0.47160,0.08148
ben,private_calls,0,0.00365,0.01378
ben,private_calls,1,0.99053,0.95930
ben,private_calls,0,0.98954,0.21135
ben,private_calls,0,0.00458,0.01487
ben,private_calls,0,0.27115,0.06236
ben,private_calls,0,0.00467,0.03204
ben,private_calls,0,0.00447,0.03269
ben,private_calls,0,0.00374,0.00990
ben,private_calls,0,0.99258,0.73844
ben,private_calls,0,0.74928,0.05060
ben,private_calls,0,0.00376,0.01275
ben,private_calls,0,0.98446,0.29624
ben,private_calls,0,0.00377,0.00691
ben,private_calls,0,0.99248,0.84789
ben,private_calls,0,0.00376,0.00696
ben,private_calls,0,0.00558,0.02895
ben,private_calls,0,0.00378,0.01251
ben,private_calls,0,0.00391,0.02764
ben,private_calls,0,0.00383,0.01855
ben,private_calls,0,0.99240,0.92949
ben,private_calls,0,0.97161,0.22365
ben,private_calls,0,0.00377,0.00685
ben,private_calls,0,0.00396,0.01314
ben,private_calls,0,0.00412,0.02558
ben,private_calls,1,0.97489,0.63525
ben,private_calls,0,0.99214,0.78764
ben,private_calls,0,0.94142,0.19882
ben,private_calls,0,0.00469,0.01284
ben,private_calls,0,0.00378,0.02318
ben,private_calls,0,0.78370,0.15736
ben,private_calls,0,0.97346,0.16285
ben,private_calls,0,0.98908,0.19113
ben,private_calls,0,0.03933,0.09537
ben,private_calls,0,0.00447,0.01802
ben,private_calls,0,0.00377,0.01314
ben,private_calls,0,0.01776,0.01843
ben,private_calls,0,0.00367,0.00753
ben,private_calls,0,0.26994,0.03569
ben,private_calls,1,0.99225,0.87274
ben,private_calls,0,0.00396,0.01006
ben,private_calls,0,0.00387,0.01627
ben,private_calls,0,0.00402,0.02615
ben,private_calls,1,0.99253,0.95965
ben,private_calls,1,0.99195,0.82376
ben,private_calls,0,0.98593,0.02559
ben,private_calls,0,0.84578,0.03294
ben,private_calls,0,0.00406,0.02989
ben,private_calls,0,0.00862,0.02919
ben,private_calls,0,0.00377,0.00748
ben,private_calls,0,0.00389,0.01222
ben,private_calls,0,0.98546,0.02860
ben,private_calls,0,0.00371,0.00862
ben,private_calls,0,0.00410,0.01799
ben,private_calls,0,0.00379,0.00851
ben,private_calls,0,0.94403,0.07308
ben,private_calls,0,0.03133,0.03456
ben,private_calls,1,0.99142,0.75813
ben,private_calls,0,0.00443,0.03337
ben,private_calls,0,0.00384,0.00976
ben,private_calls,0,0.00402,0.01973
ben,private_calls,0,0.00396,0.01921
ben,private_calls,0,0.65439,0.09697
ben,private_calls,0,0.00377,0.00811
ben,private_calls,0,0.00382,0.00799
ben,private_calls,1,0.99216,0.93377
ben,private_calls,0,0.99084,0.12466
ben,private_calls,0,0.99235,0.90844
ben,private_calls,0,0.98773,0.11380
ben,private_calls,0,0.00390,0.01153
ben,private_calls,1,0.99240,0.82286
ben,private_calls,0,0.00370,0.00707
ben,private_calls,0,0.74387,0.03824
ben,private_calls,1,0.84416,0.83982
ben,private_calls,0,0.00370,0.00749
ben,private_calls,0,0.00594,0.03317
ben,private_calls,0,0.00534,0.07352
ben,private_calls,1,0.99198,0.85861
ben,private_calls,1,0.76233,0.03767
ben,private_calls,0,0.00384,0.01215
ben,private_calls,0,0.00371,0.00787
ben,private_calls,0,0.97717,0.56669
ben,private_calls,0,0.00750,0.01140
ben,private_calls,1,0.98821,0.29470
ben,private_calls,0,0.00386,0.01989
ben,private_calls,0,0.00376,0.00852
ben,private_calls,0,0.00639,0.02491
ben,private_calls,0,0.00373,0.01045
ben,private_calls,0,0.00378,0.00907
ben,private_calls,0,0.00657,0.02890
ben,private_calls,1,0.99167,0.90218
ben,private_calls,0,0.00376,0.00709
ben,private_calls,0,0.98559,0.02095
ben,private_calls,0,0.00434,0.02159
ben,private_calls,1,0.98463,0.79897
ben,private_calls,0,0.00389,0.01583
ben,private_calls,1,0.00380,0.00938
ben,private_calls,0,0.00375,0.01197
ben,private_calls,0,0.00397,0.01383
ben,private_calls,1,0.00398,0.03865
ben,private_calls,0,0.00370,0.00866
ben,private_calls,0,0.00373,0.00777
ben,private_calls,0,0.00374,0.01258
ben,private_calls,1,0.85784,0.35983
ben,private_calls,0,0.00378,0.01051
ben,private_calls,1,0.99143,0.96173
ben,private_calls,0,0.00447,0.03593
ben,private_calls,1,0.99111,0.98080
ben,private_calls,0,0.00373,0.00591
ben,private_calls,0,0.00369,0.00664
ben,private_calls,1,0.99068,0.92024
ben,private_calls,0,0.00542,0.03875
ben,private_calls,0,0.00384,0.01023
ben,private_calls,0,0.83813,0.07253
ben,private_calls,0,0.00375,0.01113
ben,private_calls,0,0.55074,0.04792
ben,private_calls,1,0.99202,0.93420
ben,private_calls,0,0.99052,0.33487
ben,private_calls,0,0.98696,0.06803
ben,private_calls,1,0.99052,0.87321
ben,private_calls,0,0.00376,0.00592
ben,private_calls,0,0.00368,0.00858
ben,private_calls,1,0.99178,0.95780
ben,private_calls,1,0.99247,0.98013
ben,private_calls,1,0.99186,0.96422
ben,private_calls,0,0.97690,0.25666
ben,private_calls,0,0.00406,0.01572
ben,private_calls,1,0.99199,0.94667
ben,private_calls,0,0.00481,0.20157
ben,private_calls,1,0.99125,0.96860
ben,private_calls,0,0.00415,0.01693
ben,private_calls,0,0.97070,0.41506
ben,private_calls,0,0.00379,0.00529
ben,private_calls,0,0.01794,0.01868
ben,private_calls,0,0.00407,0.01481
ben,private_calls,0,0.22769,0.12544
ben,private_calls,0,0.00703,0.02305
ben,private_calls,0,0.00436,0.01547
ben,private_calls,0,0.98784,0.61253
ben,private_calls,1,0.82001,0.41120
ben,private_calls,0,0.00382,0.00528
ben,private_calls,1,0.99160,0.97271
ben,private_calls,1,0.98993,0.91270
ben,private_calls,0,0.03271,0.10436
ben,private_calls,0,0.00501,0.03176
ben,private_calls,0,0.95141,0.52331
ben,private_calls,0,0.00382,0.00503
ben,private_calls,0,0.00502,0.09613
ben,private_calls,0,0.45130,0.22872
ben,private_calls,0,0.00370,0.00570
ben,private_calls,0,0.00369,0.00672
ben,private_calls,0,0.99198,0.92441
ben,private_calls,1,0.98420,0.64190
ben,private_calls,0,0.00375,0.00575
ben,private_calls,0,0.04160,0.02687
ben,private_calls,1,0.98422,0.81673
ben,private_calls,1,0.99193,0.71645
ben,private_calls,0,0.00401,0.02402
ben,private_calls,0,0.09914,0.20738
ben,private_calls,1,0.99083,0.90914
ben,private_calls,0,0.00371,0.00909
ben,private_calls,1,0.98034,0.80415
ben,private_calls,0,0.99236,0.85222
ben,private_calls,1,0.98921,0.83056
ben,private_calls,0,0.00370,0.01002
ben,private_calls,1,0.99153,0.92821
ben,private_calls,1,0.99239,0.81694
ben,private_calls,0,0.00376,0.00726
ben,private_calls,0,0.00370,0.00805
ben,private_calls,1,0.99208,0.36794
ben,private_calls,1,0.99174,0.69647
ben,private_calls,0,0.99112,0.20968
ben,private_calls,0,0.76500,0.00891
ben,private_calls,0,0.98961,0.75204
ben,private_calls,0,0.00373,0.00662
ben,private_calls,0,0.00370,0.00596
ben,private_calls,0,0.00385,0.01726
ben,private_calls,0,0.00376,0.00693
ben,private_calls,0,0.00370,0.01232
ben,private_calls,0,0.00379,0.00872
ben,private_calls,1,0.99121,0.92964
ben,private_calls,1,0.99173,0.77114
ben,private_calls,0,0.00364,0.01143
ben,private_calls,1,0.98699,0.56821
ben,private_calls,0,0.00368,0.00648
ben,private_calls,0,0.99041,0.40667
ben,private_calls,0,0.98709,0.65906
ben,private_calls,0,0.00392,0.01565
ben,private_calls,0,0.00481,0.02394
ben,private_calls,0,0.88756,0.16777
ben,private_calls,0,0.00374,0.00701
ben,private_calls,0,0.98861,0.11881
ben,private_calls,0,0.74137,0.30786
ben,private_calls,0,0.96937,0.07232
ben,private_calls,0,0.97235,0.11787
ben,private_calls,0,0.01314,0.03434
ben,private_calls,0,0.62019,0.43732
ben,private_calls,0,0.01278,0.18570
ben,private_calls,0,0.00993,0.04957
ben,private_calls,0,0.00370,0.00682
ben,private_calls,0,0.99222,0.97087
ben,private_calls,0,0.98994,0.84033
ben,private_calls,0,0.00868,0.01319
ben,private_calls,0,0.00370,0.00788
ben,private_calls,0,0.82445,0.17544
ben,private_calls,0,0.98372,0.81448
ben,private_calls,0,0.76129,0.12488
ben,private_calls,0,0.94229,0.44994
ben,private_calls,0,0.06245,0.03788
ben,private_calls,0,0.73873,0.04958
ben,private_calls,0,0.02770,0.12215
ben,private_calls,0,0.44838,0.01199
ben,private_calls,0,0.99238,0.72852
ben,private_calls,0,0.00440,0.01834
ben,private_calls,0,0.69544,0.09362
ben,private_calls,0,0.00372,0.00789
ben,private_calls,0,0.00549,0.01998
ben,private_calls,0,0.07392,0.01750
ben,private_calls,0,0.97980,0.18900
ben,private_calls,0,0.00406,0.02117
ben,private_calls,1,0.04565,0.37330
ben,private_calls,0,0.00384,0.01281
ben,private_calls,1,0.98304,0.44904
ben,private_calls,0,0.00398,0.01178
ben,private_calls,0,0.14578,0.14953
ben,private_calls,0,0.00367,0.02179
ben,private_calls,0,0.00379,0.02396
ben,private_calls,0,0.10137,0.07972
ben,private_calls,1,0.96360,0.59127
ben,private_calls,0,0.99249,0.98940
ben,private_calls,0,0.85507,0.24148
ben,private_calls,0,0.00384,0.02085
ben,private_calls,0,0.09982,0.11875
ben,private_calls,0,0.00555,0.04634
ben,private_calls,0,0.02817,0.01057
ben,private_calls,1,0.98227,0.29186
ben,private_calls,0,0.00370,0.00807
ben,private_calls,0,0.98905,0.19009
ben,private_calls,0,0.00418,0.00929
ben,private_calls,0,0.00378,0.02317
ben,private_calls,0,0.00461,0.04288
ben,private_calls,0,0.00451,0.03959
ben,private_calls,0,0.99255,0.99062
ben,private_calls,0,0.00528,0.01614
ben,private_calls,0,0.62516,0.71204
ben,private_calls,0,0.00548,0.03884
ben,private_calls,0,0.45362,0.25290
ben,private_calls,0,0.00379,0.01111
ben,private_calls,0,0.90827,0.06743
ben,private_calls,0,0.00640,0.01825
ben,private_calls,1,0.99027,0.84930
ben,private_calls,1,0.99204,0.93401
ben,private_calls,1,0.98850,0.29799
ben,private_calls,0,0.00384,0.01708
ben,private_calls,0,0.00528,0.12968
ben,private_calls,0,0.00370,0.00927
ben,private_calls,1,0.99203,0.96557
ben,private_calls,0,0.00433,0.03405
ben,private_calls,0,0.00374,0.01410
ben,private_calls,1,0.99224,0.93864
ben,private_calls,0,0.00404,0.08998
ben,private_calls,1,0.99214,0.96718
ben,private_calls,0,0.76788,0.02887
ben,private_calls,1,0.99217,0.98044
ben,private_calls,0,0.00476,0.01997
ben,private_calls,1,0.98382,0.78254
ben,private_calls,0,0.08660,0.01776
ben,private_calls,1,0.99217,0.95207
ben,private_calls,1,0.99046,0.65775
ben,private_calls,0,0.00376,0.00861
ben,private_calls,1,0.99241,0.94916
ben,private_calls,0,0.00378,0.00976
ben,private_calls,0,0.78289,0.16805
ben,private_calls,1,0.98225,0.64882
ben,private_calls,0,0.00707,0.04756
ben,private_calls,0,0.00392,0.02421
ben,private_calls,1,0.99193,0.85441
ben,private_calls,1,0.01529,0.03367
ben,private_calls,0,0.00375,0.01644
ben,private_calls,0,0.00546,0.02037
ben,private_calls,0,0.00379,0.01249
ben,private_calls,0,0.00375,0.01286
ben,private_calls,0,0.00381,0.01513
ben,private_calls,0,0.96983,0.11510
ben,private_calls,0,0.01026,0.02038
ben,private_calls,1,0.99191,0.95260
ben,private_calls,0,0.99050,0.27355
ben,private_calls,0,0.00380,0.00714
ben,private_calls,0,0.99192,0.37220
ben,private_calls,0,0.00471,0.02638
ben,private_calls,0,0.99016,0.09732
ben,private_calls,0,0.00376,0.00954
ben,private_calls,0,0.00384,0.01063
ben,private_calls,0,0.00410,0.01123
ben,private_calls,0,0.00378,0.00965
ben,private_calls,0,0.00506,0.08546
ben,private_calls,0,0.90334,0.13503
ben,private_calls,0,0.98991,0.07158
ben,private_calls,0,0.85940,0.04000
ben,private_calls,0,0.00518,0.02642
ben,private_calls,0,0.01038,0.09116
ben,private_calls,0,0.01213,0.07333
ben,private_calls,0,0.00414,0.03561
ben,private_calls,0,0.00468,0.03352
ben,private_calls,0,0.01424,0.01761
ben,private_calls,0,0.00595,0.03865
ben,private_calls,0,0.00375,0.00941
ben,private_calls,0,0.00372,0.00784
ben,private_calls,0,0.97319,0.07594
ben,private_calls,0,0.00455,0.02451
ben,private_calls,0,0.00375,0.00824
ben,private_calls,0,0.98300,0.06406
ben,private_calls,0,0.00382,0.01484
ben,private_calls,0,0.98272,0.11450
ben,private_calls,0,0.97266,0.09650
ben,private_calls,0,0.99043,0.02079
ben,private_calls,0,0.98503,0.28811
ben,private_calls,0,0.87824,0.03010
ben,private_calls,0,0.05141,0.06628
ben,private_calls,0,0.07985,0.02307
ben,private_calls,0,0.00372,0.00829
ben,private_calls,0,0.01806,0.02473
ben,private_calls,1,0.99255,0.98252
ben,private_calls,0,0.00367,0.01055
ben,private_calls,1,0.99218,0.96344
ben,private_calls,0,0.97723,0.43749
ben,private_calls,0,0.00371,0.00676
ben,private_calls,1,0.94947,0.04754
ben,private_calls,0,0.24005,0.08828
ben,private_calls,0,0.00420,0.01955
ben,private_calls,0,0.00441,0.03605
ben,private_calls,0,0.00373,0.00655
ben,private_calls,1,0.99234,0.97344
ben,private_calls,0,0.99157,0.22427
ben,private_calls,0,0.99138,0.78165
ben,private_calls,0,0.00395,0.01208
ben,private_calls,0,0.99033,0.75308
ben,private_calls,0,0.00403,0.01861
ben,private_calls,1,0.99078,0.66049
ben,private_calls,0,0.99030,0.28345
ben,private_calls,0,0.02141,0.04629
ben,private_calls,0,0.05811,0.06834
ben,private_calls,0,0.26266,0.05513
ben,private_calls,0,0.00373,0.00620
ben,private_calls,0,0.00539,0.01597
ben,private_calls,0,0.00524,0.01776
ben,private_calls,0,0.98355,0.76471
ben,private_calls,0,0.11373,0.34012
ben,private_calls,0,0.00365,0.00704
ben,private_calls,0,0.00367,0.00817
ben,private_calls,0,0.00956,0.02846
ben,private_calls,0,0.00498,0.05161
ben,private_calls,1,0.99213,0.94702
ben,private_calls,0,0.19927,0.28736
ben,private_calls,0,0.00380,0.00691
ben,private_calls,0,0.99072,0.70841
ben,private_calls,0,0.86005,0.13215
ben,private_calls,1,0.00536,0.40614
ben,private_calls,0,0.00390,0.00784
ben,private_calls,1,0.98806,0.86093
ben,private_calls,0,0.00390,0.00801
ben,private_calls,1,0.94287,0.65494
ben,private_calls,0,0.99199,0.22039
ben,private_calls,0,0.95456,0.11609
ben,private_calls,1,0.82405,0.46378
ben,private_calls,0,0.51593,0.02397
ben,private_calls,0,0.99027,0.95146
ben,private_calls,0,0.99057,0.80119
ben,private_calls,1,0.98842,0.30977
ben,private_calls,0,0.61886,0.03472
ben,private_calls,0,0.99050,0.29224
ben,private_calls,0,0.99147,0.91592
ben,private_calls,0,0.49416,0.33272
ben,private_calls,0,0.98863,0.14341
ben,private_calls,0,0.96054,0.07497
ben,private_calls,0,0.91036,0.35164
ben,private_calls,0,0.99113,0.94356
ben,private_calls,0,0.00441,0.01249
ben,private_calls,0,0.00401,0.02271
ben,private_calls,0,0.00407,0.00878
ben,private_calls,0,0.06612,0.07843
ben,private_calls,0,0.24838,0.02904
ben,private_calls,0,0.00410,0.01325
ben,private_calls,0,0.00633,0.02867
ben,private_calls,0,0.95341,0.04089
ben,private_calls,0,0.99223,0.52967
ben,private_calls,0,0.99110,0.97713
ben,private_calls,1,0.05619,0.13349
ben,private_calls,0,0.99172,0.64436
ben,private_calls,0,0.93366,0.02049
ben,private_calls,0,0.42448,0.04625
ben,private_calls,0,0.99000,0.40633
ben,private_calls,1,0.49386,0.42332
ben,private_calls,0,0.99033,0.94097
ben,private_calls,0,0.00438,0.01445
ben,private_calls,0,0.99226,0.97021
ben,private_calls,0,0.99044,0.93328
ben,private_calls,1,0.71563,0.65271
ben,private_calls,1,0.01650,0.85582
ben,private_calls,0,0.03428,0.03637
ben,private_calls,0,0.00436,0.02053
ben,private_calls,0,0.00385,0.02030
ben,private_calls,0,0.05106,0.08130
ben,private_calls,1,0.99220,0.29111
ben,private_calls,0,0.95266,0.06768
ben,private_calls,0,0.00453,0.01313
ben,private_calls,0,0.00442,0.02160
ben,private_calls,0,0.00445,0.02311
ben,private_calls,0,0.01817,0.04234
ben,private_calls,0,0.20205,0.05262
ben,private_calls,0,0.00394,0.01394
ben,private_calls,0,0.00403,0.01440
ben,private_calls,0,0.00440,0.04039
ben,private_calls,0,0.99096,0.08980
ben,private_calls,1,0.00408,0.01397
ben,private_calls,0,0.02127,0.04358
ben,private_calls,0,0.00391,0.00676
ben,private_calls,0,0.00400,0.02312
ben,private_calls,0,0.00397,0.01552
ben,private_calls,0,0.00472,0.02192
ben,private_calls,1,0.98724,0.80212
ben,private_calls,0,0.00409,0.01555
ben,private_calls,0,0.00382,0.01129
ben,private_calls,1,0.99214,0.96780
ben,private_calls,0,0.00391,0.02779
ben,private_calls,1,0.98794,0.70618
ben,private_calls,1,0.99238,0.98249
ben,private_calls,0,0.99182,0.77319
ben,private_calls,1,0.99227,0.97820
ben,private_calls,1,0.99218,0.93405
ben,private_calls,0,0.00384,0.00715
ben,private_calls,0,0.00383,0.00726
ben,private_calls,0,0.13989,0.04478
ben,private_calls,0,0.98736,0.08368
ben,private_calls,1,0.99238,0.96274
ben,private_calls,0,0.00384,0.01012
ben,private_calls,0,0.06256,0.16129
ben,private_calls,1,0.22206,0.75143
ben,private_calls,1,0.00512,0.05111
ben,private_calls,0,0.12697,0.05243
ben,private_calls,0,0.99018,0.67536
ben,private_calls,1,0.99217,0.91493
ben,private_calls,0,0.01666,0.02543
ben,private_calls,0,0.01076,0.01980
ben,private_calls,0,0.00404,0.02664
ben,private_calls,1,0.40786,0.63183
ben,private_calls,0,0.99140,0.09116
ben,private_calls,0,0.00620,0.04356
ben,private_calls,0,0.97976,0.14308
ben,private_calls,0,0.99177,0.55748
ben,private_calls,0,0.03246,0.16515
ben,private_calls,0,0.98746,0.16449
ben,private_calls,0,0.99249,0.95185
ben,private_calls,0,0.98949,0.86838
ben,private_calls,0,0.99082,0.67580
ben,private_calls,0,0.98754,0.38665
ben,private_calls,1,0.97824,0.38610
ben,private_calls,0,0.98926,0.21547
ben,private_calls,0,0.00389,0.00968
ben,private_calls,0,0.00395,0.01049
ben,private_calls,0,0.00381,0.01031
ben,private_calls,0,0.00612,0.08437
ben,private_calls,0,0.00384,0.01184
ben,private_calls,0,0.99025,0.25004
ben,private_calls,0,0.00506,0.03273
ben,private_calls,0,0.11489,0.23821
ben,private_calls,0,0.51660,0.07646
ben,private_calls,0,0.01278,0.05125
ben,private_calls,0,0.01403,0.11854
ben,private_calls,0,0.00415,0.01608
ben,private_calls,1,0.99007,0.79599
ben,private_calls,0,0.00456,0.01342
ben,private_calls,1,0.99229,0.98393
ben,private_calls,1,0.96660,0.73375
ben,private_calls,0,0.00387,0.01076
ben,private_calls,0,0.98732,0.16494
ben,private_calls,0,0.00383,0.00700
ben,private_calls,0,0.99010,0.47073
ben,private_calls,0,0.00382,0.00945
ben,private_calls,1,0.99225,0.98222
ben,private_calls,0,0.99107,0.23950
ben,private_calls,0,0.98206,0.15648
ben,private_calls,0,0.00384,0.01157
ben,private_calls,0,0.98971,0.96343
ben,private_calls,0,0.00406,0.01737
ben,private_calls,0,0.99119,0.59151
ben,private_calls,0,0.93364,0.25838
ben,private_calls,0,0.00557,0.02913
ben,private_calls,0,0.99173,0.46800
ben,private_calls,1,0.99076,0.63056
ben,private_calls,0,0.05752,0.03692
ben,private_calls,0,0.98083,0.04036
ben,private_calls,0,0.00388,0.01452
ben,private_calls,0,0.00389,0.01419
ben,private_calls,0,0.00376,0.00906
ben,private_calls,0,0.62708,0.07053
ben,private_calls,0,0.00508,0.03359
ben,private_calls,1,0.99118,0.98182
ben,private_calls,0,0.00371,0.01003
ben,private_calls,1,0.99216,0.94083
ben,private_calls,0,0.00396,0.01067
ben,private_calls,0,0.00941,0.02159
ben,private_calls,0,0.98801,0.17189
ben,private_calls,1,0.99229,0.96133
ben,private_calls,0,0.00603,0.02243
ben,private_calls,0,0.92270,0.61884
ben,private_calls,0,0.00373,0.01254
ben,private_calls,0,0.00401,0.02636
ben,private_calls,1,0.99234,0.97937
ben,private_calls,0,0.97434,0.08852
ben,private_calls,0,0.99108,0.86820
ben,private_calls,0,0.09381,0.03867
ben,private_calls,1,0.93989,0.47688
ben,private_calls,0,0.00681,0.03434
ben,private_calls,0,0.96226,0.15063
ben,private_calls,0,0.00379,0.01005
ben,private_calls,0,0.03755,0.05888
ben,private_calls,0,0.00377,0.00734
ben,private_calls,1,0.01140,0.03996
ben,private_calls,0,0.00389,0.00714
ben,private_calls,0,0.00388,0.01167
ben,private_calls,0,0.00391,0.01099
ben,private_calls,0,0.00385,0.00767
ben,private_calls,0,0.00435,0.01099
ben,private_calls,0,0.00378,0.00719
ben,private_calls,0,0.00570,0.01339
ben,private_calls,0,0.91171,0.03685
ben,private_calls,0,0.00380,0.00569
ben,private_calls,0,0.00373,0.01101
ben,private_calls,1,0.98888,0.54623
ben,private_calls,0,0.00379,0.00744
ben,private_calls,0,0.01650,0.01802
ben,private_calls,0,0.00373,0.00728
ben,private_calls,0,0.00397,0.01684
ben,private_calls,0,0.00377,0.00637
ben,private_calls,0,0.00698,0.02271
ben,private_calls,0,0.00426,0.03372
ben,private_calls,1,0.98950,0.76090
ben,private_calls,1,0.99199,0.84798
ben,private_calls,0,0.02163,0.01250
ben,private_calls,0,0.00569,0.01634
ben,private_calls,0,0.95645,0.13956
ben,private_calls,0,0.00382,0.00773
ben,private_calls,0,0.00504,0.01924
ben,private_calls,0,0.91441,0.07765
ben,private_calls,1,0.00404,0.02737
ben,private_calls,0,0.99205,0.21977
ben,private_calls,0,0.00373,0.01224
ben,private_calls,0,0.00382,0.01359
ben,private_calls,0,0.21031,0.03119
ben,private_calls,0,0.05051,0.03130
ben,private_calls,0,0.00373,0.00734
ben,private_calls,0,0.00370,0.00901
ben,private_calls,0,0.00363,0.00602
ben,private_calls,0,0.02362,0.01572
ben,private_calls,0,0.01611,0.03785
ben,private_calls,0,0.98247,0.25258
ben,private_calls,0,0.02536,0.08398
ben,private_calls,0,0.96349,0.14679
ben,private_calls,0,0.00570,0.02841
ben,private_calls,1,0.99107,0.74677
ben,private_calls,0,0.80383,0.04954
ben,private_calls,0,0.00374,0.00545
ben,private_calls,1,0.98641,0.86075
ben,private_calls,0,0.00369,0.01375
ben,private_calls,0,0.01211,0.02469
ben,private_calls,0,0.00382,0.02434
ben,private_calls,0,0.00430,0.02465
ben,private_calls,0,0.69691,0.11500
ben,private_calls,0,0.00364,0.00664
ben,private_calls,1,0.99064,0.85467
ben,private_calls,0,0.95273,0.05073
ben,private_calls,0,0.00431,0.04204
ben,private_calls,1,0.99174,0.92447
ben,private_calls,0,0.00497,0.04161
ben,private_calls,0,0.00432,0.03153
ben,private_calls,0,0.99243,0.32432
ben,private_calls,1,0.00461,0.17616
ben,private_calls,1,0.98972,0.49600
ben,private_calls,0,0.95778,0.17646
ben,private_calls,0,0.00361,0.00567
ben,private_calls,0,0.00388,0.01188
ben,private_calls,0,0.00368,0.01501
ben,private_calls,0,0.00363,0.01541
ben,private_calls,1,0.99139,0.97049
ben,private_calls,0,0.98258,0.13615
ben,private_calls,0,0.19647,0.03254
ben,private_calls,0,0.00375,0.00601
ben,private_calls,0,0.98988,0.61805
ben,private_calls,0,0.00376,0.01563
ben,private_calls,0,0.00367,0.00671
ben,private_calls,0,0.00422,0.03150
ben,private_calls,0,0.00366,0.00654
ben,private_calls,0,0.44151,0.03381
ben,private_calls,0,0.95231,0.10039
ben,private_calls,1,0.99181,0.92565
ben,private_calls,0,0.39658,0.04605
ben,private_calls,0,0.00361,0.00879
ben,private_calls,1,0.98971,0.86152
ben,private_calls,0,0.99131,0.91842
ben,private_calls,0,0.00382,0.01298
ben,private_calls,1,0.99117,0.91433
ben,private_calls,0,0.00372,0.00607
ben,private_calls,0,0.99072,0.75186
ben,private_calls,0,0.01264,0.01909
ben,private_calls,0,0.00365,0.00811
ben,private_calls,0,0.18202,0.07100
ben,private_calls,1,0.99001,0.28112
ben,private_calls,0,0.00386,0.01986
ben,private_calls,1,0.96263,0.39924
ben,private_calls,0,0.00374,0.00545
ben,private_calls,1,0.98649,0.88215
ben,private_calls,0,0.00366,0.00805
ben,private_calls,0,0.98499,0.49012
ben,private_calls,1,0.99196,0.96308
ben,private_calls,1,0.99243,0.98515
ben,private_calls,0,0.00408,0.01586
ben,private_calls,0,0.00612,0.02823
ben,private_calls,1,0.99215,0.92762
ben,private_calls,0,0.00408,0.01816
ben,private_calls,0,0.00389,0.00676
ben,private_calls,0,0.00568,0.02133
ben,private_calls,0,0.12974,0.01824
ben,private_calls,1,0.98880,0.93278
ben,private_calls,0,0.99139,0.38123
ben,private_calls,0,0.00395,0.01138
ben,private_calls,0,0.00382,0.00730
ben,private_calls,0,0.99049,0.81692
ben,private_calls,1,0.98455,0.50265
ben,private_calls,0,0.00445,0.02321
ben,private_calls,0,0.00386,0.00874
ben,private_calls,0,0.00392,0.01082
ben,private_calls,0,0.00469,0.12888
ben,private_calls,1,0.97374,0.87628
ben,private_calls,0,0.00390,0.01448
ben,private_calls,0,0.03359,0.04654
ben,private_calls,0,0.00401,0.02118
ben,private_calls,0,0.00388,0.00673
ben,private_calls,0,0.00453,0.01532
ben,private_calls,0,0.00394,0.02964
ben,private_calls,1,0.00468,0.02589
ben,private_calls,1,0.99163,0.96731
ben,private_calls,0,0.74617,0.14159
ben,private_calls,0,0.00466,0.02432
ben,private_calls,0,0.00407,0.02479
ben,private_calls,1,0.74146,0.61128
ben,private_calls,0,0.87512,0.07044
ben,private_calls,0,0.00391,0.00786
ben,private_calls,0,0.00394,0.01136
ben,private_calls,0,0.00387,0.00978
ben,private_calls,0,0.99056,0.96982
ben,private_calls,1,0.97660,0.47379
ben,private_calls,0,0.00384,0.00618
ben,private_calls,0,0.00389,0.01331
ben,private_calls,0,0.02772,0.48764
ben,private_calls,0,0.00458,0.01187
ben,private_calls,0,0.00383,0.00964
ben,private_calls,0,0.00729,0.05480
ben,private_calls,0,0.02698,0.08085
ben,private_calls,1,0.91084,0.51629
ben,private_calls,0,0.99125,0.90113
ben,private_calls,0,0.00402,0.01400
ben,private_calls,0,0.00385,0.00556
ben,private_calls,0,0.00424,0.01089
ben,private_calls,1,0.99102,0.77717
ben,private_calls,0,0.00378,0.00723
ben,private_calls,0,0.01055,0.07012
ben,private_calls,0,0.01788,0.03294
ben,private_calls,0,0.00389,0.01379
ben,private_calls,1,0.98405,0.13816
ben,private_calls,1,0.97209,0.89235
ben,private_calls,0,0.00383,0.00587
ben,private_calls,0,0.98881,0.89335
ben,private_calls,0,0.00464,0.02322
ben,private_calls,1,0.99130,0.95448
ben,private_calls,1,0.99111,0.90553
ben,private_calls,0,0.71156,0.08661
ben,private_calls,0,0.00386,0.00559
ben,private_calls,0,0.12146,0.02963
ben,private_calls,1,0.99035,0.96830
ben,private_calls,1,0.98260,0.32485
ben,private_calls,1,0.99209,0.69334
ben,private_calls,0,0.00373,0.00658
ben,private_calls,1,0.99216,0.96497
ben,private_calls,0,0.00465,0.03179
ben,private_calls,0,0.98296,0.02050
ben,private_calls,0,0.91920,0.12794
ben,private_calls,0,0.00668,0.03194
ben,private_calls,0,0.81013,0.05272
ben,private_calls,0,0.00414,0.05845
ben,private_calls,1,0.99063,0.80027
ben,private_calls,0,0.05737,0.03495
ben,private_calls,0,0.26286,0.06714
ben,private_calls,0,0.00492,0.04447
ben,private_calls,0,0.97651,0.08517
ben,private_calls,0,0.00600,0.04833
ben,private_calls,0,0.00389,0.01035
ben,private_calls,0,0.00392,0.00977
ben,private_calls,0,0.00371,0.00725
ben,private_calls,0,0.00403,0.01556
ben,private_calls,0,0.98958,0.09994
ben,private_calls,0,0.00370,0.01185
ben,private_calls,0,0.00369,0.00792
ben,private_calls,0,0.00375,0.00649
ben,private_calls,1,0.99166,0.87965
ben,private_calls,0,0.00376,0.01229
ben,private_calls,0,0.00389,0.01424
ben,private_calls,1,0.99204,0.81099
ben,private_calls,0,0.00399,0.00776
ben,private_calls,0,0.34272,0.03382
ben,private_calls,0,0.00369,0.00767
ben,private_calls,0,0.00384,0.00713
ben,private_calls,0,0.06138,0.04326
ben,private_calls,0,0.97877,0.08663
ben,private_calls,0,0.00401,0.01157
ben,private_calls,0,0.00374,0.01587
ben,private_calls,0,0.00512,0.04609
ben,private_calls,0,0.00375,0.01704
ben,private_calls,0,0.00396,0.02123
ben,private_calls,0,0.52938,0.03524
ben,private_calls,0,0.00372,0.00782
ben,private_calls,1,0.14093,0.21936
ben,private_calls,0,0.00380,0.00738
ben,private_calls,0,0.00516,0.03663
ben,private_calls,0,0.00392,0.02249
ben,private_calls,0,0.99104,0.23584
ben,private_calls,0,0.00734,0.00780
ben,private_calls,1,0.98941,0.90193
ben,private_calls,0,0.00376,0.00618
ben,private_calls,0,0.00384,0.00635
ben,private_calls,0,0.00400,0.01277
ben,private_calls,0,0.85260,0.55758
ben,private_calls,0,0.97597,0.12136
ben,private_calls,0,0.00756,0.02791
ben,private_calls,0,0.00380,0.00750
ben,private_calls,0,0.98927,0.64875
ben,private_calls,0,0.00378,0.01175
ben,private_calls,0,0.00556,0.01589
ben,private_calls,0,0.01088,0.01974
ben,private_calls,0,0.00419,0.02323
ben,private_calls,0,0.00371,0.00633
ben,private_calls,0,0.00410,0.01769
ben,private_calls,0,0.00466,0.01364
ben,private_calls,0,0.00522,0.01641
ben,private_calls,0,0.00451,0.02038
ben,private_calls,0,0.55701,0.04815
ben,private_calls,0,0.55701,0.04815
ben,private_calls,1,0.14206,0.08775
ben,private_calls,0,0.98219,0.43505
ben,private_calls,0,0.80692,0.07195
ben,private_calls,0,0.09589,0.05037
ben,private_calls,0,0.88747,0.07693
ben,private_calls,0,0.03200,0.05319
ben,private_calls,0,0.12778,0.06418
ben,private_calls,0,0.12778,0.06418
ben,private_calls,1,0.03571,0.13218
ben,private_calls,0,0.00644,0.03116
ben,private_calls,0,0.98892,0.41690
ben,private_calls,0,0.69591,0.25405
ben,private_calls,1,0.03117,0.08207
ben,private_calls,0,0.00475,0.02006
ben,private_calls,0,0.98875,0.12602
ben,private_calls,0,0.00489,0.03803
ben,private_calls,0,0.88475,0.04484
ben,private_calls,0,0.95912,0.20373
ben,private_calls,0,0.00655,0.03764
ben,private_calls,0,0.93695,0.47656
ben,private_calls,1,0.93408,0.81963
ben,private_calls,1,0.02265,0.15374
ben,private_calls,0,0.00476,0.03281
ben,private_calls,1,0.99228,0.93077
ben,private_calls,0,0.00393,0.01445
ben,private_calls,0,0.00690,0.02269
ben,private_calls,0,0.00464,0.04713
ben,private_calls,0,0.00389,0.01267
ben,private_calls,0,0.88667,0.19896
ben,private_calls,0,0.00376,0.01033
ben,private_calls,0,0.00570,0.01926
ben,private_calls,0,0.02463,0.03667
ben,private_calls,0,0.98581,0.32382
ben,private_calls,0,0.98445,0.84233
ben,private_calls,1,0.86856,0.04644
ben,private_calls,0,0.99143,0.55916
ben,private_calls,0,0.00428,0.01268
ben,private_calls,0,0.01067,0.06832
ben,private_calls,1,0.99042,0.98355
ben,private_calls,1,0.97326,0.56382
ben,private_calls,1,0.99222,0.97076
ben,private_calls,0,0.98979,0.06102
ben,private_calls,0,0.99240,0.97535
ben,private_calls,0,0.00386,0.01217
ben,private_calls,0,0.01049,0.03866
ben,private_calls,0,0.00395,0.01389
ben,private_calls,0,0.00373,0.01836
ben,private_calls,0,0.00373,0.00944
ben,private_calls,0,0.95628,0.19274
ben,private_calls,0,0.00377,0.01321
ben,private_calls,1,0.99237,0.98217
ben,private_calls,0,0.00433,0.02709
ben,private_calls,0,0.00412,0.01801
ben,private_calls,0,0.00384,0.01465
ben,private_calls,1,0.95069,0.76242
ben,private_calls,1,0.99254,0.98711
ben,private_calls,1,0.99228,0.98682
ben,private_calls,0,0.00375,0.01085
ben,private_calls,0,0.98550,0.04776
ben,private_calls,0,0.00392,0.01894
ben,private_calls,1,0.99238,0.97851
ben,private_calls,1,0.99242,0.98726
ben,private_calls,0,0.95459,0.10378
ben,private_calls,0,0.00388,0.00916
ben,private_calls,0,0.00396,0.01359
ben,private_calls,0,0.00393,0.00844
ben,private_calls,0,0.00385,0.00674
ben,private_calls,0,0.00389,0.02313
ben,private_calls,1,0.99154,0.89743
ben,private_calls,0,0.00396,0.01386
ben,private_calls,0,0.00390,0.00848
ben,private_calls,0,0.00384,0.00717
ben,private_calls,1,0.82051,0.06369
ben,private_calls,0,0.17073,0.03455
ben,private_calls,0,0.95352,0.09141
ben,private_calls,1,0.98957,0.65587
ben,private_calls,0,0.00403,0.01378
ben,private_calls,0,0.28805,0.05784
ben,private_calls,0,0.00385,0.01059
ben,private_calls,0,0.00393,0.01532
ben,private_calls,0,0.00384,0.00688
ben,private_calls,1,0.99060,0.60041
ben,private_calls,0,0.00396,0.00632
ben,private_calls,0,0.00390,0.00676
ben,private_calls,0,0.15119,0.02147
ben,private_calls,0,0.00400,0.02188
ben,private_calls,1,0.99188,0.92019
ben,private_calls,0,0.00527,0.01588
ben,private_calls,0,0.00482,0.03261
ben,private_calls,0,0.17225,0.05154
ben,private_calls,0,0.99085,0.52797
ben,private_calls,0,0.00429,0.02362
ben,private_calls,1,0.99149,0.86200
ben,private_calls,0,0.00384,0.00808
ben,private_calls,0,0.00383,0.01185
ben,private_calls,0,0.00411,0.01669
ben,private_calls,0,0.00381,0.00865
ben,private_calls,1,0.99180,0.94113
ben,private_calls,0,0.00383,0.01152
ben,private_calls,0,0.52522,0.04953
ben,private_calls,0,0.00553,0.01758
ben,private_calls,0,0.98764,0.06202
ben,private_calls,0,0.50969,0.07847
ben,private_calls,0,0.00397,0.01174
ben,private_calls,0,0.00428,0.01844
ben,private_calls,0,0.00391,0.00624
ben,private_calls,0,0.00396,0.02034
ben,private_calls,0,0.98207,0.25135
ben,private_calls,0,0.37696,0.09762
ben,private_calls,0,0.95071,0.05753
ben,private_calls,0,0.00383,0.00746
ben,private_calls,0,0.00391,0.01306
ben,private_calls,1,0.96265,0.21790
ben,private_calls,1,0.01672,0.15402
ben,private_calls,1,0.00517,0.03771
ben,private_calls,0,0.00382,0.00666
ben,private_calls,1,0.99111,0.73727
ben,private_calls,0,0.00387,0.00646
ben,private_calls,0,0.00378,0.00695
ben,private_calls,0,0.00410,0.02052
ben,private_calls,1,0.00389,0.00698
ben,private_calls,0,0.00405,0.01123
ben,private_calls,0,0.00392,0.00780
ben,private_calls,0,0.00420,0.03982
ben,private_calls,0,0.00371,0.00780
ben,private_calls,0,0.00408,0.01769
ben,private_calls,0,0.02070,0.17237
ben,private_calls,1,0.99230,0.92708
ben,private_calls,0,0.00368,0.01653
ben,private_calls,0,0.00427,0.02787
ben,private_calls,0,0.97208,0.08742
ben,private_calls,0,0.00456,0.01500
ben,private_calls,0,0.00373,0.00950
ben,private_calls,0,0.00508,0.02819
ben,private_calls,1,0.99020,0.26719
ben,private_calls,0,0.00556,0.02663
ben,private_calls,1,0.01359,0.06505
ben,private_calls,1,0.01110,0.03540
ben,private_calls,1,0.99008,0.65554
ben,private_calls,0,0.00387,0.01602
ben,private_calls,0,0.98617,0.08270
ben,private_calls,0,0.00375,0.01215
ben,private_calls,1,0.06810,0.05695
ben,private_calls,0,0.80527,0.09634
ben,private_calls,0,0.87628,0.12522
ben,private_calls,1,0.99251,0.98758
ben,private_calls,1,0.99186,0.97452
ben,private_calls,0,0.00436,0.01399
ben,private_calls,1,0.96073,0.14576
ben,private_calls,1,0.99264,0.97950
ben,private_calls,0,0.99234,0.92551
ben,private_calls,1,0.99223,0.98530
ben,private_calls,1,0.99028,0.96599
ben,private_calls,0,0.99115,0.73047
ben,private_calls,1,0.98847,0.43297
ben,private_calls,0,0.00367,0.00691
ben,private_calls,0,0.00373,0.00595
ben,private_calls,1,0.99112,0.91128
ben,private_calls,0,0.98602,0.06141
ben,private_calls,0,0.00368,0.01144
ben,private_calls,0,0.00542,0.05121
ben,private_calls,0,0.02970,0.03718
ben,private_calls,0,0.01171,0.01990
ben,private_calls,1,0.99236,0.94063
ben,private_calls,0,0.00362,0.00840
ben,private_calls,0,0.87317,0.02150
ben,private_calls,0,0.00367,0.00763
ben,private_calls,0,0.00369,0.00706
ben,private_calls,0,0.00376,0.01082
ben,private_calls,0,0.00367,0.00657
ben,private_calls,1,0.98988,0.33633
ben,private_calls,0,0.00961,0.01310
ben,private_calls,0,0.00371,0.00545
ben,private_calls,0,0.99236,0.93602
ben,private_calls,0,0.98012,0.13874
ben,private_calls,0,0.00368,0.00949
ben,private_calls,0,0.00371,0.00766
ben,private_calls,0,0.00419,0.01970
ben,private_calls,0,0.00518,0.03278
ben,private_calls,0,0.00428,0.01222
ben,private_calls,0,0.01373,0.01802
ben,private_calls,0,0.98717,0.06217
ben,private_calls,0,0.98986,0.76548
ben,private_calls,1,0.98787,0.57885
ben,private_calls,1,0.99179,0.86338
ben,private_calls,0,0.00496,0.00776
ben,private_calls,0,0.49285,0.06780
ben,private_calls,0,0.98598,0.23170
ben,private_calls,0,0.78461,0.04761
ben,private_calls,0,0.00366,0.00896
ben,private_calls,0,0.00370,0.02060
ben,private_calls,1,0.99027,0.44222
ben,private_calls,0,0.00667,0.02255
ben,private_calls,0,0.00367,0.00752
ben,private_calls,0,0.04448,0.06660
ben,private_calls,0,0.00370,0.00761
ben,private_calls,0,0.98946,0.19204
ben,private_calls,0,0.00373,0.01550
ben,private_calls,0,0.05745,0.11256
ben,private_calls,0,0.00365,0.00656
ben,private_calls,1,0.99225,0.95206
ben,private_calls,0,0.00375,0.00750
ben,private_calls,0,0.94273,0.04406
ben,private_calls,1,0.99165,0.83636
ben,private_calls,0,0.13234,0.00910
ben,private_calls,0,0.00370,0.02165
ben,private_calls,0,0.00383,0.01514
ben,private_calls,0,0.98229,0.13549
ben,private_calls,1,0.02940,0.06114
ben,private_calls,0,0.23942,0.05316
ben,private_calls,0,0.00358,0.00959
ben,private_calls,0,0.00363,0.00792
ben,private_calls,0,0.07113,0.02317
ben,private_calls,0,0.97897,0.25101
ben,private_calls,0,0.00365,0.00629
ben,private_calls,0,0.87710,0.14404
ben,private_calls,0,0.00364,0.00707
ben,private_calls,0,0.00360,0.00858
ben,private_calls,0,0.26774,0.05401
ben,private_calls,1,0.99152,0.97288
ben,private_calls,1,0.99182,0.61706
ben,private_calls,1,0.99219,0.98011
ben,private_calls,0,0.00364,0.00690
ben,private_calls,1,0.00403,0.07034
ben,private_calls,0,0.00365,0.00616
ben,private_calls,0,0.00369,0.00699
ben,private_calls,0,0.00369,0.01084
ben,private_calls,1,0.99200,0.97479
ben,private_calls,0,0.93711,0.33769
ben,private_calls,0,0.99095,0.93897
ben,private_calls,0,0.77735,0.13220
ben,private_calls,1,0.98977,0.88970
ben,private_calls,0,0.00363,0.00706
ben,private_calls,0,0.00369,0.00994
ben,private_calls,0,0.92996,0.44943
ben,private_calls,0,0.00438,0.02850
ben,private_calls,1,0.99082,0.96984
ben,private_calls,0,0.00366,0.01125
ben,private_calls,0,0.00371,0.00745
ben,private_calls,0,0.00376,0.00951
ben,private_calls,0,0.00371,0.00892
ben,private_calls,0,0.97228,0.27583
ben,private_calls,0,0.99252,0.97834
ben,private_calls,0,0.01288,0.10283
ben,private_calls,1,0.84153,0.43488
ben,private_calls,0,0.00488,0.03756
ben,private_calls,0,0.00364,0.00625
ben,private_calls,0,0.00366,0.00796
ben,private_calls,0,0.00363,0.00633
ben,private_calls,0,0.00391,0.01861
ben,private_calls,1,0.99124,0.95871
ben,private_calls,0,0.00498,0.01716
ben,private_calls,0,0.00378,0.00726
ben,private_calls,0,0.09012,0.03513
ben,private_calls,1,0.99197,0.69515
ben,private_calls,0,0.50965,0.04049
ben,private_calls,0,0.07134,0.04865
ben,private_calls,0,0.99235,0.75287
ben,private_calls,0,0.00375,0.00825
ben,private_calls,0,0.00845,0.03139
ben,private_calls,0,0.98951,0.26223
ben,private_calls,0,0.98493,0.10164
ben,private_calls,0,0.03787,0.02226
ben,private_calls,0,0.73817,0.05388
ben,private_calls,0,0.85263,0.11059
ben,private_calls,1,0.98786,0.82557
ben,private_calls,0,0.00376,0.00571
ben,private_calls,0,0.00759,0.01480
ben,private_calls,0,0.88254,0.04728
ben,private_calls,0,0.00493,0.03348
ben,private_calls,0,0.00386,0.02002
ben,private_calls,0,0.80650,0.18415
ben,private_calls,1,0.27593,0.10803
ben,private_calls,0,0.00373,0.01680
ben,private_calls,0,0.98726,0.54211
ben,private_calls,0,0.00373,0.00755
ben,private_calls,0,0.00380,0.00603
ben,private_calls,0,0.00378,0.01436
ben,private_calls,0,0.00410,0.01851
ben,private_calls,0,0.00420,0.02682
ben,private_calls,0,0.00375,0.00774
ben,private_calls,0,0.99202,0.08371
ben,private_calls,0,0.81022,0.09278
ben,private_calls,0,0.00370,0.01340
ben,private_calls,0,0.00368,0.00856
ben,private_calls,0,0.00427,0.01374
ben,private_calls,0,0.00381,0.00757
ben,private_calls,0,0.00736,0.02209
ben,private_calls,0,0.46424,0.13304
ben,private_calls,0,0.00385,0.01286
ben,private_calls,0,0.00375,0.00691
ben,private_calls,0,0.00439,0.02091
ben,private_calls,0,0.00415,0.03185
ben,private_calls,1,0.02380,0.25551
ben,private_calls,0,0.00403,0.01024
ben,private_calls,0,0.00382,0.00907
ben,private_calls,0,0.00438,0.01655
ben,private_calls,0,0.00370,0.00947
ben,private_calls,1,0.99136,0.91680
ben,private_calls,0,0.87598,0.03372
ben,private_calls,0,0.00374,0.00657
ben,private_calls,1,0.96046,0.17921
ben,private_calls,1,0.99133,0.93176
ben,private_calls,0,0.00808,0.09839
ben,private_calls,0,0.00405,0.03658
ben,private_calls,1,0.93135,0.60876
ben,private_calls,0,0.00374,0.00786
ben,private_calls,0,0.00375,0.00934
ben,private_calls,0,0.98031,0.54083
ben,private_calls,0,0.00366,0.00712
ben,private_calls,0,0.00383,0.00785
ben,private_calls,0,0.02601,0.02243
ben,private_calls,1,0.99202,0.97887
ben,private_calls,0,0.99016,0.13137
ben,private_calls,0,0.98775,0.10936
ben,private_calls,0,0.01221,0.04923
ben,private_calls,0,0.00380,0.00596
ben,private_calls,0,0.00380,0.01038
ben,private_calls,0,0.00377,0.00778
ben,private_calls,0,0.00481,0.01166
ben,private_calls,0,0.28355,0.07984
ben,private_calls,0,0.01096,0.00677
ben,private_calls,0,0.00387,0.01667
ben,private_calls,0,0.00461,0.07072
ben,private_calls,1,0.99183,0.96121
ben,private_calls,0,0.97809,0.38105
ben,private_calls,0,0.00502,0.02419
ben,private_calls,1,0.99196,0.97620
ben,private_calls,0,0.00376,0.00721
ben,private_calls,0,0.00376,0.00672
ben,private_calls,0,0.00374,0.00779
ben,private_calls,0,0.00393,0.02192
ben,private_calls,0,0.99242,0.96586
ben,private_calls,0,0.00375,0.00645
ben,private_calls,0,0.00376,0.00718
ben,private_calls,1,0.99205,0.98643
ben,private_calls,0,0.00491,0.01442
ben,private_calls,0,0.71054,0.11862
ben,private_calls,0,0.91134,0.51298
ben,private_calls,1,0.98886,0.56746
ben,private_calls,0,0.99030,0.83138
ben,private_calls,0,0.00370,0.00900
ben,private_calls,0,0.00393,0.02598
ben,private_calls,1,0.99228,0.97546
ben,private_calls,0,0.98041,0.28796
ben,private_calls,0,0.00424,0.00993
ben,private_calls,0,0.98813,0.22313
ben,private_calls,0,0.00394,0.01304
ben,private_calls,0,0.00385,0.00969
ben,private_calls,1,0.99186,0.98053
ben,private_calls,0,0.98364,0.02523
ben,private_calls,0,0.01520,0.01084
ben,private_calls,0,0.00371,0.00654
ben,private_calls,0,0.43611,0.08809
ben,private_calls,0,0.99086,0.04519
ben,private_calls,0,0.58277,0.03309
ben,private_calls,0,0.00625,0.01704
ben,private_calls,0,0.00586,0.01039
ben,private_calls,0,0.00373,0.00650
ben,private_calls,0,0.71947,0.27166
ben,private_calls,0,0.00376,0.00958
ben,private_calls,0,0.27493,0.19188
ben,private_calls,0,0.00368,0.00675
ben,private_calls,0,0.99041,0.10968
ben,private_calls,1,0.99212,0.98665
ben,private_calls,0,0.00372,0.00978
ben,private_calls,0,0.94413,0.05280
ben,private_calls,0,0.00379,0.00950
ben,private_calls,1,0.99138,0.90166
ben,private_calls,0,0.00393,0.01383
ben,private_calls,0,0.00375,0.02522
ben,private_calls,0,0.98963,0.20591
ben,private_calls,0,0.99221,0.77268
ben,private_calls,0,0.00392,0.00807
ben,private_calls,0,0.00381,0.00754
ben,private_calls,0,0.99215,0.97543
ben,private_calls,0,0.00377,0.00661
ben,private_calls,0,0.98977,0.39500
ben,private_calls,1,0.03042,0.20894
ben,private_calls,0,0.00410,0.02474
ben,private_calls,1,0.02410,0.54680
ben,private_calls,1,0.00715,0.01375
ben,private_calls,0,0.98758,0.09599
ben,private_calls,1,0.99092,0.73461
ben,private_calls,0,0.00378,0.00803
ben,private_calls,0,0.99229,0.79182
ben,private_calls,0,0.00390,0.00791
ben,private_calls,0,0.00429,0.01430
ben,private_calls,0,0.00389,0.01413
ben,private_calls,0,0.00372,0.00762
ben,private_calls,1,0.99236,0.85278
ben,private_calls,0,0.00378,0.00793
ben,private_calls,0,0.00384,0.01096
ben,private_calls,0,0.92373,0.21492
ben,private_calls,0,0.00613,0.04475
ben,private_calls,0,0.00397,0.00957
ben,private_calls,0,0.04134,0.10392
ben,private_calls,0,0.58079,0.03342
ben,private_calls,0,0.00376,0.00723
ben,private_calls,0,0.00370,0.00726
ben,private_calls,1,0.99182,0.66837
ben,private_calls,1,0.98677,0.86116
ben,private_calls,0,0.00810,0.22842
ben,private_calls,0,0.99159,0.66828
ben,private_calls,1,0.99148,0.67335
ben,private_calls,0,0.48715,0.04712
ben,private_calls,0,0.91470,0.15116
ben,private_calls,0,0.00410,0.01074
ben,private_calls,0,0.00393,0.01023
ben,private_calls,0,0.71710,0.02157
ben,private_calls,0,0.00383,0.00795
ben,private_calls,0,0.00385,0.01065
ben,private_calls,0,0.00382,0.01111
ben,private_calls,1,0.99244,0.88779
ben,private_calls,0,0.00381,0.01096
ben,private_calls,0,0.00383,0.03475
ben,private_calls,0,0.98825,0.38483
ben,private_calls,0,0.98897,0.40813
ben,private_calls,0,0.00411,0.01102
ben,private_calls,0,0.00375,0.00759
ben,private_calls,1,0.99151,0.63695
ben,private_calls,0,0.01061,0.05983
ben,private_calls,1,0.99134,0.89437
ben,private_calls,0,0.98930,0.51254
ben,private_calls,1,0.93687,0.14990
ben,private_calls,1,0.99105,0.92994
ben,private_calls,0,0.00375,0.00764
ben,private_calls,0,0.99078,0.83373
ben,private_calls,0,0.00367,0.00713
ben,private_calls,0,0.00371,0.00800
ben,private_calls,1,0.98777,0.30036
ben,private_calls,0,0.99206,0.60763
ben,private_calls,0,0.00980,0.02707
ben,private_calls,0,0.00392,0.01739
ben,private_calls,0,0.00373,0.00823
ben,private_calls,1,0.00405,0.01475
ben,private_calls,0,0.00571,0.01509
ben,private_calls,0,0.00453,0.02725
ben,private_calls,0,0.00368,0.00989
ben,private_calls,0,0.00368,0.01035
ben,private_calls,1,0.99223,0.97002
ben,private_calls,0,0.00384,0.01223
ben,private_calls,0,0.00386,0.01561
ben,private_calls,0,0.00375,0.00558
ben,private_calls,1,0.94904,0.44495
ben,private_calls,0,0.00373,0.00609
ben,private_calls,1,0.41863,0.46286
ben,private_calls,0,0.00376,0.00802
ben,private_calls,0,0.00367,0.00965
ben,private_calls,1,0.98964,0.67054
ben,private_calls,0,0.00707,0.02704
ben,private_calls,0,0.00372,0.00836
ben,private_calls,1,0.99205,0.97569
ben,private_calls,0,0.00376,0.00843
ben,private_calls,0,0.01503,0.08841
ben,private_calls,1,0.99232,0.96963
ben,private_calls,1,0.99192,0.91820
ben,private_calls,0,0.00380,0.00636
ben,private_calls,1,0.99218,0.94597
ben,private_calls,0,0.00380,0.00574
ben,private_calls,0,0.00379,0.00584
ben,private_calls,1,0.62056,0.41205
ben,private_calls,0,0.00766,0.03803
ben,private_calls,0,0.00374,0.00782
ben,private_calls,1,0.99208,0.98700
ben,private_calls,0,0.00368,0.00881
ben,private_calls,0,0.00371,0.00831
ben,private_calls,0,0.00366,0.00980
ben,private_calls,0,0.07276,0.10953
ben,private_calls,0,0.00368,0.00695
ben,private_calls,0,0.00372,0.01245
ben,private_calls,1,0.99092,0.85453
ben,private_calls,1,0.99050,0.97600
ben,private_calls,1,0.99250,0.90469
ben,private_calls,0,0.01547,0.03171
ben,private_calls,1,0.99202,0.97183
ben,private_calls,0,0.00367,0.00671
ben,private_calls,0,0.00385,0.00715
ben,private_calls,1,0.25318,0.35801
ben,private_calls,0,0.00373,0.00577
ben,private_calls,0,0.00375,0.00693
ben,private_calls,1,0.99145,0.98466
ben,private_calls,0,0.00372,0.00797
ben,private_calls,0,0.86609,0.08718
ben,private_calls,0,0.00373,0.01076
ben,private_calls,0,0.00378,0.00592
ben,private_calls,1,0.98361,0.89979
ben,private_calls,0,0.05642,0.04224
ben,private_calls,0,0.00378,0.00666
ben,private_calls,0,0.00707,0.02088
ben,private_calls,0,0.00387,0.00877
ben,private_calls,1,0.99063,0.96908
ben,private_calls,1,0.98635,0.81630
ben,private_calls,0,0.96789,0.34989
ben,private_calls,0,0.01929,0.03706
ben,private_calls,0,0.99084,0.09621
ben,private_calls,0,0.00374,0.00588
ben,private_calls,0,0.00378,0.00595
ben,private_calls,0,0.00395,0.02104
ben,private_calls,0,0.99016,0.10391
ben,private_calls,0,0.00387,0.00989
ben,private_calls,1,0.99051,0.94546
ben,private_calls,0,0.00376,0.00853
ben,private_calls,0,0.93829,0.04814
ben,private_calls,0,0.00527,0.00732
ben,private_calls,0,0.00392,0.03662
ben,private_calls,0,0.00380,0.01879
ben,private_calls,0,0.00401,0.01509
ben,private_calls,0,0.00396,0.01849
ben,private_calls,0,0.00404,0.00834
ben,private_calls,0,0.00413,0.01063
ben,private_calls,0,0.00384,0.00888
ben,private_calls,0,0.00391,0.00719
ben,private_calls,0,0.00386,0.00900
ben,private_calls,0,0.97857,0.10896
ben,private_calls,0,0.00383,0.01190
ben,private_calls,0,0.00391,0.00696
ben,private_calls,1,0.99205,0.98017
ben,private_calls,1,0.97587,0.63083
ben,private_calls,0,0.00387,0.00664
ben,private_calls,0,0.00392,0.01231
ben,private_calls,1,0.99224,0.98712
ben,private_calls,1,0.98862,0.92176
ben,private_calls,0,0.98528,0.14800
ben,private_calls,0,0.00383,0.00707
ben,private_calls,0,0.00444,0.01350
ben,private_calls,0,0.85878,0.07448
ben,private_calls,0,0.00391,0.00807
ben,private_calls,1,0.98683,0.89637
ben,private_calls,0,0.00488,0.01376
ben,private_calls,1,0.99046,0.77477
ben,private_calls,0,0.00407,0.00812
ben,private_calls,0,0.00398,0.02549
ben,private_calls,1,0.98974,0.88535
ben,private_calls,1,0.94236,0.83793
ben,private_calls,1,0.98964,0.78986
ben,private_calls,1,0.99253,0.53525
ben,private_calls,0,0.96956,0.02425
ben,private_calls,0,0.00381,0.00717
ben,private_calls,1,0.99200,0.97295
ben,private_calls,0,0.00523,0.01701
ben,private_calls,0,0.97837,0.03220
ben,private_calls,0,0.00437,0.00896
ben,private_calls,0,0.00380,0.01121
ben,private_calls,1,0.98912,0.79899
ben,private_calls,1,0.97710,0.88353
ben,private_calls,0,0.00381,0.00789
ben,private_calls,1,0.99245,0.97997
ben,private_calls,0,0.10233,0.07796
ben,private_calls,0,0.99207,0.61032
ben,private_calls,0,0.08697,0.15185
ben,private_calls,0,0.99056,0.39597
ben,private_calls,1,0.99188,0.77798
ben,private_calls,0,0.01765,0.03601
ben,private_calls,0,0.00384,0.01127
ben,private_calls,1,0.99228,0.96129
ben,private_calls,1,0.82059,0.41105
ben,private_calls,0,0.00385,0.01020
ben,private_calls,0,0.00986,0.06843
ben,private_calls,1,0.99231,0.96829
ben,private_calls,0,0.91649,0.00971
ben,private_calls,0,0.23404,0.02910
ben,private_calls,1,0.99223,0.82174
ben,private_calls,0,0.00402,0.01886
ben,private_calls,0,0.83899,0.28817
ben,private_calls,1,0.99133,0.56016
ben,private_calls,0,0.98455,0.48048
ben,private_calls,0,0.00382,0.01649
ben,private_calls,0,0.05226,0.30803
ben,private_calls,0,0.01038,0.03025
ben,private_calls,0,0.00465,0.02079
ben,private_calls,0,0.00394,0.00802
ben,private_calls,1,0.98674,0.27790
ben,private_calls,0,0.00386,0.00816
ben,private_calls,0,0.98936,0.24158
ben,private_calls,0,0.00399,0.01448
ben,private_calls,1,0.99054,0.18685
ben,private_calls,0,0.94153,0.03130
ben,private_calls,0,0.95749,0.16436
ben,private_calls,1,0.99190,0.96405
ben,private_calls,0,0.00388,0.00703
ben,private_calls,1,0.99186,0.97718
ben,private_calls,1,0.00430,0.06076
ben,private_calls,1,0.99233,0.98236
ben,private_calls,0,0.00385,0.00707
ben,private_calls,0,0.00532,0.05992
ben,private_calls,0,0.00394,0.00734
ben,private_calls,0,0.09229,0.04408
ben,private_calls,0,0.02199,0.07373
ben,private_calls,0,0.00553,0.02288
ben,private_calls,1,0.99177,0.97040
ben,private_calls,1,0.99219,0.98743
ben,private_calls,1,0.98868,0.57747
ben,private_calls,0,0.00402,0.00828
ben,private_calls,0,0.02689,0.02257
ben,private_calls,1,0.99204,0.88778
ben,private_calls,0,0.04070,0.01135
ben,private_calls,0,0.00430,0.01567
ben,private_calls,0,0.00647,0.02803
ben,private_calls,0,0.99180,0.84643
ben,private_calls,1,0.08421,0.21604
ben,private_calls,0,0.99062,0.90437
ben,private_calls,0,0.63156,0.04785
ben,private_calls,0,0.87702,0.06456
ben,private_calls,0,0.01672,0.11079
ben,private_calls,0,0.93783,0.02901
ben,private_calls,0,0.00438,0.01073
ben,private_calls,1,0.00404,0.01216
ben,private_calls,0,0.00387,0.00689
ben,private_calls,0,0.93953,0.52500
ben,private_calls,1,0.99103,0.83668
ben,private_calls,0,0.94947,0.02984
ben,private_calls,1,0.99035,0.66015
ben,private_calls,1,0.98615,0.92434
ben,private_calls,0,0.00383,0.00757
ben,private_calls,0,0.00393,0.00824
ben,private_calls,0,0.00384,0.00643
ben,private_calls,0,0.00388,0.00811
ben,private_calls,0,0.00393,0.00680
ben,private_calls,0,0.00433,0.02065
ben,private_calls,0,0.00467,0.02508
ben,private_calls,1,0.99201,0.94767
ben,private_calls,0,0.00387,0.00679
ben,private_calls,0,0.34570,0.07788
ben,private_calls,1,0.99217,0.96966
ben,private_calls,1,0.99241,0.97147
ben,private_calls,0,0.00445,0.01816
ben,private_calls,0,0.99050,0.60696
ben,private_calls,0,0.00386,0.00687
ben,private_calls,1,0.99240,0.93965
ben,private_calls,0,0.00386,0.01463
ben,private_calls,0,0.00391,0.01237
ben,private_calls,0,0.00846,0.01680
ben,private_calls,0,0.15480,0.02729
ben,private_calls,0,0.00664,0.02024
ben,private_calls,0,0.99058,0.07628
ben,private_calls,0,0.57227,0.05911
ben,private_calls,1,0.98175,0.65602
ben,private_calls,0,0.00375,0.00791
ben,private_calls,0,0.99218,0.36292
ben,private_calls,0,0.99022,0.25579
ben,private_calls,1,0.99231,0.98061
ben,private_calls,0,0.00385,0.01000
ben,private_calls,0,0.00380,0.01362
ben,private_calls,0,0.00392,0.01239
ben,private_calls,0,0.46064,0.07035
ben,private_calls,0,0.00380,0.00916
ben,private_calls,0,0.65504,0.04484
ben,private_calls,0,0.00436,0.03185
ben,private_calls,0,0.98406,0.25457
ben,private_calls,0,0.00398,0.01945
ben,private_calls,0,0.00545,0.03517
ben,private_calls,0,0.01718,0.05891
ben,private_calls,0,0.00375,0.00604
ben,private_calls,0,0.00759,0.01801
ben,private_calls,0,0.97797,0.04311
ben,private_calls,0,0.00455,0.04286
ben,private_calls,0,0.97016,0.05282
ben,private_calls,0,0.98934,0.16908
ben,private_calls,0,0.00387,0.01218
ben,private_calls,1,0.99111,0.96482
ben,private_calls,0,0.01145,0.02684
ben,private_calls,0,0.00373,0.00852
ben,private_calls,0,0.01744,0.03749
ben,private_calls,0,0.01123,0.03173
ben,private_calls,0,0.98697,0.27008
ben,private_calls,0,0.00414,0.02815
ben,private_calls,0,0.00408,0.01826
ben,private_calls,1,0.99065,0.95947
ben,private_calls,0,0.00378,0.00716
ben,private_calls,0,0.90837,0.02108
ben,private_calls,0,0.00664,0.02219
ben,private_calls,0,0.00497,0.09466
ben,private_calls,0,0.00380,0.01087
ben,private_calls,0,0.61378,0.04659
ben,private_calls,0,0.00390,0.02118
ben,private_calls,1,0.00373,0.01156
ben,private_calls,1,0.99220,0.43771
ben,private_calls,1,0.99071,0.93719
ben,private_calls,0,0.99111,0.08717
ben,private_calls,0,0.00376,0.01424
ben,private_calls,1,0.99226,0.95542
ben,private_calls,0,0.00416,0.01492
ben,private_calls,1,0.00400,0.04563
ben,private_calls,1,0.99236,0.98943
ben,private_calls,1,0.00618,0.07006
ben,private_calls,0,0.00371,0.00759
ben,private_calls,0,0.02011,0.04764
ben,private_calls,1,0.99187,0.96922
ben,private_calls,1,0.96958,0.85457
ben,private_calls,1,0.98929,0.24525
ben,private_calls,1,0.99222,0.86298
ben,private_calls,0,0.00381,0.00590
ben,private_calls,0,0.98872,0.04120
ben,private_calls,0,0.98604,0.02588
ben,private_calls,0,0.00371,0.00780
ben,private_calls,1,0.99080,0.90519
ben,private_calls,0,0.99234,0.98102
ben,private_calls,0,0.00449,0.03395
ben,private_calls,0,0.00493,0.00886
ben,private_calls,0,0.99017,0.90882
ben,private_calls,0,0.99197,0.76704
ben,private_calls,0,0.87765,0.34235
ben,private_calls,0,0.00405,0.03231
ben,private_calls,0,0.00365,0.00661
ben,private_calls,0,0.98825,0.13709
ben,private_calls,0,0.00372,0.00676
ben,private_calls,0,0.00371,0.00732
ben,private_calls,1,0.98847,0.97736
ben,private_calls,0,0.00612,0.05104
ben,private_calls,0,0.00375,0.01148
ben,private_calls,0,0.00767,0.04609
ben,private_calls,0,0.00377,0.00893
ben,private_calls,0,0.00377,0.00725
ben,private_calls,0,0.00385,0.01215
ben,private_calls,0,0.00376,0.00741
ben,private_calls,0,0.00409,0.01269
ben,private_calls,0,0.00502,0.02399
ben,private_calls,1,0.99149,0.58060
ben,private_calls,1,0.99099,0.91599
ben,private_calls,0,0.88260,0.47424
ben,private_calls,0,0.26257,0.01922
ben,private_calls,0,0.00377,0.01335
ben,private_calls,0,0.00395,0.01609
ben,private_calls,1,0.03508,0.15174
ben,private_calls,0,0.00736,0.03033
ben,private_calls,0,0.00422,0.01363
ben,private_calls,0,0.98780,0.13725
ben,private_calls,0,0.96632,0.05791
ben,private_calls,0,0.00399,0.01946
ben,private_calls,0,0.95742,0.58660
ben,private_calls,0,0.00376,0.00667
ben,private_calls,0,0.71051,0.06114
ben,private_calls,0,0.00640,0.03365
ben,private_calls,0,0.00498,0.02391
ben,private_calls,0,0.98521,0.10167
ben,private_calls,0,0.00485,0.01595
ben,private_calls,1,0.96187,0.38467
ben,private_calls,0,0.00376,0.01123
ben,private_calls,1,0.86820,0.83272
ben,private_calls,0,0.00979,0.06701
ben,private_calls,0,0.00371,0.00553
ben,private_calls,0,0.00376,0.00551
ben,private_calls,0,0.00367,0.01141
ben,private_calls,0,0.16481,0.03677
ben,private_calls,0,0.65236,0.08251
ben,private_calls,0,0.83086,0.05849
ben,private_calls,0,0.98967,0.16767
ben,private_calls,0,0.00378,0.00723
ben,private_calls,0,0.00419,0.03236
ben,private_calls,0,0.00400,0.01876
ben,private_calls,1,0.99195,0.93543
ben,private_calls,0,0.00537,0.01721
ben,private_calls,0,0.98949,0.94902
ben,private_calls,1,0.99110,0.87571
ben,private_calls,0,0.00367,0.00630
ben,private_calls,1,0.63308,0.30965
ben,private_calls,1,0.99033,0.94998
ben,private_calls,1,0.99122,0.81776
ben,private_calls,1,0.99141,0.90357
ben,private_calls,0,0.99207,0.96606
ben,private_calls,0,0.00369,0.01687
ben,private_calls,0,0.96138,0.16180
ben,private_calls,0,0.00689,0.02209
ben,private_calls,1,0.98659,0.92967
ben,private_calls,1,0.98874,0.37252
ben,private_calls,1,0.99171,0.95823
ben,private_calls,1,0.99238,0.97118
ben,private_calls,0,0.00365,0.00987
ben,private_calls,0,0.00360,0.00672
ben,private_calls,0,0.01335,0.09284
ben,private_calls,1,0.99216,0.97487
ben,private_calls,1,0.99225,0.98514
ben,private_calls,1,0.99225,0.98075
ben,private_calls,0,0.98865,0.64483
ben,private_calls,1,0.99150,0.97414
ben,private_calls,0,0.64651,0.17219
ben,private_calls,0,0.76419,0.20525
ben,private_calls,1,0.98755,0.71608
ben,private_calls,0,0.38567,0.01238
ben,private_calls,0,0.65842,0.03564
ben,private_calls,0,0.98499,0.17022
ben,private_calls,1,0.98644,0.80612
ben,private_calls,0,0.03226,0.09785
ben,private_calls,0,0.06023,0.06487
ben,private_calls,0,0.00594,0.07071
ben,private_calls,0,0.00446,0.06674
ben,private_calls,1,0.97057,0.75980
ben,private_calls,1,0.99159,0.45789
ben,private_calls,0,0.00387,0.02592
ben,private_calls,1,0.62349,0.48370
ben,private_calls,0,0.00381,0.03245
ben,private_calls,0,0.00461,0.01751
ben,private_calls,0,0.00510,0.03406
ben,private_calls,0,0.12844,0.18827
ben,private_calls,0,0.00545,0.08093
ben,private_calls,1,0.05502,0.22908
ben,private_calls,0,0.80699,0.04780
ben,private_calls,1,0.98891,0.48134
ben,private_calls,0,0.00396,0.01618
ben,private_calls,1,0.99242,0.98521
ben,private_calls,0,0.98448,0.03043
ben,private_calls,0,0.98860,0.87103
ben,private_calls,1,0.99199,0.95610
ben,private_calls,0,0.00373,0.01108
ben,private_calls,0,0.00369,0.00673
ben,private_calls,0,0.00378,0.01244
ben,private_calls,0,0.95966,0.05374
ben,private_calls,0,0.00396,0.02214
ben,private_calls,0,0.62938,0.01133
ben,private_calls,0,0.00365,0.00747
ben,private_calls,0,0.00378,0.00661
ben,private_calls,1,0.98023,0.44352
ben,private_calls,0,0.00373,0.01933
ben,private_calls,0,0.99205,0.88465
ben,private_calls,0,0.53887,0.05286
ben,private_calls,0,0.00373,0.00771
ben,private_calls,0,0.97668,0.09729
ben,private_calls,0,0.96345,0.25507
ben,private_calls,0,0.00403,0.01763
ben,private_calls,0,0.00366,0.00774
ben,private_calls,0,0.00373,0.00730
ben,private_calls,0,0.00359,0.00791
ben,private_calls,0,0.00443,0.01153
ben,private_calls,0,0.00369,0.00899
ben,private_calls,1,0.99025,0.98611
ben,private_calls,0,0.00360,0.00711
ben,private_calls,0,0.00381,0.00562
ben,private_calls,0,0.00399,0.01280
ben,private_calls,0,0.00383,0.00518
ben,private_calls,0,0.00486,0.00864
ben,private_calls,0,0.00372,0.00900
ben,private_calls,0,0.00775,0.09008
ben,private_calls,0,0.00383,0.02198
ben,private_calls,0,0.04827,0.01641
ben,private_calls,0,0.00375,0.00769
ben,private_calls,0,0.98302,0.13297
ben,private_calls,0,0.99066,0.81232
ben,private_calls,0,0.00372,0.00621
ben,private_calls,0,0.00380,0.00636
ben,private_calls,0,0.00376,0.00770
ben,private_calls,0,0.00392,0.00736
ben,private_calls,0,0.00377,0.00698
ben,private_calls,0,0.00412,0.01713
ben,private_calls,0,0.00383,0.00655
ben,private_calls,1,0.99162,0.92579
ben,private_calls,1,0.99245,0.98896
ben,private_calls,0,0.00382,0.00897
ben,private_calls,0,0.00388,0.00723
ben,private_calls,0,0.99172,0.25489
ben,private_calls,0,0.96877,0.17297
ben,private_calls,0,0.00649,0.01557
ben,private_calls,0,0.00376,0.00671
ben,private_calls,0,0.15648,0.06099
ben,private_calls,0,0.90138,0.05038
ben,private_calls,0,0.00376,0.00837
ben,private_calls,0,0.07081,0.05818
ben,private_calls,1,0.03042,0.15811
ben,private_calls,0,0.00374,0.00802
ben,private_calls,0,0.00373,0.01425
ben,private_calls,0,0.01248,0.02005
ben,private_calls,0,0.10445,0.01586
ben,private_calls,0,0.98274,0.10796
ben,private_calls,0,0.97089,0.02234
ben,private_calls,0,0.00375,0.00583
ben,private_calls,0,0.04323,0.01193
ben,private_calls,0,0.01023,0.05657
ben,private_calls,0,0.00601,0.02105
ben,private_calls,0,0.00410,0.01050
ben,private_calls,1,0.99116,0.77227
ben,private_calls,0,0.00369,0.00642
ben,private_calls,0,0.00376,0.00938
ben,private_calls,0,0.03019,0.04648
ben,private_calls,0,0.87274,0.09271
ben,private_calls,0,0.98971,0.36575
ben,private_calls,0,0.39601,0.02347
ben,private_calls,0,0.00375,0.00597
ben,private_calls,0,0.00380,0.01424
ben,private_calls,0,0.99113,0.09296
ben,private_calls,0,0.00418,0.01736
ben,private_calls,0,0.00398,0.01304
ben,private_calls,0,0.98944,0.18564
ben,private_calls,0,0.00373,0.00927
ben,private_calls,0,0.02181,0.01974
ben,private_calls,0,0.00373,0.00609
ben,private_calls,1,0.99208,0.86040
ben,private_calls,0,0.00369,0.00613
ben,private_calls,1,0.99198,0.98117
ben,private_calls,1,0.99157,0.96771
ben,private_calls,1,0.98771,0.90600
ben,private_calls,0,0.97836,0.02040
ben,private_calls,0,0.99137,0.52824
ben,private_calls,0,0.00361,0.01065
ben,private_calls,1,0.99223,0.97902
ben,private_calls,0,0.00379,0.00780
ben,private_calls,0,0.00471,0.02063
ben,private_calls,0,0.00364,0.00977
ben,private_calls,0,0.98440,0.40958
ben,private_calls,1,0.99205,0.93005
ben,private_calls,0,0.00365,0.00667
ben,private_calls,1,0.99243,0.97822
ben,private_calls,1,0.99257,0.98520
ben,private_calls,0,0.00364,0.01724
ben,private_calls,1,0.99244,0.97581
ben,private_calls,1,0.99203,0.97903
ben,private_calls,1,0.99175,0.97565
ben,private_calls,1,0.99129,0.96386
ben,private_calls,0,0.99255,0.95146
ben,private_calls,1,0.99099,0.95971
ben,private_calls,1,0.99191,0.88468
ben,private_calls,0,0.00403,0.01497
ben,private_calls,0,0.00368,0.00638
ben,private_calls,0,0.00369,0.00572
ben,private_calls,0,0.96836,0.09526
ben,private_calls,1,0.99216,0.90121
ben,private_calls,0,0.00377,0.01115
ben,private_calls,0,0.00370,0.00658
ben,private_calls,1,0.99149,0.34369
ben,private_calls,0,0.39492,0.03475
ben,private_calls,0,0.00368,0.00682
ben,private_calls,0,0.00375,0.01029
ben,private_calls,0,0.00378,0.01434
ben,private_calls,0,0.00372,0.00601
ben,private_calls,0,0.00365,0.00687
ben,private_calls,1,0.99101,0.92579
ben,private_calls,0,0.94570,0.29096
ben,private_calls,0,0.00370,0.00565
ben,private_calls,0,0.98776,0.10120
ben,private_calls,0,0.00374,0.00568
ben,private_calls,1,0.96567,0.48897
ben,private_calls,0,0.00390,0.01303
ben,private_calls,0,0.00366,0.01757
ben,private_calls,0,0.00365,0.00667
ben,private_calls,1,0.99235,0.95103
ben,private_calls,1,0.53689,0.56484
ben,private_calls,1,0.99221,0.88628
ben,private_calls,0,0.98982,0.15367
ben,private_calls,0,0.00368,0.00794
ben,private_calls,1,0.77921,0.10628
ben,private_calls,0,0.98882,0.04994
ben,private_calls,0,0.00548,0.04663
ben,private_calls,0,0.96876,0.14997
ben,private_calls,0,0.00974,0.03675
ben,private_calls,1,0.92851,0.16439
ben,private_calls,0,0.09258,0.04529
ben,private_calls,0,0.05723,0.02062
ben,private_calls,0,0.00363,0.01088
ben,private_calls,0,0.00366,0.00748
ben,private_calls,0,0.99088,0.14230
ben,private_calls,0,0.93705,0.09374
ben,private_calls,0,0.98928,0.17753
ben,private_calls,0,0.00378,0.00940
ben,private_calls,1,0.98856,0.21408
ben,private_calls,0,0.99222,0.69517
ben,private_calls,0,0.00363,0.00785
ben,private_calls,0,0.00375,0.00795
ben,private_calls,1,0.99189,0.81680
ben,private_calls,0,0.00370,0.00873
ben,private_calls,0,0.00370,0.00948
ben,private_calls,0,0.00382,0.01301
ben,private_calls,0,0.92247,0.01994
ben,private_calls,1,0.99081,0.74652
ben,private_calls,0,0.98288,0.05929
ben,private_calls,0,0.02447,0.03292
ben,private_calls,0,0.01342,0.02537
ben,private_calls,0,0.02691,0.06237
ben,private_calls,0,0.96721,0.25121
ben,private_calls,0,0.00392,0.04545
ben,private_calls,0,0.00373,0.00633
ben,private_calls,0,0.00398,0.02067
ben,private_calls,0,0.01231,0.04094
ben,private_calls,1,0.99170,0.86568
ben,private_calls,0,0.00471,0.01841
ben,private_calls,1,0.99242,0.96741
ben,private_calls,0,0.00369,0.00739
ben,private_calls,0,0.00367,0.00618
ben,private_calls,0,0.00398,0.01065
ben,private_calls,0,0.96814,0.09371
ben,private_calls,0,0.00375,0.00907
ben,private_calls,0,0.00395,0.02575
ben,private_calls,0,0.00468,0.02969
ben,private_calls,1,0.99091,0.73590
ben,private_calls,0,0.98268,0.05382
ben,private_calls,0,0.98831,0.56316
ben,private_calls,0,0.00402,0.01044
ben,private_calls,0,0.00369,0.00671
ben,private_calls,0,0.00364,0.00717
ben,private_calls,1,0.67274,0.14080
ben,private_calls,1,0.98721,0.63016
ben,private_calls,1,0.00456,0.04043
ben,private_calls,0,0.00371,0.00747
ben,private_calls,1,0.98652,0.88551
ben,private_calls,1,0.99195,0.97174
ben,private_calls,0,0.96776,0.16978
ben,private_calls,1,0.98695,0.34068
ben,private_calls,0,0.00436,0.01899
ben,private_calls,1,0.98982,0.68048
ben,private_calls,1,0.98620,0.86726
ben,private_calls,0,0.00449,0.01951
ben,private_calls,1,0.98189,0.23583
ben,private_calls,1,0.98573,0.18447
ben,private_calls,0,0.00368,0.00971
ben,private_calls,0,0.93580,0.06303
ben,private_calls,0,0.00656,0.06735
ben,private_calls,1,0.98961,0.87510
ben,private_calls,0,0.79315,0.09010
ben,private_calls,0,0.00367,0.00927
ben,private_calls,0,0.00374,0.01509
ben,private_calls,0,0.00486,0.01257
ben,private_calls,0,0.07087,0.02462
ben,private_calls,0,0.00372,0.00599
ben,private_calls,1,0.89293,0.11567
ben,private_calls,0,0.00365,0.00624
ben,private_calls,1,0.99206,0.89862
ben,private_calls,0,0.00372,0.00732
ben,private_calls,0,0.00367,0.00904
ben,private_calls,0,0.98160,0.04129
ben,private_calls,0,0.00439,0.01746
ben,private_calls,0,0.00369,0.00729
ben,private_calls,0,0.01036,0.02592
ben,private_calls,0,0.39918,0.15057
ben,private_calls,0,0.95926,0.12780
ben,private_calls,1,0.98238,0.72817
ben,private_calls,0,0.98353,0.03897
ben,private_calls,0,0.00380,0.01282
ben,private_calls,0,0.00374,0.00607
ben,private_calls,0,0.00438,0.06348
ben,private_calls,0,0.00367,0.01001
ben,private_calls,1,0.98987,0.69444
ben,private_calls,1,0.99104,0.90420
ben,private_calls,0,0.98218,0.13515
ben,private_calls,0,0.00369,0.00840
ben,private_calls,0,0.00369,0.00598
ben,private_calls,0,0.00375,0.00596
ben,private_calls,1,0.98965,0.83847
ben,private_calls,0,0.99017,0.71332
ben,private_calls,0,0.97309,0.29879
ben,private_calls,0,0.00366,0.00645
ben,private_calls,0,0.00627,0.07033
ben,private_calls,0,0.00434,0.01313
ben,private_calls,0,0.00372,0.00827
ben,private_calls,0,0.00388,0.01107
ben,private_calls,1,0.99223,0.96885
ben,private_calls,1,0.99242,0.74304
ben,private_calls,0,0.82572,0.04404
ben,private_calls,0,0.00715,0.03864
ben,private_calls,1,0.99080,0.92354
ben,private_calls,0,0.93817,0.26581
ben,private_calls,0,0.00392,0.01215
ben,private_calls,1,0.24660,0.59434
ben,private_calls,1,0.98977,0.74157
ben,private_calls,1,0.97945,0.69102
ben,private_calls,1,0.00399,0.05444
ben,private_calls,1,0.04289,0.47490
ben,private_calls,1,0.94367,0.66241
ben,private_calls,1,0.85205,0.22458
ben,private_calls,0,0.02658,0.06002
ben,private_calls,0,0.00517,0.01089
ben,private_calls,0,0.00422,0.01158
ben,private_calls,0,0.03545,0.12707
ben,private_calls,0,0.00373,0.00889
ben,private_calls,1,0.97805,0.38431
ben,private_calls,0,0.00375,0.03192
ben,private_calls,0,0.00443,0.02103
ben,private_calls,0,0.99094,0.30623
ben,private_calls,0,0.00373,0.01217
ben,private_calls,0,0.00461,0.02054
ben,private_calls,0,0.01636,0.03009
ben,private_calls,0,0.99196,0.38466
ben,private_calls,0,0.98635,0.22908
ben,private_calls,0,0.00373,0.00567
ben,private_calls,0,0.99041,0.71649
ben,private_calls,0,0.00538,0.01819
ben,private_calls,0,0.00374,0.00720
ben,private_calls,0,0.00432,0.02057
ben,private_calls,0,0.00374,0.01448
ben,private_calls,0,0.04211,0.03719
ben,private_calls,0,0.00372,0.01127
ben,private_calls,0,0.00373,0.00769
ben,private_calls,0,0.96000,0.07891
ben,private_calls,1,0.99178,0.93209
ben,private_calls,0,0.00474,0.01620
ben,private_calls,0,0.01771,0.02140
ben,private_calls,0,0.00418,0.03326
ben,private_calls,0,0.00829,0.02911
ben,private_calls,0,0.00487,0.02143
ben,private_calls,0,0.00366,0.00944
ben,private_calls,0,0.65491,0.07555
ben,private_calls,0,0.00999,0.03516
ben,private_calls,0,0.00385,0.01662
ben,private_calls,0,0.00370,0.00783
ben,private_calls,1,0.99190,0.95369
ben,private_calls,1,0.98939,0.36631
ben,private_calls,0,0.02457,0.02372
ben,private_calls,1,0.98450,0.22274
ben,private_calls,0,0.00372,0.00725
ben,private_calls,1,0.99193,0.98847
ben,private_calls,0,0.99119,0.87706
ben,private_calls,1,0.98849,0.83770
ben,private_calls,0,0.00374,0.00926
ben,private_calls,0,0.64748,0.02022
ben,private_calls,0,0.00433,0.01122
ben,private_calls,0,0.98006,0.05738
ben,private_calls,0,0.00376,0.00688
ben,private_calls,0,0.98266,0.47222
ben,private_calls,0,0.02618,0.01675
ben,private_calls,0,0.64164,0.03553
ben,private_calls,0,0.98898,0.15902
ben,private_calls,1,0.99182,0.94640
ben,private_calls,0,0.04671,0.02478
ben,private_calls,0,0.00419,0.02342
ben,private_calls,0,0.00364,0.01087
ben,private_calls,0,0.00390,0.03416
ben,private_calls,0,0.99087,0.35494
ben,private_calls,0,0.98660,0.03876
ben,private_calls,0,0.99166,0.56292
ben,private_calls,0,0.01000,0.03643
ben,private_calls,0,0.98254,0.07796
ben,private_calls,1,0.11352,0.01324
ben,private_calls,0,0.98736,0.04841
ben,private_calls,0,0.95153,0.01719
ben,private_calls,0,0.00373,0.00726
ben,private_calls,1,0.99114,0.89202
ben,private_calls,0,0.96087,0.04747
ben,private_calls,0,0.97348,0.07616
ben,private_calls,0,0.41210,0.03001
ben,private_calls,0,0.95294,0.02750
ben,private_calls,0,0.98364,0.07182
ben,private_calls,0,0.00372,0.00691
ben,private_calls,0,0.98279,0.27030
ben,private_calls,0,0.00373,0.00772
ben,private_calls,0,0.01242,0.06267
ben,private_calls,0,0.02118,0.01768
ben,private_calls,0,0.50754,0.03575
ben,private_calls,0,0.00398,0.03365
ben,private_calls,0,0.95887,0.02175
ben,private_calls,0,0.98649,0.09097
ben,private_calls,0,0.00372,0.00979
ben,private_calls,0,0.98785,0.04829
ben,private_calls,0,0.78731,0.06134
ben,private_calls,0,0.00401,0.00719
ben,private_calls,0,0.00382,0.00643
ben,private_calls,0,0.55507,0.09949
ben,private_calls,0,0.00384,0.01241
ben,private_calls,0,0.02056,0.03406
ben,private_calls,1,0.98040,0.83350
ben,private_calls,1,0.98933,0.71839
ben,private_calls,0,0.00368,0.00713
ben,private_calls,0,0.97871,0.53808
ben,private_calls,0,0.00388,0.01761
ben,private_calls,1,0.94689,0.39934
ben,private_calls,0,0.00366,0.00718
ben,private_calls,0,0.98947,0.26741
ben,private_calls,0,0.97983,0.52998
ben,private_calls,0,0.00410,0.02349
ben,private_calls,0,0.00501,0.02897
ben,private_calls,0,0.00379,0.00884
ben,private_calls,0,0.02137,0.03909
ben,private_calls,0,0.69567,0.13810
ben,private_calls,0,0.01658,0.14051
ben,private_calls,0,0.00475,0.02968
ben,private_calls,0,0.00529,0.01467
ben,private_calls,0,0.00364,0.00671
ben,private_calls,0,0.97135,0.22066
ben,private_calls,0,0.99013,0.84729
ben,private_calls,0,0.00364,0.00662
ben,private_calls,1,0.98823,0.84955
ben,private_calls,1,0.98997,0.50936
ben,private_calls,1,0.99208,0.93785
ben,private_calls,1,0.97526,0.28902
ben,private_calls,0,0.00375,0.00830
ben,private_calls,1,0.00423,0.02675
ben,private_calls,0,0.00365,0.01295
ben,private_calls,1,0.98991,0.32049
ben,private_calls,0,0.00379,0.00598
ben,private_calls,0,0.00370,0.00649
ben,private_calls,1,0.99217,0.97468
ben,private_calls,1,0.94931,0.08805
ben,private_calls,1,0.99198,0.55404
ben,private_calls,0,0.00370,0.00629
ben,private_calls,0,0.00371,0.00595
ben,private_calls,0,0.00380,0.00547
ben,private_calls,0,0.08940,0.02805
ben,private_calls,1,0.29325,0.31361
ben,private_calls,0,0.11644,0.09194
ben,private_calls,0,0.00372,0.00994
ben,private_calls,0,0.00616,0.02514
ben,private_calls,1,0.99250,0.89943
ben,private_calls,1,0.19172,0.24243
ben,private_calls,0,0.00379,0.01742
ben,private_calls,1,0.99228,0.80960
ben,private_calls,0,0.00403,0.02087
ben,private_calls,0,0.00363,0.00594
ben,private_calls,0,0.00369,0.00608
ben,private_calls,0,0.00465,0.02997
ben,private_calls,0,0.98104,0.09514
ben,private_calls,0,0.00375,0.01470
ben,private_calls,1,0.60408,0.43558
ben,private_calls,0,0.99002,0.39501
ben,private_calls,0,0.00406,0.01694
ben,private_calls,0,0.99171,0.05830
ben,private_calls,0,0.00380,0.01387
ben,private_calls,0,0.99058,0.31761
ben,private_calls,0,0.00371,0.00626
ben,private_calls,0,0.00368,0.01437
ben,private_calls,0,0.94466,0.38015
ben,private_calls,0,0.00372,0.01631
ben,private_calls,0,0.00373,0.01105
ben,private_calls,0,0.00369,0.00680
ben,private_calls,0,0.00395,0.01274
ben,private_calls,0,0.00423,0.03836
ben,private_calls,0,0.00372,0.00771
ben,private_calls,0,0.03154,0.08829
ben,private_calls,0,0.00377,0.01232
ben,private_calls,0,0.91470,0.14805
ben,private_calls,0,0.00440,0.02102
ben,private_calls,1,0.99205,0.97295
ben,private_calls,0,0.00384,0.01094
ben,private_calls,0,0.00375,0.00781
ben,private_calls,0,0.00367,0.01835
ben,private_calls,0,0.00375,0.01222
ben,private_calls,0,0.00376,0.00742
ben,private_calls,0,0.00372,0.00673
ben,private_calls,0,0.00400,0.02338
ben,private_calls,0,0.00378,0.00742
ben,private_calls,0,0.00385,0.00572
ben,private_calls,0,0.01105,0.07051
ben,private_calls,0,0.00370,0.00928
ben,private_calls,0,0.00376,0.00683
ben,private_calls,0,0.00369,0.01966
ben,private_calls,0,0.00406,0.01340
ben,private_calls,0,0.00381,0.00549
ben,private_calls,0,0.00368,0.01031
ben,private_calls,0,0.00368,0.00927
ben,private_calls,0,0.00376,0.00874
ben,private_calls,0,0.00374,0.00745
ben,private_calls,0,0.00399,0.02136
ben,private_calls,0,0.00369,0.00691
ben,private_calls,0,0.00372,0.00483
ben,private_calls,0,0.00372,0.00482
ben,private_calls,0,0.00371,0.01034
ben,private_calls,0,0.00370,0.01387
ben,private_calls,0,0.00374,0.01363
ben,private_calls,0,0.00372,0.00686
ben,private_calls,1,0.92860,0.28989
ben,private_calls,0,0.00374,0.00764
ben,private_calls,0,0.00377,0.00684
ben,private_calls,0,0.00377,0.00602
ben,private_calls,0,0.00398,0.01509
ben,private_calls,0,0.00435,0.02100
ben,private_calls,0,0.00372,0.00619
ben,private_calls,0,0.00465,0.03593
ben,private_calls,0,0.00371,0.00565
ben,private_calls,0,0.00373,0.00676
ben,private_calls,0,0.00375,0.00806
ben,private_calls,0,0.00364,0.01868
ben,private_calls,0,0.00377,0.01699
ben,private_calls,0,0.00376,0.00747
ben,private_calls,0,0.00374,0.00716
ben,private_calls,0,0.00398,0.01735
ben,private_calls,0,0.98478,0.84806
ben,private_calls,0,0.54536,0.03095
ben,private_calls,0,0.97791,0.46320
ben,private_calls,0,0.00399,0.04286
ben,private_calls,0,0.00371,0.00589
ben,private_calls,0,0.00379,0.01678
ben,private_calls,0,0.00393,0.03185
ben,private_calls,1,0.99088,0.34687
ben,private_calls,0,0.99147,0.17672
ben,private_calls,0,0.00380,0.00698
ben,private_calls,0,0.00375,0.01214
ben,private_calls,1,0.06939,0.38871
ben,private_calls,0,0.01009,0.03227
ben,private_calls,0,0.00477,0.01166
ben,private_calls,0,0.98927,0.02742
ben,private_calls,0,0.95318,0.13341
ben,private_calls,0,0.00370,0.01380
ben,private_calls,0,0.00373,0.00641
ben,private_calls,0,0.00575,0.03667
ben,private_calls,0,0.00596,0.03945
ben,private_calls,0,0.00377,0.00966
ben,private_calls,0,0.00372,0.01307
ben,private_calls,0,0.00550,0.02073
ben,private_calls,0,0.00512,0.01310
ben,private_calls,0,0.00370,0.00607
ben,private_calls,1,0.99175,0.96594
ben,private_calls,0,0.00366,0.01595
ben,private_calls,0,0.02762,0.03812
ben,private_calls,0,0.00367,0.00715
ben,private_calls,0,0.00374,0.00643
ben,private_calls,0,0.00820,0.03746
ben,private_calls,0,0.00539,0.00970
ben,private_calls,0,0.00366,0.01181
ben,private_calls,0,0.02676,0.03594
ben,private_calls,1,0.99195,0.95766
ben,private_calls,0,0.00372,0.00595
ben,private_calls,0,0.66518,0.08845
ben,private_calls,0,0.00371,0.00708
ben,private_calls,0,0.88723,0.08256
ben,private_calls,0,0.00394,0.01152
ben,private_calls,0,0.98342,0.53399
ben,private_calls,0,0.00465,0.00847
ben,private_calls,0,0.00677,0.02464
ben,private_calls,0,0.02795,0.07408
ben,private_calls,0,0.00557,0.04885
ben,private_calls,0,0.85854,0.25541
ben,private_calls,0,0.00375,0.01052
ben,private_calls,0,0.95416,0.19462
ben,private_calls,0,0.00376,0.01057
ben,private_calls,0,0.00474,0.05890
ben,private_calls,0,0.00454,0.02430
ben,private_calls,0,0.00993,0.02787
ben,private_calls,0,0.00409,0.01449
ben,private_calls,0,0.02398,0.02003
ben,private_calls,0,0.00409,0.01179
ben,private_calls,1,0.98928,0.29000
ben,private_calls,0,0.91282,0.05585
ben,private_calls,1,0.99078,0.94940
ben,private_calls,1,0.93737,0.45789
ben,private_calls,0,0.97225,0.49413
ben,private_calls,0,0.00376,0.00951
ben,private_calls,1,0.32318,0.25142
ben,private_calls,0,0.02577,0.03012
ben,private_calls,0,0.01431,0.04398
ben,private_calls,0,0.00392,0.03646
ben,private_calls,0,0.00387,0.01248
ben,private_calls,0,0.08695,0.06714
ben,private_calls,0,0.98970,0.63265
ben,private_calls,1,0.99104,0.56386
ben,private_calls,0,0.89879,0.18138
ben,private_calls,0,0.00617,0.06684
ben,private_calls,0,0.00438,0.03946
ben,private_calls,0,0.00374,0.02066
ben,private_calls,0,0.10824,0.03056
ben,private_calls,0,0.96736,0.05759
ben,private_calls,0,0.67320,0.05064
ben,private_calls,0,0.00372,0.01485
ben,private_calls,0,0.58743,0.07526
ben,private_calls,0,0.49574,0.43090
ben,private_calls,0,0.00397,0.00838
ben,private_calls,0,0.41871,0.10376
ben,private_calls,1,0.01264,0.23404
ben,private_calls,0,0.00393,0.00906
ben,private_calls,0,0.00383,0.00988
ben,private_calls,1,0.02572,0.32367
ben,private_calls,0,0.15321,0.06159
ben,private_calls,0,0.03292,0.04803
ben,private_calls,1,0.87692,0.39767
ben,private_calls,1,0.99169,0.59375
ben,private_calls,0,0.01277,0.01836
ben,private_calls,1,0.99220,0.98021
ben,private_calls,0,0.00407,0.01931
ben,private_calls,0,0.00385,0.01507
ben,private_calls,1,0.99096,0.96342
ben,private_calls,0,0.09177,0.21064
ben,private_calls,0,0.00388,0.00639
ben,private_calls,0,0.00393,0.00892
ben,private_calls,0,0.00429,0.01921
ben,private_calls,0,0.00385,0.01095
ben,private_calls,0,0.00382,0.00750
ben,private_calls,0,0.00395,0.02874
ben,private_calls,1,0.99214,0.92163
ben,private_calls,0,0.00384,0.00729
ben,private_calls,0,0.00381,0.00717
ben,private_calls,0,0.93468,0.75693
ben,private_calls,0,0.17950,0.09507
ben,private_calls,0,0.00415,0.01663
ben,private_calls,0,0.00887,0.02196
ben,private_calls,0,0.00386,0.00801
ben,private_calls,0,0.00386,0.00741
ben,private_calls,0,0.00459,0.02019
ben,private_calls,0,0.00380,0.00734
ben,private_calls,0,0.21214,0.02125
ben,private_calls,0,0.02097,0.01359
ben,private_calls,0,0.03186,0.15399
ben,private_calls,0,0.00382,0.01286
ben,private_calls,0,0.00462,0.01367
ben,private_calls,1,0.97925,0.08185
ben,private_calls,0,0.00388,0.01601
ben,private_calls,1,0.99166,0.19256
ben,private_calls,0,0.00652,0.02001
ben,private_calls,0,0.00894,0.02216
ben,private_calls,0,0.00381,0.00655
ben,private_calls,0,0.00381,0.00843
ben,private_calls,0,0.00383,0.00710
ben,private_calls,0,0.44317,0.03933
ben,private_calls,0,0.07007,0.05378
ben,private_calls,0,0.00389,0.01174
ben,private_calls,0,0.00392,0.03096
ben,private_calls,1,0.99184,0.52468
ben,private_calls,0,0.00416,0.01537
ben,private_calls,0,0.00502,0.02802
ben,private_calls,0,0.00381,0.00710
ben,private_calls,0,0.07130,0.14405
ben,private_calls,0,0.00424,0.01726
ben,private_calls,0,0.00386,0.00815
ben,private_calls,0,0.00385,0.01682
ben,private_calls,0,0.00772,0.04429
ben,private_calls,0,0.20129,0.05639
ben,private_calls,0,0.98602,0.11352
ben,private_calls,0,0.00383,0.00711
ben,private_calls,0,0.00443,0.03392
ben,private_calls,0,0.00385,0.00821
ben,private_calls,1,0.98983,0.91680
ben,private_calls,0,0.00466,0.02215
ben,private_calls,0,0.00368,0.01151
ben,private_calls,0,0.98937,0.12883
ben,private_calls,0,0.00374,0.00848
ben,private_calls,0,0.00514,0.01417
ben,private_calls,0,0.01011,0.01891
ben,private_calls,0,0.98931,0.61422
ben,private_calls,0,0.00370,0.01309
ben,private_calls,0,0.02778,0.05947
ben,private_calls,0,0.84154,0.07550
ben,private_calls,0,0.00412,0.01177
ben,private_calls,0,0.00838,0.02607
ben,private_calls,1,0.99100,0.63469
ben,private_calls,1,0.99123,0.36997
ben,private_calls,0,0.00364,0.00881
ben,private_calls,0,0.00367,0.01429
ben,private_calls,0,0.99194,0.55775
ben,private_calls,0,0.36250,0.10667
ben,private_calls,0,0.00391,0.02227
ben,private_calls,0,0.00448,0.01628
ben,private_calls,1,0.98875,0.79353
ben,private_calls,0,0.00941,0.04852
ben,private_calls,1,0.97604,0.59401
ben,private_calls,0,0.00439,0.01634
ben,private_calls,1,0.99216,0.97256
ben,private_calls,1,0.99189,0.90318
ben,private_calls,0,0.98692,0.76888
ben,private_calls,0,0.00576,0.04349
ben,private_calls,1,0.93757,0.09874
ben,private_calls,0,0.03858,0.02375
ben,private_calls,0,0.00361,0.00847
ben,private_calls,0,0.00362,0.00937
ben,private_calls,1,0.99168,0.71126
ben,private_calls,0,0.00393,0.00984
ben,private_calls,0,0.00555,0.04696
ben,private_calls,0,0.99144,0.84008
ben,private_calls,0,0.03032,0.17039
ben,private_calls,0,0.04209,0.03150
ben,private_calls,0,0.98770,0.35563
ben,private_calls,0,0.97678,0.51695
ben,private_calls,1,0.99225,0.96338
ben,private_calls,0,0.00408,0.00988
ben,private_calls,1,0.99227,0.98584
ben,private_calls,0,0.00380,0.01135
ben,private_calls,0,0.00424,0.01183
ben,private_calls,0,0.00367,0.00877
ben,private_calls,0,0.99233,0.97887
ben,private_calls,0,0.00379,0.01145
ben,private_calls,0,0.00371,0.01168
ben,private_calls,0,0.00376,0.01060
ben,private_calls,0,0.00381,0.01629
ben,private_calls,1,0.99232,0.97038
ben,private_calls,1,0.99140,0.96382
ben,private_calls,1,0.99183,0.93351
ben,private_calls,0,0.08884,0.02796
ben,private_calls,0,0.98479,0.09499
ben,private_calls,1,0.99190,0.95545
ben,private_calls,0,0.00413,0.01448
ben,private_calls,0,0.97746,0.23100
ben,private_calls,0,0.02831,0.02112
ben,private_calls,0,0.99082,0.06020
ben,private_calls,0,0.00421,0.02266
ben,private_calls,0,0.99186,0.38003
ben,private_calls,1,0.98459,0.65547
ben,private_calls,0,0.15332,0.01646
ben,private_calls,0,0.02213,0.03099
ben,private_calls,0,0.00419,0.01490
ben,private_calls,0,0.00386,0.01364
ben,private_calls,0,0.00373,0.00968
ben,private_calls,1,0.99201,0.97558
ben,private_calls,0,0.00378,0.01060
ben,private_calls,0,0.28311,0.09036
ben,private_calls,0,0.27371,0.03297
ben,private_calls,0,0.97703,0.10253
ben,private_calls,0,0.25552,0.03159
ben,private_calls,1,0.99239,0.97112
ben,private_calls,0,0.67704,0.18642
ben,private_calls,0,0.00369,0.01492
ben,private_calls,1,0.99188,0.95338
ben,private_calls,0,0.00371,0.00750
ben,private_calls,0,0.73275,0.20634
ben,private_calls,1,0.00498,0.01371
ben,private_calls,0,0.00367,0.00789
ben,private_calls,0,0.97280,0.05562
ben,private_calls,0,0.81764,0.03134
ben,private_calls,0,0.00476,0.01451
ben,private_calls,1,0.99142,0.64437
ben,private_calls,0,0.01571,0.02654
ben,private_calls,0,0.00371,0.00974
ben,private_calls,0,0.80727,0.06658
ben,private_calls,0,0.00383,0.02460
ben,private_calls,0,0.00371,0.00943
ben,private_calls,0,0.00374,0.00817
ben,private_calls,1,0.99171,0.47311
ben,private_calls,0,0.00374,0.00779
ben,private_calls,0,0.00376,0.02450
ben,private_calls,0,0.98057,0.12882
ben,private_calls,0,0.00384,0.01453
ben,private_calls,0,0.93071,0.17864
ben,private_calls,0,0.00372,0.00918
ben,private_calls,0,0.00369,0.01135
ben,private_calls,0,0.02183,0.01673
ben,private_calls,0,0.00389,0.02677
ben,private_calls,0,0.99014,0.29442
ben,private_calls,0,0.00422,0.01965
ben,private_calls,0,0.00574,0.07952
ben,private_calls,0,0.00373,0.01255
ben,private_calls,0,0.00427,0.02276
ben,private_calls,0,0.98188,0.07375
ben,private_calls,1,0.99080,0.68337
ben,private_calls,0,0.00380,0.01275
ben,private_calls,0,0.00373,0.00906
ben,private_calls,0,0.00403,0.02711
ben,private_calls,0,0.00371,0.00878
ben,private_calls,0,0.00373,0.00901
ben,private_calls,0,0.00377,0.01058
ben,private_calls,0,0.00380,0.01252
ben,private_calls,0,0.00377,0.00974
ben,private_calls,0,0.00374,0.00845
ben,private_calls,0,0.00379,0.00832
ben,private_calls,0,0.00375,0.00862
ben,private_calls,0,0.91525,0.41703
ben,private_calls,0,0.03148,0.08175
ben,private_calls,0,0.00585,0.04306
ben,private_calls,0,0.00369,0.00868
ben,private_calls,0,0.00392,0.01772
ben,private_calls,0,0.00373,0.00881
ben,private_calls,1,0.02558,0.10835
ben,private_calls,0,0.00371,0.00802
ben,private_calls,1,0.99116,0.71566
ben,private_calls,0,0.00768,0.04204
ben,private_calls,1,0.99255,0.97623
ben,private_calls,0,0.99194,0.12181
ben,private_calls,0,0.00373,0.00945
ben,private_calls,0,0.00390,0.01899
ben,private_calls,0,0.00373,0.01213
ben,private_calls,0,0.00376,0.01458
ben,private_calls,0,0.87984,0.04263
ben,private_calls,0,0.00385,0.01206
ben,private_calls,0,0.00369,0.01588
ben,private_calls,0,0.13020,0.03875
ben,private_calls,0,0.01613,0.06437
ben,private_calls,1,0.38143,0.35548
ben,private_calls,0,0.00382,0.00898
ben,private_calls,1,0.99042,0.65098
ben,private_calls,0,0.03145,0.03938
ben,private_calls,0,0.00632,0.06661
ben,private_calls,0,0.33447,0.16608
ben,private_calls,0,0.00478,0.05261
ben,private_calls,0,0.00368,0.00614
ben,private_calls,0,0.00373,0.01002
ben,private_calls,0,0.00375,0.00564
ben,private_calls,0,0.00371,0.01277
ben,private_calls,0,0.00996,0.03748
ben,private_calls,1,0.96898,0.36803
ben,private_calls,0,0.00377,0.00777
ben,private_calls,0,0.00651,0.02553
ben,private_calls,0,0.00375,0.00589
ben,private_calls,1,0.99120,0.78443
ben,private_calls,0,0.00374,0.01213
ben,private_calls,1,0.99125,0.91833
ben,private_calls,0,0.00367,0.04178
ben,private_calls,0,0.00564,0.04402
ben,private_calls,1,0.99062,0.73971
ben,private_calls,0,0.20451,0.16058
ben,private_calls,1,0.98998,0.48347
ben,private_calls,0,0.00414,0.00853
ben,private_calls,1,0.99248,0.20134
ben,private_calls,0,0.99064,0.06895
ben,private_calls,0,0.00416,0.02242
ben,private_calls,1,0.99183,0.63220
ben,private_calls,0,0.00380,0.00864
ben,private_calls,0,0.00626,0.01607
ben,private_calls,0,0.99133,0.18725
ben,private_calls,0,0.43084,0.04289
ben,private_calls,0,0.00384,0.01393
ben,private_calls,0,0.00437,0.01202
ben,private_calls,0,0.00371,0.00660
ben,private_calls,0,0.00385,0.01868
ben,private_calls,0,0.00369,0.01298
ben,private_calls,0,0.98296,0.12637
ben,private_calls,0,0.00540,0.05403
ben,private_calls,1,0.99178,0.88248
ben,private_calls,0,0.00376,0.00674
ben,private_calls,0,0.00371,0.00656
ben,private_calls,0,0.00378,0.01228
ben,private_calls,0,0.00379,0.02247
ben,private_calls,0,0.00373,0.00657
ben,private_calls,0,0.00370,0.00643
ben,private_calls,0,0.00390,0.00973
ben,private_calls,1,0.99194,0.91453
ben,private_calls,0,0.96814,0.28853
ben,private_calls,0,0.97103,0.07236
ben,private_calls,0,0.00386,0.00998
ben,private_calls,0,0.82601,0.06226
ben,private_calls,0,0.99138,0.30540
ben,private_calls,0,0.00614,0.01500
ben,private_calls,0,0.00484,0.02941
ben,private_calls,0,0.00446,0.01951
ben,private_calls,0,0.00603,0.06392
ben,private_calls,0,0.00389,0.00885
ben,private_calls,0,0.00862,0.01374
ben,private_calls,0,0.00383,0.00813
ben,private_calls,1,0.99236,0.46441
ben,private_calls,0,0.00487,0.02273
ben,private_calls,0,0.00385,0.01014
ben,private_calls,0,0.03940,0.08749
ben,private_calls,0,0.00806,0.04735
ben,private_calls,0,0.00395,0.00828
ben,private_calls,0,0.01074,0.15445
ben,private_calls,0,0.00569,0.01760
ben,private_calls,0,0.00382,0.01418
ben,private_calls,1,0.00449,0.03623
ben,private_calls,0,0.93393,0.07232
ben,private_calls,0,0.98517,0.10746
ben,private_calls,0,0.99077,0.56149
ben,private_calls,1,0.06204,0.06712
ben,private_calls,0,0.00969,0.03339
ben,private_calls,0,0.21725,0.02952
ben,private_calls,0,0.00390,0.01850
ben,private_calls,0,0.00387,0.00807
ben,private_calls,0,0.00387,0.01667
ben,private_calls,0,0.00395,0.00886
ben,private_calls,1,0.99171,0.93471
ben,private_calls,0,0.00391,0.01322
ben,private_calls,0,0.98885,0.81613
ben,private_calls,0,0.99223,0.92079
ben,private_calls,0,0.00455,0.03865
ben,private_calls,0,0.00395,0.00784
ben,private_calls,0,0.10089,0.07463
ben,private_calls,0,0.00401,0.01795
ben,private_calls,0,0.05195,0.05431
ben,private_calls,0,0.00413,0.01967
ben,private_calls,0,0.71325,0.06038
ben,private_calls,0,0.00406,0.01375
ben,private_calls,0,0.00458,0.01795
ben,private_calls,0,0.00388,0.00927
ben,private_calls,0,0.00451,0.01958
ben,private_calls,1,0.99068,0.62957
ben,private_calls,0,0.00388,0.00760
ben,private_calls,0,0.00865,0.01321
ben,private_calls,0,0.98799,0.45032
ben,private_calls,0,0.00385,0.00981
ben,private_calls,1,0.99229,0.97831
ben,private_calls,1,0.99180,0.97847
ben,private_calls,0,0.99040,0.70591
ben,private_calls,0,0.00450,0.01670
ben,private_calls,0,0.99139,0.96768
ben,private_calls,0,0.00386,0.00807
ben,private_calls,1,0.99179,0.94858
ben,private_calls,0,0.50357,0.12370
ben,private_calls,0,0.00737,0.03940
ben,private_calls,1,0.99205,0.97622
ben,private_calls,1,0.98200,0.16965
ben,private_calls,1,0.94378,0.30600
ben,private_calls,0,0.02206,0.02052
ben,private_calls,0,0.00476,0.02624
ben,private_calls,1,0.83867,0.25978
ben,private_calls,0,0.00367,0.00771
ben,private_calls,1,0.99193,0.96434
ben,private_calls,0,0.99228,0.98321
ben,private_calls,1,0.98969,0.83167
ben,private_calls,0,0.00373,0.00693
ben,private_calls,1,0.99208,0.96903
ben,private_calls,1,0.26370,0.36570
ben,private_calls,1,0.99034,0.92912
ben,private_calls,1,0.99143,0.98117
ben,private_calls,0,0.00566,0.06710
ben,private_calls,0,0.01468,0.03954
ben,private_calls,0,0.99229,0.38775
ben,private_calls,1,0.99202,0.97034
ben,private_calls,0,0.94985,0.08731
ben,private_calls,1,0.98929,0.88058
ben,private_calls,0,0.01423,0.01538
ben,private_calls,0,0.00391,0.01529
ben,private_calls,1,0.99194,0.92590
ben,private_calls,0,0.99041,0.94438
ben,private_calls,0,0.00373,0.00800
ben,private_calls,0,0.00368,0.00735
ben,private_calls,0,0.00372,0.00674
ben,private_calls,1,0.99114,0.95070
ben,private_calls,0,0.00371,0.01181
ben,private_calls,1,0.99229,0.97878
ben,private_calls,1,0.98553,0.93443
ben,private_calls,1,0.97325,0.54865
ben,private_calls,1,0.99232,0.92095
ben,private_calls,1,0.00415,0.04926
ben,private_calls,1,0.98696,0.16818
ben,private_calls,0,0.00440,0.02887
ben,private_calls,0,0.88331,0.02479
ben,private_calls,0,0.00721,0.01364
ben,private_calls,0,0.02219,0.02681
ben,private_calls,0,0.00373,0.00758
ben,private_calls,0,0.00421,0.02223
ben,private_calls,0,0.99085,0.19994
ben,private_calls,0,0.74392,0.01404
ben,private_calls,0,0.06577,0.02983
ben,private_calls,1,0.99123,0.49708
ben,private_calls,0,0.00364,0.01057
ben,private_calls,0,0.00375,0.00738
ben,private_calls,1,0.98526,0.67011
ben,private_calls,0,0.00373,0.01111
ben,private_calls,0,0.00368,0.00668
ben,private_calls,0,0.00379,0.01162
ben,private_calls,0,0.05099,0.07013
ben,private_calls,0,0.00375,0.00951
ben,private_calls,0,0.00364,0.00809
ben,private_calls,0,0.00919,0.02861
ben,private_calls,0,0.00374,0.00913
ben,private_calls,0,0.00385,0.01765
ben,private_calls,0,0.23273,0.05483
ben,private_calls,0,0.00366,0.00729
ben,private_calls,0,0.01204,0.02321
ben,private_calls,0,0.98375,0.21152
ben,private_calls,1,0.99242,0.97996
ben,private_calls,1,0.99099,0.81520
ben,private_calls,0,0.99257,0.47281
ben,private_calls,0,0.00368,0.00894
ben,private_calls,1,0.98711,0.12494
ben,private_calls,1,0.99198,0.89708
ben,private_calls,0,0.00497,0.02744
ben,private_calls,0,0.00381,0.00651
ben,private_calls,0,0.00385,0.00720
ben,private_calls,0,0.00389,0.00589
ben,private_calls,0,0.66277,0.05159
ben,private_calls,0,0.00381,0.01264
ben,private_calls,1,0.97756,0.17506
ben,private_calls,0,0.00609,0.19049
ben,private_calls,0,0.53647,0.03168
ben,private_calls,0,0.00384,0.00802
ben,private_calls,0,0.00381,0.00715
ben,private_calls,1,0.99208,0.97437
ben,private_calls,1,0.00673,0.03543
ben,private_calls,0,0.00396,0.01714
ben,private_calls,1,0.99161,0.89385
ben,private_calls,1,0.98895,0.93001
ben,private_calls,0,0.99236,0.27424
ben,private_calls,0,0.00392,0.00714
ben,private_calls,0,0.99130,0.29240
ben,private_calls,1,0.99220,0.94966
ben,private_calls,0,0.01025,0.02797
ben,private_calls,0,0.05442,0.01009
ben,private_calls,0,0.00381,0.01090
ben,private_calls,0,0.94826,0.06995
ben,private_calls,0,0.00394,0.01026
ben,private_calls,1,0.63381,0.60075
ben,private_calls,1,0.98138,0.70030
ben,private_calls,0,0.02147,0.03154
ben,private_calls,0,0.00385,0.00857
ben,private_calls,0,0.00384,0.00581
ben,private_calls,0,0.00556,0.01173
ben,private_calls,0,0.88573,0.05708
ben,private_calls,0,0.00383,0.00671
ben,private_calls,0,0.98962,0.03020
ben,private_calls,0,0.00384,0.00607
ben,private_calls,0,0.00383,0.00983
ben,private_calls,0,0.00393,0.00876
ben,private_calls,0,0.00387,0.00582
ben,private_calls,0,0.00388,0.01089
ben,private_calls,0,0.00382,0.01817
ben,private_calls,0,0.99004,0.14914
ben,private_calls,0,0.00800,0.04417
ben,private_calls,0,0.00389,0.00601
ben,private_calls,0,0.97922,0.55880
ben,private_calls,0,0.00382,0.00703
ben,private_calls,0,0.00391,0.02060
ben,private_calls,0,0.73772,0.04313
ben,private_calls,0,0.00419,0.01065
ben,private_calls,0,0.00967,0.02238
ben,private_calls,1,0.98895,0.97879
ben,private_calls,0,0.96271,0.13706
ben,private_calls,0,0.00387,0.01128
ben,private_calls,0,0.00383,0.00610
ben,private_calls,0,0.00386,0.01601
ben,private_calls,0,0.00394,0.01880
ben,private_calls,0,0.00418,0.01243
ben,private_calls,1,0.99226,0.89549
ben,private_calls,0,0.99171,0.32956
ben,private_calls,0,0.00386,0.00752
ben,private_calls,0,0.00380,0.00716
ben,private_calls,1,0.99191,0.97655
ben,private_calls,0,0.00389,0.00550
ben,private_calls,0,0.00481,0.01434
ben,private_calls,0,0.00456,0.04591
ben,private_calls,0,0.99180,0.91166
ben,private_calls,0,0.00521,0.02852
ben,private_calls,0,0.00455,0.02138
ben,private_calls,0,0.99103,0.67976
ben,private_calls,0,0.00419,0.01494
ben,private_calls,0,0.00372,0.00988
ben,private_calls,0,0.00449,0.01398
ben,private_calls,0,0.00366,0.00789
ben,private_calls,0,0.00378,0.00688
ben,private_calls,0,0.00378,0.00565
ben,private_calls,0,0.00394,0.01287
ben,private_calls,0,0.84302,0.03152
ben,private_calls,0,0.00368,0.01236
ben,private_calls,0,0.00426,0.03002
ben,private_calls,0,0.00382,0.01262
ben,private_calls,0,0.00420,0.02588
ben,private_calls,0,0.01119,0.04598
ben,private_calls,0,0.84197,0.14194
ben,private_calls,0,0.00369,0.00713
ben,private_calls,1,0.98057,0.80537
ben,private_calls,0,0.00378,0.00964
ben,private_calls,0,0.74693,0.07306
ben,private_calls,0,0.00386,0.00907
ben,private_calls,0,0.00375,0.00640
ben,private_calls,0,0.95778,0.13494
ben,private_calls,0,0.00705,0.01907
ben,private_calls,0,0.00375,0.00745
ben,private_calls,0,0.00402,0.01360
ben,private_calls,0,0.00374,0.01316
ben,private_calls,0,0.97212,0.17998
ben,private_calls,0,0.05062,0.04598
ben,private_calls,0,0.01160,0.06071
ben,private_calls,0,0.99011,0.63937
ben,private_calls,0,0.00375,0.00727
ben,private_calls,0,0.00379,0.00653
ben,private_calls,0,0.00371,0.00680
ben,private_calls,0,0.00368,0.00795
ben,private_calls,0,0.00376,0.01233
ben,private_calls,1,0.98508,0.90043
ben,private_calls,0,0.00372,0.00710
ben,private_calls,0,0.00372,0.00857
ben,private_calls,0,0.01620,0.03343
ben,private_calls,1,0.99172,0.98591
ben,private_calls,0,0.98292,0.88094
ben,private_calls,0,0.00378,0.00562
ben,private_calls,0,0.84731,0.03347
ben,private_calls,0,0.01051,0.02884
ben,private_calls,0,0.00417,0.01379
ben,private_calls,0,0.00442,0.01840
ben,private_calls,0,0.43975,0.04497
ben,private_calls,0,0.58011,0.04143
ben,private_calls,0,0.00378,0.00723
ben,private_calls,0,0.01557,0.02795
ben,private_calls,0,0.00378,0.01062
ben,private_calls,0,0.00799,0.04709
ben,private_calls,0,0.00387,0.01221
ben,private_calls,0,0.00372,0.00704
ben,private_calls,0,0.99129,0.04798
ben,private_calls,1,0.98557,0.37234
ben,private_calls,0,0.00377,0.01024
ben,private_calls,0,0.01266,0.05639
ben,private_calls,0,0.00445,0.05754
ben,private_calls,1,0.99088,0.71376
ben,private_calls,0,0.96728,0.09335
ben,private_calls,0,0.96744,0.59412
ben,private_calls,0,0.03645,0.04735
ben,private_calls,1,0.99220,0.97523
ben,private_calls,0,0.98898,0.73540
ben,private_calls,0,0.00571,0.02595
ben,private_calls,0,0.94679,0.77329
ben,private_calls,0,0.00377,0.00853
ben,private_calls,0,0.00397,0.01952
ben,private_calls,0,0.00487,0.02442
ben,private_calls,0,0.00507,0.03330
ben,private_calls,0,0.99136,0.86614
ben,private_calls,0,0.00380,0.00872
ben,private_calls,1,0.06224,0.06630
ben,private_calls,0,0.00592,0.02579
ben,private_calls,0,0.98907,0.06622
ben,private_calls,0,0.00400,0.01816
ben,private_calls,0,0.87740,0.07356
ben,private_calls,1,0.99237,0.97196
ben,private_calls,0,0.00392,0.04841
ben,private_calls,0,0.00364,0.00707
ben,private_calls,0,0.00374,0.01014
ben,private_calls,0,0.99205,0.15509
ben,private_calls,0,0.02620,0.03327
ben,private_calls,0,0.00370,0.00868
ben,private_calls,0,0.00377,0.01650
ben,private_calls,1,0.99103,0.31163
ben,private_calls,0,0.00836,0.02628
ben,private_calls,0,0.00409,0.03495
ben,private_calls,0,0.00550,0.01381
ben,private_calls,0,0.98608,0.35501
ben,private_calls,0,0.00470,0.02350
ben,private_calls,0,0.00371,0.01987
ben,private_calls,0,0.00408,0.01239
ben,private_calls,1,0.99262,0.94963
ben,private_calls,0,0.99030,0.57229
ben,private_calls,0,0.10100,0.03331
ben,private_calls,0,0.00394,0.03330
ben,private_calls,0,0.00838,0.03776
ben,private_calls,0,0.01323,0.02752
ben,private_calls,0,0.00371,0.00826
ben,private_calls,0,0.00375,0.02169
ben,private_calls,1,0.94493,0.46649
ben,private_calls,0,0.02730,0.03844
ben,private_calls,0,0.00438,0.02674
ben,private_calls,0,0.00828,0.02038
ben,private_calls,0,0.00380,0.01386
ben,private_calls,0,0.14615,0.05684
ben,private_calls,1,0.99245,0.97478
ben,private_calls,0,0.97880,0.02722
ben,private_calls,0,0.99062,0.08284
ben,private_calls,0,0.06288,0.03624
ben,private_calls,0,0.97733,0.11240
ben,private_calls,0,0.01075,0.02642
ben,private_calls,0,0.00376,0.00651
ben,private_calls,0,0.00747,0.02980
ben,private_calls,0,0.00419,0.01918
ben,private_calls,0,0.98308,0.24064
ben,private_calls,1,0.98928,0.43052
ben,private_calls,0,0.00390,0.02180
ben,private_calls,0,0.98692,0.10517
ben,private_calls,0,0.00995,0.03823
ben,private_calls,0,0.00444,0.01195
ben,private_calls,1,0.99043,0.19569
ben,private_calls,0,0.00364,0.01002
ben,private_calls,0,0.01882,0.03636
ben,private_calls,0,0.00370,0.01175
ben,private_calls,1,0.99203,0.48099
ben,private_calls,0,0.00485,0.02435
ben,private_calls,0,0.97646,0.04366
ben,private_calls,1,0.00370,0.01853
ben,private_calls,0,0.60796,0.03566
ben,private_calls,1,0.99087,0.63333
ben,private_calls,0,0.98937,0.64606
ben,private_calls,0,0.00382,0.02178
ben,private_calls,0,0.00845,0.01697
ben,private_calls,0,0.00367,0.01193
ben,private_calls,0,0.00380,0.01693
ben,private_calls,0,0.00371,0.00883
ben,private_calls,0,0.53738,0.10647
ben,private_calls,0,0.72985,0.06989
ben,private_calls,0,0.00361,0.01580
ben,private_calls,0,0.00405,0.02968
ben,private_calls,1,0.99102,0.45329
ben,private_calls,0,0.00366,0.00989
ben,private_calls,1,0.99060,0.69435
ben,private_calls,0,0.00403,0.02407
ben,private_calls,0,0.00355,0.00635
ben,private_calls,1,0.98575,0.63346
ben,private_calls,0,0.00417,0.01944
ben,private_calls,0,0.00360,0.00730
ben,private_calls,0,0.00373,0.00572
ben,private_calls,0,0.00479,0.02092
ben,private_calls,0,0.00428,0.04150
ben,private_calls,0,0.98982,0.57612
ben,private_calls,0,0.00355,0.00851
ben,private_calls,0,0.30808,0.02268
ben,private_calls,0,0.00368,0.01111
ben,private_calls,1,0.99223,0.80098
ben,private_calls,0,0.00364,0.00617
ben,private_calls,1,0.96083,0.28860
ben,private_calls,1,0.99228,0.98531
ben,private_calls,1,0.99106,0.07494
ben,private_calls,0,0.03675,0.02721
ben,private_calls,0,0.00455,0.00869
ben,private_calls,0,0.54636,0.05040
ben,private_calls,0,0.99181,0.69074
ben,private_calls,0,0.00364,0.00809
ben,private_calls,0,0.98081,0.13627
ben,private_calls,0,0.00379,0.01440
ben,private_calls,0,0.00362,0.00671
ben,private_calls,0,0.00363,0.00810
ben,private_calls,0,0.97160,0.37291
ben,private_calls,0,0.00399,0.01203
ben,private_calls,0,0.00360,0.00848
ben,private_calls,0,0.00365,0.00584
ben,private_calls,0,0.99203,0.71888
ben,private_calls,0,0.99203,0.82611
ben,private_calls,0,0.00386,0.02497
ben,private_calls,0,0.00370,0.00712
ben,private_calls,1,0.99201,0.94119
ben,private_calls,0,0.99246,0.02117
ben,private_calls,0,0.00722,0.02423
ben,private_calls,0,0.22052,0.02105
ben,private_calls,0,0.00362,0.00778
ben,private_calls,0,0.00400,0.01257
ben,private_calls,0,0.96286,0.11560
ben,private_calls,0,0.00363,0.00683
ben,private_calls,0,0.98847,0.07766
ben,private_calls,0,0.00566,0.03803
ben,private_calls,0,0.08210,0.09927
ben,private_calls,0,0.00376,0.01358
ben,private_calls,0,0.00741,0.04805
ben,private_calls,0,0.00386,0.02362
ben,private_calls,0,0.99145,0.65174
ben,private_calls,0,0.03460,0.04240
ben,private_calls,1,0.99184,0.97286
ben,private_calls,0,0.03642,0.07343
ben,private_calls,0,0.00370,0.00650
ben,private_calls,0,0.97524,0.07936
ben,private_calls,0,0.00519,0.01014
ben,private_calls,0,0.00388,0.03511
ben,private_calls,0,0.00377,0.00799
ben,private_calls,0,0.98822,0.07569
ben,private_calls,0,0.72782,0.10572
ben,private_calls,0,0.00980,0.02676
ben,private_calls,0,0.00379,0.00801
ben,private_calls,0,0.98980,0.85546
ben,private_calls,0,0.00376,0.01003
ben,private_calls,0,0.00375,0.00738
ben,private_calls,0,0.97545,0.18251
ben,private_calls,0,0.98718,0.09049
ben,private_calls,0,0.98434,0.51785
ben,private_calls,0,0.97441,0.01850
ben,private_calls,0,0.99148,0.35811
ben,private_calls,0,0.24670,0.02827
ben,private_calls,0,0.98878,0.49688
ben,private_calls,1,0.99247,0.96089
ben,private_calls,0,0.08473,0.06381
ben,private_calls,0,0.00374,0.00801
ben,private_calls,0,0.99139,0.72552
ben,private_calls,1,0.99218,0.92968
ben,private_calls,0,0.98473,0.26258
ben,private_calls,0,0.06021,0.05844
ben,private_calls,0,0.00993,0.08256
ben,private_calls,0,0.91371,0.21877
ben,private_calls,1,0.99186,0.98344
ben,private_calls,0,0.00378,0.00753
ben,private_calls,1,0.99098,0.49116
ben,private_calls,0,0.97853,0.51985
ben,private_calls,1,0.96031,0.37040
ben,private_calls,0,0.97766,0.27860
ben,private_calls,0,0.00603,0.05070
ben,private_calls,0,0.07965,0.04206
ben,private_calls,0,0.00399,0.00657
ben,private_calls,0,0.00376,0.00783
ben,private_calls,1,0.99135,0.92493
ben,private_calls,0,0.11377,0.25720
ben,private_calls,0,0.67693,0.08180
ben,private_calls,1,0.99203,0.90732
ben,private_calls,1,0.26731,0.44353
ben,private_calls,0,0.91967,0.21279
ben,private_calls,0,0.00703,0.02858
ben,private_calls,1,0.99228,0.98522
ben,private_calls,0,0.98930,0.30623
ben,private_calls,0,0.00519,0.02271
ben,private_calls,1,0.99199,0.96137
ben,private_calls,0,0.00898,0.08247
ben,private_calls,0,0.00375,0.00692
ben,private_calls,0,0.00445,0.02270
ben,private_calls,0,0.00378,0.00751
ben,private_calls,0,0.00382,0.00644
ben,private_calls,1,0.99031,0.97172
ben,private_calls,0,0.00362,0.00630
ben,private_calls,1,0.99129,0.97002
ben,private_calls,0,0.00374,0.03253
ben,private_calls,0,0.00368,0.00567
ben,private_calls,1,0.99251,0.98595
ben,private_calls,0,0.00388,0.02237
ben,private_calls,1,0.99181,0.96788
ben,private_calls,1,0.99258,0.98937
ben,private_calls,0,0.00373,0.01492
ben,private_calls,0,0.00360,0.00782
ben,private_calls,1,0.99209,0.96116
ben,private_calls,0,0.00367,0.00875
ben,private_calls,1,0.99187,0.83826
ben,private_calls,1,0.99144,0.72418
ben,private_calls,1,0.99162,0.98236
eng,private_calls,0,0.62019,0.13509
eng,private_calls,1,0.19345,0.13438
eng,private_calls,0,0.00385,0.01578
eng,private_calls,0,0.00723,0.01705
eng,private_calls,0,0.26171,0.04714
eng,private_calls,0,0.00397,0.02245
eng,private_calls,1,0.01682,0.22772
eng,private_calls,0,0.00376,0.00902
eng,private_calls,0,0.00388,0.01089
eng,private_calls,1,0.74380,0.47130
eng,private_calls,0,0.00367,0.00681
eng,private_calls,0,0.00383,0.01701
eng,private_calls,0,0.00911,0.01483
eng,private_calls,0,0.00661,0.03846
eng,private_calls,0,0.00365,0.00616
eng,private_calls,0,0.31540,0.14049
eng,private_calls,1,0.63980,0.40908
eng,private_calls,0,0.00370,0.00784
eng,private_calls,1,0.97911,0.66283
eng,private_calls,1,0.95419,0.21474
eng,private_calls,0,0.00375,0.00807
eng,private_calls,0,0.00563,0.01223
eng,private_calls,0,0.00368,0.01274
eng,private_calls,0,0.00390,0.02024
eng,private_calls,1,0.98992,0.83083
eng,private_calls,0,0.91281,0.06090
eng,private_calls,0,0.00363,0.00712
eng,private_calls,0,0.00362,0.01151
eng,private_calls,0,0.04042,0.02501
eng,private_calls,0,0.03405,0.04260
eng,private_calls,0,0.00362,0.00653
eng,private_calls,0,0.01114,0.02317
eng,private_calls,0,0.00816,0.02786
eng,private_calls,0,0.00362,0.00590
eng,private_calls,0,0.00411,0.04365
eng,private_calls,1,0.97037,0.64641
eng,private_calls,0,0.69757,0.08762
eng,private_calls,1,0.99059,0.82624
eng,private_calls,0,0.00366,0.00634
eng,private_calls,0,0.00364,0.00668
eng,private_calls,1,0.76036,0.02534
eng,private_calls,0,0.00363,0.00801
eng,private_calls,0,0.94282,0.38943
eng,private_calls,0,0.00357,0.00724
eng,private_calls,0,0.00363,0.00808
eng,private_calls,0,0.00421,0.01601
eng,private_calls,0,0.00373,0.01261
eng,private_calls,0,0.00366,0.00916
eng,private_calls,1,0.68677,0.33613
eng,private_calls,0,0.01260,0.01579
eng,private_calls,1,0.27395,0.06259
eng,private_calls,0,0.08094,0.03869
eng,private_calls,0,0.00363,0.02323
eng,private_calls,0,0.03374,0.06211
eng,private_calls,0,0.94549,0.10312
eng,private_calls,0,0.81639,0.15174
eng,private_calls,0,0.00538,0.03636
eng,private_calls,0,0.98699,0.54315
eng,private_calls,0,0.00708,0.01798
eng,private_calls,0,0.00361,0.01350
eng,private_calls,0,0.98765,0.78576
eng,private_calls,0,0.00441,0.02586
eng,private_calls,0,0.34542,0.06215
eng,private_calls,0,0.00363,0.01244
eng,private_calls,0,0.00372,0.01108
eng,private_calls,0,0.00361,0.01130
eng,private_calls,0,0.00423,0.01421
eng,private_calls,0,0.00364,0.00807
eng,private_calls,0,0.00358,0.01393
eng,private_calls,0,0.26502,0.12220
eng,private_calls,0,0.00358,0.01233
eng,private_calls,0,0.00363,0.01072
eng,private_calls,0,0.00437,0.04168
eng,private_calls,0,0.02421,0.12586
eng,private_calls,0,0.00362,0.01401
eng,private_calls,1,0.07155,0.12781
eng,private_calls,1,0.99236,0.98641
eng,private_calls,1,0.99016,0.98148
eng,private_calls,1,0.00382,0.01000
eng,private_calls,0,0.00470,0.01675
eng,private_calls,0,0.00431,0.01825
eng,private_calls,1,0.00682,0.15747
eng,private_calls,0,0.01296,0.05967
eng,private_calls,0,0.00357,0.01049
eng,private_calls,1,0.98483,0.73994
eng,private_calls,0,0.00358,0.00633
eng,private_calls,0,0.00363,0.00739
eng,private_calls,0,0.00368,0.03478
eng,private_calls,0,0.02971,0.07888
eng,private_calls,1,0.00381,0.03160
eng,private_calls,0,0.00629,0.01686
eng,private_calls,0,0.00397,0.01182
eng,private_calls,0,0.00365,0.00582
eng,private_calls,0,0.00366,0.00669
eng,private_calls,0,0.00363,0.00597
eng,private_calls,0,0.00365,0.00550
eng,private_calls,0,0.01731,0.03556
eng,private_calls,0,0.00440,0.01297
eng,private_calls,0,0.93967,0.30065
eng,private_calls,0,0.00480,0.03540
eng,private_calls,0,0.98373,0.26199
eng,private_calls,0,0.00365,0.00715
eng,private_calls,0,0.00362,0.01464
eng,private_calls,0,0.00357,0.02179
eng,private_calls,1,0.94401,0.42448
eng,private_calls,0,0.00367,0.00724
eng,private_calls,0,0.00416,0.02936
eng,private_calls,0,0.00363,0.00976
eng,private_calls,1,0.94416,0.52551
eng,private_calls,0,0.00366,0.00579
eng,private_calls,0,0.00358,0.00594
eng,private_calls,0,0.00384,0.02298
eng,private_calls,0,0.00375,0.00818
eng,private_calls,0,0.00362,0.00979
eng,private_calls,0,0.00373,0.01920
eng,private_calls,0,0.00922,0.04133
eng,private_calls,0,0.00376,0.02459
eng,private_calls,0,0.00361,0.00726
eng,private_calls,0,0.00364,0.00619
eng,private_calls,0,0.00370,0.00584
eng,private_calls,0,0.00385,0.02100
eng,private_calls,0,0.00497,0.06542
eng,private_calls,0,0.00367,0.00984
eng,private_calls,1,0.65590,0.54520
eng,private_calls,0,0.00367,0.00532
eng,private_calls,0,0.00372,0.00534
eng,private_calls,0,0.00384,0.01079
eng,private_calls,0,0.00368,0.00569
eng,private_calls,0,0.00379,0.01378
eng,private_calls,0,0.00374,0.00794
eng,private_calls,0,0.98306,0.63884
eng,private_calls,0,0.00395,0.00969
eng,private_calls,0,0.00366,0.00598
eng,private_calls,1,0.94370,0.70065
eng,private_calls,1,0.01625,0.08343
eng,private_calls,0,0.00480,0.03460
eng,private_calls,0,0.00408,0.03454
eng,private_calls,0,0.00371,0.00560
eng,private_calls,1,0.00680,0.04033
eng,private_calls,0,0.00428,0.03103
eng,private_calls,0,0.00381,0.02411
eng,private_calls,0,0.21659,0.23075
eng,private_calls,0,0.00365,0.00560
eng,private_calls,0,0.94682,0.09353
eng,private_calls,0,0.00366,0.00739
eng,private_calls,1,0.98247,0.73675
eng,private_calls,0,0.00366,0.00801
eng,private_calls,0,0.00362,0.01106
eng,private_calls,0,0.00388,0.04224
eng,private_calls,0,0.00367,0.00610
eng,private_calls,0,0.00364,0.00576
eng,private_calls,0,0.00378,0.01883
eng,private_calls,0,0.80003,0.62928
eng,private_calls,0,0.00371,0.01097
eng,private_calls,0,0.00373,0.02649
eng,private_calls,1,0.39132,0.37251
eng,private_calls,0,0.00365,0.01583
eng,private_calls,1,0.00425,0.04875
eng,private_calls,0,0.00368,0.00624
eng,private_calls,1,0.98496,0.08429
eng,private_calls,1,0.21721,0.12182
eng,private_calls,0,0.00366,0.00891
eng,private_calls,1,0.00522,0.16478
eng,private_calls,0,0.97428,0.73934
eng,private_calls,0,0.00458,0.01887
eng,private_calls,0,0.00368,0.00732
eng,private_calls,0,0.91493,0.74712
eng,private_calls,0,0.00670,0.01857
eng,private_calls,0,0.00370,0.00543
eng,private_calls,1,0.98656,0.77197
eng,private_calls,0,0.01351,0.02825
eng,private_calls,0,0.00366,0.00600
eng,private_calls,0,0.93826,0.51274
eng,private_calls,0,0.00676,0.05704
eng,private_calls,0,0.00369,0.01215
eng,private_calls,0,0.00392,0.01410
eng,private_calls,0,0.00375,0.01260
eng,private_calls,0,0.00366,0.00631
eng,private_calls,0,0.00513,0.04792
eng,private_calls,0,0.00361,0.01102
eng,private_calls,0,0.00364,0.00836
eng,private_calls,1,0.98181,0.65117
eng,private_calls,0,0.00370,0.01042
eng,private_calls,0,0.00369,0.02316
eng,private_calls,0,0.00361,0.01064
eng,private_calls,1,0.94876,0.57883
eng,private_calls,0,0.88557,0.14407
eng,private_calls,0,0.00452,0.02420
eng,private_calls,0,0.00363,0.01064
eng,private_calls,1,0.98686,0.68301
eng,private_calls,0,0.00890,0.10168
eng,private_calls,0,0.00453,0.06581
eng,private_calls,0,0.00371,0.00977
eng,private_calls,1,0.98429,0.55415
eng,private_calls,0,0.99070,0.60339
eng,private_calls,0,0.00394,0.00878
eng,private_calls,0,0.00905,0.08774
eng,private_calls,0,0.04769,0.06408
eng,private_calls,1,0.91496,0.76759
eng,private_calls,0,0.00360,0.01015
eng,private_calls,1,0.00363,0.01923
eng,private_calls,0,0.00375,0.00572
eng,private_calls,0,0.00385,0.02095
eng,private_calls,0,0.00365,0.00834
eng,private_calls,0,0.00371,0.00620
eng,private_calls,0,0.00364,0.00728
eng,private_calls,0,0.00372,0.02349
eng,private_calls,0,0.99058,0.94301
eng,private_calls,0,0.00368,0.01584
eng,private_calls,1,0.91711,0.48956
eng,private_calls,0,0.00375,0.00845
eng,private_calls,0,0.00367,0.00763
eng,private_calls,0,0.00368,0.00737
eng,private_calls,0,0.00368,0.00671
eng,private_calls,1,0.02344,0.22066
eng,private_calls,0,0.00363,0.00677
eng,private_calls,0,0.00363,0.00689
eng,private_calls,0,0.00536,0.10322
eng,private_calls,0,0.62894,0.03328
eng,private_calls,0,0.98275,0.40416
eng,private_calls,0,0.00382,0.01668
eng,private_calls,0,0.84286,0.17296
eng,private_calls,0,0.00370,0.00795
eng,private_calls,1,0.98515,0.43558
eng,private_calls,0,0.00377,0.01988
eng,private_calls,1,0.00372,0.01313
eng,private_calls,0,0.01007,0.09436
eng,private_calls,0,0.00364,0.00735
eng,private_calls,0,0.00368,0.01579
eng,private_calls,0,0.01221,0.04098
eng,private_calls,0,0.00379,0.01443
eng,private_calls,0,0.00373,0.00861
eng,private_calls,0,0.00391,0.01100
eng,private_calls,0,0.99162,0.84113
eng,private_calls,0,0.00366,0.00721
eng,private_calls,0,0.00369,0.02044
eng,private_calls,0,0.00388,0.01477
eng,private_calls,0,0.00363,0.00791
eng,private_calls,0,0.00370,0.00669
eng,private_calls,0,0.00369,0.00700
eng,private_calls,0,0.00407,0.01094
eng,private_calls,0,0.00388,0.01857
eng,private_calls,0,0.00377,0.01627
eng,private_calls,0,0.00369,0.01066
eng,private_calls,0,0.00382,0.00893
eng,private_calls,0,0.00379,0.00706
eng,private_calls,0,0.00381,0.00590
eng,private_calls,0,0.00373,0.00567
eng,private_calls,0,0.00392,0.25107
eng,private_calls,1,0.00371,0.16265
eng,private_calls,0,0.00373,0.00914
eng,private_calls,0,0.00377,0.00662
eng,private_calls,0,0.00377,0.00581
eng,private_calls,0,0.00373,0.02462
eng,private_calls,0,0.00373,0.00582
eng,private_calls,0,0.00369,0.00762
eng,private_calls,0,0.00374,0.00603
eng,private_calls,0,0.00430,0.13410
eng,private_calls,0,0.00444,0.01357
eng,private_calls,0,0.00372,0.00690
eng,private_calls,0,0.00384,0.01275
eng,private_calls,0,0.00376,0.06000
eng,private_calls,0,0.00370,0.00883
eng,private_calls,0,0.94500,0.26856
eng,private_calls,0,0.00371,0.00625
eng,private_calls,0,0.00373,0.00667
eng,private_calls,0,0.00419,0.01512
eng,private_calls,0,0.00374,0.00620
eng,private_calls,1,0.78977,0.57471
eng,private_calls,0,0.00370,0.01445
eng,private_calls,0,0.00396,0.02684
eng,private_calls,0,0.99111,0.71814
eng,private_calls,0,0.00371,0.00712
eng,private_calls,0,0.00376,0.00703
eng,private_calls,0,0.00381,0.00982
eng,private_calls,0,0.00372,0.00550
eng,private_calls,0,0.00375,0.00638
eng,private_calls,0,0.97734,0.25897
eng,private_calls,0,0.00377,0.00592
eng,private_calls,0,0.44195,0.10065
eng,private_calls,0,0.00507,0.03298
eng,private_calls,1,0.04561,0.24836
eng,private_calls,0,0.00949,0.05786
eng,private_calls,0,0.02034,0.04288
eng,private_calls,1,0.00419,0.04610
eng,private_calls,1,0.00514,0.14280
eng,private_calls,0,0.00372,0.00773
eng,private_calls,0,0.96736,0.19023
eng,private_calls,0,0.00368,0.00703
eng,private_calls,0,0.00374,0.00661
eng,private_calls,0,0.00371,0.00838
eng,private_calls,0,0.00376,0.00581
eng,private_calls,0,0.02077,0.06468
eng,private_calls,0,0.01226,0.02098
eng,private_calls,0,0.00373,0.00622
eng,private_calls,0,0.00368,0.00609
eng,private_calls,0,0.12692,0.05690
eng,private_calls,0,0.00372,0.00746
eng,private_calls,0,0.00377,0.01506
eng,private_calls,0,0.00379,0.01265
eng,private_calls,0,0.96063,0.75300
eng,private_calls,0,0.00398,0.01012
eng,private_calls,0,0.00664,0.03166
eng,private_calls,0,0.03215,0.07047
eng,private_calls,0,0.00385,0.01132
eng,private_calls,0,0.00556,0.03751
eng,private_calls,0,0.00390,0.01389
eng,private_calls,1,0.00411,0.01955
eng,private_calls,0,0.00373,0.00769
eng,private_calls,0,0.00390,0.01050
eng,private_calls,1,0.92508,0.45191
eng,private_calls,0,0.98951,0.80924
eng,private_calls,0,0.00372,0.01732
eng,private_calls,1,0.97824,0.44144
eng,private_calls,0,0.05517,0.03116
eng,private_calls,1,0.99180,0.94500
eng,private_calls,0,0.00397,0.01846
eng,private_calls,0,0.00482,0.09752
eng,private_calls,0,0.00382,0.00921
eng,private_calls,0,0.00762,0.06019
eng,private_calls,0,0.00375,0.01346
eng,private_calls,1,0.99231,0.97819
eng,private_calls,1,0.99187,0.25601
eng,private_calls,1,0.99221,0.93871
eng,private_calls,0,0.00436,0.04343
eng,private_calls,1,0.90728,0.18639
eng,private_calls,0,0.00373,0.00713
eng,private_calls,0,0.00374,0.01404
eng,private_calls,1,0.99212,0.90616
eng,private_calls,0,0.00450,0.02921
eng,private_calls,0,0.00763,0.02517
eng,private_calls,0,0.00384,0.02203
eng,private_calls,1,0.83458,0.11461
eng,private_calls,0,0.00381,0.00948
eng,private_calls,0,0.00377,0.00953
eng,private_calls,1,0.98801,0.75425
eng,private_calls,0,0.00418,0.01294
eng,private_calls,0,0.98752,0.16482
eng,private_calls,1,0.98966,0.64890
eng,private_calls,0,0.00379,0.01255
eng,private_calls,0,0.00570,0.04938
eng,private_calls,1,0.99056,0.48261
eng,private_calls,1,0.00573,0.03609
eng,private_calls,0,0.01284,0.06422
eng,private_calls,0,0.01307,0.02298
eng,private_calls,1,0.68941,0.53195
eng,private_calls,0,0.01935,0.04362
eng,private_calls,0,0.00384,0.00982
eng,private_calls,0,0.19393,0.24479
eng,private_calls,0,0.00661,0.02191
eng,private_calls,0,0.00454,0.01850
eng,private_calls,1,0.91809,0.33578
eng,private_calls,0,0.00429,0.01759
eng,private_calls,0,0.00438,0.03058
eng,private_calls,0,0.00376,0.00815
eng,private_calls,0,0.00396,0.01958
eng,private_calls,1,0.97595,0.48050
eng,private_calls,0,0.00496,0.01295
eng,private_calls,1,0.14712,0.38441
eng,private_calls,0,0.00371,0.00809
eng,private_calls,1,0.95346,0.41676
eng,private_calls,0,0.00380,0.01011
eng,private_calls,0,0.00416,0.02413
eng,private_calls,0,0.90776,0.36479
eng,private_calls,0,0.04228,0.02577
eng,private_calls,0,0.00431,0.02905
eng,private_calls,1,0.43804,0.43702
eng,private_calls,0,0.74440,0.22139
eng,private_calls,0,0.01137,0.07767
eng,private_calls,0,0.00424,0.01751
eng,private_calls,0,0.00389,0.00678
eng,private_calls,0,0.00414,0.03612
eng,private_calls,0,0.02575,0.07365
eng,private_calls,0,0.99117,0.03970
eng,private_calls,1,0.98849,0.59494
eng,private_calls,0,0.00462,0.03906
eng,private_calls,0,0.00562,0.12065
eng,private_calls,0,0.60474,0.09670
eng,private_calls,0,0.00391,0.00749
eng,private_calls,0,0.00391,0.00968
eng,private_calls,0,0.00396,0.01506
eng,private_calls,0,0.00444,0.06612
eng,private_calls,1,0.85222,0.25920
eng,private_calls,0,0.00441,0.01286
eng,private_calls,0,0.00427,0.03275
eng,private_calls,0,0.00823,0.09516
eng,private_calls,0,0.01019,0.10507
eng,private_calls,0,0.00389,0.00774
eng,private_calls,0,0.00390,0.01081
eng,private_calls,0,0.00389,0.00852
eng,private_calls,0,0.02595,0.25063
eng,private_calls,0,0.23137,0.21759
eng,private_calls,0,0.97762,0.58906
eng,private_calls,0,0.05705,0.15392
eng,private_calls,0,0.00492,0.10327
eng,private_calls,0,0.00424,0.02711
eng,private_calls,1,0.27858,0.32822
eng,private_calls,0,0.00386,0.00590
eng,private_calls,0,0.00445,0.05368
eng,private_calls,0,0.00387,0.00680
eng,private_calls,0,0.00390,0.00622
eng,private_calls,0,0.04149,0.15861
eng,private_calls,0,0.18209,0.05839
eng,private_calls,0,0.00400,0.00932
eng,private_calls,0,0.00384,0.01206
eng,private_calls,0,0.00476,0.05551
eng,private_calls,0,0.00411,0.01867
eng,private_calls,0,0.00395,0.03729
eng,private_calls,0,0.00398,0.01033
eng,private_calls,1,0.82006,0.17295
eng,private_calls,0,0.96321,0.02122
eng,private_calls,0,0.00417,0.06446
eng,private_calls,1,0.89135,0.43573
eng,private_calls,0,0.00387,0.00952
eng,private_calls,0,0.01831,0.04752
eng,private_calls,0,0.82858,0.31474
eng,private_calls,0,0.90451,0.13957
eng,private_calls,1,0.97946,0.78572
eng,private_calls,0,0.01656,0.02413
eng,private_calls,0,0.37201,0.05934
eng,private_calls,0,0.42813,0.01761
eng,private_calls,0,0.01763,0.01595
eng,private_calls,0,0.61702,0.17581
eng,private_calls,0,0.92872,0.41376
eng,private_calls,1,0.98353,0.45160
eng,private_calls,0,0.00408,0.01290
eng,private_calls,1,0.96712,0.63171
eng,private_calls,0,0.42505,0.04508
eng,private_calls,0,0.00415,0.00945
eng,private_calls,1,0.95381,0.35868
eng,private_calls,0,0.00398,0.01397
eng,private_calls,1,0.00501,0.21005
eng,private_calls,0,0.75479,0.38147
eng,private_calls,0,0.76741,0.17332
eng,private_calls,1,0.98733,0.76551
eng,private_calls,0,0.97034,0.16886
eng,private_calls,1,0.99196,0.98184
eng,private_calls,1,0.99002,0.88330
eng,private_calls,1,0.00730,0.03892
eng,private_calls,0,0.00364,0.00542
eng,private_calls,1,0.00594,0.10623
eng,private_calls,1,0.01596,0.13889
eng,private_calls,0,0.00365,0.10552
eng,private_calls,0,0.00363,0.02255
eng,private_calls,0,0.00363,0.01590
eng,private_calls,1,0.01680,0.13290
eng,private_calls,1,0.91116,0.74896
eng,private_calls,1,0.00378,0.04405
eng,private_calls,1,0.35604,0.31474
eng,private_calls,0,0.00384,0.00673
eng,private_calls,0,0.00364,0.00868
eng,private_calls,1,0.25900,0.27800
eng,private_calls,1,0.98738,0.91846
eng,private_calls,0,0.00372,0.01026
eng,private_calls,1,0.02689,0.26604
eng,private_calls,1,0.97705,0.74800
eng,private_calls,0,0.00413,0.02759
eng,private_calls,1,0.96051,0.22393
eng,private_calls,0,0.00369,0.00527
eng,private_calls,0,0.00364,0.00561
eng,private_calls,0,0.00362,0.00985
eng,private_calls,0,0.00401,0.01868
eng,private_calls,0,0.00362,0.00639
eng,private_calls,0,0.00363,0.00691
eng,private_calls,0,0.00410,0.02547
eng,private_calls,0,0.00363,0.00923
eng,private_calls,0,0.00361,0.00657
eng,private_calls,0,0.00499,0.07984
eng,private_calls,0,0.00365,0.00983
eng,private_calls,0,0.00366,0.00750
eng,private_calls,0,0.00363,0.00603
eng,private_calls,0,0.00363,0.00668
eng,private_calls,0,0.00367,0.00518
eng,private_calls,0,0.00369,0.00941
eng,private_calls,0,0.00367,0.00604
eng,private_calls,0,0.00365,0.00661
eng,private_calls,1,0.96428,0.36704
eng,private_calls,0,0.00365,0.00527
eng,private_calls,0,0.00360,0.00826
eng,private_calls,0,0.00366,0.00847
eng,private_calls,0,0.00367,0.00657
eng,private_calls,0,0.00366,0.00877
eng,private_calls,0,0.00398,0.01460
eng,private_calls,0,0.00370,0.00506
eng,private_calls,0,0.00359,0.03695
eng,private_calls,1,0.96765,0.72908
eng,private_calls,0,0.98956,0.91939
eng,private_calls,0,0.00362,0.00686
eng,private_calls,1,0.98265,0.48183
eng,private_calls,1,0.06362,0.36082
eng,private_calls,0,0.92563,0.16437
eng,private_calls,1,0.91816,0.43401
eng,private_calls,0,0.98557,0.08032
eng,private_calls,0,0.00483,0.02427
eng,private_calls,1,0.00447,0.07877
eng,private_calls,0,0.00364,0.00813
eng,private_calls,0,0.82012,0.61151
eng,private_calls,0,0.98731,0.52067
eng,private_calls,0,0.00400,0.02317
eng,private_calls,0,0.73521,0.18669
eng,private_calls,1,0.00393,0.01265
eng,private_calls,0,0.00409,0.03470
eng,private_calls,0,0.67212,0.34929
eng,private_calls,1,0.67087,0.04778
eng,private_calls,0,0.00373,0.01790
eng,private_calls,0,0.96559,0.51768
eng,private_calls,0,0.39647,0.34692
eng,private_calls,0,0.00369,0.00760
eng,private_calls,0,0.88406,0.14002
eng,private_calls,1,0.95802,0.35042
eng,private_calls,0,0.62595,0.30382
eng,private_calls,0,0.45061,0.11754
eng,private_calls,1,0.65581,0.47645
eng,private_calls,0,0.93104,0.57371
eng,private_calls,0,0.00361,0.01175
eng,private_calls,0,0.00370,0.00767
eng,private_calls,0,0.43814,0.24511
eng,private_calls,0,0.98047,0.45744
eng,private_calls,0,0.98647,0.47451
eng,private_calls,1,0.98434,0.89833
eng,private_calls,1,0.97974,0.65333
eng,private_calls,0,0.98421,0.04137
eng,private_calls,1,0.00376,0.01358
eng,private_calls,0,0.00368,0.00815
eng,private_calls,1,0.99135,0.90195
eng,private_calls,0,0.00367,0.00713
eng,private_calls,0,0.00403,0.01646
eng,private_calls,0,0.00366,0.00816
eng,private_calls,0,0.00365,0.00778
eng,private_calls,0,0.50448,0.09038
eng,private_calls,0,0.08812,0.09619
eng,private_calls,0,0.00363,0.00903
eng,private_calls,0,0.00395,0.01977
eng,private_calls,1,0.99064,0.72617
eng,private_calls,0,0.00397,0.00714
eng,private_calls,0,0.00400,0.01826
eng,private_calls,0,0.01316,0.05787
eng,private_calls,0,0.97628,0.45562
eng,private_calls,0,0.00358,0.01017
eng,private_calls,0,0.00409,0.00829
eng,private_calls,0,0.65160,0.06678
eng,private_calls,0,0.03787,0.13161
eng,private_calls,0,0.98298,0.24973
eng,private_calls,0,0.00524,0.02403
eng,private_calls,0,0.00900,0.06862
eng,private_calls,0,0.97603,0.36093
eng,private_calls,0,0.00741,0.02659
eng,private_calls,1,0.95194,0.69759
eng,private_calls,0,0.00465,0.01364
eng,private_calls,0,0.00372,0.00852
eng,private_calls,0,0.00717,0.26952
eng,private_calls,0,0.00376,0.01357
eng,private_calls,0,0.00358,0.00718
eng,private_calls,1,0.00525,0.01844
eng,private_calls,0,0.40934,0.08977
eng,private_calls,0,0.00396,0.01851
eng,private_calls,0,0.00393,0.01785
eng,private_calls,0,0.00366,0.01087
eng,private_calls,0,0.00367,0.00747
eng,private_calls,0,0.01087,0.04576
eng,private_calls,0,0.00392,0.01002
eng,private_calls,0,0.00376,0.01219
eng,private_calls,0,0.00405,0.00910
eng,private_calls,0,0.97851,0.79833
eng,private_calls,0,0.00402,0.02799
eng,private_calls,0,0.00375,0.00946
eng,private_calls,1,0.98716,0.48822
eng,private_calls,1,0.00400,0.03938
eng,private_calls,1,0.99254,0.98143
eng,private_calls,0,0.14374,0.13010
eng,private_calls,1,0.88885,0.51495
eng,private_calls,1,0.99067,0.92286
eng,private_calls,1,0.98828,0.91057
eng,private_calls,0,0.00365,0.00682
eng,private_calls,0,0.00365,0.01032
eng,private_calls,0,0.00376,0.02667
eng,private_calls,0,0.00456,0.05872
eng,private_calls,0,0.00382,0.02020
eng,private_calls,0,0.00818,0.02259
eng,private_calls,0,0.00367,0.01162
eng,private_calls,0,0.00550,0.01554
eng,private_calls,0,0.00366,0.00715
eng,private_calls,0,0.00366,0.00594
eng,private_calls,0,0.96596,0.18363
eng,private_calls,0,0.97950,0.35373
eng,private_calls,0,0.99167,0.87444
eng,private_calls,0,0.00422,0.04330
eng,private_calls,0,0.99170,0.96425
eng,private_calls,0,0.00395,0.02211
eng,private_calls,0,0.00433,0.02229
eng,private_calls,0,0.00359,0.00904
eng,private_calls,0,0.50400,0.07689
eng,private_calls,0,0.99059,0.94550
eng,private_calls,0,0.00363,0.00949
eng,private_calls,0,0.00701,0.02262
eng,private_calls,0,0.15478,0.08965
eng,private_calls,0,0.31445,0.03068
eng,private_calls,0,0.00370,0.01479
eng,private_calls,0,0.99126,0.71082
eng,private_calls,0,0.00655,0.04355
eng,private_calls,0,0.00394,0.01799
eng,private_calls,0,0.00517,0.01551
eng,private_calls,1,0.98073,0.11974
eng,private_calls,1,0.98914,0.85492
eng,private_calls,1,0.98363,0.39335
eng,private_calls,1,0.99215,0.98409
eng,private_calls,0,0.00414,0.01020
eng,private_calls,1,0.00371,0.01427
eng,private_calls,0,0.00385,0.02357
eng,private_calls,0,0.00365,0.00780
eng,private_calls,0,0.00394,0.02993
eng,private_calls,0,0.00434,0.01730
eng,private_calls,0,0.00657,0.06088
eng,private_calls,1,0.60759,0.25204
eng,private_calls,0,0.00368,0.00885
eng,private_calls,0,0.00367,0.00566
eng,private_calls,0,0.00367,0.00879
eng,private_calls,0,0.00454,0.01974
eng,private_calls,0,0.00376,0.00489
eng,private_calls,0,0.00366,0.03122
eng,private_calls,0,0.00422,0.04226
eng,private_calls,0,0.00404,0.03132
eng,private_calls,0,0.12227,0.08936
eng,private_calls,0,0.00387,0.01270
eng,private_calls,0,0.00376,0.00774
eng,private_calls,1,0.00379,0.01383
eng,private_calls,0,0.00377,0.00695
eng,private_calls,0,0.00374,0.01141
eng,private_calls,0,0.00372,0.00760
eng,private_calls,0,0.00374,0.00967
eng,private_calls,0,0.00379,0.00824
eng,private_calls,0,0.00387,0.02097
eng,private_calls,1,0.00428,0.20917
eng,private_calls,0,0.00382,0.01079
eng,private_calls,0,0.00377,0.00962
eng,private_calls,0,0.00372,0.01260
eng,private_calls,0,0.00372,0.01437
eng,private_calls,0,0.00367,0.00704
eng,private_calls,0,0.00368,0.00728
eng,private_calls,0,0.00984,0.04669
eng,private_calls,0,0.00375,0.00710
eng,private_calls,0,0.00384,0.01303
eng,private_calls,0,0.00414,0.04703
eng,private_calls,0,0.00446,0.01178
eng,private_calls,0,0.00370,0.00757
eng,private_calls,0,0.00367,0.00688
eng,private_calls,0,0.00383,0.04419
eng,private_calls,1,0.00487,0.05185
eng,private_calls,0,0.00373,0.00777
eng,private_calls,0,0.00380,0.01742
eng,private_calls,0,0.00386,0.01373
eng,private_calls,0,0.00370,0.00933
eng,private_calls,0,0.01344,0.13224
eng,private_calls,0,0.00371,0.00755
eng,private_calls,0,0.04922,0.07246
eng,private_calls,0,0.00377,0.00664
eng,private_calls,0,0.00368,0.00949
eng,private_calls,0,0.00387,0.00917
eng,private_calls,0,0.00505,0.04557
eng,private_calls,0,0.00376,0.03886
eng,private_calls,0,0.00365,0.00814
eng,private_calls,0,0.00409,0.06475
eng,private_calls,0,0.98130,0.21895
eng,private_calls,0,0.07371,0.18541
eng,private_calls,0,0.00426,0.02049
eng,private_calls,0,0.10703,0.10831
eng,private_calls,0,0.00917,0.08793
eng,private_calls,0,0.77010,0.15729
eng,private_calls,0,0.74875,0.17034
eng,private_calls,0,0.00375,0.01619
eng,private_calls,0,0.06755,0.26304
eng,private_calls,0,0.91976,0.23350
eng,private_calls,0,0.00375,0.02568
eng,private_calls,0,0.06958,0.09636
eng,private_calls,0,0.56938,0.05793
eng,private_calls,0,0.00389,0.02302
eng,private_calls,0,0.01203,0.08844
eng,private_calls,1,0.97213,0.50978
eng,private_calls,0,0.00374,0.00642
eng,private_calls,0,0.00444,0.07750
eng,private_calls,0,0.00710,0.07564
eng,private_calls,0,0.00371,0.02141
eng,private_calls,0,0.00462,0.01780
eng,private_calls,0,0.00373,0.02976
eng,private_calls,0,0.00392,0.02653
eng,private_calls,1,0.32339,0.24502
eng,private_calls,0,0.00373,0.00618
eng,private_calls,0,0.13943,0.08406
eng,private_calls,0,0.00599,0.05152
eng,private_calls,0,0.00367,0.02079
eng,private_calls,0,0.00450,0.04857
eng,private_calls,0,0.99211,0.92742
eng,private_calls,1,0.74805,0.60131
eng,private_calls,0,0.94781,0.16943
eng,private_calls,0,0.00369,0.01060
eng,private_calls,0,0.00370,0.00734
eng,private_calls,0,0.00364,0.00708
eng,private_calls,0,0.08629,0.34582
eng,private_calls,0,0.00391,0.02766
eng,private_calls,0,0.00370,0.00773
eng,private_calls,0,0.00368,0.00622
eng,private_calls,0,0.00702,0.04438
eng,private_calls,1,0.00461,0.20885
eng,private_calls,0,0.00417,0.01096
eng,private_calls,0,0.00430,0.01194
eng,private_calls,0,0.00366,0.00566
eng,private_calls,1,0.98385,0.74423
eng,private_calls,0,0.00644,0.06797
eng,private_calls,0,0.13154,0.15297
eng,private_calls,0,0.86970,0.03441
eng,private_calls,0,0.01034,0.13720
eng,private_calls,0,0.00390,0.01433
eng,private_calls,0,0.24852,0.10300
eng,private_calls,0,0.00366,0.00889
eng,private_calls,1,0.78921,0.40970
eng,private_calls,0,0.01031,0.06535
eng,private_calls,0,0.00940,0.02761
eng,private_calls,0,0.00371,0.00819
eng,private_calls,0,0.00918,0.10152
eng,private_calls,1,0.92337,0.17744
eng,private_calls,0,0.00365,0.00725
eng,private_calls,0,0.00908,0.07853
eng,private_calls,0,0.00373,0.01292
eng,private_calls,0,0.00371,0.01447
eng,private_calls,0,0.10040,0.06719
eng,private_calls,0,0.00442,0.02767
eng,private_calls,1,0.93300,0.52074
eng,private_calls,1,0.97970,0.25267
eng,private_calls,0,0.00378,0.01009
eng,private_calls,0,0.00435,0.01989
eng,private_calls,0,0.00507,0.02685
eng,private_calls,0,0.00419,0.03059
eng,private_calls,0,0.00799,0.04582
eng,private_calls,0,0.00398,0.00765
eng,private_calls,0,0.00367,0.00660
eng,private_calls,0,0.00493,0.05368
eng,private_calls,0,0.98539,0.62675
eng,private_calls,1,0.98936,0.71455
eng,private_calls,0,0.83355,0.06325
eng,private_calls,0,0.00369,0.01040
eng,private_calls,0,0.00366,0.01063
eng,private_calls,0,0.00382,0.01502
eng,private_calls,0,0.00463,0.01534
eng,private_calls,0,0.00429,0.02189
eng,private_calls,1,0.00557,0.13233
eng,private_calls,0,0.03454,0.08724
eng,private_calls,0,0.00373,0.01254
eng,private_calls,0,0.00375,0.02458
eng,private_calls,1,0.99066,0.82773
eng,private_calls,1,0.12984,0.27954
eng,private_calls,0,0.65587,0.06294
eng,private_calls,0,0.00377,0.01281
eng,private_calls,1,0.98837,0.82856
eng,private_calls,1,0.98176,0.77571
eng,private_calls,0,0.00428,0.01119
eng,private_calls,1,0.00398,0.06287
eng,private_calls,1,0.95190,0.27847
eng,private_calls,0,0.97695,0.11368
eng,private_calls,1,0.78674,0.10860
eng,private_calls,1,0.74869,0.41709
eng,private_calls,0,0.48048,0.10157
eng,private_calls,1,0.97630,0.20055
eng,private_calls,1,0.93811,0.58809
eng,private_calls,0,0.00369,0.01264
eng,private_calls,0,0.00382,0.02389
eng,private_calls,1,0.97519,0.81857
eng,private_calls,1,0.04224,0.31132
eng,private_calls,0,0.82743,0.38645
eng,private_calls,1,0.00435,0.04185
eng,private_calls,0,0.97457,0.21579
eng,private_calls,0,0.00411,0.03047
eng,private_calls,1,0.63601,0.59670
eng,private_calls,0,0.00395,0.03153
eng,private_calls,0,0.00370,0.00935
eng,private_calls,1,0.98042,0.09432
eng,private_calls,0,0.00849,0.07427
eng,private_calls,0,0.00434,0.02199
eng,private_calls,0,0.00364,0.00586
eng,private_calls,0,0.82965,0.11363
eng,private_calls,0,0.98742,0.19865
eng,private_calls,0,0.00370,0.02228
eng,private_calls,1,0.99077,0.77303
eng,private_calls,1,0.99118,0.95475
eng,private_calls,0,0.00369,0.00831
eng,private_calls,0,0.00375,0.00910
eng,private_calls,0,0.00357,0.00967
eng,private_calls,0,0.00363,0.00762
eng,private_calls,0,0.02008,0.02900
eng,private_calls,0,0.00371,0.00638
eng,private_calls,0,0.00470,0.04284
eng,private_calls,0,0.00361,0.00696
eng,private_calls,0,0.00370,0.00534
eng,private_calls,1,0.79175,0.63909
eng,private_calls,0,0.00363,0.01966
eng,private_calls,1,0.00545,0.05647
eng,private_calls,0,0.00393,0.01869
eng,private_calls,0,0.00369,0.00658
eng,private_calls,0,0.00373,0.02648
eng,private_calls,1,0.99062,0.79852
eng,private_calls,0,0.00430,0.04908
eng,private_calls,1,0.27351,0.18797
eng,private_calls,1,0.00724,0.24901
eng,private_calls,0,0.78003,0.76981
eng,private_calls,1,0.98717,0.91932
eng,private_calls,0,0.08024,0.07631
eng,private_calls,0,0.89839,0.20554
eng,private_calls,0,0.95056,0.38147
eng,private_calls,0,0.00400,0.01944
eng,private_calls,0,0.37018,0.20848
eng,private_calls,0,0.01528,0.04564
eng,private_calls,0,0.03260,0.07516
eng,private_calls,0,0.00401,0.03098
eng,private_calls,0,0.98676,0.61396
eng,private_calls,0,0.00380,0.01061
eng,private_calls,0,0.98636,0.55850
eng,private_calls,0,0.00855,0.06402
eng,private_calls,0,0.12660,0.06146
eng,private_calls,0,0.21369,0.15312
eng,private_calls,1,0.89880,0.44895
eng,private_calls,0,0.10349,0.18624
eng,private_calls,0,0.00382,0.03175
eng,private_calls,0,0.00385,0.02179
eng,private_calls,0,0.01026,0.07378
eng,private_calls,1,0.01851,0.17497
eng,private_calls,0,0.92308,0.15008
eng,private_calls,0,0.00374,0.01121
eng,private_calls,0,0.00461,0.04655
eng,private_calls,0,0.00580,0.04465
eng,private_calls,0,0.00924,0.04829
eng,private_calls,0,0.37626,0.18064
eng,private_calls,0,0.00381,0.01618
eng,private_calls,0,0.00514,0.13492
eng,private_calls,0,0.64209,0.05715
eng,private_calls,0,0.98887,0.58946
eng,private_calls,1,0.92051,0.72030
eng,private_calls,0,0.00679,0.02309
eng,private_calls,0,0.00370,0.00555
eng,private_calls,1,0.05734,0.41876
eng,private_calls,0,0.01996,0.02655
eng,private_calls,1,0.05171,0.03209
eng,private_calls,0,0.00366,0.00571
eng,private_calls,1,0.96312,0.85105
eng,private_calls,1,0.03122,0.25034
eng,private_calls,0,0.10994,0.38015
eng,private_calls,1,0.01544,0.14845
eng,private_calls,0,0.95593,0.33728
eng,private_calls,0,0.00406,0.04562
eng,private_calls,0,0.00438,0.04819
eng,private_calls,1,0.08126,0.50349
eng,private_calls,0,0.00372,0.00560
eng,private_calls,1,0.98522,0.82547
eng,private_calls,0,0.00369,0.00561
eng,private_calls,0,0.00368,0.01309
eng,private_calls,1,0.20171,0.48221
eng,private_calls,1,0.95849,0.26971
eng,private_calls,0,0.00374,0.00926
eng,private_calls,0,0.00370,0.01882
eng,private_calls,0,0.00485,0.01692
eng,private_calls,0,0.00474,0.03327
eng,private_calls,0,0.00374,0.00570
eng,private_calls,0,0.00370,0.00633
eng,private_calls,0,0.00369,0.00732
eng,private_calls,0,0.02878,0.02365
eng,private_calls,0,0.07012,0.02906
eng,private_calls,0,0.28686,0.07652
eng,private_calls,0,0.00524,0.02787
eng,private_calls,0,0.81469,0.47498
eng,private_calls,0,0.00367,0.00650
eng,private_calls,0,0.00365,0.01098
eng,private_calls,0,0.99017,0.84308
eng,private_calls,0,0.00460,0.08542
eng,private_calls,0,0.26913,0.03459
eng,private_calls,0,0.00372,0.01120
eng,private_calls,0,0.50441,0.05857
eng,private_calls,0,0.08286,0.03203
eng,private_calls,0,0.01078,0.02679
eng,private_calls,0,0.00372,0.01178
eng,private_calls,0,0.98044,0.05822
eng,private_calls,0,0.00384,0.01691
eng,private_calls,0,0.57816,0.11315
eng,private_calls,0,0.98663,0.85795
eng,private_calls,0,0.00372,0.00789
eng,private_calls,1,0.98801,0.82570
eng,private_calls,0,0.00448,0.03298
eng,private_calls,1,0.98649,0.73462
eng,private_calls,0,0.00376,0.00637
eng,private_calls,0,0.06104,0.05600
eng,private_calls,1,0.99088,0.96738
eng,private_calls,0,0.00421,0.03356
eng,private_calls,0,0.00731,0.05227
eng,private_calls,0,0.00369,0.02805
eng,private_calls,0,0.37648,0.12796
eng,private_calls,1,0.98730,0.90237
eng,private_calls,0,0.00374,0.00489
eng,private_calls,0,0.00367,0.00992
eng,private_calls,1,0.99126,0.96356
eng,private_calls,1,0.96797,0.88764
eng,private_calls,1,0.02655,0.88622
eng,private_calls,1,0.97984,0.79945
eng,private_calls,0,0.00455,0.02452
eng,private_calls,0,0.00457,0.11834
eng,private_calls,1,0.98555,0.79876
eng,private_calls,0,0.90317,0.10871
eng,private_calls,0,0.00372,0.00611
eng,private_calls,0,0.02587,0.09266
eng,private_calls,0,0.98553,0.13983
eng,private_calls,0,0.00403,0.01010
eng,private_calls,0,0.79804,0.08346
eng,private_calls,0,0.00379,0.00631
eng,private_calls,0,0.62130,0.19334
eng,private_calls,0,0.00387,0.00693
eng,private_calls,0,0.66655,0.09914
eng,private_calls,0,0.00371,0.00536
eng,private_calls,1,0.98730,0.85243
eng,private_calls,0,0.00493,0.01513
eng,private_calls,1,0.98908,0.57194
eng,private_calls,0,0.56196,0.52034
eng,private_calls,0,0.00419,0.01033
eng,private_calls,0,0.01023,0.10027
eng,private_calls,0,0.00587,0.03068
eng,private_calls,0,0.00394,0.00935
eng,private_calls,0,0.00374,0.00538
eng,private_calls,0,0.78035,0.15807
eng,private_calls,1,0.98892,0.75657
eng,private_calls,1,0.01020,0.14806
eng,private_calls,0,0.00373,0.01152
eng,private_calls,0,0.00369,0.00687
eng,private_calls,1,0.97958,0.76238
eng,private_calls,1,0.99062,0.93688
eng,private_calls,1,0.55959,0.22382
eng,private_calls,0,0.00372,0.00519
eng,private_calls,0,0.00371,0.00546
eng,private_calls,1,0.93768,0.51760
eng,private_calls,0,0.00375,0.00645
eng,private_calls,0,0.06210,0.07637
eng,private_calls,0,0.01890,0.08807
eng,private_calls,1,0.84510,0.19364
eng,private_calls,0,0.00371,0.00537
eng,private_calls,0,0.00371,0.00525
eng,private_calls,1,0.55892,0.66980
eng,private_calls,0,0.00373,0.00502
eng,private_calls,0,0.00372,0.00630
eng,private_calls,0,0.00439,0.04417
eng,private_calls,0,0.00379,0.00960
eng,private_calls,1,0.99174,0.97552
eng,private_calls,0,0.98559,0.03507
eng,private_calls,0,0.02877,0.02422
eng,private_calls,1,0.99120,0.81629
eng,private_calls,0,0.00374,0.00509
eng,private_calls,0,0.00371,0.00558
eng,private_calls,1,0.00423,0.08837
eng,private_calls,1,0.98473,0.46064
eng,private_calls,0,0.00364,0.00650
eng,private_calls,1,0.96583,0.66365
eng,private_calls,0,0.00370,0.00558
eng,private_calls,1,0.92277,0.62966
eng,private_calls,0,0.00362,0.00610
eng,private_calls,0,0.00690,0.08959
eng,private_calls,0,0.00419,0.01450
eng,private_calls,1,0.98916,0.65835
eng,private_calls,1,0.00405,0.03048
eng,private_calls,0,0.00375,0.00936
eng,private_calls,0,0.01379,0.05661
eng,private_calls,0,0.00364,0.00923
eng,private_calls,0,0.00389,0.01099
eng,private_calls,0,0.00384,0.00794
eng,private_calls,0,0.00419,0.01504
eng,private_calls,1,0.99015,0.57281
eng,private_calls,0,0.00369,0.00599
eng,private_calls,0,0.00393,0.00945
eng,private_calls,0,0.00363,0.00675
eng,private_calls,0,0.00363,0.00916
eng,private_calls,0,0.57793,0.09546
eng,private_calls,0,0.00484,0.04198
eng,private_calls,1,0.98517,0.75150
eng,private_calls,0,0.03747,0.12193
eng,private_calls,0,0.00368,0.00571
eng,private_calls,0,0.00371,0.03937
eng,private_calls,0,0.00380,0.01028
eng,private_calls,0,0.00418,0.03037
eng,private_calls,0,0.00413,0.01091
eng,private_calls,0,0.00371,0.00698
eng,private_calls,0,0.98534,0.19145
eng,private_calls,0,0.00404,0.03280
eng,private_calls,0,0.00412,0.02994
eng,private_calls,0,0.00375,0.03073
eng,private_calls,0,0.00372,0.00817
eng,private_calls,0,0.00369,0.00562
eng,private_calls,0,0.00362,0.00716
eng,private_calls,0,0.00370,0.01753
eng,private_calls,0,0.93448,0.22956
eng,private_calls,1,0.12885,0.15959
eng,private_calls,0,0.01568,0.07977
eng,private_calls,0,0.00378,0.01789
eng,private_calls,0,0.81345,0.23467
eng,private_calls,0,0.01144,0.04937
eng,private_calls,1,0.89622,0.66425
eng,private_calls,0,0.08498,0.05680
eng,private_calls,0,0.00375,0.01003
eng,private_calls,0,0.00368,0.01319
eng,private_calls,0,0.00371,0.01582
eng,private_calls,0,0.00368,0.00656
eng,private_calls,0,0.00362,0.01503
eng,private_calls,0,0.00362,0.01043
eng,private_calls,0,0.00374,0.00988
eng,private_calls,0,0.00388,0.04327
eng,private_calls,0,0.00363,0.02683
eng,private_calls,0,0.01529,0.10156
eng,private_calls,0,0.00370,0.01312
eng,private_calls,1,0.98035,0.85432
eng,private_calls,1,0.99258,0.99113
eng,private_calls,1,0.99259,0.95533
eng,private_calls,1,0.00939,0.06040
eng,private_calls,0,0.00552,0.01605
eng,private_calls,1,0.93137,0.39249
eng,private_calls,1,0.98357,0.97328
eng,private_calls,1,0.98982,0.38722
eng,private_calls,0,0.01490,0.04048
eng,private_calls,1,0.01423,0.06084
eng,private_calls,0,0.61134,0.24174
eng,private_calls,1,0.80685,0.46790
eng,private_calls,0,0.00372,0.00482
eng,private_calls,0,0.04350,0.05724
eng,private_calls,0,0.21394,0.12101
eng,private_calls,0,0.01405,0.02548
eng,private_calls,0,0.04003,0.08459
eng,private_calls,0,0.00384,0.01921
eng,private_calls,1,0.97325,0.73914
eng,private_calls,0,0.99218,0.91877
eng,private_calls,0,0.98701,0.21910
eng,private_calls,0,0.00370,0.02153
eng,private_calls,1,0.98849,0.79889
eng,private_calls,0,0.98922,0.10430
eng,private_calls,0,0.98870,0.27645
eng,private_calls,0,0.01464,0.09250
eng,private_calls,0,0.84203,0.08749
eng,private_calls,0,0.99209,0.92805
eng,private_calls,1,0.89032,0.49541
eng,private_calls,0,0.00400,0.02407
eng,private_calls,0,0.97588,0.06494
eng,private_calls,1,0.00399,0.02094
eng,private_calls,1,0.99144,0.69222
eng,private_calls,0,0.02346,0.05603
eng,private_calls,1,0.89186,0.64951
eng,private_calls,0,0.99211,0.31785
eng,private_calls,0,0.64904,0.17081
eng,private_calls,0,0.00386,0.01500
eng,private_calls,1,0.03257,0.07752
eng,private_calls,0,0.00372,0.01600
eng,private_calls,0,0.00375,0.00627
eng,private_calls,0,0.00370,0.00635
eng,private_calls,0,0.00372,0.00624
eng,private_calls,0,0.00521,0.04073
eng,private_calls,0,0.00367,0.00817
eng,private_calls,0,0.00365,0.01221
eng,private_calls,0,0.00830,0.08111
eng,private_calls,0,0.01128,0.03508
eng,private_calls,0,0.00391,0.03705
eng,private_calls,1,0.98672,0.75365
eng,private_calls,1,0.40362,0.03261
eng,private_calls,0,0.00376,0.01747
eng,private_calls,0,0.00632,0.02314
eng,private_calls,0,0.01074,0.02773
eng,private_calls,0,0.00383,0.02174
eng,private_calls,0,0.00366,0.00714
eng,private_calls,0,0.98273,0.15915
eng,private_calls,0,0.00374,0.00787
eng,private_calls,0,0.01587,0.02198
eng,private_calls,0,0.00385,0.01955
eng,private_calls,1,0.00394,0.01649
eng,private_calls,0,0.00369,0.00676
eng,private_calls,1,0.27403,0.18732
eng,private_calls,1,0.00587,0.02745
eng,private_calls,0,0.00374,0.01356
eng,private_calls,0,0.00364,0.00804
eng,private_calls,0,0.00373,0.00749
eng,private_calls,1,0.99186,0.84497
eng,private_calls,0,0.00375,0.00665
eng,private_calls,1,0.80123,0.29485
eng,private_calls,0,0.00363,0.00644
eng,private_calls,0,0.00458,0.01909
eng,private_calls,0,0.96915,0.15235
eng,private_calls,0,0.00371,0.01774
eng,private_calls,1,0.98740,0.85449
eng,private_calls,1,0.99179,0.98918
eng,private_calls,1,0.98252,0.45485
eng,private_calls,1,0.98918,0.81576
eng,private_calls,0,0.00402,0.03221
eng,private_calls,0,0.08549,0.20828
eng,private_calls,1,0.92666,0.50210
eng,private_calls,1,0.98528,0.84687
eng,private_calls,1,0.98091,0.63915
eng,private_calls,0,0.97616,0.12544
eng,private_calls,1,0.99024,0.76078
eng,private_calls,1,0.25213,0.18227
eng,private_calls,0,0.00391,0.01766
eng,private_calls,0,0.67443,0.15034
eng,private_calls,1,0.99121,0.87252
eng,private_calls,1,0.98484,0.68962
eng,private_calls,1,0.52890,0.18225
eng,private_calls,0,0.00386,0.00656
eng,private_calls,0,0.96308,0.10859
eng,private_calls,1,0.99028,0.91649
eng,private_calls,0,0.14791,0.04951
eng,private_calls,1,0.99033,0.92188
eng,private_calls,1,0.95857,0.66476
eng,private_calls,1,0.99143,0.86968
eng,private_calls,1,0.98891,0.80145
eng,private_calls,0,0.34705,0.06634
eng,private_calls,1,0.99000,0.91397
eng,private_calls,1,0.15787,0.19899
eng,private_calls,1,0.00372,0.00685
eng,private_calls,0,0.00396,0.01853
eng,private_calls,0,0.00431,0.01957
eng,private_calls,1,0.98912,0.66233
eng,private_calls,0,0.00363,0.00670
eng,private_calls,0,0.00369,0.00720
eng,private_calls,0,0.99002,0.84902
eng,private_calls,0,0.00381,0.02416
eng,private_calls,0,0.00369,0.00678
eng,private_calls,1,0.95802,0.46286
eng,private_calls,0,0.00374,0.00926
eng,private_calls,0,0.00374,0.01407
eng,private_calls,0,0.00369,0.00768
eng,private_calls,0,0.91657,0.06791
eng,private_calls,0,0.00367,0.01274
eng,private_calls,0,0.00374,0.01649
eng,private_calls,0,0.00366,0.00689
eng,private_calls,0,0.98917,0.63186
eng,private_calls,0,0.01149,0.02651
eng,private_calls,0,0.00363,0.00771
eng,private_calls,0,0.74415,0.19872
eng,private_calls,0,0.97142,0.58906
eng,private_calls,0,0.00369,0.00594
eng,private_calls,0,0.00363,0.01305
eng,private_calls,1,0.63994,0.66955
eng,private_calls,1,0.00638,0.04179
eng,private_calls,0,0.00370,0.01271
eng,private_calls,0,0.98515,0.06987
eng,private_calls,1,0.98996,0.51934
eng,private_calls,0,0.00918,0.03256
eng,private_calls,1,0.99050,0.87292
eng,private_calls,0,0.00372,0.00957
eng,private_calls,0,0.00377,0.00860
eng,private_calls,1,0.98633,0.77331
eng,private_calls,1,0.18377,0.29825
eng,private_calls,0,0.00382,0.02187
eng,private_calls,1,0.98263,0.79818
eng,private_calls,1,0.98563,0.49918
eng,private_calls,1,0.98038,0.13906
eng,private_calls,1,0.98598,0.70281
eng,private_calls,0,0.00367,0.01341
eng,private_calls,0,0.00379,0.01479
eng,private_calls,1,0.96730,0.66983
eng,private_calls,0,0.84795,0.72933
eng,private_calls,0,0.98692,0.61117
eng,private_calls,0,0.00394,0.00925
eng,private_calls,0,0.10372,0.12121
eng,private_calls,1,0.02770,0.38584
eng,private_calls,0,0.00577,0.03420
eng,private_calls,0,0.00415,0.02465
eng,private_calls,0,0.98702,0.78653
eng,private_calls,1,0.01465,0.07288
eng,private_calls,0,0.00373,0.01737
eng,private_calls,1,0.64927,0.54002
eng,private_calls,0,0.00371,0.00688
eng,private_calls,1,0.97061,0.69352
eng,private_calls,0,0.30353,0.20748
eng,private_calls,0,0.00373,0.01489
eng,private_calls,0,0.00369,0.01982
eng,private_calls,1,0.06820,0.29206
eng,private_calls,0,0.00380,0.01638
eng,private_calls,1,0.87765,0.79062
eng,private_calls,1,0.98840,0.85340
eng,private_calls,0,0.90346,0.27868
eng,private_calls,0,0.91965,0.64073
eng,private_calls,1,0.12350,0.21139
eng,private_calls,0,0.98731,0.84595
eng,private_calls,1,0.98451,0.79031
eng,private_calls,0,0.00370,0.00639
eng,private_calls,1,0.60165,0.21019
eng,private_calls,0,0.00989,0.03963
eng,private_calls,0,0.00951,0.01690
eng,private_calls,0,0.63704,0.08001
eng,private_calls,1,0.48550,0.37026
eng,private_calls,0,0.03499,0.04978
eng,private_calls,0,0.97978,0.03032
eng,private_calls,0,0.31975,0.12236
eng,private_calls,0,0.00377,0.01326
eng,private_calls,0,0.01319,0.05580
eng,private_calls,1,0.83946,0.15941
eng,private_calls,1,0.60697,0.18025
eng,private_calls,0,0.74844,0.26345
eng,private_calls,0,0.00387,0.01436
eng,private_calls,0,0.00377,0.00909
eng,private_calls,1,0.98910,0.72534
eng,private_calls,0,0.00996,0.05672
eng,private_calls,1,0.93938,0.38384
eng,private_calls,0,0.00387,0.01021
eng,private_calls,1,0.04448,0.26011
eng,private_calls,0,0.00393,0.02446
eng,private_calls,0,0.00412,0.03893
eng,private_calls,0,0.00405,0.01827
eng,private_calls,0,0.00378,0.02118
eng,private_calls,0,0.00384,0.01185
eng,private_calls,0,0.01439,0.02516
eng,private_calls,0,0.00368,0.01148
eng,private_calls,1,0.97058,0.32519
eng,private_calls,1,0.91409,0.56346
eng,private_calls,0,0.98279,0.19159
eng,private_calls,0,0.23156,0.03135
eng,private_calls,0,0.01770,0.05742
eng,private_calls,0,0.59428,0.16893
eng,private_calls,1,0.98788,0.64114
eng,private_calls,0,0.01433,0.06057
eng,private_calls,0,0.00850,0.04053
eng,private_calls,1,0.96720,0.77897
eng,private_calls,0,0.00373,0.01119
eng,private_calls,0,0.36511,0.24148
eng,private_calls,1,0.00374,0.04679
eng,private_calls,0,0.12190,0.01284
eng,private_calls,0,0.00381,0.02864
eng,private_calls,1,0.98511,0.65089
eng,private_calls,0,0.99114,0.85171
eng,private_calls,0,0.97422,0.24557
eng,private_calls,0,0.00417,0.01414
eng,private_calls,0,0.01945,0.03362
eng,private_calls,0,0.92046,0.05694
eng,private_calls,1,0.97591,0.71441
eng,private_calls,0,0.00519,0.03567
eng,private_calls,0,0.00378,0.01237
eng,private_calls,1,0.98915,0.81501
eng,private_calls,0,0.99023,0.85732
eng,private_calls,1,0.00589,0.11545
eng,private_calls,0,0.98581,0.13553
eng,private_calls,0,0.14872,0.04777
eng,private_calls,0,0.00369,0.00768
eng,private_calls,0,0.00447,0.02175
eng,private_calls,0,0.00372,0.00653
eng,private_calls,0,0.00719,0.03394
eng,private_calls,0,0.00589,0.03002
eng,private_calls,1,0.96671,0.74971
eng,private_calls,0,0.96686,0.08536
eng,private_calls,0,0.95785,0.12489
eng,private_calls,1,0.96869,0.67019
eng,private_calls,1,0.00384,0.01625
eng,private_calls,0,0.94317,0.06252
eng,private_calls,0,0.00401,0.03963
eng,private_calls,1,0.01437,0.10244
eng,private_calls,1,0.05486,0.53833
eng,private_calls,1,0.41099,0.42938
eng,private_calls,0,0.00386,0.01546
eng,private_calls,0,0.00364,0.00699
eng,private_calls,0,0.00377,0.00642
eng,private_calls,0,0.00374,0.00588
eng,private_calls,0,0.00367,0.00644
eng,private_calls,0,0.00368,0.00585
eng,private_calls,1,0.04714,0.19707
eng,private_calls,1,0.97964,0.73652
eng,private_calls,0,0.00387,0.01091
eng,private_calls,0,0.00368,0.00711
eng,private_calls,1,0.78280,0.40667
eng,private_calls,0,0.00364,0.00635
eng,private_calls,1,0.00373,0.04796
eng,private_calls,0,0.00372,0.00595
eng,private_calls,0,0.00420,0.04998
eng,private_calls,0,0.01205,0.08182
eng,private_calls,1,0.98361,0.77566
eng,private_calls,1,0.99072,0.85820
eng,private_calls,0,0.69617,0.25930
eng,private_calls,0,0.00371,0.00587
eng,private_calls,0,0.00376,0.00642
eng,private_calls,0,0.00382,0.00566
eng,private_calls,0,0.00379,0.01849
eng,private_calls,0,0.97867,0.42955
eng,private_calls,1,0.90575,0.04584
eng,private_calls,1,0.62798,0.79788
eng,private_calls,1,0.25970,0.43458
eng,private_calls,1,0.99209,0.95986
eng,private_calls,1,0.95736,0.61185
eng,private_calls,0,0.99019,0.69875
eng,private_calls,1,0.96295,0.59347
eng,private_calls,0,0.00632,0.01989
eng,private_calls,1,0.99135,0.67651
eng,private_calls,0,0.22557,0.07196
eng,private_calls,0,0.90392,0.38400
eng,private_calls,0,0.54496,0.07145
eng,private_calls,0,0.98934,0.53282
eng,private_calls,0,0.00452,0.03552
eng,private_calls,0,0.01386,0.02804
eng,private_calls,0,0.00397,0.02673
eng,private_calls,0,0.01098,0.11206
eng,private_calls,0,0.33641,0.04385
eng,private_calls,1,0.89492,0.77907
eng,private_calls,1,0.99027,0.83038
eng,private_calls,0,0.00371,0.00650
eng,private_calls,0,0.00374,0.01235
eng,private_calls,0,0.00391,0.02296
eng,private_calls,0,0.00379,0.01179
eng,private_calls,0,0.98826,0.79932
eng,private_calls,0,0.30501,0.02957
eng,private_calls,0,0.00403,0.01715
eng,private_calls,0,0.00368,0.00963
eng,private_calls,0,0.00373,0.01002
eng,private_calls,0,0.00381,0.01116
eng,private_calls,1,0.98843,0.77578
eng,private_calls,0,0.26031,0.10910
eng,private_calls,1,0.98649,0.81150
eng,private_calls,0,0.00375,0.00762
eng,private_calls,0,0.00375,0.00577
eng,private_calls,1,0.02279,0.01376
eng,private_calls,0,0.00449,0.03661
eng,private_calls,0,0.00509,0.02551
eng,private_calls,0,0.00494,0.01886
eng,private_calls,0,0.00391,0.01494
eng,private_calls,0,0.00864,0.02554
eng,private_calls,0,0.00371,0.00606
eng,private_calls,0,0.00368,0.00667
eng,private_calls,0,0.01843,0.07113
eng,private_calls,0,0.41869,0.04283
eng,private_calls,0,0.76340,0.08798
eng,private_calls,0,0.52862,0.14145
eng,private_calls,0,0.00387,0.01126
eng,private_calls,0,0.00398,0.03239
eng,private_calls,0,0.97644,0.24643
eng,private_calls,0,0.00366,0.02057
eng,private_calls,1,0.98462,0.78247
eng,private_calls,0,0.65772,0.40688
eng,private_calls,0,0.77391,0.07212
eng,private_calls,0,0.00379,0.02163
eng,private_calls,0,0.00369,0.00874
eng,private_calls,1,0.98440,0.76916
eng,private_calls,0,0.00384,0.02925
eng,private_calls,0,0.00366,0.00711
eng,private_calls,0,0.00363,0.01023
eng,private_calls,0,0.00375,0.00566
eng,private_calls,0,0.00366,0.00604
eng,private_calls,1,0.33968,0.30848
eng,private_calls,0,0.98989,0.05314
eng,private_calls,0,0.00364,0.00592
eng,private_calls,0,0.00361,0.01970
eng,private_calls,1,0.99084,0.93186
eng,private_calls,0,0.00365,0.01706
eng,private_calls,0,0.00363,0.00645
eng,private_calls,0,0.00360,0.00720
eng,private_calls,0,0.00366,0.02135
eng,private_calls,0,0.00369,0.00656
eng,private_calls,0,0.10184,0.29166
eng,private_calls,0,0.00369,0.00549
eng,private_calls,0,0.00385,0.01469
eng,private_calls,0,0.00387,0.01313
eng,private_calls,0,0.00368,0.00555
eng,private_calls,1,0.98129,0.83877
eng,private_calls,0,0.00366,0.00633
eng,private_calls,0,0.00367,0.00595
eng,private_calls,1,0.00399,0.03354
eng,private_calls,1,0.98987,0.95152
eng,private_calls,0,0.00366,0.00999
eng,private_calls,0,0.00366,0.00654
eng,private_calls,0,0.00358,0.00672
eng,private_calls,0,0.00388,0.03543
eng,private_calls,0,0.41254,0.14689
eng,private_calls,0,0.00566,0.07641
eng,private_calls,0,0.00368,0.01600
eng,private_calls,1,0.98032,0.77553
eng,private_calls,0,0.00405,0.01998
eng,private_calls,0,0.00433,0.01877
eng,private_calls,0,0.00366,0.00544
eng,private_calls,1,0.93969,0.69724
eng,private_calls,0,0.00364,0.00666
eng,private_calls,0,0.96846,0.61255
eng,private_calls,0,0.98232,0.61621
eng,private_calls,0,0.00365,0.02057
eng,private_calls,0,0.98126,0.57882
eng,private_calls,0,0.00620,0.04709
eng,private_calls,1,0.97199,0.66226
eng,private_calls,0,0.98755,0.28815
eng,private_calls,0,0.98237,0.65613
eng,private_calls,0,0.96973,0.60957
eng,private_calls,0,0.57018,0.09236
eng,private_calls,0,0.94421,0.20771
eng,private_calls,0,0.97140,0.47915
eng,private_calls,0,0.00429,0.01996
eng,private_calls,0,0.00365,0.00634
eng,private_calls,0,0.00834,0.05538
eng,private_calls,0,0.00490,0.08818
eng,private_calls,1,0.59325,0.56507
eng,private_calls,0,0.00386,0.02531
eng,private_calls,1,0.98870,0.82922
eng,private_calls,0,0.00431,0.03589
eng,private_calls,0,0.00625,0.08583
eng,private_calls,0,0.00398,0.02250
eng,private_calls,0,0.98207,0.58687
eng,private_calls,1,0.99074,0.84090
eng,private_calls,1,0.01149,0.14328
eng,private_calls,1,0.07141,0.88049
eng,private_calls,0,0.00393,0.04786
eng,private_calls,0,0.00366,0.00828
eng,private_calls,0,0.00431,0.01291
eng,private_calls,0,0.00372,0.01452
eng,private_calls,0,0.00410,0.01362
eng,private_calls,0,0.00407,0.01962
eng,private_calls,0,0.40952,0.03345
eng,private_calls,1,0.98251,0.57567
eng,private_calls,0,0.00554,0.02207
eng,private_calls,0,0.97165,0.18597
eng,private_calls,1,0.00920,0.02284
eng,private_calls,0,0.00666,0.02720
eng,private_calls,0,0.00412,0.07675
eng,private_calls,0,0.43313,0.08433
eng,private_calls,0,0.05026,0.04000
eng,private_calls,0,0.71866,0.07772
eng,private_calls,0,0.98003,0.09516
eng,private_calls,0,0.00418,0.01234
eng,private_calls,0,0.00370,0.01048
eng,private_calls,0,0.01706,0.02815
eng,private_calls,0,0.54253,0.09942
eng,private_calls,0,0.01099,0.04170
eng,private_calls,0,0.01163,0.01588
eng,private_calls,0,0.00393,0.01861
eng,private_calls,0,0.97952,0.29443
eng,private_calls,1,0.95052,0.03053
eng,private_calls,0,0.87265,0.14173
eng,private_calls,0,0.00555,0.04782
eng,private_calls,1,0.99165,0.83796
eng,private_calls,1,0.00391,0.02090
eng,private_calls,0,0.00371,0.00851
eng,private_calls,0,0.00374,0.00710
eng,private_calls,0,0.00389,0.01043
eng,private_calls,1,0.09862,0.28280
eng,private_calls,0,0.00366,0.00657
eng,private_calls,1,0.00366,0.02513
eng,private_calls,0,0.98548,0.40123
eng,private_calls,0,0.00364,0.00653
eng,private_calls,1,0.97854,0.28925
eng,private_calls,0,0.00445,0.01758
eng,private_calls,0,0.00369,0.00763
eng,private_calls,0,0.00371,0.01107
eng,private_calls,0,0.29073,0.12054
eng,private_calls,0,0.00397,0.01181
eng,private_calls,0,0.00375,0.01945
eng,private_calls,0,0.18625,0.32484
eng,private_calls,0,0.00424,0.01447
eng,private_calls,0,0.00370,0.00666
eng,private_calls,0,0.00462,0.01753
eng,private_calls,0,0.90544,0.02950
eng,private_calls,0,0.01303,0.06228
eng,private_calls,0,0.00586,0.03234
eng,private_calls,0,0.00922,0.02345
eng,private_calls,0,0.00362,0.00805
eng,private_calls,0,0.00409,0.03643
eng,private_calls,0,0.00418,0.02105
eng,private_calls,0,0.00424,0.02270
eng,private_calls,1,0.00647,0.30342
eng,private_calls,0,0.92587,0.14991
eng,private_calls,0,0.02121,0.20087
eng,private_calls,0,0.97204,0.16895
eng,private_calls,0,0.74718,0.18043
eng,private_calls,0,0.96719,0.19620
eng,private_calls,0,0.00399,0.01112
eng,private_calls,0,0.37857,0.03115
eng,private_calls,0,0.00372,0.00812
eng,private_calls,0,0.00369,0.01472
eng,private_calls,0,0.00920,0.06580
eng,private_calls,0,0.00366,0.01588
eng,private_calls,0,0.00378,0.01376
eng,private_calls,0,0.00413,0.01516
eng,private_calls,0,0.00362,0.00704
eng,private_calls,0,0.00368,0.00678
eng,private_calls,1,0.82930,0.32578
eng,private_calls,0,0.00363,0.00581
eng,private_calls,0,0.00366,0.01033
eng,private_calls,0,0.00789,0.15008
eng,private_calls,0,0.01244,0.09255
eng,private_calls,0,0.00370,0.00722
eng,private_calls,1,0.88091,0.69092
eng,private_calls,0,0.98499,0.42578
eng,private_calls,0,0.00389,0.02095
eng,private_calls,0,0.01038,0.04128
eng,private_calls,0,0.00361,0.01348
eng,private_calls,0,0.00365,0.00704
eng,private_calls,0,0.00366,0.00574
eng,private_calls,0,0.00363,0.00600
eng,private_calls,0,0.95363,0.65276
eng,private_calls,0,0.00376,0.01718
eng,private_calls,0,0.00864,0.05681
eng,private_calls,0,0.00360,0.00622
eng,private_calls,0,0.00360,0.00983
eng,private_calls,0,0.00358,0.00676
eng,private_calls,0,0.00369,0.00534
eng,private_calls,0,0.30731,0.13610
eng,private_calls,0,0.00362,0.02763
eng,private_calls,1,0.99090,0.76506
eng,private_calls,1,0.00368,0.01791
eng,private_calls,0,0.01095,0.02289
eng,private_calls,1,0.98836,0.15343
eng,private_calls,0,0.02568,0.01369
eng,private_calls,0,0.36604,0.07644
eng,private_calls,1,0.01407,0.15366
eng,private_calls,0,0.00516,0.02011
eng,private_calls,0,0.00386,0.00956
eng,private_calls,0,0.00365,0.00807
eng,private_calls,0,0.00362,0.00787
eng,private_calls,0,0.00390,0.01074
eng,private_calls,1,0.96578,0.73015
eng,private_calls,0,0.00365,0.00693
eng,private_calls,0,0.01968,0.05124
eng,private_calls,0,0.45419,0.17628
eng,private_calls,0,0.00376,0.00680
eng,private_calls,0,0.00384,0.00702
eng,private_calls,0,0.00368,0.00654
eng,private_calls,0,0.80365,0.12877
eng,private_calls,1,0.50302,0.39013
eng,private_calls,0,0.98765,0.33407
eng,private_calls,0,0.00366,0.00718
eng,private_calls,0,0.98221,0.19031
eng,private_calls,0,0.00396,0.02324
eng,private_calls,0,0.00370,0.01171
eng,private_calls,0,0.00372,0.02322
eng,private_calls,0,0.00370,0.00926
eng,private_calls,0,0.00369,0.00928
eng,private_calls,0,0.00384,0.01956
eng,private_calls,0,0.00380,0.02763
eng,private_calls,0,0.00497,0.03465
eng,private_calls,0,0.94555,0.09603
eng,private_calls,0,0.00376,0.00862
eng,private_calls,0,0.00367,0.00969
eng,private_calls,1,0.00366,0.00872
eng,private_calls,0,0.00367,0.00674
eng,private_calls,0,0.00379,0.00514
eng,private_calls,0,0.00372,0.00767
eng,private_calls,0,0.00376,0.00517
eng,private_calls,0,0.00378,0.00952
eng,private_calls,0,0.00373,0.00500
eng,private_calls,0,0.00376,0.00488
eng,private_calls,0,0.00409,0.02320
eng,private_calls,0,0.01524,0.09901
eng,private_calls,1,0.00402,0.02585
eng,private_calls,1,0.98516,0.74032
eng,private_calls,0,0.00372,0.00511
eng,private_calls,0,0.00368,0.00669
eng,private_calls,1,0.16410,0.52123
eng,private_calls,0,0.98814,0.91023
eng,private_calls,0,0.00396,0.02190
eng,private_calls,0,0.00368,0.00758
eng,private_calls,0,0.00369,0.01118
eng,private_calls,0,0.00372,0.02779
eng,private_calls,0,0.00368,0.00980
eng,private_calls,1,0.93199,0.64688
eng,private_calls,1,0.93036,0.70838
eng,private_calls,0,0.00369,0.00671
eng,private_calls,0,0.00370,0.00589
eng,private_calls,0,0.00374,0.00691
eng,private_calls,0,0.00378,0.00550
eng,private_calls,1,0.99065,0.93275
eng,private_calls,1,0.01798,0.11400
eng,private_calls,1,0.00368,0.00647
eng,private_calls,1,0.00438,0.03987
eng,private_calls,1,0.99169,0.90397
eng,private_calls,0,0.00378,0.00498
eng,private_calls,0,0.00379,0.00491
eng,private_calls,0,0.00376,0.00500
eng,private_calls,0,0.00377,0.00523
eng,private_calls,0,0.00489,0.02383
eng,private_calls,0,0.86454,0.37290
eng,private_calls,0,0.00368,0.00612
eng,private_calls,0,0.00370,0.00581
eng,private_calls,1,0.13858,0.14451
eng,private_calls,0,0.00888,0.07012
eng,private_calls,1,0.00414,0.02669
eng,private_calls,0,0.00368,0.00654
eng,private_calls,0,0.00533,0.21873
eng,private_calls,0,0.00502,0.07114
eng,private_calls,0,0.00834,0.14633
eng,private_calls,1,0.92474,0.73299
eng,private_calls,1,0.86940,0.73617
eng,private_calls,0,0.89932,0.30965
eng,private_calls,0,0.06213,0.06607
eng,private_calls,0,0.00389,0.00975
eng,private_calls,1,0.00369,0.02577
eng,private_calls,0,0.00390,0.00916
eng,private_calls,0,0.00415,0.02524
eng,private_calls,0,0.00382,0.01355
eng,private_calls,0,0.00380,0.01084
eng,private_calls,0,0.01005,0.05141
eng,private_calls,0,0.90484,0.22375
eng,private_calls,0,0.86078,0.06162
eng,private_calls,0,0.00363,0.00670
eng,private_calls,0,0.00380,0.00976
eng,private_calls,0,0.00361,0.00628
eng,private_calls,0,0.00367,0.00516
eng,private_calls,1,0.97259,0.55311
eng,private_calls,0,0.00492,0.03327
eng,private_calls,0,0.00509,0.05028
eng,private_calls,0,0.00369,0.00752
eng,private_calls,0,0.00389,0.00877
eng,private_calls,0,0.00359,0.00579
eng,private_calls,0,0.00366,0.00520
eng,private_calls,0,0.00363,0.00623
eng,private_calls,0,0.00359,0.00615
eng,private_calls,0,0.48996,0.14348
eng,private_calls,0,0.00365,0.00551
eng,private_calls,1,0.97863,0.76740
eng,private_calls,0,0.00362,0.01380
eng,private_calls,0,0.64949,0.15668
eng,private_calls,0,0.00362,0.00536
eng,private_calls,0,0.00369,0.00513
eng,private_calls,0,0.00376,0.02844
eng,private_calls,0,0.12960,0.06004
eng,private_calls,0,0.00370,0.00514
eng,private_calls,0,0.00365,0.00630
eng,private_calls,0,0.00363,0.00800
eng,private_calls,1,0.97708,0.88356
eng,private_calls,0,0.00358,0.00562
eng,private_calls,0,0.00360,0.00560
eng,private_calls,0,0.00380,0.02223
eng,private_calls,0,0.00387,0.01857
eng,private_calls,0,0.00361,0.01037
eng,private_calls,0,0.00420,0.08022
eng,private_calls,1,0.98235,0.39000
eng,private_calls,0,0.00361,0.00632
eng,private_calls,1,0.98746,0.72164
eng,private_calls,0,0.00367,0.01095
eng,private_calls,0,0.00358,0.00527
eng,private_calls,0,0.00395,0.01095
eng,private_calls,0,0.00361,0.01581
eng,private_calls,0,0.00371,0.02030
eng,private_calls,0,0.97251,0.52473
eng,private_calls,1,0.94759,0.35962
eng,private_calls,0,0.00557,0.03759
eng,private_calls,0,0.00531,0.02889
eng,private_calls,1,0.05133,0.39371
eng,private_calls,0,0.00362,0.00784
eng,private_calls,0,0.00355,0.01019
eng,private_calls,1,0.63264,0.35750
eng,private_calls,0,0.00367,0.00518
eng,private_calls,0,0.00365,0.00505
eng,private_calls,0,0.00368,0.00517
eng,private_calls,0,0.00357,0.00775
eng,private_calls,0,0.00378,0.01319
eng,private_calls,1,0.98117,0.39160
eng,private_calls,0,0.00364,0.00533
eng,private_calls,0,0.00359,0.01126
eng,private_calls,0,0.00360,0.01404
eng,private_calls,0,0.06309,0.11420
eng,private_calls,0,0.00361,0.01859
eng,private_calls,1,0.96889,0.67884
eng,private_calls,0,0.13934,0.08059
eng,private_calls,0,0.00364,0.00625
eng,private_calls,1,0.88767,0.73767
eng,private_calls,1,0.97803,0.72041
eng,private_calls,0,0.00363,0.00545
eng,private_calls,1,0.08372,0.50206
eng,private_calls,1,0.98297,0.82213
eng,private_calls,0,0.23964,0.03636
eng,private_calls,0,0.00364,0.00787
eng,private_calls,0,0.00378,0.01372
eng,private_calls,0,0.00359,0.00580
eng,private_calls,0,0.00365,0.00600
eng,private_calls,0,0.00362,0.01010
eng,private_calls,0,0.00475,0.04914
eng,private_calls,0,0.00398,0.03761
eng,private_calls,0,0.00360,0.00806
eng,private_calls,1,0.97556,0.71985
eng,private_calls,0,0.95607,0.67833
eng,private_calls,0,0.98935,0.80978
eng,private_calls,0,0.94425,0.09795
eng,private_calls,0,0.00367,0.00803
eng,private_calls,0,0.00450,0.02159
eng,private_calls,0,0.00367,0.00580
eng,private_calls,0,0.99014,0.69489
eng,private_calls,0,0.00394,0.01762
eng,private_calls,0,0.00402,0.02361
eng,private_calls,0,0.00374,0.01877
eng,private_calls,0,0.11080,0.08455
eng,private_calls,0,0.00365,0.00817
eng,private_calls,0,0.00360,0.00774
eng,private_calls,0,0.04595,0.03985
eng,private_calls,0,0.00368,0.00696
eng,private_calls,0,0.52371,0.05599
eng,private_calls,0,0.00365,0.00793
eng,private_calls,0,0.00363,0.00829
eng,private_calls,1,0.95975,0.68869
eng,private_calls,0,0.99213,0.74770
eng,private_calls,0,0.01168,0.02718
eng,private_calls,0,0.00397,0.01449
eng,private_calls,0,0.00364,0.00881
eng,private_calls,1,0.94749,0.58924
eng,private_calls,0,0.08840,0.05875
eng,private_calls,0,0.00760,0.02636
eng,private_calls,0,0.00426,0.02207
eng,private_calls,0,0.00847,0.06648
eng,private_calls,0,0.00384,0.02489
eng,private_calls,0,0.00920,0.03921
eng,private_calls,0,0.00360,0.01041
eng,private_calls,0,0.00392,0.01325
eng,private_calls,0,0.00539,0.01364
eng,private_calls,0,0.00419,0.01239
eng,private_calls,0,0.00514,0.02114
eng,private_calls,0,0.97772,0.55179
eng,private_calls,0,0.00371,0.02070
eng,private_calls,0,0.00361,0.00975
eng,private_calls,1,0.06321,0.14869
eng,private_calls,0,0.00363,0.01331
eng,private_calls,0,0.06327,0.09823
eng,private_calls,0,0.05467,0.25767
eng,private_calls,1,0.98539,0.92384
eng,private_calls,1,0.99213,0.98946
eng,private_calls,0,0.00385,0.00976
eng,private_calls,0,0.01539,0.02315
eng,private_calls,1,0.95558,0.62218
eng,private_calls,0,0.00617,0.01613
eng,private_calls,0,0.45358,0.33190
eng,private_calls,0,0.00368,0.00998
eng,private_calls,0,0.02030,0.04962
eng,private_calls,0,0.00373,0.01188
eng,private_calls,0,0.02995,0.07879
eng,private_calls,0,0.00484,0.05371
eng,private_calls,0,0.00367,0.00764
eng,private_calls,1,0.95251,0.35228
eng,private_calls,0,0.00361,0.01069
eng,private_calls,1,0.91712,0.51409
eng,private_calls,0,0.98964,0.21042
eng,private_calls,1,0.98609,0.20709
eng,private_calls,1,0.08547,0.05627
eng,private_calls,0,0.00358,0.00781
eng,private_calls,0,0.00511,0.05892
eng,private_calls,0,0.00394,0.01776
eng,private_calls,0,0.00363,0.01004
eng,private_calls,1,0.00515,0.03331
eng,private_calls,0,0.13896,0.07816
eng,private_calls,0,0.06051,0.36481
eng,private_calls,0,0.00406,0.01619
eng,private_calls,1,0.97006,0.34091
eng,private_calls,0,0.00388,0.01664
eng,private_calls,0,0.00371,0.01061
eng,private_calls,0,0.00413,0.04939
eng,private_calls,1,0.84841,0.39209
eng,private_calls,0,0.00475,0.02500
eng,private_calls,1,0.04347,0.36663
eng,private_calls,0,0.00409,0.02214
eng,private_calls,0,0.00371,0.01234
eng,private_calls,0,0.98729,0.62323
eng,private_calls,1,0.98983,0.89819
eng,private_calls,1,0.22422,0.67250
eng,private_calls,0,0.99026,0.64233
eng,private_calls,0,0.00365,0.00867
eng,private_calls,1,0.98618,0.78456
eng,private_calls,0,0.00526,0.06867
eng,private_calls,0,0.00363,0.00563
eng,private_calls,1,0.98952,0.88175
eng,private_calls,0,0.00525,0.02450
eng,private_calls,0,0.01874,0.02058
eng,private_calls,1,0.99000,0.96957
eng,private_calls,0,0.00361,0.00689
eng,private_calls,1,0.06360,0.24008
eng,private_calls,0,0.00359,0.00991
eng,private_calls,1,0.99098,0.96990
eng,private_calls,0,0.98577,0.43982
eng,private_calls,0,0.89176,0.51173
eng,private_calls,0,0.00365,0.00711
eng,private_calls,0,0.00363,0.00613
eng,private_calls,0,0.99192,0.95553
eng,private_calls,1,0.99198,0.92148
eng,private_calls,1,0.99128,0.94253
eng,private_calls,1,0.99199,0.96369
eng,private_calls,1,0.00384,0.07959
eng,private_calls,1,0.99121,0.89751
eng,private_calls,0,0.00365,0.00557
eng,private_calls,1,0.85389,0.51222
eng,private_calls,1,0.98773,0.79236
eng,private_calls,1,0.99228,0.96611
eng,private_calls,0,0.99154,0.84282
eng,private_calls,1,0.89452,0.83943
eng,private_calls,0,0.00375,0.00556
eng,private_calls,0,0.97721,0.15909
eng,private_calls,1,0.04889,0.05680
eng,private_calls,1,0.86529,0.27685
eng,private_calls,0,0.00368,0.00608
eng,private_calls,0,0.01007,0.06235
eng,private_calls,1,0.06144,0.55759
eng,private_calls,0,0.00602,0.02127
eng,private_calls,0,0.01816,0.11979
eng,private_calls,0,0.00375,0.01117
eng,private_calls,0,0.00377,0.04656
eng,private_calls,0,0.00378,0.01073
eng,private_calls,0,0.96123,0.49036
eng,private_calls,0,0.00365,0.00758
eng,private_calls,1,0.00369,0.01849
eng,private_calls,0,0.94202,0.03217
eng,private_calls,1,0.93376,0.33476
eng,private_calls,0,0.00366,0.00636
eng,private_calls,0,0.98542,0.13873
eng,private_calls,0,0.00368,0.00950
eng,private_calls,0,0.28664,0.22147
eng,private_calls,0,0.00364,0.00894
eng,private_calls,0,0.82051,0.38383
eng,private_calls,0,0.00363,0.00633
eng,private_calls,0,0.01912,0.02817
eng,private_calls,0,0.00365,0.00563
eng,private_calls,1,0.98938,0.74955
eng,private_calls,0,0.98969,0.75041
eng,private_calls,0,0.00373,0.00617
eng,private_calls,0,0.00367,0.00547
eng,private_calls,0,0.00388,0.01162
eng,private_calls,0,0.00363,0.01102
eng,private_calls,1,0.98822,0.61110
eng,private_calls,0,0.99036,0.85374
eng,private_calls,0,0.13170,0.04306
eng,private_calls,0,0.51026,0.02486
eng,private_calls,0,0.00415,0.00709
eng,private_calls,0,0.02276,0.04139
eng,private_calls,0,0.98672,0.02234
eng,private_calls,0,0.00377,0.00596
eng,private_calls,0,0.01376,0.04032
eng,private_calls,0,0.00393,0.01895
eng,private_calls,1,0.96470,0.65521
eng,private_calls,0,0.08314,0.06666
eng,private_calls,0,0.00757,0.01473
eng,private_calls,0,0.00364,0.00654
eng,private_calls,1,0.86391,0.85421
eng,private_calls,0,0.99242,0.81400
eng,private_calls,1,0.00687,0.22318
eng,private_calls,1,0.00376,0.02752
eng,private_calls,0,0.00364,0.00656
eng,private_calls,0,0.49344,0.08794
eng,private_calls,1,0.98544,0.56628
eng,private_calls,0,0.00372,0.00539
eng,private_calls,0,0.00366,0.00794
eng,private_calls,0,0.00368,0.00493
eng,private_calls,0,0.00364,0.00547
eng,private_calls,0,0.01445,0.02815
eng,private_calls,0,0.00362,0.00949
eng,private_calls,1,0.01961,0.06590
eng,private_calls,0,0.00368,0.00934
eng,private_calls,0,0.00529,0.02159
eng,private_calls,0,0.00366,0.00552
eng,private_calls,0,0.00429,0.02642
eng,private_calls,1,0.61541,0.32327
eng,private_calls,0,0.98525,0.65423
eng,private_calls,0,0.00402,0.02622
eng,private_calls,1,0.90874,0.73887
eng,private_calls,0,0.00366,0.00585
eng,private_calls,0,0.00394,0.02195
eng,private_calls,0,0.76440,0.30794
eng,private_calls,0,0.00376,0.01163
eng,private_calls,1,0.98316,0.46870
eng,private_calls,0,0.00366,0.00783
eng,private_calls,0,0.00956,0.04295
eng,private_calls,0,0.00406,0.04428
eng,private_calls,0,0.00371,0.02067
eng,private_calls,1,0.02008,0.07397
eng,private_calls,0,0.97757,0.42272
eng,private_calls,0,0.00361,0.00782
eng,private_calls,0,0.00385,0.01155
eng,private_calls,0,0.00725,0.03447
eng,private_calls,0,0.00370,0.00642
eng,private_calls,0,0.01451,0.03324
eng,private_calls,0,0.00368,0.01195
eng,private_calls,0,0.00383,0.01786
eng,private_calls,0,0.00656,0.04602
eng,private_calls,0,0.00462,0.02231
eng,private_calls,1,0.99165,0.93139
eng,private_calls,0,0.00619,0.01396
eng,private_calls,0,0.00366,0.00794
eng,private_calls,0,0.00459,0.02959
eng,private_calls,0,0.98698,0.37928
eng,private_calls,1,0.99154,0.86492
eng,private_calls,0,0.00451,0.02027
eng,private_calls,1,0.93229,0.50421
eng,private_calls,0,0.11501,0.03204
eng,private_calls,0,0.00369,0.00607
eng,private_calls,1,0.99147,0.80638
eng,private_calls,0,0.00366,0.00604
eng,private_calls,0,0.00362,0.00883
eng,private_calls,0,0.00417,0.07308
eng,private_calls,0,0.00368,0.00560
eng,private_calls,1,0.96726,0.74767
eng,private_calls,0,0.00370,0.00693
eng,private_calls,1,0.98349,0.62198
eng,private_calls,0,0.00774,0.02535
eng,private_calls,1,0.00370,0.00837
eng,private_calls,1,0.00364,0.02159
eng,private_calls,1,0.97304,0.64287
eng,private_calls,0,0.00525,0.02165
eng,private_calls,0,0.00616,0.05308
eng,private_calls,1,0.97908,0.82168
eng,private_calls,0,0.00427,0.01986
eng,private_calls,1,0.94527,0.58872
eng,private_calls,0,0.00420,0.10809
eng,private_calls,0,0.00373,0.01554
eng,private_calls,0,0.00370,0.01373
eng,private_calls,0,0.99181,0.64123
eng,private_calls,0,0.01463,0.11601
eng,private_calls,0,0.99257,0.94640
eng,private_calls,0,0.97487,0.22455
eng,private_calls,0,0.95334,0.06521
eng,private_calls,0,0.00404,0.02981
eng,private_calls,0,0.97872,0.38107
eng,private_calls,0,0.00560,0.02452
eng,private_calls,1,0.98231,0.59228
eng,private_calls,0,0.00522,0.02621
eng,private_calls,0,0.00371,0.02088
eng,private_calls,1,0.98114,0.58391
eng,private_calls,0,0.99267,0.85361
eng,private_calls,0,0.00607,0.03466
eng,private_calls,0,0.99071,0.37882
eng,private_calls,0,0.20016,0.06980
eng,private_calls,0,0.00365,0.01014
eng,private_calls,1,0.54129,0.51602
eng,private_calls,0,0.99162,0.39488
eng,private_calls,0,0.99181,0.89007
eng,private_calls,0,0.00478,0.03632
eng,private_calls,0,0.13089,0.06460
eng,private_calls,1,0.50796,0.33308
eng,private_calls,0,0.99162,0.95553
eng,private_calls,0,0.00997,0.06062
eng,private_calls,0,0.98248,0.12612
eng,private_calls,0,0.98685,0.23897
eng,private_calls,0,0.00407,0.03002
eng,private_calls,1,0.99252,0.98325
eng,private_calls,0,0.99231,0.96959
eng,private_calls,1,0.99229,0.65575
eng,private_calls,0,0.88105,0.43088
eng,private_calls,0,0.00372,0.00797
eng,private_calls,0,0.00415,0.01907
eng,private_calls,0,0.99070,0.56312
eng,private_calls,0,0.00407,0.00964
eng,private_calls,0,0.05251,0.01773
eng,private_calls,0,0.00417,0.01502
eng,private_calls,0,0.00593,0.05036
eng,private_calls,0,0.00558,0.04602
eng,private_calls,0,0.16827,0.17152
eng,private_calls,1,0.20876,0.26234
eng,private_calls,0,0.01286,0.08965
eng,private_calls,1,0.98116,0.52049
eng,private_calls,0,0.00558,0.03641
eng,private_calls,1,0.98020,0.54344
eng,private_calls,0,0.09046,0.10837
eng,private_calls,0,0.00454,0.04769
eng,private_calls,1,0.99076,0.90734
eng,private_calls,0,0.99269,0.92707
eng,private_calls,1,0.99184,0.77117
eng,private_calls,1,0.99239,0.98694
eng,private_calls,1,0.51297,0.14446
eng,private_calls,1,0.98765,0.93240
eng,private_calls,1,0.99259,0.98522
eng,private_calls,0,0.58237,0.18873
eng,private_calls,0,0.96652,0.09078
eng,private_calls,0,0.02907,0.07085
eng,private_calls,0,0.15849,0.16052
eng,private_calls,0,0.00368,0.01564
eng,private_calls,1,0.99194,0.98081
eng,private_calls,0,0.00368,0.01072
eng,private_calls,1,0.67187,0.43843
eng,private_calls,1,0.00413,0.01417
eng,private_calls,1,0.99195,0.95941
eng,private_calls,0,0.00449,0.02917
eng,private_calls,0,0.00581,0.05444
eng,private_calls,0,0.00374,0.00700
eng,private_calls,0,0.00370,0.00610
eng,private_calls,0,0.00374,0.00616
eng,private_calls,1,0.94779,0.62155
eng,private_calls,0,0.38511,0.32697
eng,private_calls,0,0.78929,0.04995
eng,private_calls,0,0.00364,0.00710
eng,private_calls,0,0.00439,0.04426
eng,private_calls,1,0.98852,0.86915
eng,private_calls,0,0.00367,0.01704
eng,private_calls,0,0.78611,0.12124
eng,private_calls,0,0.00393,0.01242
eng,private_calls,0,0.63433,0.05134
eng,private_calls,1,0.24143,0.47454
eng,private_calls,0,0.00366,0.00561
eng,private_calls,0,0.00412,0.01463
eng,private_calls,1,0.95294,0.52622
eng,private_calls,0,0.00354,0.00724
eng,private_calls,0,0.00370,0.01656
eng,private_calls,1,0.97525,0.65879
eng,private_calls,0,0.00363,0.01300
eng,private_calls,0,0.05390,0.06383
eng,private_calls,1,0.98979,0.86729
eng,private_calls,0,0.00362,0.00649
eng,private_calls,0,0.96710,0.21938
eng,private_calls,0,0.00361,0.00555
eng,private_calls,0,0.00382,0.00849
eng,private_calls,0,0.00374,0.00746
eng,private_calls,0,0.00374,0.01655
eng,private_calls,0,0.00366,0.01300
eng,private_calls,0,0.00366,0.00616
eng,private_calls,0,0.00371,0.00840
eng,private_calls,0,0.00366,0.00699
eng,private_calls,0,0.00364,0.00564
eng,private_calls,0,0.00358,0.03630
eng,private_calls,0,0.01198,0.05132
eng,private_calls,0,0.00425,0.01329
eng,private_calls,1,0.99047,0.83906
eng,private_calls,0,0.00360,0.00602
eng,private_calls,0,0.00362,0.00581
eng,private_calls,0,0.00361,0.00689
eng,private_calls,0,0.00360,0.00632
eng,private_calls,0,0.00394,0.01583
eng,private_calls,0,0.00359,0.00792
eng,private_calls,0,0.00569,0.05403
eng,private_calls,0,0.00364,0.00670
eng,private_calls,1,0.77434,0.67631
eng,private_calls,1,0.99049,0.35582
eng,private_calls,0,0.98476,0.34668
eng,private_calls,0,0.00594,0.03388
eng,private_calls,1,0.96869,0.58853
eng,private_calls,0,0.00362,0.00707
eng,private_calls,0,0.00408,0.05649
eng,private_calls,0,0.43809,0.15897
eng,private_calls,0,0.00362,0.00722
eng,private_calls,0,0.00362,0.02457
eng,private_calls,0,0.00363,0.00704
eng,private_calls,1,0.17892,0.13290
eng,private_calls,0,0.01551,0.02947
eng,private_calls,0,0.00369,0.01664
eng,private_calls,0,0.00364,0.00625
eng,private_calls,0,0.00367,0.03577
eng,private_calls,0,0.56802,0.23185
eng,private_calls,0,0.00415,0.08295
eng,private_calls,0,0.04624,0.19669
eng,private_calls,0,0.00358,0.00708
eng,private_calls,1,0.98213,0.66670
eng,private_calls,0,0.00360,0.00591
eng,private_calls,1,0.00361,0.00713
eng,private_calls,0,0.00366,0.00564
eng,private_calls,0,0.00365,0.00648
eng,private_calls,0,0.00371,0.01442
eng,private_calls,0,0.00372,0.01219
eng,private_calls,0,0.82308,0.08129
eng,private_calls,0,0.00447,0.01917
eng,private_calls,0,0.00370,0.00561
eng,private_calls,1,0.97838,0.13532
eng,private_calls,0,0.01817,0.04319
eng,private_calls,0,0.01546,0.02196
eng,private_calls,1,0.99038,0.89622
eng,private_calls,1,0.02326,0.07732
eng,private_calls,0,0.01106,0.10082
eng,private_calls,0,0.24765,0.05739
eng,private_calls,0,0.32143,0.21201
eng,private_calls,1,0.98472,0.32823
eng,private_calls,0,0.00687,0.02304
eng,private_calls,0,0.71498,0.12282
eng,private_calls,1,0.99104,0.86356
eng,private_calls,0,0.00366,0.00694
eng,private_calls,0,0.00363,0.00644
eng,private_calls,0,0.00367,0.00680
eng,private_calls,0,0.00376,0.01193
eng,private_calls,0,0.00377,0.02013
eng,private_calls,1,0.99136,0.82886
eng,private_calls,0,0.00678,0.02893
eng,private_calls,0,0.00390,0.00914
eng,private_calls,0,0.00372,0.00563
eng,private_calls,1,0.43748,0.31765
eng,private_calls,0,0.00374,0.00684
eng,private_calls,1,0.99200,0.93153
eng,private_calls,0,0.00366,0.00800
eng,private_calls,0,0.00976,0.04408
eng,private_calls,1,0.99080,0.92867
eng,private_calls,0,0.01225,0.03185
eng,private_calls,0,0.93653,0.35838
eng,private_calls,0,0.00372,0.01066
eng,private_calls,1,0.99104,0.87438
eng,private_calls,0,0.00362,0.00618
eng,private_calls,0,0.94769,0.57315
eng,private_calls,0,0.85098,0.36010
eng,private_calls,0,0.00357,0.00964
eng,private_calls,1,0.51907,0.18076
eng,private_calls,0,0.00363,0.00613
eng,private_calls,1,0.99080,0.88109
eng,private_calls,0,0.00364,0.00685
eng,private_calls,1,0.99079,0.84897
eng,private_calls,0,0.22362,0.03016
eng,private_calls,0,0.00371,0.00523
eng,private_calls,0,0.00362,0.00932
eng,private_calls,0,0.00367,0.00594
eng,private_calls,1,0.98850,0.59812
eng,private_calls,0,0.00366,0.00577
eng,private_calls,0,0.00364,0.00547
eng,private_calls,0,0.47173,0.08922
eng,private_calls,1,0.99006,0.88769
eng,private_calls,0,0.01720,0.01412
eng,private_calls,0,0.00372,0.01096
eng,private_calls,0,0.00369,0.00633
eng,private_calls,1,0.97281,0.62550
eng,private_calls,0,0.00379,0.01242
eng,private_calls,1,0.99096,0.94230
eng,private_calls,1,0.98469,0.74076
eng,private_calls,1,0.00522,0.04591
eng,private_calls,1,0.98987,0.77140
eng,private_calls,0,0.00394,0.01716
eng,private_calls,1,0.89599,0.26218
eng,private_calls,0,0.01033,0.06161
eng,private_calls,0,0.00379,0.01030
eng,private_calls,1,0.20552,0.15884
eng,private_calls,1,0.76929,0.16371
eng,private_calls,1,0.00853,0.10528
eng,private_calls,0,0.00414,0.00947
eng,private_calls,0,0.00375,0.00831
eng,private_calls,1,0.98663,0.14007
eng,private_calls,0,0.00383,0.00777
eng,private_calls,0,0.81935,0.18879
eng,private_calls,0,0.00369,0.00777
eng,private_calls,1,0.00779,0.03875
eng,private_calls,0,0.00417,0.01278
eng,private_calls,0,0.88983,0.53156
eng,private_calls,0,0.97820,0.63765
eng,private_calls,0,0.00373,0.00749
eng,private_calls,0,0.00369,0.00908
eng,private_calls,0,0.00384,0.01108
eng,private_calls,0,0.90872,0.18460
eng,private_calls,0,0.00384,0.02428
eng,private_calls,0,0.89877,0.09194
eng,private_calls,0,0.97402,0.17349
eng,private_calls,0,0.00372,0.00766
eng,private_calls,0,0.00377,0.01409
eng,private_calls,0,0.96218,0.42879
eng,private_calls,0,0.00377,0.01449
eng,private_calls,0,0.00372,0.00940
eng,private_calls,0,0.00415,0.03205
eng,private_calls,0,0.00394,0.01562
eng,private_calls,0,0.00378,0.00772
eng,private_calls,0,0.94725,0.38989
eng,private_calls,0,0.00379,0.01148
eng,private_calls,0,0.25203,0.13782
eng,private_calls,0,0.11395,0.04544
eng,private_calls,0,0.00371,0.00903
eng,private_calls,1,0.25941,0.41993
eng,private_calls,1,0.85620,0.88270
eng,private_calls,0,0.11686,0.02252
eng,private_calls,0,0.00369,0.00864
eng,private_calls,0,0.02918,0.03473
eng,private_calls,1,0.58970,0.25256
eng,private_calls,0,0.01134,0.05147
eng,private_calls,0,0.40201,0.20052
eng,private_calls,1,0.00378,0.01969
eng,private_calls,0,0.02639,0.13399
eng,private_calls,0,0.00391,0.01646
eng,private_calls,0,0.92667,0.16682
eng,private_calls,0,0.00375,0.01002
eng,private_calls,0,0.00374,0.00831
eng,private_calls,0,0.94592,0.34002
eng,private_calls,0,0.00374,0.00828
eng,private_calls,0,0.00369,0.00778
eng,private_calls,0,0.01155,0.10003
eng,private_calls,0,0.00385,0.01079
eng,private_calls,0,0.00418,0.02008
eng,private_calls,1,0.98693,0.34658
eng,private_calls,0,0.99227,0.30616
eng,private_calls,0,0.40007,0.05654
eng,private_calls,0,0.94972,0.17416
eng,private_calls,0,0.45229,0.09723
eng,private_calls,1,0.00373,0.04806
eng,private_calls,0,0.00371,0.00777
eng,private_calls,0,0.01888,0.14218
eng,private_calls,0,0.00463,0.03326
eng,private_calls,0,0.00367,0.00863
eng,private_calls,0,0.00372,0.00974
eng,private_calls,0,0.00372,0.00851
eng,private_calls,1,0.74212,0.27843
eng,private_calls,0,0.00894,0.05723
eng,private_calls,0,0.00370,0.01178
eng,private_calls,0,0.25467,0.07007
eng,private_calls,0,0.00390,0.01792
eng,private_calls,0,0.00372,0.00843
eng,private_calls,0,0.00372,0.01032
eng,private_calls,0,0.00389,0.02515
eng,private_calls,0,0.02734,0.10174
eng,private_calls,0,0.00501,0.02565
eng,private_calls,0,0.91966,0.22051
eng,private_calls,0,0.32637,0.54774
eng,private_calls,0,0.01380,0.05278
eng,private_calls,0,0.00370,0.00788
eng,private_calls,0,0.00422,0.02893
eng,private_calls,0,0.00390,0.01360
eng,private_calls,1,0.97787,0.22284
eng,private_calls,0,0.98532,0.45761
eng,private_calls,1,0.89280,0.24113
eng,private_calls,1,0.98781,0.74931
eng,private_calls,1,0.98979,0.69500
eng,private_calls,1,0.98126,0.50222
eng,private_calls,0,0.00445,0.02693
eng,private_calls,0,0.00367,0.00690
eng,private_calls,1,0.97551,0.85714
eng,private_calls,0,0.00407,0.01311
eng,private_calls,1,0.17471,0.76496
eng,private_calls,1,0.97909,0.81704
eng,private_calls,0,0.00366,0.00611
eng,private_calls,0,0.00368,0.01271
eng,private_calls,0,0.00517,0.05705
eng,private_calls,1,0.99238,0.95580
eng,private_calls,0,0.00367,0.00646
eng,private_calls,0,0.00394,0.01256
eng,private_calls,0,0.00953,0.06846
eng,private_calls,1,0.81244,0.69695
eng,private_calls,0,0.00371,0.00660
eng,private_calls,0,0.00371,0.01099
eng,private_calls,1,0.56658,0.44214
eng,private_calls,0,0.75313,0.21736
eng,private_calls,0,0.16399,0.14820
eng,private_calls,0,0.00437,0.02845
eng,private_calls,0,0.00379,0.01364
eng,private_calls,0,0.00375,0.01256
eng,private_calls,1,0.98578,0.85248
eng,private_calls,0,0.02130,0.03372
eng,private_calls,0,0.00372,0.01098
eng,private_calls,0,0.00377,0.01561
eng,private_calls,0,0.00374,0.01492
eng,private_calls,0,0.00386,0.03301
eng,private_calls,0,0.99009,0.16118
eng,private_calls,0,0.00425,0.02270
eng,private_calls,0,0.00371,0.00781
eng,private_calls,0,0.00367,0.00830
eng,private_calls,1,0.98496,0.68003
eng,private_calls,0,0.00393,0.02110
eng,private_calls,0,0.00371,0.00921
eng,private_calls,0,0.22357,0.09247
eng,private_calls,0,0.00377,0.01460
eng,private_calls,0,0.00365,0.00683
eng,private_calls,0,0.00413,0.01945
eng,private_calls,1,0.98954,0.91543
eng,private_calls,0,0.00372,0.01245
eng,private_calls,0,0.00367,0.01793
eng,private_calls,0,0.00371,0.01143
eng,private_calls,1,0.92253,0.48846
eng,private_calls,0,0.00364,0.01151
eng,private_calls,0,0.00371,0.01063
eng,private_calls,0,0.00383,0.01967
eng,private_calls,0,0.00373,0.01113
eng,private_calls,0,0.00367,0.02125
eng,private_calls,0,0.06989,0.17574
eng,private_calls,0,0.00378,0.02254
eng,private_calls,0,0.93947,0.47219
eng,private_calls,1,0.94714,0.40069
eng,private_calls,0,0.00374,0.01333
eng,private_calls,0,0.00369,0.00845
eng,private_calls,0,0.00370,0.01073
eng,private_calls,0,0.00364,0.00829
eng,private_calls,1,0.99188,0.93948
eng,private_calls,0,0.00366,0.00846
eng,private_calls,0,0.00471,0.03273
eng,private_calls,0,0.53277,0.13224
eng,private_calls,0,0.00365,0.01205
eng,private_calls,0,0.00384,0.01527
eng,private_calls,0,0.02672,0.04860
eng,private_calls,0,0.00363,0.00713
eng,private_calls,0,0.00370,0.01176
eng,private_calls,0,0.00641,0.01524
eng,private_calls,0,0.00404,0.03136
eng,private_calls,0,0.00368,0.00745
eng,private_calls,0,0.00461,0.02567
eng,private_calls,0,0.00374,0.01202
eng,private_calls,1,0.33527,0.35181
eng,private_calls,0,0.00398,0.02085
eng,private_calls,0,0.00370,0.00756
eng,private_calls,0,0.00368,0.00779
eng,private_calls,0,0.00374,0.01174
eng,private_calls,1,0.98870,0.95342
eng,private_calls,0,0.98565,0.16483
eng,private_calls,1,0.00394,0.02089
eng,private_calls,1,0.00376,0.01178
eng,private_calls,0,0.01088,0.03118
eng,private_calls,0,0.00564,0.00861
eng,private_calls,0,0.00410,0.01929
eng,private_calls,1,0.98421,0.31682
eng,private_calls,0,0.00366,0.00763
eng,private_calls,0,0.01290,0.08974
eng,private_calls,0,0.00368,0.00735
eng,private_calls,0,0.74507,0.03336
eng,private_calls,0,0.00494,0.01633
eng,private_calls,0,0.00374,0.00992
eng,private_calls,0,0.00377,0.01385
eng,private_calls,0,0.00392,0.02398
eng,private_calls,0,0.00423,0.04696
eng,private_calls,0,0.00383,0.01830
eng,private_calls,0,0.00373,0.00727
eng,private_calls,0,0.00370,0.00886
eng,private_calls,0,0.00364,0.00956
eng,private_calls,0,0.00387,0.01780
eng,private_calls,0,0.00399,0.01663
eng,private_calls,0,0.00374,0.01040
eng,private_calls,0,0.00368,0.01026
eng,private_calls,1,0.99070,0.86841
eng,private_calls,0,0.00371,0.00840
eng,private_calls,0,0.93070,0.50946
eng,private_calls,0,0.03281,0.05137
eng,private_calls,0,0.00376,0.00620
eng,private_calls,0,0.00412,0.01327
eng,private_calls,0,0.00408,0.02240
eng,private_calls,0,0.95346,0.48011
eng,private_calls,0,0.26280,0.11632
eng,private_calls,0,0.00378,0.00829
eng,private_calls,0,0.00370,0.01182
eng,private_calls,0,0.01313,0.01930
eng,private_calls,0,0.00381,0.01619
eng,private_calls,0,0.00377,0.00665
eng,private_calls,0,0.00374,0.00878
eng,private_calls,0,0.00363,0.00772
eng,private_calls,0,0.00368,0.00693
eng,private_calls,0,0.00543,0.06966
eng,private_calls,0,0.01207,0.03313
eng,private_calls,1,0.67860,0.48934
eng,private_calls,0,0.27287,0.33729
eng,private_calls,0,0.00368,0.00986
eng,private_calls,0,0.00518,0.01841
eng,private_calls,0,0.00372,0.00548
eng,private_calls,0,0.00369,0.01071
eng,private_calls,0,0.04368,0.21664
eng,private_calls,0,0.00386,0.01663
eng,private_calls,0,0.00464,0.01757
eng,private_calls,0,0.01129,0.02443
eng,private_calls,0,0.98324,0.13413
eng,private_calls,0,0.00375,0.00890
eng,private_calls,0,0.00390,0.01570
eng,private_calls,0,0.06188,0.04302
eng,private_calls,0,0.00454,0.02476
eng,private_calls,0,0.00370,0.00612
eng,private_calls,1,0.00487,0.02638
eng,private_calls,1,0.99215,0.98247
eng,private_calls,1,0.85368,0.64631
eng,private_calls,0,0.00370,0.00647
eng,private_calls,1,0.01917,0.23291
eng,private_calls,0,0.00373,0.00750
eng,private_calls,1,0.00837,0.11901
eng,private_calls,0,0.00366,0.01281
eng,private_calls,0,0.91915,0.33317
eng,private_calls,0,0.02164,0.03835
eng,private_calls,0,0.00380,0.01421
eng,private_calls,1,0.94991,0.71585
eng,private_calls,0,0.00389,0.01668
eng,private_calls,0,0.00451,0.01930
eng,private_calls,0,0.34223,0.16012
eng,private_calls,1,0.81969,0.67802
eng,private_calls,0,0.03773,0.56003
eng,private_calls,0,0.00366,0.01138
eng,private_calls,0,0.03043,0.14797
eng,private_calls,0,0.03517,0.10736
eng,private_calls,0,0.00432,0.05206
eng,private_calls,1,0.98245,0.79290
eng,private_calls,0,0.00449,0.02271
eng,private_calls,0,0.00368,0.00736
eng,private_calls,0,0.00413,0.02650
eng,private_calls,0,0.00567,0.03838
eng,private_calls,0,0.00430,0.02267
eng,private_calls,0,0.00372,0.01365
eng,private_calls,0,0.00427,0.04693
eng,private_calls,0,0.00374,0.00558
eng,private_calls,0,0.00365,0.00890
eng,private_calls,0,0.01442,0.26276
eng,private_calls,0,0.00380,0.03270
eng,private_calls,0,0.00374,0.02581
eng,private_calls,1,0.58373,0.41199
eng,private_calls,0,0.97824,0.17252
eng,private_calls,0,0.00368,0.00730
eng,private_calls,0,0.00364,0.00761
eng,private_calls,0,0.02025,0.05674
eng,private_calls,1,0.83669,0.64006
eng,private_calls,1,0.98880,0.91849
eng,private_calls,0,0.00514,0.01795
eng,private_calls,0,0.01581,0.05930
eng,private_calls,0,0.00367,0.00987
eng,private_calls,0,0.00366,0.00969
eng,private_calls,0,0.00378,0.01159
eng,private_calls,0,0.00371,0.01199
eng,private_calls,0,0.07482,0.32070
eng,private_calls,0,0.00369,0.00797
eng,private_calls,1,0.98381,0.87822
eng,private_calls,0,0.91237,0.11777
eng,private_calls,0,0.00369,0.01269
eng,private_calls,0,0.00372,0.01174
eng,private_calls,0,0.00373,0.01648
eng,private_calls,1,0.98963,0.94772
eng,private_calls,1,0.99032,0.86184
eng,private_calls,0,0.00362,0.01161
eng,private_calls,0,0.00376,0.01130
eng,private_calls,1,0.98874,0.78840
eng,private_calls,0,0.99200,0.87990
eng,private_calls,1,0.01339,0.06302
eng,private_calls,1,0.98951,0.90507
eng,private_calls,0,0.00990,0.02972
eng,private_calls,0,0.00360,0.00950
eng,private_calls,0,0.00439,0.03749
eng,private_calls,1,0.98904,0.82540
eng,private_calls,0,0.00405,0.02009
eng,private_calls,1,0.97321,0.82959
eng,private_calls,1,0.97744,0.95669
eng,private_calls,1,0.31407,0.12611
eng,private_calls,0,0.00370,0.00720
eng,private_calls,0,0.00377,0.01832
eng,private_calls,0,0.00363,0.00716
eng,private_calls,1,0.99155,0.78025
eng,private_calls,0,0.00377,0.00585
eng,private_calls,1,0.00435,0.02794
eng,private_calls,0,0.00462,0.03093
eng,private_calls,0,0.97653,0.16171
eng,private_calls,1,0.00390,0.01640
eng,private_calls,1,0.06725,0.19565
eng,private_calls,0,0.00365,0.00899
eng,private_calls,1,0.00611,0.13072
eng,private_calls,1,0.79212,0.54631
eng,private_calls,0,0.00740,0.03011
eng,private_calls,0,0.00406,0.02430
eng,private_calls,0,0.60877,0.12149
eng,private_calls,0,0.06991,0.09014
eng,private_calls,0,0.06903,0.01894
eng,private_calls,0,0.97445,0.09878
eng,private_calls,0,0.00447,0.00979
eng,private_calls,0,0.02556,0.05249
eng,private_calls,0,0.00387,0.02266
eng,private_calls,0,0.00465,0.02089
eng,private_calls,0,0.00395,0.01553
eng,private_calls,0,0.01842,0.05809
eng,private_calls,0,0.00369,0.00770
eng,private_calls,0,0.00370,0.01359
eng,private_calls,0,0.01712,0.03465
eng,private_calls,0,0.00383,0.00861
eng,private_calls,0,0.11852,0.02262
eng,private_calls,0,0.00586,0.02597
eng,private_calls,0,0.00399,0.01983
eng,private_calls,0,0.00381,0.00621
eng,private_calls,0,0.00373,0.00696
eng,private_calls,0,0.00528,0.02139
eng,private_calls,0,0.00375,0.01073
eng,private_calls,0,0.00370,0.00748
eng,private_calls,0,0.97596,0.13602
eng,private_calls,0,0.00390,0.01100
eng,private_calls,0,0.00400,0.01234
eng,private_calls,0,0.09442,0.06739
eng,private_calls,0,0.00389,0.00892
eng,private_calls,0,0.90174,0.26620
eng,private_calls,0,0.00462,0.01818
eng,private_calls,0,0.98817,0.69490
eng,private_calls,0,0.00398,0.01216
eng,private_calls,0,0.00449,0.01399
eng,private_calls,0,0.00376,0.01054
eng,private_calls,0,0.00383,0.01641
eng,private_calls,0,0.00484,0.03551
eng,private_calls,0,0.00376,0.01670
eng,private_calls,0,0.00379,0.00799
eng,private_calls,0,0.00376,0.01284
eng,private_calls,0,0.00428,0.03879
eng,private_calls,1,0.93161,0.51466
eng,private_calls,1,0.00379,0.01166
eng,private_calls,0,0.95262,0.17322
eng,private_calls,1,0.00564,0.09175
eng,private_calls,0,0.00393,0.01857
eng,private_calls,0,0.98290,0.73935
eng,private_calls,0,0.01003,0.07222
eng,private_calls,1,0.98302,0.75560
eng,private_calls,0,0.00372,0.00661
eng,private_calls,0,0.00374,0.00833
eng,private_calls,0,0.00457,0.03720
eng,private_calls,1,0.01092,0.05886
eng,private_calls,0,0.00383,0.00818
eng,private_calls,0,0.00382,0.00726
eng,private_calls,1,0.95353,0.31379
eng,private_calls,0,0.00459,0.01764
eng,private_calls,0,0.00825,0.07033
eng,private_calls,0,0.00376,0.00782
eng,private_calls,1,0.90950,0.14983
eng,private_calls,1,0.89157,0.48487
eng,private_calls,0,0.00372,0.00795
eng,private_calls,0,0.00371,0.01010
eng,private_calls,0,0.00482,0.02298
eng,private_calls,1,0.98795,0.90889
eng,private_calls,0,0.00396,0.01513
eng,private_calls,1,0.96853,0.53091
eng,private_calls,0,0.00489,0.02376
eng,private_calls,0,0.00374,0.01721
eng,private_calls,0,0.00381,0.01825
eng,private_calls,0,0.00434,0.02838
eng,private_calls,0,0.00385,0.02425
eng,private_calls,0,0.96813,0.10617
eng,private_calls,0,0.00419,0.01948
eng,private_calls,0,0.00633,0.04401
eng,private_calls,0,0.00400,0.02343
eng,private_calls,1,0.99113,0.88712
eng,private_calls,0,0.99045,0.14331
eng,private_calls,0,0.00649,0.02404
eng,private_calls,0,0.00372,0.00902
eng,private_calls,0,0.00376,0.01788
eng,private_calls,0,0.00360,0.01369
eng,private_calls,0,0.00697,0.05538
eng,private_calls,0,0.09430,0.04939
eng,private_calls,0,0.09352,0.02673
eng,private_calls,0,0.00382,0.00820
eng,private_calls,0,0.00407,0.01492
eng,private_calls,1,0.98892,0.88020
eng,private_calls,0,0.00380,0.01053
eng,private_calls,0,0.00366,0.00856
eng,private_calls,0,0.00375,0.01155
eng,private_calls,0,0.00367,0.01044
eng,private_calls,0,0.99147,0.67023
eng,private_calls,0,0.36282,0.10888
eng,private_calls,0,0.00364,0.00927
eng,private_calls,1,0.97295,0.73880
eng,private_calls,0,0.00553,0.03828
eng,private_calls,1,0.98840,0.81232
eng,private_calls,0,0.95458,0.03318
eng,private_calls,0,0.16679,0.05173
eng,private_calls,1,0.98465,0.79370
eng,private_calls,0,0.00367,0.00993
eng,private_calls,0,0.00366,0.01061
eng,private_calls,0,0.00493,0.02062
eng,private_calls,1,0.98932,0.89388
eng,private_calls,0,0.00431,0.01862
eng,private_calls,0,0.97428,0.19402
eng,private_calls,0,0.00385,0.02372
eng,private_calls,1,0.99139,0.92084
eng,private_calls,0,0.03811,0.03813
eng,private_calls,0,0.17513,0.09943
eng,private_calls,0,0.00494,0.02298
eng,private_calls,0,0.00368,0.01443
eng,private_calls,0,0.00363,0.00891
eng,private_calls,0,0.00372,0.00759
eng,private_calls,0,0.00362,0.00832
eng,private_calls,1,0.91442,0.12365
eng,private_calls,1,0.99146,0.92219
eng,private_calls,1,0.96869,0.11951
eng,private_calls,0,0.98927,0.29634
eng,private_calls,0,0.98927,0.85993
eng,private_calls,0,0.00369,0.01555
eng,private_calls,0,0.00377,0.01295
eng,private_calls,0,0.00365,0.00851
eng,private_calls,0,0.00399,0.01153
eng,private_calls,0,0.00369,0.01011
eng,private_calls,1,0.03486,0.05005
eng,private_calls,0,0.96597,0.24633
eng,private_calls,0,0.00369,0.00724
eng,private_calls,0,0.00362,0.00766
eng,private_calls,0,0.99091,0.44817
eng,private_calls,0,0.98524,0.38828
eng,private_calls,0,0.03395,0.04589
eng,private_calls,1,0.98924,0.91265
eng,private_calls,1,0.00417,0.02095
eng,private_calls,1,0.33371,0.05385
eng,private_calls,0,0.01312,0.04271
eng,private_calls,0,0.00797,0.01611
eng,private_calls,0,0.00382,0.01506
eng,private_calls,0,0.00400,0.00739
eng,private_calls,0,0.00430,0.04194
eng,private_calls,1,0.98526,0.75692
eng,private_calls,0,0.00391,0.01232
eng,private_calls,0,0.00398,0.00737
eng,private_calls,0,0.35849,0.06705
eng,private_calls,1,0.88814,0.18207
eng,private_calls,0,0.96918,0.20633
eng,private_calls,0,0.00367,0.01121
eng,private_calls,0,0.00366,0.01571
eng,private_calls,1,0.02775,0.08385
eng,private_calls,0,0.00552,0.05326
eng,private_calls,1,0.98893,0.81695
eng,private_calls,0,0.00365,0.00726
eng,private_calls,0,0.98709,0.23083
eng,private_calls,0,0.00369,0.00525
eng,private_calls,0,0.00407,0.02940
eng,private_calls,0,0.00365,0.00570
eng,private_calls,1,0.93579,0.64914
eng,private_calls,0,0.00380,0.02020
eng,private_calls,0,0.00392,0.02436
eng,private_calls,0,0.95738,0.09269
eng,private_calls,0,0.00367,0.00672
eng,private_calls,1,0.98702,0.86973
eng,private_calls,1,0.98787,0.83343
eng,private_calls,0,0.00361,0.01675
eng,private_calls,0,0.00376,0.02312
eng,private_calls,0,0.00366,0.01083
eng,private_calls,0,0.00368,0.00587
eng,private_calls,0,0.00384,0.01033
eng,private_calls,0,0.00466,0.02453
eng,private_calls,0,0.00370,0.01508
eng,private_calls,0,0.00762,0.05346
eng,private_calls,0,0.00372,0.01283
eng,private_calls,0,0.00488,0.01619
eng,private_calls,0,0.00419,0.02753
eng,private_calls,0,0.00379,0.00738
eng,private_calls,1,0.25463,0.42992
eng,private_calls,0,0.00385,0.01504
eng,private_calls,0,0.00420,0.02182
eng,private_calls,0,0.21892,0.35803
eng,private_calls,0,0.00365,0.00742
eng,private_calls,0,0.00393,0.01360
eng,private_calls,1,0.00363,0.01087
eng,private_calls,0,0.00364,0.01188
eng,private_calls,0,0.08170,0.05702
eng,private_calls,0,0.91419,0.17608
eng,private_calls,0,0.00629,0.03525
eng,private_calls,0,0.09664,0.42139
eng,private_calls,0,0.00373,0.00672
eng,private_calls,0,0.00362,0.01023
eng,private_calls,0,0.00361,0.01020
eng,private_calls,0,0.00369,0.01253
eng,private_calls,0,0.00361,0.00886
eng,private_calls,0,0.00493,0.03170
eng,private_calls,1,0.82940,0.24970
eng,private_calls,0,0.00689,0.02209
eng,private_calls,0,0.00383,0.01583
eng,private_calls,0,0.00366,0.00642
eng,private_calls,0,0.00422,0.01407
eng,private_calls,0,0.00362,0.01035
eng,private_calls,0,0.00370,0.00786
eng,private_calls,0,0.00385,0.02350
eng,private_calls,0,0.00760,0.03929
eng,private_calls,0,0.00378,0.02729
eng,private_calls,0,0.00605,0.03590
eng,private_calls,1,0.27868,0.41129
eng,private_calls,0,0.00369,0.01016
eng,private_calls,0,0.00425,0.06967
eng,private_calls,0,0.00369,0.02108
eng,private_calls,0,0.98427,0.07996
eng,private_calls,0,0.00372,0.00607
eng,private_calls,0,0.00377,0.01080
eng,private_calls,0,0.71066,0.24721
eng,private_calls,0,0.00473,0.02297
eng,private_calls,0,0.10947,0.11315
eng,private_calls,1,0.00418,0.08599
eng,private_calls,0,0.00374,0.01595
eng,private_calls,0,0.01736,0.16304
eng,private_calls,1,0.01656,0.19956
eng,private_calls,0,0.00369,0.01967
eng,private_calls,0,0.00373,0.00916
eng,private_calls,0,0.00376,0.01545
eng,private_calls,0,0.00383,0.01559
eng,private_calls,0,0.99101,0.65527
eng,private_calls,0,0.00397,0.03123
eng,private_calls,0,0.00373,0.00580
eng,private_calls,0,0.00484,0.01703
eng,private_calls,0,0.41311,0.23164
eng,private_calls,0,0.01117,0.03973
eng,private_calls,0,0.17283,0.13302
eng,private_calls,1,0.96204,0.69991
eng,private_calls,0,0.00426,0.01884
eng,private_calls,0,0.00363,0.01370
eng,private_calls,0,0.00391,0.01820
eng,private_calls,0,0.00363,0.00875
eng,private_calls,0,0.00366,0.00850
eng,private_calls,1,0.05148,0.11371
eng,private_calls,1,0.15616,0.05258
eng,private_calls,0,0.00368,0.01170
eng,private_calls,0,0.96728,0.15242
eng,private_calls,0,0.00972,0.08228
eng,private_calls,0,0.94995,0.40583
eng,private_calls,0,0.42189,0.15603
eng,private_calls,0,0.00364,0.00866
eng,private_calls,0,0.00367,0.01113
eng,private_calls,0,0.00381,0.01018
eng,private_calls,0,0.00397,0.01924
eng,private_calls,0,0.00394,0.02791
eng,private_calls,1,0.00819,0.06075
eng,private_calls,0,0.03383,0.02726
eng,private_calls,0,0.00434,0.03699
eng,private_calls,0,0.00379,0.00750
eng,private_calls,0,0.00375,0.01954
eng,private_calls,0,0.00429,0.02259
eng,private_calls,0,0.00393,0.04854
eng,private_calls,0,0.00364,0.01026
eng,private_calls,0,0.00524,0.07379
eng,private_calls,1,0.00425,0.01313
eng,private_calls,0,0.00367,0.01337
eng,private_calls,0,0.00365,0.01041
eng,private_calls,0,0.99051,0.91423
eng,private_calls,0,0.00366,0.00692
eng,private_calls,0,0.00388,0.01454
eng,private_calls,0,0.00387,0.02098
eng,private_calls,1,0.99119,0.93352
eng,private_calls,1,0.99203,0.30607
eng,private_calls,1,0.99144,0.97626
eng,private_calls,0,0.00503,0.03952
eng,private_calls,0,0.98588,0.05412
eng,private_calls,0,0.00396,0.00962
eng,private_calls,0,0.00394,0.01074
eng,private_calls,0,0.00392,0.00831
eng,private_calls,0,0.00592,0.05083
eng,private_calls,0,0.98756,0.41675
eng,private_calls,0,0.97512,0.11307
eng,private_calls,1,0.99118,0.85228
eng,private_calls,0,0.09962,0.02878
eng,private_calls,0,0.00387,0.00741
eng,private_calls,0,0.98850,0.18262
eng,private_calls,0,0.98898,0.12162
eng,private_calls,0,0.09923,0.03735
eng,private_calls,0,0.00382,0.04216
eng,private_calls,1,0.98319,0.42138
eng,private_calls,0,0.01148,0.06436
eng,private_calls,0,0.00452,0.03367
eng,private_calls,0,0.00417,0.06065
eng,private_calls,0,0.00395,0.01909
eng,private_calls,0,0.00483,0.02109
eng,private_calls,0,0.00387,0.00842
eng,private_calls,0,0.98974,0.12272
eng,private_calls,0,0.98798,0.54553
eng,private_calls,0,0.99055,0.82211
eng,private_calls,0,0.94612,0.26091
eng,private_calls,0,0.03139,0.03558
eng,private_calls,1,0.99167,0.84914
eng,private_calls,0,0.95938,0.03423
eng,private_calls,0,0.00485,0.03223
eng,private_calls,0,0.98894,0.72952
eng,private_calls,0,0.00763,0.04491
eng,private_calls,1,0.70901,0.21006
eng,private_calls,0,0.00393,0.00923
eng,private_calls,0,0.00523,0.01129
eng,private_calls,0,0.00389,0.00732
eng,private_calls,0,0.23147,0.03275
eng,private_calls,1,0.98150,0.73828
eng,private_calls,0,0.00382,0.00916
eng,private_calls,0,0.90408,0.09163
eng,private_calls,0,0.01380,0.05451
eng,private_calls,0,0.00404,0.02225
eng,private_calls,1,0.13766,0.15635
eng,private_calls,0,0.98866,0.70415
eng,private_calls,0,0.00389,0.00698
eng,private_calls,0,0.00385,0.01456
eng,private_calls,0,0.00385,0.00750
eng,private_calls,1,0.96929,0.58724
eng,private_calls,0,0.00505,0.02843
eng,private_calls,0,0.00423,0.04727
eng,private_calls,0,0.54925,0.26234
eng,private_calls,0,0.73771,0.07679
eng,private_calls,0,0.00384,0.01504
eng,private_calls,0,0.00384,0.00786
eng,private_calls,0,0.00415,0.06731
eng,private_calls,0,0.70684,0.12862
eng,private_calls,1,0.98710,0.77735
eng,private_calls,1,0.00440,0.04528
eng,private_calls,0,0.00388,0.00838
eng,private_calls,0,0.00387,0.00734
eng,private_calls,0,0.00381,0.00941
eng,private_calls,0,0.00478,0.02937
eng,private_calls,0,0.00388,0.00696
eng,private_calls,0,0.00388,0.00687
eng,private_calls,0,0.00386,0.01024
eng,private_calls,0,0.00385,0.00785
eng,private_calls,1,0.98637,0.81315
eng,private_calls,0,0.00373,0.00691
eng,private_calls,0,0.00373,0.00682
eng,private_calls,0,0.00367,0.03006
eng,private_calls,0,0.00382,0.02678
eng,private_calls,0,0.00428,0.02188
eng,private_calls,0,0.00371,0.00643
eng,private_calls,0,0.00373,0.01570
eng,private_calls,0,0.00372,0.00925
eng,private_calls,0,0.00362,0.00704
eng,private_calls,0,0.00389,0.01899
eng,private_calls,1,0.99175,0.92852
eng,private_calls,0,0.00362,0.00693
eng,private_calls,0,0.00383,0.02761
eng,private_calls,0,0.00414,0.02604
eng,private_calls,0,0.98795,0.49010
eng,private_calls,0,0.00451,0.02627
eng,private_calls,0,0.00390,0.00843
eng,private_calls,0,0.89232,0.33550
eng,private_calls,0,0.00426,0.02991
eng,private_calls,0,0.00433,0.03213
eng,private_calls,0,0.01489,0.21915
eng,private_calls,0,0.00378,0.01298
eng,private_calls,0,0.00365,0.00700
eng,private_calls,1,0.97770,0.87648
eng,private_calls,0,0.00371,0.00825
eng,private_calls,0,0.00402,0.01903
eng,private_calls,0,0.00375,0.01418
eng,private_calls,0,0.00370,0.01140
eng,private_calls,0,0.00687,0.04984
eng,private_calls,0,0.00376,0.02303
eng,private_calls,0,0.00376,0.01705
eng,private_calls,0,0.00384,0.03809
eng,private_calls,0,0.94777,0.07717
eng,private_calls,0,0.00370,0.00912
eng,private_calls,1,0.94194,0.75559
eng,private_calls,0,0.98611,0.92252
eng,private_calls,0,0.00503,0.01542
eng,private_calls,0,0.00373,0.00819
eng,private_calls,0,0.46508,0.21221
eng,private_calls,1,0.97705,0.25806
eng,private_calls,0,0.00894,0.04793
eng,private_calls,0,0.00367,0.00670
eng,private_calls,0,0.01144,0.04507
eng,private_calls,0,0.03338,0.03695
eng,private_calls,0,0.01118,0.05173
eng,private_calls,0,0.00373,0.01229
eng,private_calls,1,0.98889,0.77554
eng,private_calls,0,0.00387,0.02460
eng,private_calls,0,0.02202,0.02958
eng,private_calls,0,0.00401,0.02558
eng,private_calls,0,0.00382,0.01507
eng,private_calls,0,0.00473,0.04044
eng,private_calls,1,0.97221,0.62029
eng,private_calls,0,0.00451,0.02776
eng,private_calls,0,0.00437,0.01916
eng,private_calls,0,0.00373,0.00994
eng,private_calls,0,0.00369,0.00870
eng,private_calls,0,0.00386,0.02412
eng,private_calls,1,0.99229,0.38399
eng,private_calls,0,0.00369,0.00646
eng,private_calls,0,0.00378,0.00690
eng,private_calls,1,0.81608,0.44357
eng,private_calls,0,0.00385,0.01071
eng,private_calls,0,0.00379,0.01900
eng,private_calls,0,0.00370,0.00774
eng,private_calls,0,0.00370,0.00664
eng,private_calls,0,0.00373,0.00873
eng,private_calls,0,0.00559,0.03731
eng,private_calls,0,0.00369,0.00881
eng,private_calls,1,0.76037,0.42484
eng,private_calls,0,0.00377,0.00596
eng,private_calls,0,0.00380,0.01148
eng,private_calls,0,0.00430,0.02943
eng,private_calls,0,0.02853,0.02761
eng,private_calls,1,0.98217,0.35542
eng,private_calls,0,0.98422,0.59501
eng,private_calls,0,0.00379,0.00893
eng,private_calls,0,0.73064,0.30050
eng,private_calls,0,0.00377,0.01906
eng,private_calls,0,0.98580,0.12559
eng,private_calls,0,0.00400,0.01729
eng,private_calls,0,0.00369,0.00830
eng,private_calls,0,0.00370,0.00823
eng,private_calls,0,0.00370,0.00658
eng,private_calls,0,0.60698,0.29667
eng,private_calls,0,0.96797,0.18652
eng,private_calls,0,0.00520,0.07325
eng,private_calls,0,0.00373,0.00657
eng,private_calls,0,0.01301,0.02296
eng,private_calls,0,0.00380,0.01812
eng,private_calls,1,0.98517,0.79070
eng,private_calls,0,0.00368,0.00931
eng,private_calls,0,0.00398,0.02483
eng,private_calls,0,0.00369,0.00976
eng,private_calls,0,0.00389,0.01200
eng,private_calls,0,0.14364,0.05311
eng,private_calls,0,0.00409,0.02371
eng,private_calls,0,0.00443,0.03935
eng,private_calls,0,0.00367,0.00709
eng,private_calls,0,0.00368,0.01471
eng,private_calls,1,0.98099,0.12881
eng,private_calls,0,0.00372,0.00858
eng,private_calls,0,0.01267,0.07489
eng,private_calls,1,0.80830,0.64428
eng,private_calls,1,0.99144,0.97229
eng,private_calls,0,0.71053,0.05543
eng,private_calls,1,0.01602,0.11368
eng,private_calls,0,0.97527,0.08314
eng,private_calls,0,0.00382,0.01867
eng,private_calls,1,0.00823,0.04107
eng,private_calls,0,0.00394,0.06102
eng,private_calls,0,0.00466,0.02585
eng,private_calls,0,0.01156,0.03551
eng,private_calls,0,0.00373,0.01265
eng,private_calls,0,0.97604,0.03785
eng,private_calls,0,0.00389,0.07481
eng,private_calls,0,0.00449,0.03091
eng,private_calls,1,0.98851,0.16548
eng,private_calls,0,0.96330,0.03423
eng,private_calls,0,0.00385,0.02050
eng,private_calls,1,0.93924,0.83105
eng,private_calls,0,0.89129,0.22362
eng,private_calls,0,0.01758,0.05758
eng,private_calls,0,0.00371,0.00668
eng,private_calls,0,0.00433,0.04598
eng,private_calls,0,0.98946,0.98131
eng,private_calls,0,0.00383,0.01425
eng,private_calls,1,0.98590,0.58304
eng,private_calls,1,0.22967,0.12925
eng,private_calls,0,0.21545,0.07417
eng,private_calls,0,0.00374,0.01890
eng,private_calls,0,0.00372,0.00702
eng,private_calls,0,0.00383,0.01700
eng,private_calls,0,0.00382,0.01941
eng,private_calls,0,0.00380,0.01374
eng,private_calls,1,0.35719,0.06747
eng,private_calls,0,0.93257,0.03105
eng,private_calls,1,0.99120,0.89679
eng,private_calls,0,0.00375,0.00624
eng,private_calls,0,0.00380,0.00630
eng,private_calls,0,0.00423,0.04501
eng,private_calls,0,0.00385,0.01260
eng,private_calls,1,0.55389,0.43078
eng,private_calls,0,0.00376,0.00809
eng,private_calls,1,0.04551,0.20346
eng,private_calls,0,0.00370,0.01175
eng,private_calls,0,0.00374,0.00931
eng,private_calls,0,0.00369,0.00780
eng,private_calls,1,0.00438,0.03491
eng,private_calls,0,0.00371,0.00722
eng,private_calls,0,0.00379,0.00779
eng,private_calls,0,0.00373,0.00588
eng,private_calls,0,0.63153,0.22825
eng,private_calls,0,0.73461,0.14035
eng,private_calls,1,0.86946,0.46668
eng,private_calls,0,0.00377,0.02876
eng,private_calls,1,0.78281,0.50172
eng,private_calls,0,0.00929,0.05785
eng,private_calls,1,0.01338,0.33807
eng,private_calls,1,0.06749,0.38820
eng,private_calls,0,0.00424,0.03455
eng,private_calls,0,0.93519,0.41224
eng,private_calls,1,0.15034,0.16753
eng,private_calls,0,0.00388,0.01327
eng,private_calls,0,0.00415,0.04448
eng,private_calls,0,0.00725,0.04409
eng,private_calls,0,0.00703,0.03892
eng,private_calls,1,0.00880,0.12315
eng,private_calls,0,0.00912,0.07355
eng,private_calls,0,0.00378,0.00576
eng,private_calls,0,0.98646,0.47246
eng,private_calls,1,0.83769,0.59291
eng,private_calls,1,0.98982,0.83196
eng,private_calls,1,0.99144,0.95033
eng,private_calls,1,0.98830,0.82112
eng,private_calls,1,0.98991,0.93775
eng,private_calls,1,0.00406,0.07285
eng,private_calls,1,0.00372,0.01321
eng,private_calls,0,0.00372,0.01144
eng,private_calls,1,0.99209,0.97323
eng,private_calls,1,0.00376,0.03400
eng,private_calls,0,0.01251,0.03384
eng,private_calls,0,0.00381,0.02084
eng,private_calls,1,0.97383,0.76666
eng,private_calls,0,0.00386,0.01725
eng,private_calls,0,0.00375,0.00785
eng,private_calls,0,0.00380,0.03792
eng,private_calls,0,0.00385,0.02853
eng,private_calls,0,0.00372,0.00681
eng,private_calls,0,0.00370,0.00889
eng,private_calls,0,0.00374,0.00943
eng,private_calls,1,0.07175,0.10852
eng,private_calls,0,0.00410,0.08426
eng,private_calls,0,0.01233,0.04013
eng,private_calls,1,0.96969,0.19941
eng,private_calls,0,0.00364,0.01492
eng,private_calls,0,0.00361,0.00876
eng,private_calls,0,0.04679,0.07361
eng,private_calls,0,0.00366,0.00512
eng,private_calls,1,0.00368,0.01571
eng,private_calls,0,0.00424,0.05930
eng,private_calls,0,0.41428,0.06270
eng,private_calls,0,0.00363,0.01371
eng,private_calls,0,0.00367,0.01277
eng,private_calls,0,0.00365,0.01011
eng,private_calls,0,0.01124,0.06085
eng,private_calls,0,0.00378,0.01220
eng,private_calls,1,0.00364,0.01545
eng,private_calls,0,0.03405,0.08500
eng,private_calls,0,0.00376,0.01943
eng,private_calls,0,0.00370,0.00831
eng,private_calls,0,0.00405,0.03456
eng,private_calls,0,0.00374,0.00836
eng,private_calls,0,0.03250,0.06494
eng,private_calls,0,0.00360,0.01220
eng,private_calls,1,0.03491,0.13927
eng,private_calls,1,0.98186,0.82903
eng,private_calls,0,0.00363,0.00560
eng,private_calls,1,0.89454,0.36923
eng,private_calls,0,0.00418,0.03069
eng,private_calls,0,0.00372,0.01755
eng,private_calls,0,0.00522,0.02432
eng,private_calls,0,0.00402,0.01348
eng,private_calls,0,0.00391,0.00652
eng,private_calls,0,0.00382,0.01420
eng,private_calls,1,0.56669,0.21150
eng,private_calls,0,0.88429,0.11671
eng,private_calls,0,0.00363,0.00923
eng,private_calls,1,0.54087,0.20424
eng,private_calls,0,0.00400,0.01709
eng,private_calls,0,0.02895,0.02457
eng,private_calls,1,0.98741,0.44429
eng,private_calls,1,0.98616,0.64748
eng,private_calls,0,0.00368,0.00671
eng,private_calls,1,0.28825,0.24284
eng,private_calls,0,0.00373,0.00685
eng,private_calls,1,0.98670,0.64434
eng,private_calls,1,0.95921,0.05734
eng,private_calls,0,0.94716,0.24434
eng,private_calls,0,0.00368,0.01530
eng,private_calls,1,0.98997,0.87909
eng,private_calls,0,0.00364,0.00566
eng,private_calls,1,0.88108,0.51623
eng,private_calls,0,0.01552,0.01636
eng,private_calls,0,0.00457,0.03438
eng,private_calls,0,0.09041,0.06032
eng,private_calls,0,0.00630,0.03616
eng,private_calls,0,0.91597,0.05417
eng,private_calls,1,0.98764,0.85905
eng,private_calls,0,0.00373,0.01602
eng,private_calls,1,0.02037,0.27092
eng,private_calls,0,0.00832,0.04864
eng,private_calls,1,0.89964,0.28658
eng,private_calls,0,0.00600,0.06475
eng,private_calls,0,0.00369,0.01682
eng,private_calls,0,0.00366,0.00994
eng,private_calls,0,0.00520,0.04407
eng,private_calls,1,0.40858,0.19231
eng,private_calls,0,0.00355,0.01206
eng,private_calls,1,0.98016,0.54152
eng,private_calls,0,0.17614,0.18528
eng,private_calls,0,0.00631,0.04963
eng,private_calls,1,0.03288,0.37187
eng,private_calls,0,0.00363,0.01437
eng,private_calls,0,0.00407,0.04569
eng,private_calls,0,0.44359,0.23510
eng,private_calls,1,0.97609,0.76898
eng,private_calls,0,0.85958,0.15686
eng,private_calls,0,0.00480,0.03704
eng,private_calls,0,0.01175,0.12875
eng,private_calls,0,0.98784,0.70854
eng,private_calls,0,0.94003,0.17558
eng,private_calls,0,0.00361,0.00805
eng,private_calls,1,0.93597,0.30367
eng,private_calls,0,0.98798,0.44381
eng,private_calls,0,0.89898,0.41354
eng,private_calls,0,0.00360,0.01134
eng,private_calls,0,0.00388,0.02163
eng,private_calls,1,0.98989,0.96220
eng,private_calls,0,0.00383,0.01430
eng,private_calls,0,0.07679,0.14078
eng,private_calls,0,0.98132,0.20576
eng,private_calls,0,0.94142,0.10675
eng,private_calls,0,0.55802,0.18904
eng,private_calls,0,0.00614,0.04778
eng,private_calls,1,0.04843,0.34944
eng,private_calls,0,0.00356,0.00835
eng,private_calls,0,0.00367,0.00643
eng,private_calls,0,0.00357,0.00721
eng,private_calls,1,0.14064,0.45809
eng,private_calls,1,0.99165,0.89120
eng,private_calls,0,0.00368,0.00891
eng,private_calls,0,0.00363,0.00840
eng,private_calls,1,0.98709,0.64856
eng,private_calls,0,0.00381,0.00939
eng,private_calls,1,0.99027,0.25853
eng,private_calls,0,0.00375,0.00885
eng,private_calls,0,0.96669,0.13904
eng,private_calls,0,0.85552,0.12642
eng,private_calls,0,0.01448,0.01692
eng,private_calls,0,0.95034,0.13830
eng,private_calls,0,0.00704,0.02486
eng,private_calls,0,0.99055,0.36755
eng,private_calls,0,0.00418,0.04744
eng,private_calls,0,0.00373,0.01465
eng,private_calls,0,0.00920,0.04360
eng,private_calls,0,0.00373,0.01948
eng,private_calls,0,0.00362,0.00875
eng,private_calls,1,0.01677,0.13564
eng,private_calls,0,0.98264,0.51681
eng,private_calls,0,0.99028,0.46862
eng,private_calls,0,0.98878,0.87227
eng,private_calls,0,0.00557,0.01863
eng,private_calls,0,0.00362,0.00747
eng,private_calls,0,0.00360,0.01123
eng,private_calls,0,0.98381,0.61654
eng,private_calls,0,0.98971,0.10097
eng,private_calls,0,0.36556,0.08938
eng,private_calls,0,0.16297,0.07632
eng,private_calls,0,0.54560,0.07484
eng,private_calls,0,0.02109,0.05956
eng,private_calls,0,0.00828,0.03232
eng,private_calls,0,0.99030,0.75072
eng,private_calls,0,0.98752,0.22010
eng,private_calls,0,0.00422,0.00865
eng,private_calls,0,0.00394,0.01146
eng,private_calls,1,0.98970,0.81074
eng,private_calls,0,0.00401,0.02097
eng,private_calls,1,0.95654,0.81664
eng,private_calls,0,0.00483,0.09025
eng,private_calls,0,0.00472,0.02318
eng,private_calls,0,0.93856,0.04588
eng,private_calls,0,0.00418,0.05624
eng,private_calls,0,0.00521,0.05202
eng,private_calls,1,0.98753,0.78615
eng,private_calls,0,0.00378,0.01549
eng,private_calls,0,0.00375,0.02093
eng,private_calls,1,0.93886,0.59586
eng,private_calls,1,0.98897,0.85549
eng,private_calls,0,0.00630,0.03294
eng,private_calls,0,0.00367,0.01239
eng,private_calls,1,0.95909,0.37117
eng,private_calls,0,0.00368,0.00636
eng,private_calls,0,0.00394,0.00802
eng,private_calls,0,0.00374,0.00698
eng,private_calls,0,0.97396,0.08850
eng,private_calls,0,0.00408,0.02195
eng,private_calls,0,0.00624,0.03301
eng,private_calls,1,0.96566,0.64051
eng,private_calls,0,0.00372,0.00590
eng,private_calls,0,0.98937,0.09553
eng,private_calls,0,0.98567,0.83990
eng,private_calls,0,0.00384,0.01869
eng,private_calls,0,0.00387,0.02054
eng,private_calls,0,0.00365,0.01042
eng,private_calls,1,0.97478,0.62727
eng,private_calls,0,0.00372,0.01082
eng,private_calls,0,0.00370,0.01286
eng,private_calls,0,0.94594,0.18491
eng,private_calls,0,0.00418,0.01361
eng,private_calls,0,0.01115,0.03297
eng,private_calls,1,0.00855,0.29307
eng,private_calls,0,0.00371,0.02931
eng,private_calls,0,0.55161,0.06257
eng,private_calls,0,0.00377,0.01372
eng,private_calls,0,0.90451,0.08222
eng,private_calls,0,0.00373,0.01029
eng,private_calls,1,0.01239,0.04649
eng,private_calls,0,0.00566,0.01515
eng,private_calls,1,0.78165,0.27077
eng,private_calls,0,0.00365,0.00755
eng,private_calls,0,0.00363,0.00563
eng,private_calls,0,0.00367,0.00949
eng,private_calls,0,0.53653,0.07631
eng,private_calls,0,0.00370,0.01335
eng,private_calls,0,0.00371,0.00666
eng,private_calls,0,0.00367,0.00685
eng,private_calls,0,0.00365,0.01167
eng,private_calls,0,0.00478,0.01575
eng,private_calls,0,0.15091,0.12753
eng,private_calls,1,0.03893,0.34696
eng,private_calls,0,0.68428,0.09016
eng,private_calls,0,0.00392,0.02292
eng,private_calls,0,0.00468,0.01750
eng,private_calls,0,0.00386,0.02198
eng,private_calls,0,0.00364,0.01026
eng,private_calls,0,0.00395,0.02275
eng,private_calls,0,0.00373,0.01855
eng,private_calls,0,0.85707,0.22644
eng,private_calls,0,0.00576,0.04870
eng,private_calls,0,0.00383,0.01327
eng,private_calls,0,0.00993,0.01968
eng,private_calls,0,0.00538,0.09743
eng,private_calls,0,0.52273,0.09932
eng,private_calls,0,0.00375,0.01854
eng,private_calls,0,0.00386,0.02781
eng,private_calls,0,0.00874,0.11707
eng,private_calls,1,0.00557,0.08121
eng,private_calls,0,0.00371,0.00894
eng,private_calls,0,0.57284,0.04596
eng,private_calls,0,0.00369,0.01102
eng,private_calls,0,0.00375,0.01024
eng,private_calls,0,0.00369,0.03258
eng,private_calls,0,0.00389,0.01374
eng,private_calls,0,0.00407,0.02084
eng,private_calls,0,0.00389,0.01460
eng,private_calls,0,0.00818,0.04471
eng,private_calls,0,0.00681,0.04838
eng,private_calls,0,0.01505,0.06757
eng,private_calls,0,0.00775,0.07530
eng,private_calls,0,0.00430,0.07315
eng,private_calls,0,0.98675,0.38659
eng,private_calls,1,0.95790,0.49115
eng,private_calls,0,0.00602,0.03831
eng,private_calls,0,0.05791,0.07009
eng,private_calls,0,0.29386,0.10961
eng,private_calls,0,0.00386,0.01572
eng,private_calls,0,0.00394,0.04960
eng,private_calls,0,0.00370,0.01273
eng,private_calls,1,0.68234,0.40215
eng,private_calls,0,0.00373,0.01434
eng,private_calls,0,0.81823,0.33863
eng,private_calls,0,0.97466,0.51817
eng,private_calls,1,0.13723,0.58257
eng,private_calls,0,0.99143,0.92696
eng,private_calls,0,0.00416,0.02915
eng,private_calls,0,0.00720,0.04745
eng,private_calls,0,0.20461,0.15142
eng,private_calls,0,0.00366,0.01066
eng,private_calls,0,0.00376,0.01170
eng,private_calls,0,0.00411,0.03641
eng,private_calls,1,0.99204,0.79626
eng,private_calls,0,0.00409,0.00927
eng,private_calls,0,0.00362,0.00841
eng,private_calls,0,0.00370,0.03226
eng,private_calls,1,0.99031,0.90144
eng,private_calls,0,0.00371,0.01009
eng,private_calls,1,0.99109,0.94818
eng,private_calls,1,0.95672,0.20143
eng,private_calls,0,0.01152,0.07364
eng,private_calls,0,0.00585,0.02457
eng,private_calls,0,0.00393,0.01325
eng,private_calls,0,0.00443,0.02069
eng,private_calls,1,0.98923,0.51323
eng,private_calls,0,0.00371,0.00968
eng,private_calls,0,0.00378,0.01713
eng,private_calls,0,0.00362,0.01460
eng,private_calls,1,0.96813,0.42602
eng,private_calls,0,0.00372,0.01772
eng,private_calls,0,0.00455,0.03476
eng,private_calls,0,0.00367,0.00707
eng,private_calls,1,0.04409,0.12784
eng,private_calls,1,0.39723,0.30277
eng,private_calls,1,0.04412,0.40562
eng,private_calls,0,0.00367,0.01340
eng,private_calls,0,0.00443,0.03152
eng,private_calls,0,0.00571,0.04940
eng,private_calls,1,0.97472,0.44771
eng,private_calls,0,0.00377,0.01879
eng,private_calls,0,0.00365,0.00657
eng,private_calls,0,0.00365,0.00728
eng,private_calls,0,0.00370,0.00772
eng,private_calls,0,0.00391,0.02214
eng,private_calls,1,0.98950,0.67937
eng,private_calls,0,0.00366,0.00893
eng,private_calls,1,0.98952,0.64047
eng,private_calls,0,0.00451,0.02016
eng,private_calls,0,0.00861,0.12325
eng,private_calls,1,0.00739,0.15993
eng,private_calls,0,0.00360,0.00723
eng,private_calls,0,0.00370,0.00676
eng,private_calls,1,0.97599,0.51999
eng,private_calls,0,0.00364,0.00681
eng,private_calls,1,0.99213,0.92485
eng,private_calls,0,0.00408,0.01179
eng,private_calls,0,0.00358,0.00609
eng,private_calls,0,0.00368,0.00521
eng,private_calls,0,0.00370,0.00510
eng,private_calls,1,0.97598,0.77849
eng,private_calls,0,0.99073,0.06654
eng,private_calls,0,0.00365,0.00656
eng,private_calls,0,0.16950,0.04898
eng,private_calls,1,0.80773,0.50761
eng,private_calls,0,0.00427,0.01261
eng,private_calls,0,0.00369,0.00567
eng,private_calls,0,0.00371,0.00540
eng,private_calls,0,0.00370,0.00575
eng,private_calls,0,0.00371,0.00592
eng,private_calls,0,0.00370,0.00520
eng,private_calls,0,0.00385,0.05347
eng,private_calls,1,0.98259,0.50159
eng,private_calls,0,0.00391,0.01203
eng,private_calls,0,0.00365,0.00629
eng,private_calls,0,0.00370,0.01291
eng,private_calls,0,0.00364,0.00565
eng,private_calls,0,0.00851,0.03750
eng,private_calls,1,0.95847,0.79815
eng,private_calls,0,0.00379,0.01730
eng,private_calls,0,0.00372,0.00535
eng,private_calls,0,0.00369,0.00653
eng,private_calls,0,0.00369,0.00514
eng,private_calls,0,0.00360,0.00654
eng,private_calls,1,0.93692,0.52290
eng,private_calls,0,0.00367,0.00595
eng,private_calls,0,0.86749,0.04999
eng,private_calls,0,0.00368,0.00540
eng,private_calls,0,0.31599,0.04201
eng,private_calls,0,0.00370,0.00794
eng,private_calls,0,0.10356,0.05560
eng,private_calls,1,0.89752,0.80595
eng,private_calls,0,0.00368,0.00544
eng,private_calls,0,0.00371,0.00843
eng,private_calls,0,0.00383,0.00786
eng,private_calls,0,0.00416,0.09409
eng,private_calls,1,0.99219,0.77188
eng,private_calls,0,0.00381,0.01556
eng,private_calls,0,0.00370,0.00651
eng,private_calls,0,0.00391,0.01461
eng,private_calls,0,0.00371,0.00706
eng,private_calls,1,0.10916,0.24373
eng,private_calls,1,0.76883,0.67784
eng,private_calls,0,0.00369,0.00594
eng,private_calls,0,0.00368,0.00565
eng,private_calls,0,0.00376,0.00605
eng,private_calls,1,0.00439,0.27248
eng,private_calls,0,0.00369,0.00585
eng,private_calls,1,0.46311,0.38084
eng,private_calls,0,0.00370,0.00561
eng,private_calls,0,0.00374,0.00553
eng,private_calls,1,0.99093,0.78475
eng,private_calls,0,0.00378,0.00880
eng,private_calls,0,0.00541,0.04595
eng,private_calls,0,0.00367,0.00690
eng,private_calls,0,0.00376,0.01312
eng,private_calls,1,0.98706,0.76473
eng,private_calls,0,0.00379,0.00655
eng,private_calls,0,0.00370,0.00875
eng,private_calls,0,0.00368,0.00876
eng,private_calls,0,0.00384,0.01063
eng,private_calls,0,0.00458,0.02622
eng,private_calls,0,0.00483,0.02397
eng,private_calls,0,0.00390,0.01160
eng,private_calls,1,0.00561,0.16505
eng,private_calls,0,0.00374,0.00957
eng,private_calls,0,0.00377,0.00681
eng,private_calls,0,0.00370,0.00965
eng,private_calls,1,0.00415,0.03342
eng,private_calls,0,0.00397,0.01938
eng,private_calls,0,0.00371,0.00595
eng,private_calls,0,0.00371,0.00794
eng,private_calls,0,0.98636,0.29291
eng,private_calls,0,0.00373,0.00831
eng,private_calls,0,0.00436,0.06660
eng,private_calls,0,0.00689,0.02794
eng,private_calls,0,0.00375,0.01198
eng,private_calls,1,0.95257,0.60662
eng,private_calls,0,0.00875,0.01942
eng,private_calls,1,0.98890,0.38809
eng,private_calls,1,0.99007,0.90668
eng,private_calls,0,0.00385,0.00774
eng,private_calls,0,0.00376,0.00566
eng,private_calls,0,0.00372,0.00821
eng,private_calls,0,0.00370,0.00555
eng,private_calls,0,0.00428,0.04098
eng,private_calls,0,0.00373,0.00578
eng,private_calls,0,0.00372,0.00564
eng,private_calls,0,0.00783,0.01380
eng,private_calls,0,0.00369,0.00637
eng,private_calls,0,0.61903,0.09444
eng,private_calls,1,0.24465,0.13017
eng,private_calls,0,0.00373,0.00586
eng,private_calls,1,0.86579,0.54697
eng,private_calls,0,0.79680,0.07270
eng,private_calls,0,0.00517,0.04825
eng,private_calls,0,0.88776,0.05854
eng,private_calls,1,0.91162,0.63960
eng,private_calls,0,0.92708,0.03141
eng,private_calls,1,0.99027,0.47170
eng,private_calls,1,0.56838,0.51625
eng,private_calls,0,0.96585,0.10552
eng,private_calls,0,0.00371,0.00808
eng,private_calls,0,0.00366,0.00903
eng,private_calls,0,0.00364,0.00775
eng,private_calls,0,0.00367,0.02455
eng,private_calls,0,0.00363,0.01305
eng,private_calls,0,0.00371,0.01712
eng,private_calls,0,0.00402,0.02458
eng,private_calls,1,0.25904,0.49726
eng,private_calls,0,0.00416,0.03544
eng,private_calls,1,0.20637,0.60802
eng,private_calls,0,0.00822,0.02302
eng,private_calls,0,0.00400,0.05300
eng,private_calls,0,0.00364,0.01636
eng,private_calls,0,0.00388,0.02364
eng,private_calls,1,0.45179,0.43006
eng,private_calls,0,0.00415,0.04089
eng,private_calls,0,0.00389,0.02909
eng,private_calls,0,0.00663,0.13197
eng,private_calls,0,0.00375,0.01179
eng,private_calls,0,0.00367,0.00917
eng,private_calls,0,0.00472,0.04556
eng,private_calls,0,0.00370,0.00561
eng,private_calls,1,0.00485,0.06881
eng,private_calls,0,0.00371,0.00750
eng,private_calls,0,0.01178,0.05932
eng,private_calls,0,0.00367,0.00699
eng,private_calls,0,0.00363,0.00910
eng,private_calls,1,0.01635,0.09843
eng,private_calls,0,0.00630,0.06988
eng,private_calls,0,0.00551,0.03215
eng,private_calls,0,0.00368,0.00749
eng,private_calls,0,0.04035,0.10666
eng,private_calls,1,0.98984,0.81916
eng,private_calls,0,0.99164,0.95269
eng,private_calls,0,0.00373,0.00588
eng,private_calls,0,0.00360,0.00693
eng,private_calls,1,0.98773,0.88829
eng,private_calls,1,0.96122,0.63284
eng,private_calls,1,0.99069,0.96560
eng,private_calls,0,0.93633,0.05394
eng,private_calls,0,0.00394,0.01449
eng,private_calls,0,0.00409,0.03073
eng,private_calls,1,0.07069,0.09507
eng,private_calls,0,0.03446,0.06571
eng,private_calls,0,0.00403,0.03019
eng,private_calls,0,0.01161,0.05156
eng,private_calls,0,0.00364,0.00699
eng,private_calls,0,0.00371,0.00622
eng,private_calls,0,0.00362,0.00607
eng,private_calls,1,0.77121,0.08549
eng,private_calls,0,0.00375,0.00899
eng,private_calls,0,0.00367,0.00971
eng,private_calls,0,0.00566,0.06324
eng,private_calls,1,0.97319,0.11227
eng,private_calls,0,0.06133,0.08757
eng,private_calls,0,0.00366,0.00820
eng,private_calls,0,0.00370,0.00782
eng,private_calls,0,0.00372,0.01570
eng,private_calls,1,0.97286,0.47480
eng,private_calls,0,0.14001,0.17897
eng,private_calls,0,0.00368,0.01065
eng,private_calls,1,0.97435,0.57290
eng,private_calls,0,0.00368,0.00672
eng,private_calls,1,0.87602,0.52140
eng,private_calls,0,0.00367,0.00771
eng,private_calls,1,0.00361,0.01014
eng,private_calls,0,0.01713,0.18935
eng,private_calls,1,0.93852,0.26428
eng,private_calls,0,0.00365,0.00733
eng,private_calls,1,0.97231,0.46257
eng,private_calls,0,0.00367,0.00855
eng,private_calls,1,0.11120,0.04925
eng,private_calls,0,0.02967,0.07289
eng,private_calls,0,0.00364,0.00801
eng,private_calls,1,0.96631,0.62983
eng,private_calls,1,0.26980,0.11743
eng,private_calls,0,0.00375,0.00802
eng,private_calls,0,0.00487,0.01590
eng,private_calls,0,0.00365,0.00629
eng,private_calls,0,0.00427,0.03701
eng,private_calls,0,0.00366,0.00614
eng,private_calls,0,0.00372,0.00596
eng,private_calls,0,0.00363,0.00602
eng,private_calls,0,0.00372,0.00714
eng,private_calls,0,0.00362,0.00718
eng,private_calls,0,0.00360,0.01941
eng,private_calls,0,0.00367,0.02012
eng,private_calls,0,0.98783,0.17592
eng,private_calls,0,0.00393,0.01424
eng,private_calls,0,0.00364,0.00697
eng,private_calls,0,0.00419,0.05378
eng,private_calls,1,0.99088,0.83959
eng,private_calls,0,0.00412,0.02680
eng,private_calls,0,0.00908,0.18226
eng,private_calls,1,0.99000,0.70031
eng,private_calls,1,0.99143,0.87925
eng,private_calls,0,0.00521,0.01784
eng,private_calls,0,0.00368,0.01470
eng,private_calls,0,0.00363,0.01262
eng,private_calls,0,0.00368,0.00785
eng,private_calls,0,0.02597,0.05779
eng,private_calls,0,0.00441,0.03586
eng,private_calls,0,0.00375,0.01276
eng,private_calls,0,0.00372,0.00950
eng,private_calls,0,0.82919,0.01497
eng,private_calls,1,0.98899,0.81155
eng,private_calls,0,0.00370,0.00959
eng,private_calls,0,0.00371,0.00827
eng,private_calls,0,0.00372,0.01561
eng,private_calls,0,0.99033,0.73116
eng,private_calls,0,0.00570,0.03936
eng,private_calls,0,0.14286,0.09935
eng,private_calls,1,0.00359,0.00736
eng,private_calls,1,0.00371,0.01832
eng,private_calls,0,0.00450,0.04950
eng,private_calls,0,0.04106,0.04644
eng,private_calls,0,0.00379,0.01345
eng,private_calls,0,0.00364,0.00764
eng,private_calls,1,0.45441,0.30556
eng,private_calls,0,0.00383,0.03183
eng,private_calls,0,0.00364,0.00741
eng,private_calls,0,0.00371,0.00874
eng,private_calls,1,0.72356,0.23190
eng,private_calls,0,0.00725,0.07444
eng,private_calls,1,0.05297,0.49006
eng,private_calls,0,0.98648,0.85877
eng,private_calls,1,0.86305,0.65731
eng,private_calls,0,0.00362,0.00851
eng,private_calls,0,0.00358,0.00991
eng,private_calls,0,0.01449,0.02582
eng,private_calls,0,0.00364,0.01180
eng,private_calls,1,0.89382,0.11745
eng,private_calls,1,0.08466,0.22934
eng,private_calls,0,0.00369,0.00665
eng,private_calls,0,0.00375,0.00670
eng,private_calls,1,0.00490,0.05236
eng,private_calls,0,0.73806,0.03955
eng,private_calls,1,0.99156,0.86848
eng,private_calls,0,0.00404,0.03163
eng,private_calls,0,0.00363,0.00817
eng,private_calls,0,0.00361,0.01364
eng,private_calls,0,0.00364,0.01029
eng,private_calls,0,0.00372,0.03943
eng,private_calls,0,0.00370,0.01172
eng,private_calls,0,0.00368,0.00722
eng,private_calls,0,0.00367,0.00680
eng,private_calls,0,0.01899,0.09196
eng,private_calls,0,0.01486,0.11861
eng,private_calls,1,0.99095,0.89073
eng,private_calls,0,0.00370,0.02139
eng,private_calls,0,0.00469,0.00981
eng,private_calls,0,0.00365,0.00931
eng,private_calls,0,0.00358,0.01367
eng,private_calls,0,0.00371,0.00781
eng,private_calls,0,0.00383,0.01865
eng,private_calls,0,0.00462,0.04637
eng,private_calls,0,0.00372,0.00662
eng,private_calls,0,0.00358,0.01050
eng,private_calls,0,0.82856,0.70387
eng,private_calls,0,0.00415,0.01403
eng,private_calls,1,0.89984,0.22679
eng,private_calls,0,0.00369,0.00603
eng,private_calls,1,0.71234,0.49252
eng,private_calls,0,0.01520,0.15284
eng,private_calls,1,0.98379,0.70692
eng,private_calls,1,0.98409,0.45330
eng,private_calls,0,0.00694,0.03854
eng,private_calls,0,0.98819,0.86916
eng,private_calls,1,0.98170,0.70815
eng,private_calls,1,0.98403,0.77365
eng,private_calls,0,0.00573,0.01639
eng,private_calls,1,0.99173,0.92844
eng,private_calls,0,0.00374,0.01052
eng,private_calls,0,0.00368,0.00855
eng,private_calls,1,0.97345,0.65013
eng,private_calls,0,0.02112,0.08872
eng,private_calls,0,0.00420,0.01032
eng,private_calls,0,0.00361,0.01301
eng,private_calls,0,0.02751,0.09455
eng,private_calls,0,0.01533,0.06134
eng,private_calls,1,0.97613,0.84255
eng,private_calls,0,0.00804,0.04236
eng,private_calls,0,0.00436,0.03964
eng,private_calls,1,0.97909,0.69772
eng,private_calls,0,0.98258,0.80617
eng,private_calls,0,0.00795,0.03827
eng,private_calls,0,0.97593,0.26682
eng,private_calls,1,0.98810,0.81778
eng,private_calls,0,0.00368,0.00631
eng,private_calls,0,0.09827,0.07601
eng,private_calls,1,0.98809,0.94681
eng,private_calls,1,0.99239,0.98175
eng,private_calls,1,0.99181,0.97333
eng,private_calls,0,0.00364,0.00682
eng,private_calls,1,0.98144,0.88489
eng,private_calls,0,0.00365,0.00604
eng,private_calls,0,0.99138,0.94860
eng,private_calls,0,0.00362,0.00688
eng,private_calls,0,0.00368,0.00620
eng,private_calls,0,0.18551,0.08561
eng,private_calls,0,0.02676,0.03273
eng,private_calls,1,0.00374,0.01529
eng,private_calls,0,0.05458,0.10939
eng,private_calls,0,0.00554,0.00724
eng,private_calls,0,0.95180,0.09449
eng,private_calls,0,0.09892,0.04215
eng,private_calls,0,0.78024,0.09761
eng,private_calls,0,0.00393,0.04182
eng,private_calls,0,0.92582,0.03654
eng,private_calls,1,0.98805,0.57876
eng,private_calls,0,0.99077,0.93852
eng,private_calls,0,0.00386,0.02235
eng,private_calls,0,0.02329,0.05930
eng,private_calls,0,0.01262,0.02185
eng,private_calls,1,0.95991,0.85586
eng,private_calls,0,0.10536,0.04613
eng,private_calls,0,0.00369,0.00684
eng,private_calls,1,0.98522,0.86096
eng,private_calls,0,0.00369,0.00700
eng,private_calls,0,0.01212,0.02458
eng,private_calls,0,0.04260,0.18408
eng,private_calls,0,0.00364,0.01157
eng,private_calls,0,0.00380,0.01610
eng,private_calls,0,0.00372,0.00878
eng,private_calls,0,0.00365,0.00733
eng,private_calls,0,0.87330,0.33520
eng,private_calls,0,0.00364,0.00823
eng,private_calls,1,0.99063,0.89847
eng,private_calls,0,0.00391,0.01071
eng,private_calls,0,0.00375,0.01416
eng,private_calls,0,0.61692,0.02449
eng,private_calls,0,0.00737,0.02560
eng,private_calls,0,0.00880,0.05134
eng,private_calls,0,0.83758,0.19876
eng,private_calls,0,0.46847,0.10231
eng,private_calls,0,0.00365,0.00624
eng,private_calls,0,0.00717,0.01961
eng,private_calls,0,0.05334,0.10446
eng,private_calls,0,0.00771,0.03815
eng,private_calls,0,0.03122,0.12405
eng,private_calls,0,0.00368,0.00774
eng,private_calls,0,0.00400,0.03805
eng,private_calls,0,0.00362,0.00859
eng,private_calls,0,0.04079,0.06503
eng,private_calls,0,0.00423,0.02450
eng,private_calls,0,0.00419,0.02364
eng,private_calls,0,0.00368,0.02331
eng,private_calls,0,0.02096,0.10851
eng,private_calls,1,0.95870,0.62896
eng,private_calls,0,0.00374,0.00699
eng,private_calls,0,0.00367,0.00621
eng,private_calls,0,0.00958,0.04810
eng,private_calls,0,0.00381,0.04023
eng,private_calls,1,0.98129,0.08196
eng,private_calls,0,0.29122,0.02100
eng,private_calls,0,0.98444,0.43556
eng,private_calls,0,0.00372,0.01539
eng,private_calls,1,0.14047,0.12424
eng,private_calls,0,0.00367,0.01553
eng,private_calls,0,0.56223,0.20662
eng,private_calls,0,0.97999,0.16921
eng,private_calls,0,0.00370,0.00736
eng,private_calls,0,0.98972,0.41188
eng,private_calls,0,0.00362,0.00633
eng,private_calls,0,0.00384,0.01124
eng,private_calls,0,0.00409,0.02713
eng,private_calls,0,0.02402,0.02539
eng,private_calls,0,0.00367,0.00659
eng,private_calls,1,0.85508,0.28823
eng,private_calls,0,0.99198,0.96068
eng,private_calls,0,0.97830,0.07098
eng,private_calls,0,0.00371,0.00630
eng,private_calls,0,0.00371,0.01189
eng,private_calls,0,0.00376,0.01185
eng,private_calls,0,0.00580,0.01730
eng,private_calls,0,0.00479,0.01812
eng,private_calls,1,0.00378,0.03477
eng,private_calls,0,0.00733,0.05002
eng,private_calls,0,0.12525,0.15652
eng,private_calls,0,0.00362,0.00884
eng,private_calls,0,0.00375,0.01016
eng,private_calls,0,0.00373,0.01062
eng,private_calls,1,0.60035,0.35753
eng,private_calls,0,0.99180,0.92314
eng,private_calls,0,0.00363,0.00587
eng,private_calls,0,0.00364,0.01125
eng,private_calls,0,0.00777,0.02667
eng,private_calls,0,0.00367,0.00976
eng,private_calls,0,0.00366,0.00651
eng,private_calls,0,0.00376,0.00955
eng,private_calls,0,0.00377,0.02223
eng,private_calls,0,0.11767,0.08239
eng,private_calls,0,0.02961,0.08944
eng,private_calls,0,0.00379,0.01746
eng,private_calls,0,0.00475,0.01701
eng,private_calls,1,0.98247,0.67608
eng,private_calls,0,0.00367,0.00776
eng,private_calls,0,0.00372,0.00584
eng,private_calls,0,0.00413,0.03827
eng,private_calls,0,0.01741,0.07953
eng,private_calls,0,0.00392,0.01306
eng,private_calls,0,0.00376,0.02606
eng,private_calls,0,0.88214,0.13788
eng,private_calls,0,0.00360,0.00908
eng,private_calls,0,0.94542,0.32747
eng,private_calls,0,0.06106,0.19623
eng,private_calls,0,0.00378,0.01883
eng,private_calls,0,0.00366,0.00742
eng,private_calls,0,0.00712,0.02915
eng,private_calls,0,0.94837,0.34933
eng,private_calls,0,0.00372,0.01767
eng,private_calls,0,0.00363,0.00570
eng,private_calls,0,0.00363,0.01426
eng,private_calls,0,0.61600,0.42089
eng,private_calls,1,0.11177,0.28629
eng,private_calls,0,0.00360,0.00995
eng,private_calls,1,0.00458,0.03090
eng,private_calls,0,0.00357,0.00652
eng,private_calls,0,0.00360,0.00982
eng,private_calls,0,0.96329,0.35150
eng,private_calls,0,0.00368,0.01513
eng,private_calls,0,0.00363,0.00693
eng,private_calls,0,0.00360,0.01569
eng,private_calls,0,0.00694,0.05205
eng,private_calls,0,0.00373,0.01358
eng,private_calls,0,0.00379,0.01133
eng,private_calls,0,0.00383,0.02336
eng,private_calls,0,0.00358,0.01649
eng,private_calls,0,0.00394,0.02484
eng,private_calls,0,0.99201,0.97198
eng,private_calls,0,0.00372,0.02884
eng,private_calls,0,0.00363,0.00654
eng,private_calls,0,0.00358,0.00874
eng,private_calls,1,0.99139,0.96804
eng,private_calls,1,0.41463,0.44523
eng,private_calls,0,0.00405,0.05184
eng,private_calls,0,0.00368,0.01469
eng,private_calls,0,0.00362,0.00782
eng,private_calls,0,0.00358,0.01362
eng,private_calls,0,0.00372,0.01744
eng,private_calls,1,0.98949,0.84201
eng,private_calls,0,0.00362,0.00773
eng,private_calls,0,0.00419,0.03113
eng,private_calls,0,0.00357,0.00671
eng,private_calls,1,0.99022,0.93720
eng,private_calls,0,0.95098,0.28727
eng,private_calls,0,0.00496,0.04976
eng,private_calls,1,0.99131,0.96367
eng,private_calls,0,0.00360,0.00774
eng,private_calls,1,0.00361,0.00953
eng,private_calls,0,0.00361,0.00908
eng,private_calls,1,0.00432,0.03406
eng,private_calls,1,0.98719,0.84095
eng,private_calls,1,0.00419,0.01241
eng,private_calls,1,0.00413,0.03035
eng,private_calls,0,0.00364,0.00661
eng,private_calls,0,0.00366,0.00903
eng,private_calls,0,0.00630,0.03487
eng,private_calls,0,0.98239,0.38264
eng,private_calls,0,0.00436,0.03844
eng,private_calls,0,0.98555,0.30560
eng,private_calls,0,0.78656,0.07945
eng,private_calls,0,0.01581,0.04594
eng,private_calls,1,0.00435,0.04369
eng,private_calls,0,0.92901,0.11542
eng,private_calls,0,0.00372,0.01860
eng,private_calls,0,0.00705,0.02832
eng,private_calls,0,0.00927,0.07000
eng,private_calls,1,0.94879,0.21704
eng,private_calls,0,0.96402,0.08001
eng,private_calls,0,0.00394,0.01170
eng,private_calls,0,0.65917,0.20294
eng,private_calls,0,0.00360,0.00584
eng,private_calls,0,0.00392,0.03394
eng,private_calls,0,0.00365,0.01418
eng,private_calls,0,0.00372,0.02422
eng,private_calls,1,0.97024,0.70249
eng,private_calls,0,0.00389,0.02451
eng,private_calls,0,0.01976,0.03615
eng,private_calls,1,0.98406,0.35588
eng,private_calls,0,0.84901,0.19123
eng,private_calls,0,0.06818,0.06603
eng,private_calls,0,0.00370,0.01002
eng,private_calls,0,0.00386,0.01510
eng,private_calls,0,0.00363,0.00977
eng,private_calls,0,0.07810,0.06838
eng,private_calls,0,0.00412,0.03640
eng,private_calls,1,0.98821,0.19232
eng,private_calls,0,0.01051,0.01995
eng,private_calls,0,0.98889,0.60207
eng,private_calls,1,0.99013,0.94758
eng,private_calls,0,0.00410,0.02418
eng,private_calls,0,0.00421,0.02673
eng,private_calls,0,0.00460,0.01368
eng,private_calls,0,0.00390,0.03044
eng,private_calls,0,0.00365,0.01026
eng,private_calls,0,0.00367,0.01079
eng,private_calls,0,0.00362,0.00833
eng,private_calls,0,0.00363,0.01134
eng,private_calls,0,0.00361,0.01065
eng,private_calls,0,0.00361,0.01117
eng,private_calls,0,0.00845,0.08728
eng,private_calls,1,0.98158,0.57600
eng,private_calls,0,0.00368,0.01290
eng,private_calls,0,0.00470,0.02268
eng,private_calls,0,0.00372,0.01675
eng,private_calls,0,0.00384,0.07875
eng,private_calls,0,0.00369,0.01400
eng,private_calls,0,0.00368,0.01858
eng,private_calls,0,0.01267,0.06000
eng,private_calls,1,0.01004,0.40548
eng,private_calls,0,0.00367,0.01133
eng,private_calls,0,0.98703,0.80761
eng,private_calls,0,0.00451,0.10017
eng,private_calls,0,0.00360,0.01106
eng,private_calls,0,0.00370,0.01456
eng,private_calls,0,0.00584,0.08818
eng,private_calls,0,0.00434,0.01149
eng,private_calls,0,0.00375,0.02140
eng,private_calls,0,0.00392,0.02185
eng,private_calls,0,0.00396,0.01664
eng,private_calls,0,0.00662,0.08249
eng,private_calls,0,0.00367,0.01318
eng,private_calls,0,0.00382,0.03447
eng,private_calls,0,0.00403,0.02077
eng,private_calls,0,0.00362,0.01054
eng,private_calls,0,0.00442,0.02894
eng,private_calls,0,0.00367,0.00903
eng,private_calls,0,0.00940,0.07044
eng,private_calls,0,0.00364,0.00827
eng,private_calls,0,0.00950,0.03900
eng,private_calls,0,0.00412,0.02757
eng,private_calls,0,0.00405,0.03866
eng,private_calls,0,0.00410,0.02285
eng,private_calls,1,0.00425,0.09782
eng,private_calls,0,0.00393,0.01811
eng,private_calls,0,0.07464,0.12115
eng,private_calls,0,0.00895,0.17441
eng,private_calls,0,0.00385,0.01897
eng,private_calls,1,0.97985,0.36748
eng,private_calls,0,0.00379,0.01430
eng,private_calls,1,0.97142,0.67814
eng,private_calls,0,0.00368,0.00942
eng,private_calls,0,0.00388,0.01204
eng,private_calls,0,0.00381,0.03245
eng,private_calls,0,0.08647,0.22413
eng,private_calls,1,0.01241,0.40405
eng,private_calls,1,0.98796,0.95910
eng,private_calls,0,0.00407,0.01211
eng,private_calls,0,0.00368,0.01070
eng,private_calls,0,0.55781,0.06502
eng,private_calls,0,0.01109,0.06723
eng,private_calls,0,0.97044,0.13083
eng,private_calls,1,0.91010,0.58209
eng,private_calls,0,0.00365,0.00800
eng,private_calls,0,0.01390,0.10164
eng,private_calls,0,0.00365,0.00637
eng,private_calls,1,0.98912,0.80097
eng,private_calls,0,0.00376,0.01725
eng,private_calls,1,0.04574,0.27363
eng,private_calls,1,0.01621,0.44699
eng,private_calls,0,0.94646,0.09466
eng,private_calls,1,0.00367,0.00668
eng,private_calls,0,0.00360,0.01062
eng,private_calls,1,0.98792,0.82480
eng,private_calls,1,0.00381,0.02331
eng,private_calls,0,0.00362,0.01679
eng,private_calls,1,0.00397,0.03450
eng,private_calls,1,0.00394,0.02682
eng,private_calls,0,0.01416,0.06246
eng,private_calls,1,0.98971,0.95344
eng,private_calls,0,0.00372,0.00647
eng,private_calls,1,0.00412,0.01913
eng,private_calls,0,0.00434,0.03339
eng,private_calls,0,0.88627,0.34920
eng,private_calls,0,0.00377,0.02323
eng,private_calls,0,0.00365,0.02266
eng,private_calls,0,0.62951,0.29976
eng,private_calls,0,0.00377,0.01475
eng,private_calls,0,0.00428,0.03841
eng,private_calls,0,0.00690,0.07627
eng,private_calls,0,0.00363,0.00900
eng,private_calls,0,0.00375,0.04190
eng,private_calls,0,0.00368,0.01968
eng,private_calls,0,0.00386,0.01785
eng,private_calls,0,0.00678,0.07700
eng,private_calls,0,0.00373,0.01715
eng,private_calls,1,0.00366,0.01234
eng,private_calls,0,0.11513,0.04603
eng,private_calls,0,0.26796,0.05061
eng,private_calls,0,0.00388,0.03396
eng,private_calls,0,0.00640,0.05361
eng,private_calls,0,0.00590,0.39349
eng,private_calls,0,0.00383,0.01319
eng,private_calls,0,0.00368,0.00651
eng,private_calls,0,0.56289,0.33582
eng,private_calls,0,0.00440,0.06441
eng,private_calls,0,0.01955,0.07785
eng,private_calls,0,0.56167,0.26661
eng,private_calls,0,0.00367,0.00985
eng,private_calls,0,0.00366,0.01050
eng,private_calls,0,0.00376,0.03749
eng,private_calls,1,0.43688,0.27081
eng,private_calls,0,0.00368,0.01214
eng,private_calls,0,0.00369,0.01479
eng,private_calls,0,0.00373,0.01222
eng,private_calls,0,0.00374,0.01591
eng,private_calls,0,0.85268,0.20973
eng,private_calls,0,0.96539,0.41151
eng,private_calls,1,0.97556,0.24116
eng,private_calls,0,0.00380,0.01959
eng,private_calls,0,0.00369,0.00929
eng,private_calls,0,0.00384,0.02096
eng,private_calls,0,0.00396,0.02865
eng,private_calls,0,0.02229,0.01587
eng,private_calls,0,0.00601,0.06721
eng,private_calls,0,0.00368,0.00787
eng,private_calls,0,0.00370,0.01773
eng,private_calls,1,0.98670,0.80694
eng,private_calls,0,0.17764,0.13642
eng,private_calls,0,0.00372,0.00707
eng,private_calls,1,0.97354,0.58351
eng,private_calls,0,0.00379,0.01328
eng,private_calls,0,0.96827,0.77244
eng,private_calls,1,0.98310,0.93393
eng,private_calls,0,0.00423,0.03004
eng,private_calls,0,0.13520,0.09603
eng,private_calls,0,0.39734,0.08145
eng,private_calls,1,0.97672,0.59155
eng,private_calls,0,0.00375,0.01044
eng,private_calls,0,0.00362,0.00717
eng,private_calls,1,0.85463,0.36040
eng,private_calls,0,0.67753,0.05661
eng,private_calls,0,0.00369,0.01358
eng,private_calls,0,0.00364,0.01074
eng,private_calls,0,0.02213,0.01095
eng,private_calls,1,0.98427,0.68331
eng,private_calls,0,0.00376,0.00920
eng,private_calls,0,0.00366,0.01592
eng,private_calls,0,0.00368,0.00616
eng,private_calls,1,0.87197,0.18917
eng,private_calls,0,0.00490,0.06809
eng,private_calls,0,0.00369,0.00615
eng,private_calls,0,0.00680,0.02166
eng,private_calls,1,0.99122,0.85911
eng,private_calls,0,0.00382,0.00894
eng,private_calls,0,0.00371,0.00549
eng,private_calls,0,0.00443,0.03387
eng,private_calls,0,0.00367,0.00640
eng,private_calls,0,0.00625,0.02884
eng,private_calls,0,0.00375,0.01441
eng,private_calls,0,0.00369,0.02127
eng,private_calls,1,0.58095,0.07808
eng,private_calls,0,0.00366,0.00611
eng,private_calls,0,0.00370,0.00611
eng,private_calls,0,0.00363,0.00843
eng,private_calls,0,0.98662,0.65866
eng,private_calls,1,0.99253,0.93940
eng,private_calls,0,0.13960,0.07633
eng,private_calls,0,0.00375,0.01665
eng,private_calls,1,0.04147,0.11001
eng,private_calls,1,0.99245,0.98459
eng,private_calls,0,0.02640,0.04159
eng,private_calls,0,0.00435,0.01529
eng,private_calls,0,0.89714,0.15315
eng,private_calls,1,0.91355,0.30831
eng,private_calls,1,0.95758,0.07742
eng,private_calls,0,0.56922,0.07509
eng,private_calls,0,0.00387,0.00824
eng,private_calls,0,0.00374,0.01171
eng,private_calls,0,0.00484,0.04190
eng,private_calls,1,0.99212,0.98958
eng,private_calls,0,0.00410,0.01522
eng,private_calls,1,0.99197,0.98113
eng,private_calls,1,0.98878,0.85392
eng,private_calls,1,0.00838,0.22493
eng,private_calls,1,0.98896,0.46188
eng,private_calls,1,0.98811,0.83484
eng,private_calls,1,0.99244,0.98899
eng,private_calls,1,0.99256,0.99052
eng,private_calls,1,0.01531,0.13059
guj,private_calls,0,0.00395,0.01715
guj,private_calls,1,0.99013,0.58035
guj,private_calls,1,0.99120,0.49946
guj,private_calls,0,0.00408,0.01689
guj,private_calls,0,0.00466,0.04543
guj,private_calls,0,0.00393,0.00744
guj,private_calls,0,0.00506,0.01384
guj,private_calls,0,0.00396,0.01046
guj,private_calls,0,0.00385,0.01337
guj,private_calls,1,0.01148,0.03639
guj,private_calls,0,0.02077,0.03923
guj,private_calls,0,0.84412,0.05314
guj,private_calls,0,0.00392,0.02029
guj,private_calls,0,0.98562,0.13231
guj,private_calls,0,0.00399,0.00647
guj,private_calls,0,0.00397,0.01274
guj,private_calls,0,0.00402,0.01085
guj,private_calls,0,0.00386,0.00745
guj,private_calls,0,0.00388,0.00699
guj,private_calls,0,0.99123,0.28175
guj,private_calls,0,0.01078,0.01064
guj,private_calls,0,0.00395,0.00656
guj,private_calls,0,0.00397,0.00691
guj,private_calls,0,0.01364,0.04243
guj,private_calls,0,0.08293,0.06779
guj,private_calls,0,0.59914,0.07237
guj,private_calls,0,0.00501,0.01512
guj,private_calls,0,0.00461,0.01907
guj,private_calls,1,0.98115,0.13959
guj,private_calls,0,0.00390,0.00745
guj,private_calls,0,0.00407,0.03818
guj,private_calls,0,0.00450,0.02272
guj,private_calls,1,0.92680,0.72272
guj,private_calls,0,0.05655,0.10995
guj,private_calls,0,0.06243,0.03551
guj,private_calls,1,0.77713,0.72080
guj,private_calls,0,0.00404,0.01269
guj,private_calls,0,0.00391,0.02017
guj,private_calls,1,0.98374,0.51069
guj,private_calls,0,0.45654,0.28346
guj,private_calls,1,0.98508,0.87216
guj,private_calls,0,0.00500,0.03641
guj,private_calls,1,0.98983,0.90658
guj,private_calls,1,0.99153,0.36149
guj,private_calls,0,0.00390,0.01117
guj,private_calls,0,0.00391,0.01151
guj,private_calls,0,0.00400,0.01221
guj,private_calls,1,0.99204,0.90011
guj,private_calls,0,0.00394,0.00819
guj,private_calls,1,0.99204,0.97485
guj,private_calls,0,0.00387,0.00905
guj,private_calls,0,0.98859,0.52644
guj,private_calls,0,0.00387,0.00734
guj,private_calls,0,0.00392,0.00589
guj,private_calls,1,0.04930,0.16298
guj,private_calls,0,0.07802,0.02342
guj,private_calls,0,0.09732,0.05280
guj,private_calls,0,0.30335,0.03755
guj,private_calls,0,0.00379,0.00610
guj,private_calls,0,0.00729,0.01652
guj,private_calls,0,0.01243,0.02806
guj,private_calls,0,0.00372,0.00815
guj,private_calls,0,0.04601,0.08632
guj,private_calls,0,0.00378,0.00790
guj,private_calls,0,0.00377,0.00542
guj,private_calls,1,0.97944,0.61379
guj,private_calls,0,0.00379,0.00620
guj,private_calls,0,0.00375,0.00739
guj,private_calls,0,0.00367,0.00764
guj,private_calls,0,0.00379,0.00566
guj,private_calls,0,0.00381,0.01161
guj,private_calls,1,0.24481,0.16503
guj,private_calls,0,0.00375,0.00549
guj,private_calls,1,0.99098,0.93589
guj,private_calls,0,0.00377,0.00879
guj,private_calls,0,0.00384,0.02694
guj,private_calls,0,0.00375,0.00565
guj,private_calls,0,0.00381,0.00581
guj,private_calls,1,0.99045,0.46350
guj,private_calls,1,0.99100,0.34938
guj,private_calls,0,0.98419,0.07883
guj,private_calls,0,0.00371,0.00645
guj,private_calls,0,0.98907,0.02242
guj,private_calls,0,0.00386,0.00572
guj,private_calls,0,0.31143,0.02178
guj,private_calls,0,0.99029,0.75177
guj,private_calls,0,0.00381,0.00650
guj,private_calls,0,0.00373,0.00778
guj,private_calls,1,0.00476,0.13952
guj,private_calls,0,0.00390,0.00737
guj,private_calls,0,0.00561,0.01022
guj,private_calls,0,0.02987,0.07305
guj,private_calls,0,0.00375,0.00576
guj,private_calls,1,0.54253,0.11071
guj,private_calls,0,0.99060,0.93280
guj,private_calls,0,0.96639,0.23504
guj,private_calls,0,0.00515,0.01287
guj,private_calls,0,0.07941,0.01946
guj,private_calls,0,0.00376,0.01140
guj,private_calls,1,0.99239,0.96551
guj,private_calls,1,0.98193,0.15271
guj,private_calls,1,0.99240,0.77985
guj,private_calls,0,0.00380,0.01081
guj,private_calls,0,0.00371,0.00842
guj,private_calls,1,0.97540,0.39634
guj,private_calls,0,0.00369,0.00671
guj,private_calls,0,0.01461,0.20224
guj,private_calls,0,0.00611,0.05746
guj,private_calls,1,0.97818,0.86010
guj,private_calls,0,0.00378,0.00661
guj,private_calls,0,0.00376,0.00617
guj,private_calls,1,0.99243,0.96613
guj,private_calls,1,0.94922,0.75975
guj,private_calls,0,0.00411,0.01109
guj,private_calls,1,0.04322,0.77209
guj,private_calls,0,0.00389,0.00907
guj,private_calls,1,0.98984,0.66884
guj,private_calls,0,0.00379,0.00642
guj,private_calls,0,0.98989,0.31508
guj,private_calls,0,0.00371,0.01259
guj,private_calls,0,0.00370,0.01363
guj,private_calls,0,0.91466,0.05465
guj,private_calls,0,0.79468,0.03172
guj,private_calls,0,0.00399,0.00655
guj,private_calls,1,0.99074,0.33943
guj,private_calls,0,0.22845,0.02197
guj,private_calls,0,0.00413,0.02283
guj,private_calls,0,0.92805,0.03008
guj,private_calls,0,0.00373,0.01148
guj,private_calls,0,0.00389,0.01998
guj,private_calls,0,0.00373,0.00678
guj,private_calls,1,0.54480,0.06526
guj,private_calls,0,0.00374,0.01463
guj,private_calls,0,0.00387,0.00948
guj,private_calls,0,0.98978,0.08875
guj,private_calls,0,0.00397,0.00938
guj,private_calls,0,0.00369,0.00873
guj,private_calls,0,0.16824,0.11915
guj,private_calls,1,0.00367,0.00657
guj,private_calls,0,0.00386,0.00502
guj,private_calls,0,0.00377,0.00514
guj,private_calls,0,0.00380,0.00601
guj,private_calls,0,0.82981,0.19032
guj,private_calls,0,0.00405,0.00783
guj,private_calls,0,0.00463,0.01838
guj,private_calls,0,0.00445,0.00846
guj,private_calls,0,0.99125,0.29829
guj,private_calls,0,0.00370,0.00731
guj,private_calls,1,0.96724,0.17379
guj,private_calls,0,0.00366,0.00660
guj,private_calls,0,0.01055,0.01601
guj,private_calls,0,0.00372,0.00633
guj,private_calls,0,0.00382,0.01050
guj,private_calls,0,0.00407,0.01811
guj,private_calls,0,0.91781,0.02954
guj,private_calls,0,0.00380,0.00567
guj,private_calls,1,0.99104,0.87544
guj,private_calls,0,0.98793,0.42747
guj,private_calls,0,0.70142,0.02207
guj,private_calls,0,0.00373,0.00565
guj,private_calls,0,0.40704,0.02534
guj,private_calls,1,0.00410,0.08528
guj,private_calls,0,0.98527,0.09456
guj,private_calls,0,0.99072,0.73039
guj,private_calls,0,0.92067,0.07058
guj,private_calls,0,0.91506,0.04002
guj,private_calls,0,0.00380,0.00544
guj,private_calls,0,0.00376,0.00730
guj,private_calls,0,0.00389,0.02528
guj,private_calls,0,0.00379,0.00630
guj,private_calls,1,0.94696,0.20958
guj,private_calls,0,0.00378,0.00814
guj,private_calls,0,0.98921,0.05381
guj,private_calls,0,0.00628,0.02141
guj,private_calls,0,0.00429,0.02993
guj,private_calls,0,0.94444,0.03457
guj,private_calls,0,0.00515,0.02354
guj,private_calls,0,0.00371,0.00679
guj,private_calls,0,0.08131,0.03413
guj,private_calls,0,0.01380,0.03387
guj,private_calls,0,0.00611,0.09042
guj,private_calls,0,0.00383,0.00546
guj,private_calls,0,0.00434,0.01906
guj,private_calls,0,0.99061,0.23764
guj,private_calls,0,0.92592,0.02974
guj,private_calls,0,0.00370,0.00812
guj,private_calls,0,0.00372,0.01140
guj,private_calls,0,0.00374,0.00832
guj,private_calls,1,0.01497,0.05232
guj,private_calls,0,0.00370,0.00942
guj,private_calls,0,0.08660,0.07947
guj,private_calls,0,0.23540,0.01314
guj,private_calls,0,0.05333,0.06438
guj,private_calls,0,0.00380,0.00545
guj,private_calls,0,0.98496,0.03870
guj,private_calls,0,0.98041,0.63196
guj,private_calls,0,0.00382,0.00584
guj,private_calls,1,0.99228,0.94582
guj,private_calls,1,0.99226,0.89166
guj,private_calls,0,0.00382,0.02112
guj,private_calls,0,0.00370,0.00669
guj,private_calls,0,0.00370,0.01055
guj,private_calls,0,0.00375,0.00979
guj,private_calls,0,0.00377,0.00654
guj,private_calls,1,0.00471,0.07933
guj,private_calls,0,0.00379,0.00919
guj,private_calls,0,0.00371,0.00753
guj,private_calls,0,0.12174,0.09206
guj,private_calls,0,0.95895,0.10371
guj,private_calls,0,0.00376,0.00921
guj,private_calls,1,0.03277,0.08042
guj,private_calls,0,0.53158,0.04148
guj,private_calls,0,0.00405,0.00834
guj,private_calls,0,0.00369,0.00623
guj,private_calls,0,0.00383,0.02244
guj,private_calls,0,0.01328,0.03554
guj,private_calls,0,0.00378,0.01107
guj,private_calls,0,0.01814,0.03069
guj,private_calls,0,0.06519,0.15278
guj,private_calls,0,0.00382,0.00940
guj,private_calls,0,0.00410,0.06496
guj,private_calls,0,0.00373,0.00624
guj,private_calls,0,0.00393,0.02103
guj,private_calls,1,0.98980,0.64087
guj,private_calls,0,0.00381,0.01479
guj,private_calls,0,0.01052,0.05235
guj,private_calls,0,0.00418,0.03826
guj,private_calls,1,0.98967,0.71362
guj,private_calls,0,0.14429,0.14252
guj,private_calls,0,0.00661,0.02927
guj,private_calls,0,0.00374,0.00988
guj,private_calls,0,0.00920,0.06969
guj,private_calls,0,0.01582,0.03177
guj,private_calls,0,0.00400,0.03097
guj,private_calls,0,0.00459,0.02412
guj,private_calls,0,0.00432,0.04618
guj,private_calls,0,0.97772,0.09345
guj,private_calls,0,0.00438,0.02968
guj,private_calls,0,0.02492,0.02674
guj,private_calls,0,0.09545,0.02759
guj,private_calls,0,0.02422,0.04453
guj,private_calls,1,0.69851,0.45890
guj,private_calls,1,0.01296,0.12567
guj,private_calls,0,0.00381,0.00856
guj,private_calls,0,0.00377,0.00512
guj,private_calls,1,0.99243,0.94265
guj,private_calls,1,0.98906,0.95261
guj,private_calls,0,0.00370,0.00642
guj,private_calls,1,0.99157,0.52511
guj,private_calls,1,0.99007,0.65453
guj,private_calls,0,0.98777,0.27921
guj,private_calls,0,0.00401,0.02547
guj,private_calls,0,0.99240,0.96629
guj,private_calls,0,0.00374,0.01284
guj,private_calls,1,0.99066,0.49583
guj,private_calls,0,0.00430,0.04019
guj,private_calls,0,0.98998,0.16238
guj,private_calls,1,0.96555,0.29528
guj,private_calls,0,0.98919,0.07927
guj,private_calls,1,0.99115,0.77251
guj,private_calls,0,0.03151,0.02241
guj,private_calls,0,0.99212,0.95040
guj,private_calls,0,0.59845,0.07192
guj,private_calls,0,0.00402,0.00817
guj,private_calls,0,0.99070,0.76950
guj,private_calls,1,0.99125,0.95370
guj,private_calls,0,0.00363,0.00708
guj,private_calls,0,0.01822,0.01941
guj,private_calls,0,0.87790,0.85378
guj,private_calls,0,0.99162,0.03694
guj,private_calls,1,0.99106,0.79284
guj,private_calls,0,0.99136,0.41469
guj,private_calls,0,0.97813,0.16773
guj,private_calls,1,0.98983,0.86865
guj,private_calls,1,0.99262,0.98109
guj,private_calls,0,0.02562,0.02027
guj,private_calls,0,0.00441,0.02146
guj,private_calls,0,0.76020,0.09991
guj,private_calls,1,0.99178,0.90062
guj,private_calls,0,0.10074,0.04272
guj,private_calls,0,0.00387,0.01546
guj,private_calls,0,0.00487,0.03590
guj,private_calls,0,0.00386,0.00971
guj,private_calls,0,0.00391,0.01367
guj,private_calls,0,0.00374,0.00578
guj,private_calls,0,0.00369,0.00630
guj,private_calls,1,0.99184,0.93764
guj,private_calls,1,0.99217,0.94894
guj,private_calls,1,0.99187,0.95709
guj,private_calls,1,0.99202,0.92466
guj,private_calls,1,0.99227,0.98047
guj,private_calls,0,0.00377,0.00669
guj,private_calls,1,0.97591,0.74261
guj,private_calls,1,0.71386,0.54441
guj,private_calls,1,0.99222,0.97344
guj,private_calls,1,0.98963,0.44286
guj,private_calls,1,0.99149,0.62294
guj,private_calls,0,0.99183,0.54969
guj,private_calls,1,0.99111,0.62317
guj,private_calls,0,0.98975,0.16291
guj,private_calls,1,0.99024,0.34580
guj,private_calls,0,0.00370,0.00965
guj,private_calls,1,0.99052,0.49447
guj,private_calls,0,0.00396,0.01152
guj,private_calls,0,0.00368,0.02101
guj,private_calls,0,0.00368,0.00649
guj,private_calls,0,0.00544,0.01192
guj,private_calls,0,0.01232,0.01206
guj,private_calls,0,0.00371,0.00791
guj,private_calls,0,0.00458,0.01501
guj,private_calls,0,0.99165,0.32108
guj,private_calls,0,0.17321,0.06849
guj,private_calls,0,0.00403,0.01371
guj,private_calls,1,0.99205,0.86595
guj,private_calls,0,0.00372,0.00599
guj,private_calls,0,0.00379,0.00764
guj,private_calls,0,0.00369,0.01051
guj,private_calls,0,0.98876,0.13724
guj,private_calls,0,0.00380,0.00665
guj,private_calls,0,0.00367,0.00612
guj,private_calls,0,0.00370,0.00653
guj,private_calls,0,0.00683,0.04023
guj,private_calls,0,0.16493,0.09015
guj,private_calls,0,0.00381,0.01154
guj,private_calls,0,0.00396,0.01172
guj,private_calls,0,0.00367,0.00931
guj,private_calls,0,0.00373,0.00834
guj,private_calls,0,0.51544,0.07028
guj,private_calls,0,0.00439,0.02646
guj,private_calls,0,0.00383,0.01502
guj,private_calls,1,0.00371,0.00994
guj,private_calls,0,0.00373,0.00957
guj,private_calls,0,0.98786,0.02970
guj,private_calls,1,0.99164,0.71033
guj,private_calls,0,0.00378,0.00646
guj,private_calls,0,0.00389,0.01340
guj,private_calls,0,0.00375,0.00752
guj,private_calls,0,0.00469,0.03132
guj,private_calls,0,0.21407,0.07833
guj,private_calls,0,0.00390,0.01499
guj,private_calls,0,0.98771,0.09456
guj,private_calls,0,0.00367,0.01409
guj,private_calls,0,0.00391,0.01303
guj,private_calls,1,0.99138,0.87660
guj,private_calls,0,0.00377,0.00580
guj,private_calls,1,0.00424,0.03514
guj,private_calls,0,0.99155,0.56740
guj,private_calls,0,0.55537,0.04359
guj,private_calls,1,0.99214,0.93452
guj,private_calls,0,0.00373,0.00558
guj,private_calls,1,0.99033,0.29284
guj,private_calls,0,0.00377,0.00748
guj,private_calls,1,0.98303,0.03649
guj,private_calls,0,0.44048,0.16919
guj,private_calls,1,0.99215,0.98171
guj,private_calls,0,0.00375,0.00695
guj,private_calls,0,0.00387,0.02881
guj,private_calls,0,0.00381,0.00873
guj,private_calls,0,0.00473,0.02289
guj,private_calls,0,0.00366,0.00543
guj,private_calls,0,0.13268,0.03032
guj,private_calls,0,0.00371,0.00598
guj,private_calls,1,0.99203,0.91374
guj,private_calls,1,0.99046,0.04832
guj,private_calls,0,0.00369,0.00699
guj,private_calls,0,0.01005,0.03192
guj,private_calls,1,0.99205,0.98422
guj,private_calls,0,0.01173,0.02375
guj,private_calls,1,0.76217,0.31023
guj,private_calls,0,0.00386,0.00626
guj,private_calls,0,0.98913,0.66381
guj,private_calls,0,0.00442,0.03260
guj,private_calls,0,0.00375,0.00545
guj,private_calls,1,0.99208,0.73734
guj,private_calls,1,0.01524,0.03873
guj,private_calls,1,0.99212,0.98795
guj,private_calls,0,0.00364,0.00584
guj,private_calls,0,0.00367,0.00836
guj,private_calls,1,0.99263,0.91342
guj,private_calls,1,0.99249,0.99099
guj,private_calls,1,0.98459,0.41069
guj,private_calls,0,0.00404,0.02178
guj,private_calls,1,0.99215,0.97855
guj,private_calls,0,0.98488,0.23281
guj,private_calls,0,0.92434,0.13903
guj,private_calls,1,0.98841,0.96275
guj,private_calls,0,0.99196,0.54581
guj,private_calls,1,0.99216,0.85464
guj,private_calls,1,0.98257,0.70884
guj,private_calls,1,0.99184,0.92001
guj,private_calls,0,0.00441,0.03978
guj,private_calls,1,0.99175,0.66532
guj,private_calls,0,0.99083,0.76944
guj,private_calls,0,0.15379,0.02094
guj,private_calls,1,0.99164,0.92467
guj,private_calls,0,0.97473,0.03670
guj,private_calls,0,0.78203,0.15732
guj,private_calls,0,0.01024,0.04657
guj,private_calls,0,0.00367,0.00775
guj,private_calls,0,0.14860,0.04476
guj,private_calls,0,0.99216,0.95384
guj,private_calls,1,0.98702,0.83863
guj,private_calls,0,0.95989,0.06147
guj,private_calls,1,0.45783,0.64531
guj,private_calls,0,0.63298,0.04775
guj,private_calls,0,0.97083,0.11582
guj,private_calls,0,0.98963,0.14561
guj,private_calls,0,0.95269,0.08073
guj,private_calls,0,0.98449,0.13325
guj,private_calls,1,0.98506,0.73102
guj,private_calls,0,0.00377,0.01469
guj,private_calls,0,0.00370,0.00643
guj,private_calls,1,0.99230,0.96222
guj,private_calls,1,0.99058,0.95175
guj,private_calls,0,0.00368,0.00570
guj,private_calls,1,0.99054,0.71693
guj,private_calls,1,0.99035,0.90548
guj,private_calls,0,0.00377,0.01169
guj,private_calls,0,0.99131,0.42481
guj,private_calls,0,0.00365,0.00758
guj,private_calls,0,0.99222,0.98981
guj,private_calls,1,0.99229,0.98185
guj,private_calls,0,0.00374,0.01557
guj,private_calls,1,0.98785,0.81095
guj,private_calls,0,0.00666,0.03073
guj,private_calls,0,0.00371,0.00572
guj,private_calls,1,0.00375,0.00686
guj,private_calls,0,0.43407,0.03770
guj,private_calls,1,0.00375,0.01052
guj,private_calls,1,0.99034,0.38489
guj,private_calls,1,0.80733,0.57739
guj,private_calls,1,0.98299,0.28611
guj,private_calls,1,0.00383,0.01455
guj,private_calls,0,0.00506,0.00999
guj,private_calls,0,0.00372,0.00527
guj,private_calls,0,0.00982,0.03119
guj,private_calls,1,0.24483,0.06164
guj,private_calls,1,0.02907,0.14430
guj,private_calls,1,0.98871,0.64029
guj,private_calls,1,0.99240,0.85161
guj,private_calls,0,0.04083,0.02140
guj,private_calls,0,0.18926,0.01766
guj,private_calls,0,0.00372,0.00610
guj,private_calls,1,0.98852,0.68783
guj,private_calls,0,0.00381,0.00551
guj,private_calls,0,0.08065,0.03664
guj,private_calls,1,0.98949,0.12077
guj,private_calls,0,0.98955,0.03376
guj,private_calls,1,0.98695,0.31272
guj,private_calls,0,0.99216,0.96901
guj,private_calls,0,0.00882,0.06563
guj,private_calls,0,0.03023,0.06052
guj,private_calls,0,0.90889,0.54445
guj,private_calls,0,0.99212,0.10925
guj,private_calls,0,0.99120,0.22345
guj,private_calls,1,0.57619,0.26456
guj,private_calls,1,0.98560,0.64096
guj,private_calls,0,0.98872,0.05099
guj,private_calls,0,0.02162,0.01675
guj,private_calls,0,0.00383,0.00540
guj,private_calls,0,0.00380,0.00749
guj,private_calls,0,0.00436,0.01810
guj,private_calls,0,0.98697,0.76335
guj,private_calls,0,0.00378,0.00925
guj,private_calls,0,0.99216,0.75594
guj,private_calls,0,0.05143,0.02774
guj,private_calls,1,0.00466,0.17984
guj,private_calls,0,0.00369,0.00868
guj,private_calls,0,0.99121,0.79222
guj,private_calls,0,0.99181,0.79510
guj,private_calls,0,0.65612,0.11126
guj,private_calls,0,0.01549,0.07751
guj,private_calls,1,0.99206,0.96670
guj,private_calls,0,0.98912,0.13032
guj,private_calls,0,0.00376,0.00719
guj,private_calls,1,0.98713,0.61636
guj,private_calls,0,0.00763,0.01580
guj,private_calls,0,0.99212,0.70415
guj,private_calls,0,0.00917,0.02462
guj,private_calls,0,0.00380,0.00787
guj,private_calls,0,0.00379,0.00882
guj,private_calls,1,0.96472,0.67755
guj,private_calls,0,0.00378,0.00611
guj,private_calls,0,0.00405,0.02187
guj,private_calls,0,0.98393,0.11463
guj,private_calls,0,0.00502,0.01257
guj,private_calls,0,0.00769,0.02023
guj,private_calls,0,0.98773,0.08299
guj,private_calls,0,0.97451,0.04801
guj,private_calls,0,0.00489,0.03162
guj,private_calls,1,0.99234,0.96052
guj,private_calls,0,0.00369,0.00942
guj,private_calls,0,0.00384,0.01744
guj,private_calls,0,0.98627,0.12819
guj,private_calls,1,0.99161,0.95421
guj,private_calls,0,0.00398,0.00986
guj,private_calls,0,0.30840,0.01936
guj,private_calls,0,0.00373,0.00613
guj,private_calls,0,0.00397,0.01207
guj,private_calls,1,0.99130,0.88842
guj,private_calls,0,0.00422,0.01037
guj,private_calls,0,0.00423,0.01743
guj,private_calls,0,0.00436,0.04004
guj,private_calls,1,0.99205,0.97634
guj,private_calls,0,0.00387,0.00966
guj,private_calls,1,0.98869,0.66781
guj,private_calls,1,0.99112,0.32840
guj,private_calls,0,0.29253,0.02417
guj,private_calls,0,0.25112,0.01332
guj,private_calls,1,0.98863,0.87290
guj,private_calls,1,0.98702,0.33111
guj,private_calls,0,0.00510,0.01303
guj,private_calls,0,0.95817,0.02576
guj,private_calls,0,0.00401,0.00874
guj,private_calls,0,0.00578,0.02468
guj,private_calls,0,0.99199,0.54936
guj,private_calls,0,0.05697,0.01883
guj,private_calls,0,0.00443,0.00846
guj,private_calls,0,0.98411,0.52074
guj,private_calls,1,0.99226,0.91191
guj,private_calls,0,0.98272,0.54330
guj,private_calls,0,0.99225,0.27335
guj,private_calls,0,0.07580,0.02696
guj,private_calls,0,0.00516,0.00608
guj,private_calls,0,0.23423,0.05029
guj,private_calls,0,0.00392,0.00645
guj,private_calls,1,0.99135,0.96923
guj,private_calls,0,0.02658,0.04465
guj,private_calls,0,0.98390,0.03478
guj,private_calls,0,0.99043,0.76181
guj,private_calls,0,0.00475,0.00900
guj,private_calls,0,0.00416,0.00909
guj,private_calls,0,0.66832,0.05909
guj,private_calls,0,0.00520,0.06596
guj,private_calls,0,0.00785,0.00790
guj,private_calls,0,0.00450,0.01846
guj,private_calls,1,0.99139,0.96859
guj,private_calls,0,0.93160,0.08152
guj,private_calls,0,0.30151,0.02296
guj,private_calls,0,0.99186,0.92186
guj,private_calls,0,0.00387,0.00673
guj,private_calls,0,0.99096,0.08804
guj,private_calls,0,0.00386,0.00605
guj,private_calls,0,0.25171,0.05917
guj,private_calls,0,0.01699,0.00793
guj,private_calls,0,0.00389,0.01799
guj,private_calls,0,0.04183,0.01634
guj,private_calls,0,0.98852,0.53370
guj,private_calls,1,0.99108,0.95014
guj,private_calls,0,0.00391,0.00608
guj,private_calls,0,0.00391,0.00736
guj,private_calls,0,0.00397,0.01831
guj,private_calls,1,0.99178,0.96570
guj,private_calls,0,0.00395,0.00611
guj,private_calls,0,0.99175,0.52427
guj,private_calls,0,0.99207,0.92805
guj,private_calls,0,0.00389,0.00661
guj,private_calls,0,0.99212,0.89649
guj,private_calls,1,0.99214,0.97466
guj,private_calls,1,0.48526,0.19651
guj,private_calls,0,0.00382,0.01127
guj,private_calls,1,0.98914,0.61197
guj,private_calls,0,0.98795,0.04657
guj,private_calls,0,0.00394,0.00720
guj,private_calls,0,0.93434,0.18787
guj,private_calls,0,0.00388,0.00620
guj,private_calls,0,0.00516,0.01379
guj,private_calls,0,0.00378,0.01024
guj,private_calls,0,0.99143,0.85804
guj,private_calls,0,0.00370,0.00863
guj,private_calls,0,0.00375,0.01090
guj,private_calls,0,0.00378,0.00571
guj,private_calls,0,0.07754,0.12905
guj,private_calls,0,0.00391,0.02004
guj,private_calls,0,0.00374,0.00746
guj,private_calls,0,0.00378,0.01061
guj,private_calls,0,0.00369,0.00582
guj,private_calls,0,0.00376,0.00696
guj,private_calls,0,0.00399,0.02140
guj,private_calls,1,0.99206,0.96246
guj,private_calls,0,0.03748,0.03630
guj,private_calls,0,0.00396,0.00911
guj,private_calls,0,0.00380,0.01593
guj,private_calls,1,0.99209,0.90522
guj,private_calls,0,0.00366,0.00684
guj,private_calls,0,0.01862,0.04084
guj,private_calls,0,0.00374,0.01301
guj,private_calls,0,0.00366,0.00666
guj,private_calls,0,0.01770,0.03376
guj,private_calls,0,0.01692,0.01659
guj,private_calls,0,0.00378,0.01489
guj,private_calls,0,0.00384,0.01303
guj,private_calls,0,0.98141,0.30394
guj,private_calls,1,0.99141,0.33650
guj,private_calls,1,0.98998,0.14501
guj,private_calls,0,0.21879,0.01505
guj,private_calls,0,0.00373,0.01154
guj,private_calls,0,0.97034,0.08539
guj,private_calls,1,0.96551,0.05369
guj,private_calls,0,0.00369,0.01754
guj,private_calls,1,0.29967,0.27443
guj,private_calls,0,0.00365,0.00716
guj,private_calls,0,0.03082,0.05908
guj,private_calls,0,0.00374,0.01211
guj,private_calls,0,0.00374,0.00737
guj,private_calls,1,0.96345,0.60302
guj,private_calls,0,0.00374,0.00803
guj,private_calls,1,0.99205,0.82575
guj,private_calls,1,0.99160,0.80842
guj,private_calls,0,0.00389,0.01777
guj,private_calls,1,0.99156,0.96699
guj,private_calls,1,0.13870,0.27866
guj,private_calls,0,0.76212,0.11023
guj,private_calls,1,0.99205,0.97553
guj,private_calls,0,0.00368,0.00554
guj,private_calls,0,0.00372,0.00565
guj,private_calls,0,0.00371,0.00715
guj,private_calls,0,0.37715,0.55519
guj,private_calls,0,0.00370,0.00569
guj,private_calls,0,0.00370,0.00584
guj,private_calls,0,0.00377,0.00566
guj,private_calls,0,0.00374,0.01011
guj,private_calls,1,0.99192,0.82913
guj,private_calls,0,0.00376,0.00522
guj,private_calls,0,0.00371,0.00594
guj,private_calls,0,0.00414,0.01131
guj,private_calls,0,0.00424,0.02754
guj,private_calls,0,0.00374,0.00932
guj,private_calls,0,0.98973,0.28053
guj,private_calls,0,0.00419,0.02681
guj,private_calls,0,0.00364,0.00531
guj,private_calls,1,0.99210,0.96179
guj,private_calls,0,0.00373,0.00542
guj,private_calls,0,0.44909,0.18007
guj,private_calls,0,0.00565,0.03403
guj,private_calls,0,0.00366,0.00562
guj,private_calls,0,0.00369,0.00540
guj,private_calls,0,0.00565,0.09097
guj,private_calls,0,0.00363,0.00694
guj,private_calls,0,0.00371,0.00535
guj,private_calls,0,0.00654,0.01115
guj,private_calls,0,0.00375,0.00587
guj,private_calls,0,0.00374,0.00715
guj,private_calls,0,0.00364,0.00593
guj,private_calls,1,0.98855,0.88591
guj,private_calls,0,0.00375,0.00602
guj,private_calls,0,0.00373,0.00621
guj,private_calls,0,0.00372,0.00535
guj,private_calls,0,0.00368,0.00558
guj,private_calls,1,0.99057,0.97075
guj,private_calls,0,0.00408,0.03540
guj,private_calls,0,0.00370,0.00546
guj,private_calls,0,0.00373,0.00511
guj,private_calls,0,0.07914,0.01682
guj,private_calls,1,0.99042,0.51582
guj,private_calls,0,0.00374,0.00549
guj,private_calls,0,0.00367,0.00603
guj,private_calls,0,0.00387,0.00872
guj,private_calls,0,0.00366,0.00593
guj,private_calls,0,0.00432,0.01638
guj,private_calls,1,0.98966,0.38069
guj,private_calls,0,0.00368,0.00892
guj,private_calls,0,0.00379,0.00589
guj,private_calls,0,0.00370,0.00747
guj,private_calls,1,0.99121,0.96404
guj,private_calls,0,0.00364,0.00677
guj,private_calls,0,0.32470,0.11623
guj,private_calls,0,0.00683,0.00740
guj,private_calls,0,0.00387,0.00976
guj,private_calls,1,0.99104,0.96713
guj,private_calls,1,0.99197,0.95799
guj,private_calls,1,0.99191,0.80938
guj,private_calls,0,0.00443,0.01677
guj,private_calls,0,0.00376,0.00854
guj,private_calls,0,0.00374,0.00788
guj,private_calls,0,0.00390,0.02771
guj,private_calls,0,0.00407,0.02474
guj,private_calls,1,0.00707,0.03107
guj,private_calls,0,0.96969,0.06886
guj,private_calls,0,0.00368,0.00584
guj,private_calls,0,0.00372,0.00739
guj,private_calls,0,0.00374,0.00812
guj,private_calls,0,0.11953,0.03913
guj,private_calls,0,0.00400,0.01053
guj,private_calls,0,0.00373,0.00701
guj,private_calls,0,0.00374,0.00917
guj,private_calls,0,0.00371,0.00830
guj,private_calls,0,0.00373,0.00693
guj,private_calls,0,0.26354,0.10248
guj,private_calls,0,0.08578,0.04175
guj,private_calls,0,0.96382,0.07645
guj,private_calls,0,0.00369,0.00605
guj,private_calls,0,0.00374,0.00850
guj,private_calls,0,0.00368,0.00739
guj,private_calls,0,0.00381,0.02604
guj,private_calls,0,0.99085,0.12338
guj,private_calls,0,0.00373,0.01201
guj,private_calls,0,0.59376,0.02860
guj,private_calls,0,0.00374,0.00622
guj,private_calls,0,0.96890,0.02327
guj,private_calls,0,0.00376,0.00582
guj,private_calls,0,0.00380,0.00550
guj,private_calls,0,0.00697,0.01922
guj,private_calls,0,0.00596,0.02588
guj,private_calls,0,0.00369,0.00766
guj,private_calls,0,0.00396,0.01185
guj,private_calls,0,0.00373,0.00619
guj,private_calls,0,0.00372,0.00589
guj,private_calls,0,0.00374,0.00860
guj,private_calls,0,0.00382,0.01151
guj,private_calls,0,0.00380,0.00789
guj,private_calls,0,0.00758,0.01125
guj,private_calls,0,0.00380,0.00800
guj,private_calls,0,0.00384,0.00609
guj,private_calls,0,0.74442,0.04907
guj,private_calls,0,0.00384,0.02115
guj,private_calls,0,0.00406,0.01475
guj,private_calls,0,0.02851,0.04213
guj,private_calls,0,0.00438,0.04291
guj,private_calls,0,0.22548,0.09680
guj,private_calls,0,0.00402,0.00774
guj,private_calls,0,0.22105,0.01364
guj,private_calls,0,0.00379,0.01266
guj,private_calls,0,0.00431,0.01050
guj,private_calls,0,0.98454,0.54090
guj,private_calls,0,0.00377,0.02326
guj,private_calls,1,0.98746,0.46266
guj,private_calls,0,0.03843,0.06500
guj,private_calls,0,0.00374,0.00786
guj,private_calls,0,0.00372,0.01249
guj,private_calls,0,0.00376,0.01242
guj,private_calls,0,0.00372,0.00677
guj,private_calls,0,0.00369,0.00827
guj,private_calls,0,0.00375,0.00967
guj,private_calls,0,0.34322,0.05764
guj,private_calls,0,0.00389,0.01609
guj,private_calls,0,0.00370,0.00712
guj,private_calls,0,0.00370,0.01436
guj,private_calls,0,0.85411,0.47885
guj,private_calls,0,0.95555,0.09106
guj,private_calls,0,0.00432,0.02135
guj,private_calls,0,0.00373,0.00632
guj,private_calls,0,0.00374,0.00916
guj,private_calls,0,0.98605,0.12344
guj,private_calls,0,0.00529,0.06054
guj,private_calls,0,0.00380,0.01465
guj,private_calls,0,0.00509,0.02326
guj,private_calls,0,0.00369,0.00638
guj,private_calls,0,0.00371,0.01221
guj,private_calls,0,0.00375,0.00668
guj,private_calls,0,0.00376,0.00716
guj,private_calls,0,0.00447,0.03204
guj,private_calls,0,0.59697,0.03284
guj,private_calls,0,0.00375,0.00640
guj,private_calls,1,0.98858,0.60931
guj,private_calls,0,0.00384,0.00880
guj,private_calls,0,0.99181,0.86016
guj,private_calls,0,0.00375,0.00644
guj,private_calls,0,0.00374,0.00985
guj,private_calls,1,0.97204,0.70003
guj,private_calls,0,0.00376,0.00665
guj,private_calls,0,0.00374,0.00701
guj,private_calls,0,0.63399,0.03274
guj,private_calls,1,0.99202,0.97608
guj,private_calls,0,0.00372,0.00632
guj,private_calls,0,0.98961,0.47676
guj,private_calls,0,0.00365,0.00702
guj,private_calls,1,0.98847,0.82334
guj,private_calls,0,0.30133,0.06334
guj,private_calls,1,0.97472,0.55917
guj,private_calls,0,0.07874,0.02287
guj,private_calls,0,0.00373,0.00670
guj,private_calls,1,0.99239,0.94273
guj,private_calls,0,0.00381,0.00956
guj,private_calls,1,0.99139,0.69430
guj,private_calls,0,0.00369,0.00805
guj,private_calls,0,0.00372,0.00568
guj,private_calls,1,0.99096,0.93456
guj,private_calls,0,0.00375,0.00774
guj,private_calls,0,0.00373,0.00799
guj,private_calls,0,0.00900,0.01966
guj,private_calls,0,0.00375,0.01558
guj,private_calls,1,0.99219,0.98305
guj,private_calls,0,0.01135,0.02401
guj,private_calls,1,0.98943,0.80317
guj,private_calls,0,0.00370,0.00859
guj,private_calls,0,0.00380,0.00595
guj,private_calls,0,0.00442,0.00981
guj,private_calls,1,0.00405,0.02708
guj,private_calls,0,0.00400,0.01862
guj,private_calls,0,0.29311,0.18143
guj,private_calls,0,0.00381,0.00926
guj,private_calls,0,0.00561,0.02902
guj,private_calls,1,0.14684,0.16079
guj,private_calls,0,0.00419,0.03474
guj,private_calls,0,0.00380,0.00577
guj,private_calls,0,0.00378,0.01330
guj,private_calls,0,0.00451,0.02559
guj,private_calls,0,0.00368,0.00608
guj,private_calls,0,0.00369,0.00836
guj,private_calls,0,0.00367,0.01876
guj,private_calls,0,0.00376,0.00624
guj,private_calls,0,0.00455,0.02192
guj,private_calls,1,0.97775,0.22190
guj,private_calls,1,0.99170,0.75291
guj,private_calls,1,0.99013,0.84532
guj,private_calls,1,0.16380,0.06625
guj,private_calls,1,0.99187,0.92031
guj,private_calls,0,0.00369,0.00560
guj,private_calls,1,0.99228,0.98011
guj,private_calls,0,0.00369,0.00628
guj,private_calls,1,0.98731,0.77474
guj,private_calls,1,0.99262,0.93062
guj,private_calls,0,0.00467,0.02502
guj,private_calls,0,0.00770,0.16155
guj,private_calls,0,0.00367,0.00620
guj,private_calls,1,0.08100,0.55836
guj,private_calls,0,0.00373,0.00614
guj,private_calls,1,0.99161,0.94366
guj,private_calls,0,0.00379,0.01574
guj,private_calls,1,0.99244,0.96045
guj,private_calls,1,0.97054,0.78654
guj,private_calls,0,0.05346,0.04088
guj,private_calls,0,0.43739,0.10881
guj,private_calls,0,0.00365,0.00747
guj,private_calls,0,0.00372,0.01344
guj,private_calls,0,0.00377,0.02065
guj,private_calls,1,0.99143,0.78086
guj,private_calls,0,0.00367,0.01057
guj,private_calls,0,0.00372,0.02151
guj,private_calls,0,0.00364,0.00730
guj,private_calls,0,0.00379,0.01136
guj,private_calls,1,0.99202,0.83602
guj,private_calls,0,0.00371,0.01221
guj,private_calls,0,0.00382,0.04669
guj,private_calls,0,0.00369,0.00845
guj,private_calls,1,0.99189,0.94027
guj,private_calls,0,0.00372,0.00524
guj,private_calls,0,0.00375,0.00555
guj,private_calls,0,0.00364,0.01243
guj,private_calls,0,0.00363,0.01035
guj,private_calls,0,0.00369,0.01314
guj,private_calls,1,0.99237,0.96469
guj,private_calls,0,0.95337,0.09003
guj,private_calls,0,0.00363,0.00643
guj,private_calls,1,0.99138,0.95021
guj,private_calls,0,0.00384,0.00784
guj,private_calls,0,0.00368,0.01412
guj,private_calls,0,0.00429,0.06758
guj,private_calls,0,0.47727,0.08112
guj,private_calls,0,0.00384,0.01421
guj,private_calls,0,0.00365,0.00577
guj,private_calls,1,0.04798,0.05517
guj,private_calls,0,0.00896,0.05502
guj,private_calls,0,0.00357,0.00698
guj,private_calls,0,0.00366,0.00612
guj,private_calls,0,0.92354,0.14997
guj,private_calls,1,0.99055,0.84516
guj,private_calls,0,0.00370,0.00529
guj,private_calls,0,0.99231,0.64156
guj,private_calls,0,0.97462,0.17663
guj,private_calls,1,0.97111,0.55081
guj,private_calls,0,0.00366,0.00650
guj,private_calls,0,0.26431,0.07473
guj,private_calls,0,0.00368,0.01046
guj,private_calls,1,0.98934,0.71175
guj,private_calls,1,0.97576,0.79523
guj,private_calls,0,0.05547,0.05544
guj,private_calls,1,0.99227,0.97469
guj,private_calls,0,0.00366,0.00651
guj,private_calls,0,0.00361,0.01258
guj,private_calls,0,0.00374,0.00792
guj,private_calls,0,0.00378,0.01189
guj,private_calls,0,0.00360,0.00654
guj,private_calls,0,0.00363,0.00622
guj,private_calls,0,0.00390,0.01399
guj,private_calls,0,0.00378,0.01709
guj,private_calls,0,0.00453,0.01898
guj,private_calls,0,0.00362,0.01036
guj,private_calls,0,0.00359,0.01315
guj,private_calls,0,0.97228,0.18788
guj,private_calls,0,0.00411,0.07230
guj,private_calls,0,0.00440,0.07583
guj,private_calls,0,0.98311,0.00810
guj,private_calls,1,0.99145,0.58848
guj,private_calls,0,0.00360,0.00679
guj,private_calls,0,0.00398,0.02207
guj,private_calls,0,0.42771,0.15354
guj,private_calls,0,0.00374,0.01096
guj,private_calls,1,0.99117,0.79192
guj,private_calls,0,0.00443,0.01181
guj,private_calls,0,0.00374,0.00625
guj,private_calls,0,0.00809,0.01450
guj,private_calls,0,0.00378,0.00651
guj,private_calls,0,0.99144,0.20159
guj,private_calls,0,0.00386,0.01170
guj,private_calls,0,0.00377,0.00886
guj,private_calls,0,0.00383,0.00563
guj,private_calls,1,0.99139,0.71776
guj,private_calls,0,0.00441,0.02329
guj,private_calls,0,0.00446,0.01787
guj,private_calls,1,0.99225,0.85742
guj,private_calls,1,0.99216,0.90040
guj,private_calls,0,0.98441,0.07481
guj,private_calls,0,0.00973,0.02076
guj,private_calls,0,0.99188,0.84699
guj,private_calls,0,0.99181,0.09504
guj,private_calls,0,0.00385,0.01642
guj,private_calls,1,0.89926,0.24190
guj,private_calls,0,0.97973,0.03280
guj,private_calls,0,0.00424,0.01938
guj,private_calls,0,0.00380,0.01252
guj,private_calls,0,0.94119,0.12070
guj,private_calls,0,0.00381,0.00884
guj,private_calls,0,0.06751,0.05285
guj,private_calls,0,0.00501,0.03367
guj,private_calls,0,0.00369,0.00959
guj,private_calls,0,0.00375,0.00870
guj,private_calls,0,0.00417,0.02010
guj,private_calls,0,0.00373,0.00617
guj,private_calls,0,0.00376,0.01029
guj,private_calls,0,0.00372,0.01168
guj,private_calls,0,0.02686,0.02984
guj,private_calls,1,0.02445,0.17952
guj,private_calls,0,0.00534,0.05115
guj,private_calls,0,0.00376,0.00655
guj,private_calls,0,0.06409,0.01837
guj,private_calls,0,0.01543,0.05917
guj,private_calls,0,0.00379,0.00630
guj,private_calls,0,0.00372,0.00857
guj,private_calls,0,0.18039,0.10764
guj,private_calls,0,0.00370,0.00841
guj,private_calls,0,0.00373,0.00740
guj,private_calls,0,0.00375,0.00997
guj,private_calls,0,0.00514,0.01913
guj,private_calls,1,0.96699,0.16893
guj,private_calls,0,0.02687,0.06655
guj,private_calls,0,0.11105,0.10175
guj,private_calls,0,0.00822,0.06257
guj,private_calls,0,0.00717,0.03501
guj,private_calls,0,0.00381,0.00595
guj,private_calls,0,0.00376,0.00677
guj,private_calls,0,0.00370,0.01020
guj,private_calls,1,0.98830,0.32811
guj,private_calls,0,0.00374,0.00567
guj,private_calls,0,0.00386,0.00518
guj,private_calls,0,0.00392,0.01876
guj,private_calls,0,0.32997,0.02666
guj,private_calls,1,0.99114,0.91699
guj,private_calls,0,0.00381,0.00852
guj,private_calls,0,0.00911,0.03611
guj,private_calls,1,0.18235,0.24879
guj,private_calls,0,0.00434,0.03600
guj,private_calls,0,0.00375,0.00849
guj,private_calls,0,0.64026,0.08212
guj,private_calls,0,0.97586,0.21348
guj,private_calls,0,0.97073,0.06471
guj,private_calls,0,0.00384,0.00826
guj,private_calls,0,0.00366,0.00581
guj,private_calls,0,0.98930,0.28719
guj,private_calls,0,0.97153,0.30793
guj,private_calls,1,0.98123,0.83591
guj,private_calls,0,0.88557,0.19487
guj,private_calls,0,0.00389,0.01321
guj,private_calls,1,0.98927,0.96275
guj,private_calls,0,0.04560,0.24966
guj,private_calls,0,0.00376,0.00885
guj,private_calls,0,0.00377,0.00589
guj,private_calls,1,0.99231,0.98922
guj,private_calls,1,0.99194,0.98270
guj,private_calls,0,0.01976,0.08437
guj,private_calls,0,0.00447,0.02407
guj,private_calls,0,0.00381,0.02266
guj,private_calls,0,0.81902,0.07745
guj,private_calls,0,0.00367,0.00631
guj,private_calls,0,0.57118,0.02971
guj,private_calls,0,0.00395,0.02004
guj,private_calls,0,0.13232,0.04642
guj,private_calls,0,0.00370,0.01457
guj,private_calls,0,0.00374,0.00523
guj,private_calls,0,0.00377,0.00503
guj,private_calls,0,0.00405,0.01005
guj,private_calls,0,0.00376,0.00666
guj,private_calls,0,0.00372,0.01327
guj,private_calls,0,0.00371,0.00600
guj,private_calls,1,0.99070,0.82015
guj,private_calls,0,0.00409,0.01411
guj,private_calls,0,0.00372,0.00632
guj,private_calls,0,0.00369,0.00898
guj,private_calls,0,0.00372,0.00648
guj,private_calls,0,0.00377,0.00517
guj,private_calls,0,0.00369,0.00612
guj,private_calls,0,0.00372,0.00546
guj,private_calls,0,0.00369,0.00622
guj,private_calls,1,0.00384,0.01801
guj,private_calls,0,0.00367,0.02303
guj,private_calls,1,0.22138,0.11724
guj,private_calls,0,0.98234,0.20495
guj,private_calls,0,0.00372,0.00540
guj,private_calls,0,0.24645,0.05336
guj,private_calls,1,0.99202,0.98021
guj,private_calls,0,0.00372,0.00538
guj,private_calls,0,0.00378,0.00509
guj,private_calls,0,0.00377,0.01500
guj,private_calls,0,0.00375,0.00685
guj,private_calls,0,0.00371,0.00611
guj,private_calls,1,0.98919,0.60655
guj,private_calls,1,0.99222,0.85411
guj,private_calls,0,0.00372,0.00990
guj,private_calls,0,0.00366,0.01543
guj,private_calls,0,0.00420,0.02810
guj,private_calls,1,0.02116,0.09919
guj,private_calls,0,0.00371,0.00617
guj,private_calls,0,0.00372,0.00703
guj,private_calls,0,0.00371,0.00616
guj,private_calls,0,0.00376,0.00601
guj,private_calls,0,0.00402,0.01073
guj,private_calls,0,0.00374,0.00944
guj,private_calls,0,0.00380,0.00657
guj,private_calls,0,0.00380,0.00757
guj,private_calls,0,0.00379,0.00644
guj,private_calls,0,0.18851,0.05856
guj,private_calls,0,0.00378,0.01000
guj,private_calls,0,0.00415,0.02026
guj,private_calls,0,0.00381,0.00822
guj,private_calls,0,0.00446,0.01733
guj,private_calls,0,0.00407,0.01265
guj,private_calls,0,0.98859,0.11419
guj,private_calls,0,0.00376,0.01145
guj,private_calls,0,0.00380,0.00785
guj,private_calls,1,0.96995,0.06907
guj,private_calls,0,0.00374,0.00607
guj,private_calls,0,0.00372,0.01216
guj,private_calls,0,0.00372,0.00675
guj,private_calls,0,0.00375,0.00660
guj,private_calls,0,0.00373,0.01575
guj,private_calls,1,0.99167,0.91758
guj,private_calls,0,0.00526,0.01356
guj,private_calls,0,0.98684,0.19797
guj,private_calls,0,0.00799,0.08674
guj,private_calls,0,0.00396,0.01763
guj,private_calls,0,0.00376,0.01312
guj,private_calls,0,0.00380,0.00557
guj,private_calls,0,0.00378,0.00775
guj,private_calls,1,0.99184,0.96615
guj,private_calls,0,0.00371,0.00639
guj,private_calls,0,0.00380,0.00714
guj,private_calls,1,0.36249,0.06539
guj,private_calls,0,0.00368,0.00759
guj,private_calls,0,0.00376,0.00794
guj,private_calls,0,0.00372,0.00745
guj,private_calls,0,0.00373,0.00737
guj,private_calls,0,0.97029,0.05323
guj,private_calls,0,0.00399,0.00802
guj,private_calls,1,0.00437,0.05921
guj,private_calls,1,0.98986,0.54815
guj,private_calls,0,0.98633,0.04663
guj,private_calls,0,0.01095,0.05657
guj,private_calls,0,0.00372,0.00826
guj,private_calls,1,0.99191,0.75753
guj,private_calls,0,0.00372,0.01201
guj,private_calls,0,0.00371,0.01109
guj,private_calls,0,0.13348,0.01579
guj,private_calls,0,0.00407,0.01598
guj,private_calls,0,0.00389,0.01522
guj,private_calls,0,0.00521,0.03741
guj,private_calls,0,0.99105,0.61071
guj,private_calls,0,0.00404,0.01829
guj,private_calls,0,0.92606,0.22426
guj,private_calls,0,0.00375,0.00621
guj,private_calls,0,0.00454,0.02799
guj,private_calls,0,0.00386,0.00988
guj,private_calls,0,0.00422,0.03356
guj,private_calls,1,0.00381,0.02677
guj,private_calls,0,0.00372,0.00565
guj,private_calls,0,0.00383,0.00590
guj,private_calls,0,0.00613,0.06695
guj,private_calls,0,0.00467,0.05490
guj,private_calls,0,0.29898,0.02529
guj,private_calls,0,0.00380,0.01052
guj,private_calls,0,0.96495,0.25456
guj,private_calls,0,0.00374,0.00878
guj,private_calls,0,0.00366,0.01508
guj,private_calls,0,0.74364,0.22192
guj,private_calls,0,0.00391,0.02562
guj,private_calls,0,0.02540,0.04155
guj,private_calls,0,0.00375,0.00965
guj,private_calls,0,0.19032,0.02152
guj,private_calls,0,0.00379,0.00631
guj,private_calls,0,0.00372,0.00729
guj,private_calls,1,0.03705,0.19738
guj,private_calls,0,0.00458,0.06720
guj,private_calls,0,0.00403,0.06829
guj,private_calls,0,0.06046,0.11066
guj,private_calls,0,0.00450,0.01354
guj,private_calls,0,0.00368,0.00782
guj,private_calls,1,0.05667,0.10004
guj,private_calls,0,0.00374,0.00746
guj,private_calls,0,0.98416,0.11084
guj,private_calls,0,0.00394,0.01474
guj,private_calls,0,0.00372,0.00659
guj,private_calls,1,0.99154,0.94716
guj,private_calls,1,0.99159,0.95288
guj,private_calls,0,0.00373,0.00830
guj,private_calls,0,0.98204,0.07077
guj,private_calls,0,0.00377,0.00697
guj,private_calls,1,0.99223,0.98028
guj,private_calls,0,0.00379,0.00592
guj,private_calls,1,0.99014,0.92191
guj,private_calls,1,0.97438,0.78812
guj,private_calls,0,0.99130,0.91771
guj,private_calls,1,0.99149,0.92746
guj,private_calls,0,0.00383,0.01394
guj,private_calls,1,0.99243,0.94302
guj,private_calls,0,0.00376,0.00658
guj,private_calls,0,0.99190,0.92214
guj,private_calls,0,0.98902,0.53404
guj,private_calls,0,0.93130,0.09243
guj,private_calls,1,0.99196,0.93685
guj,private_calls,0,0.00368,0.00866
guj,private_calls,1,0.94740,0.36127
guj,private_calls,1,0.98407,0.82072
guj,private_calls,0,0.00380,0.00761
guj,private_calls,0,0.98459,0.03611
guj,private_calls,0,0.95873,0.14664
guj,private_calls,1,0.99131,0.85019
guj,private_calls,0,0.00381,0.00798
guj,private_calls,1,0.99191,0.92645
guj,private_calls,1,0.99065,0.96187
guj,private_calls,0,0.00389,0.00891
guj,private_calls,0,0.01491,0.03332
guj,private_calls,1,0.99124,0.23803
guj,private_calls,0,0.02264,0.03966
guj,private_calls,0,0.00510,0.02109
guj,private_calls,0,0.00390,0.00980
guj,private_calls,1,0.99175,0.76945
guj,private_calls,1,0.99224,0.94276
guj,private_calls,0,0.00758,0.09102
guj,private_calls,0,0.00409,0.01285
guj,private_calls,0,0.96575,0.10441
guj,private_calls,0,0.98681,0.04493
guj,private_calls,0,0.99233,0.92419
guj,private_calls,0,0.98184,0.09284
guj,private_calls,0,0.00383,0.00788
guj,private_calls,0,0.99102,0.17232
guj,private_calls,0,0.00374,0.00677
guj,private_calls,0,0.00409,0.01773
guj,private_calls,0,0.00371,0.01002
guj,private_calls,0,0.00365,0.00860
guj,private_calls,0,0.00371,0.00742
guj,private_calls,0,0.01129,0.01114
guj,private_calls,0,0.97810,0.11290
guj,private_calls,1,0.99124,0.83290
guj,private_calls,0,0.00374,0.00668
guj,private_calls,0,0.00376,0.00585
guj,private_calls,0,0.00383,0.01458
guj,private_calls,0,0.11990,0.01742
guj,private_calls,0,0.00373,0.00774
guj,private_calls,0,0.00563,0.05235
guj,private_calls,0,0.00360,0.00699
guj,private_calls,0,0.24765,0.09948
guj,private_calls,0,0.00488,0.03702
guj,private_calls,0,0.02799,0.07862
guj,private_calls,0,0.98197,0.07338
guj,private_calls,0,0.01659,0.02435
guj,private_calls,1,0.99013,0.60753
guj,private_calls,0,0.98957,0.72626
guj,private_calls,0,0.00385,0.01281
guj,private_calls,0,0.98952,0.66573
guj,private_calls,0,0.00464,0.02594
guj,private_calls,0,0.99019,0.52291
guj,private_calls,0,0.01805,0.07748
guj,private_calls,0,0.98067,0.21079
guj,private_calls,0,0.97460,0.52591
guj,private_calls,0,0.94268,0.17202
guj,private_calls,1,0.47536,0.07652
guj,private_calls,0,0.00369,0.00966
guj,private_calls,0,0.05730,0.04752
guj,private_calls,1,0.99100,0.60974
guj,private_calls,0,0.00365,0.00958
guj,private_calls,1,0.98941,0.79802
guj,private_calls,0,0.00791,0.01957
guj,private_calls,0,0.99145,0.19803
guj,private_calls,0,0.00462,0.00974
guj,private_calls,0,0.00366,0.00666
guj,private_calls,1,0.99259,0.95889
guj,private_calls,0,0.00366,0.00737
guj,private_calls,0,0.07224,0.06757
guj,private_calls,1,0.99142,0.93118
guj,private_calls,1,0.96352,0.25271
guj,private_calls,0,0.00370,0.00668
guj,private_calls,0,0.09237,0.05261
guj,private_calls,0,0.00418,0.02695
guj,private_calls,0,0.00365,0.00694
guj,private_calls,0,0.00365,0.01102
guj,private_calls,0,0.00388,0.01528
guj,private_calls,1,0.79869,0.40779
guj,private_calls,0,0.00406,0.02074
guj,private_calls,0,0.00366,0.00777
guj,private_calls,0,0.00369,0.00945
guj,private_calls,0,0.00381,0.03231
guj,private_calls,1,0.98571,0.63890
guj,private_calls,1,0.99208,0.68844
guj,private_calls,1,0.66207,0.85741
guj,private_calls,0,0.00372,0.01323
guj,private_calls,0,0.99047,0.12005
guj,private_calls,1,0.99061,0.90950
guj,private_calls,0,0.98673,0.04082
guj,private_calls,0,0.00391,0.00680
guj,private_calls,0,0.10218,0.03141
guj,private_calls,0,0.00385,0.00939
guj,private_calls,0,0.00387,0.00721
guj,private_calls,0,0.00389,0.00839
guj,private_calls,0,0.00385,0.00822
guj,private_calls,1,0.98815,0.83960
guj,private_calls,1,0.99178,0.92357
guj,private_calls,1,0.99136,0.82763
guj,private_calls,0,0.00388,0.00619
guj,private_calls,0,0.99189,0.97097
guj,private_calls,1,0.99176,0.97312
guj,private_calls,0,0.00499,0.01537
guj,private_calls,0,0.37168,0.18793
guj,private_calls,0,0.98706,0.72804
guj,private_calls,0,0.00555,0.00964
guj,private_calls,0,0.00383,0.00662
guj,private_calls,0,0.98565,0.06649
guj,private_calls,0,0.02258,0.06743
guj,private_calls,0,0.00388,0.00956
guj,private_calls,1,0.99171,0.94176
guj,private_calls,0,0.00383,0.00553
guj,private_calls,0,0.99181,0.17806
guj,private_calls,0,0.00384,0.01098
guj,private_calls,0,0.00385,0.00690
guj,private_calls,1,0.98658,0.89740
guj,private_calls,1,0.98654,0.48162
guj,private_calls,0,0.00703,0.01004
guj,private_calls,0,0.00394,0.01262
guj,private_calls,0,0.98165,0.01498
guj,private_calls,1,0.30999,0.03233
guj,private_calls,0,0.00391,0.00616
guj,private_calls,0,0.99100,0.08318
guj,private_calls,0,0.00381,0.00644
guj,private_calls,1,0.99101,0.72379
guj,private_calls,1,0.98482,0.11748
guj,private_calls,0,0.00381,0.00853
guj,private_calls,0,0.28417,0.06306
guj,private_calls,0,0.98118,0.89961
guj,private_calls,0,0.90550,0.12294
guj,private_calls,1,0.99198,0.94002
guj,private_calls,0,0.97996,0.13576
guj,private_calls,0,0.00946,0.03784
guj,private_calls,0,0.00692,0.02448
guj,private_calls,0,0.00730,0.02126
guj,private_calls,1,0.99195,0.96653
guj,private_calls,0,0.86681,0.29770
guj,private_calls,0,0.98595,0.50807
guj,private_calls,1,0.98716,0.71155
guj,private_calls,0,0.97654,0.70398
guj,private_calls,1,0.00423,0.17222
guj,private_calls,0,0.00381,0.00881
guj,private_calls,0,0.00385,0.01931
guj,private_calls,1,0.07396,0.45566
guj,private_calls,0,0.00385,0.02047
guj,private_calls,0,0.00386,0.00766
guj,private_calls,0,0.00393,0.01028
guj,private_calls,1,0.99210,0.97495
guj,private_calls,0,0.00387,0.00690
guj,private_calls,1,0.99174,0.96749
guj,private_calls,0,0.97761,0.07381
guj,private_calls,0,0.98021,0.05059
guj,private_calls,1,0.99185,0.92574
guj,private_calls,0,0.00382,0.01059
guj,private_calls,0,0.00448,0.02087
guj,private_calls,0,0.99130,0.90272
guj,private_calls,0,0.00422,0.01552
guj,private_calls,1,0.99155,0.97468
guj,private_calls,0,0.03286,0.06936
guj,private_calls,1,0.99110,0.95217
guj,private_calls,0,0.99204,0.09587
guj,private_calls,1,0.98934,0.91395
guj,private_calls,0,0.00392,0.01382
guj,private_calls,0,0.00378,0.00926
guj,private_calls,1,0.99210,0.94481
guj,private_calls,0,0.00382,0.01014
guj,private_calls,1,0.99146,0.96199
guj,private_calls,1,0.98737,0.90598
guj,private_calls,0,0.61263,0.52985
guj,private_calls,0,0.98900,0.04398
guj,private_calls,1,0.98973,0.95027
guj,private_calls,0,0.00386,0.00572
guj,private_calls,0,0.00378,0.00607
guj,private_calls,0,0.00379,0.00618
guj,private_calls,0,0.00414,0.02456
guj,private_calls,1,0.98815,0.69382
guj,private_calls,0,0.99189,0.19559
guj,private_calls,0,0.99178,0.15293
guj,private_calls,1,0.99253,0.90030
guj,private_calls,0,0.00745,0.01383
guj,private_calls,1,0.99256,0.98177
guj,private_calls,0,0.00382,0.00562
guj,private_calls,0,0.00433,0.01023
guj,private_calls,0,0.00423,0.02638
guj,private_calls,1,0.99184,0.71600
guj,private_calls,0,0.07221,0.12609
guj,private_calls,0,0.99025,0.25217
guj,private_calls,0,0.00404,0.01074
guj,private_calls,0,0.00524,0.01741
guj,private_calls,1,0.98953,0.86072
guj,private_calls,0,0.00371,0.00611
guj,private_calls,0,0.00379,0.00662
guj,private_calls,0,0.00517,0.00672
guj,private_calls,1,0.98920,0.93241
guj,private_calls,0,0.00375,0.00687
guj,private_calls,0,0.31563,0.01270
guj,private_calls,0,0.00567,0.02640
guj,private_calls,1,0.99181,0.95932
guj,private_calls,0,0.00375,0.00778
guj,private_calls,1,0.99171,0.96907
guj,private_calls,0,0.00381,0.00549
guj,private_calls,0,0.00383,0.00492
guj,private_calls,0,0.86095,0.04082
guj,private_calls,0,0.00376,0.01313
guj,private_calls,0,0.00454,0.01585
guj,private_calls,1,0.99039,0.85832
guj,private_calls,0,0.00503,0.02423
guj,private_calls,0,0.00384,0.05155
guj,private_calls,1,0.98889,0.87840
guj,private_calls,1,0.99240,0.94070
guj,private_calls,0,0.00371,0.00705
guj,private_calls,1,0.99059,0.19476
guj,private_calls,0,0.00419,0.03969
guj,private_calls,0,0.00376,0.00573
guj,private_calls,1,0.98792,0.90673
guj,private_calls,1,0.99234,0.96949
guj,private_calls,0,0.98694,0.06779
guj,private_calls,0,0.00393,0.00857
guj,private_calls,0,0.00387,0.01016
guj,private_calls,0,0.00464,0.01663
guj,private_calls,1,0.96932,0.69246
guj,private_calls,0,0.00420,0.02316
guj,private_calls,0,0.00421,0.00909
guj,private_calls,1,0.98883,0.29186
guj,private_calls,0,0.00385,0.00970
guj,private_calls,1,0.98264,0.69210
guj,private_calls,0,0.98290,0.30472
guj,private_calls,0,0.00502,0.02695
guj,private_calls,0,0.00440,0.02635
guj,private_calls,0,0.00392,0.02028
guj,private_calls,0,0.00394,0.01258
guj,private_calls,1,0.98358,0.74634
guj,private_calls,1,0.99228,0.97856
guj,private_calls,0,0.00381,0.00967
guj,private_calls,0,0.00383,0.01319
guj,private_calls,1,0.99035,0.79448
guj,private_calls,0,0.15053,0.03396
guj,private_calls,0,0.00398,0.01931
guj,private_calls,0,0.00381,0.00925
guj,private_calls,0,0.00393,0.01184
guj,private_calls,0,0.01467,0.02949
guj,private_calls,0,0.98921,0.13867
guj,private_calls,0,0.00493,0.02949
guj,private_calls,1,0.89411,0.44888
guj,private_calls,0,0.00424,0.01576
guj,private_calls,0,0.00433,0.02402
guj,private_calls,1,0.71193,0.45050
guj,private_calls,0,0.91963,0.05298
guj,private_calls,0,0.00391,0.01082
guj,private_calls,0,0.00464,0.03234
guj,private_calls,0,0.03137,0.07744
guj,private_calls,0,0.72607,0.11795
guj,private_calls,0,0.00980,0.03267
guj,private_calls,0,0.00727,0.01980
guj,private_calls,0,0.28786,0.15789
guj,private_calls,0,0.08290,0.08232
guj,private_calls,0,0.00383,0.00931
guj,private_calls,0,0.00448,0.01652
guj,private_calls,0,0.00384,0.00929
guj,private_calls,1,0.01552,0.15209
guj,private_calls,0,0.01162,0.04276
guj,private_calls,0,0.99177,0.89900
guj,private_calls,0,0.00390,0.01132
guj,private_calls,0,0.03327,0.08122
guj,private_calls,0,0.00401,0.01165
guj,private_calls,0,0.00550,0.01864
guj,private_calls,0,0.19152,0.05438
guj,private_calls,0,0.00873,0.03042
guj,private_calls,0,0.52447,0.06472
guj,private_calls,0,0.99075,0.10645
guj,private_calls,0,0.89564,0.09262
guj,private_calls,0,0.00450,0.01296
guj,private_calls,0,0.38177,0.02394
guj,private_calls,0,0.90101,0.08870
guj,private_calls,0,0.02061,0.03636
guj,private_calls,0,0.00389,0.00977
guj,private_calls,0,0.00393,0.00873
guj,private_calls,1,0.99223,0.95096
guj,private_calls,0,0.00394,0.00852
guj,private_calls,0,0.99201,0.13520
guj,private_calls,0,0.98931,0.10813
guj,private_calls,0,0.00373,0.00711
guj,private_calls,0,0.00365,0.01070
guj,private_calls,0,0.00370,0.00986
guj,private_calls,1,0.99028,0.88291
guj,private_calls,0,0.00980,0.01980
guj,private_calls,0,0.00379,0.01270
guj,private_calls,0,0.98379,0.03212
guj,private_calls,1,0.01981,0.21633
guj,private_calls,0,0.00405,0.02587
guj,private_calls,0,0.00497,0.01722
guj,private_calls,0,0.00368,0.00724
guj,private_calls,0,0.83147,0.11110
guj,private_calls,0,0.00394,0.00878
guj,private_calls,0,0.00443,0.01516
guj,private_calls,0,0.00371,0.00817
guj,private_calls,0,0.00374,0.00829
guj,private_calls,1,0.99207,0.95177
guj,private_calls,1,0.96899,0.26412
guj,private_calls,0,0.00371,0.01057
guj,private_calls,0,0.02853,0.08063
guj,private_calls,0,0.00370,0.00875
guj,private_calls,0,0.00374,0.00749
guj,private_calls,0,0.00500,0.02412
guj,private_calls,0,0.00480,0.02193
guj,private_calls,0,0.00376,0.01065
guj,private_calls,0,0.00532,0.02640
guj,private_calls,1,0.98740,0.74895
guj,private_calls,1,0.98549,0.26556
guj,private_calls,0,0.00373,0.00741
guj,private_calls,0,0.00369,0.00823
guj,private_calls,1,0.99104,0.79327
guj,private_calls,1,0.98757,0.94473
guj,private_calls,0,0.50020,0.02086
guj,private_calls,0,0.00372,0.01035
guj,private_calls,0,0.00371,0.00810
guj,private_calls,0,0.00375,0.00943
guj,private_calls,0,0.00398,0.01351
guj,private_calls,0,0.00390,0.01174
guj,private_calls,1,0.98956,0.69218
guj,private_calls,0,0.98335,0.08371
guj,private_calls,0,0.00371,0.01214
guj,private_calls,1,0.99043,0.83036
guj,private_calls,0,0.99228,0.47119
guj,private_calls,0,0.38402,0.07924
guj,private_calls,0,0.00380,0.01113
guj,private_calls,0,0.00369,0.00735
guj,private_calls,0,0.00367,0.00794
guj,private_calls,0,0.63359,0.08912
guj,private_calls,1,0.72792,0.42429
guj,private_calls,0,0.00376,0.01262
guj,private_calls,0,0.99030,0.71874
guj,private_calls,0,0.00375,0.00681
guj,private_calls,0,0.00373,0.00699
guj,private_calls,1,0.98943,0.95080
guj,private_calls,0,0.00374,0.00715
guj,private_calls,0,0.98969,0.62824
guj,private_calls,0,0.00384,0.00892
guj,private_calls,1,0.00381,0.00764
guj,private_calls,0,0.00424,0.00985
guj,private_calls,0,0.00422,0.01650
guj,private_calls,1,0.98943,0.94133
guj,private_calls,1,0.95031,0.15201
guj,private_calls,0,0.00377,0.01727
guj,private_calls,1,0.99074,0.12774
guj,private_calls,0,0.83986,0.67374
guj,private_calls,0,0.98252,0.04873
guj,private_calls,1,0.99142,0.91915
guj,private_calls,0,0.97884,0.01310
guj,private_calls,0,0.93527,0.07669
guj,private_calls,1,0.98520,0.50871
guj,private_calls,0,0.00424,0.01057
guj,private_calls,1,0.00688,0.25234
guj,private_calls,0,0.17862,0.03882
guj,private_calls,0,0.50165,0.49554
guj,private_calls,0,0.00377,0.00826
guj,private_calls,1,0.00455,0.04426
guj,private_calls,0,0.00404,0.01357
guj,private_calls,0,0.00377,0.01168
guj,private_calls,0,0.00372,0.00947
guj,private_calls,1,0.00985,0.13892
guj,private_calls,1,0.99200,0.90591
guj,private_calls,0,0.95305,0.09674
guj,private_calls,1,0.03390,0.06219
guj,private_calls,1,0.05440,0.03535
guj,private_calls,1,0.98675,0.83426
guj,private_calls,0,0.00372,0.01119
guj,private_calls,0,0.98742,0.05428
guj,private_calls,0,0.97354,0.10511
guj,private_calls,0,0.01416,0.01910
guj,private_calls,1,0.02407,0.02312
guj,private_calls,0,0.00376,0.00852
guj,private_calls,0,0.04319,0.03061
guj,private_calls,0,0.98889,0.03290
guj,private_calls,0,0.01007,0.05369
guj,private_calls,1,0.99114,0.73352
guj,private_calls,0,0.00380,0.01167
guj,private_calls,0,0.00380,0.00863
guj,private_calls,0,0.96856,0.08345
guj,private_calls,0,0.99152,0.19472
guj,private_calls,0,0.61775,0.03739
guj,private_calls,0,0.98821,0.20434
guj,private_calls,1,0.28165,0.10436
guj,private_calls,0,0.00377,0.00916
guj,private_calls,0,0.00445,0.02530
guj,private_calls,0,0.96386,0.07913
guj,private_calls,0,0.98488,0.14442
guj,private_calls,0,0.00379,0.01519
guj,private_calls,0,0.00526,0.01895
guj,private_calls,0,0.94870,0.06065
guj,private_calls,0,0.00380,0.01177
guj,private_calls,0,0.63743,0.02908
guj,private_calls,0,0.29567,0.02766
guj,private_calls,1,0.98768,0.22506
guj,private_calls,0,0.00465,0.01721
guj,private_calls,1,0.16568,0.04855
guj,private_calls,0,0.00375,0.01034
guj,private_calls,1,0.99208,0.88104
guj,private_calls,0,0.00399,0.02268
guj,private_calls,0,0.01732,0.04281
guj,private_calls,1,0.67197,0.42306
guj,private_calls,0,0.00861,0.06271
guj,private_calls,0,0.01494,0.02336
guj,private_calls,1,0.98850,0.76066
guj,private_calls,0,0.00405,0.01326
guj,private_calls,0,0.98181,0.04769
guj,private_calls,0,0.00374,0.00823
guj,private_calls,1,0.98085,0.05166
guj,private_calls,1,0.99231,0.97548
guj,private_calls,0,0.06629,0.21053
guj,private_calls,0,0.00916,0.05370
guj,private_calls,0,0.00685,0.02548
guj,private_calls,1,0.99183,0.65983
guj,private_calls,0,0.00372,0.00650
guj,private_calls,0,0.00376,0.00803
guj,private_calls,1,0.99097,0.67448
guj,private_calls,0,0.00500,0.01934
guj,private_calls,0,0.96653,0.04995
guj,private_calls,0,0.00510,0.05211
guj,private_calls,0,0.98038,0.17261
guj,private_calls,1,0.80953,0.51750
guj,private_calls,0,0.00385,0.00751
guj,private_calls,1,0.99247,0.97952
guj,private_calls,0,0.00372,0.00965
guj,private_calls,1,0.99236,0.86169
guj,private_calls,0,0.00373,0.01117
guj,private_calls,0,0.81077,0.04620
guj,private_calls,0,0.30130,0.03810
guj,private_calls,0,0.00466,0.01817
guj,private_calls,0,0.99225,0.27245
guj,private_calls,0,0.98863,0.04359
guj,private_calls,0,0.00608,0.01274
guj,private_calls,0,0.93010,0.08697
guj,private_calls,0,0.00396,0.01239
guj,private_calls,0,0.02257,0.03339
guj,private_calls,0,0.00396,0.03080
guj,private_calls,0,0.00410,0.02840
guj,private_calls,0,0.99101,0.18771
guj,private_calls,1,0.99226,0.74375
guj,private_calls,0,0.89602,0.06970
guj,private_calls,0,0.97318,0.13237
guj,private_calls,0,0.08158,0.03971
guj,private_calls,1,0.01299,0.13545
guj,private_calls,0,0.00984,0.01164
guj,private_calls,0,0.00372,0.00871
guj,private_calls,1,0.01157,0.14908
guj,private_calls,0,0.00954,0.02166
guj,private_calls,0,0.97398,0.05587
guj,private_calls,0,0.00531,0.02652
guj,private_calls,0,0.00500,0.02219
guj,private_calls,0,0.00380,0.00748
guj,private_calls,0,0.97974,0.04414
guj,private_calls,0,0.74566,0.07887
guj,private_calls,0,0.00376,0.00690
guj,private_calls,0,0.00786,0.02221
guj,private_calls,1,0.99181,0.65357
guj,private_calls,0,0.94559,0.01725
guj,private_calls,0,0.98903,0.08519
guj,private_calls,0,0.00398,0.01562
guj,private_calls,0,0.79346,0.04155
guj,private_calls,0,0.92935,0.02573
guj,private_calls,0,0.00391,0.00994
guj,private_calls,0,0.68456,0.03351
guj,private_calls,0,0.89632,0.01939
guj,private_calls,0,0.99067,0.20374
guj,private_calls,1,0.98969,0.60645
guj,private_calls,0,0.00416,0.02727
guj,private_calls,0,0.63688,0.04447
guj,private_calls,0,0.96488,0.07180
guj,private_calls,0,0.00382,0.01011
guj,private_calls,1,0.99233,0.85322
guj,private_calls,1,0.98601,0.86343
guj,private_calls,0,0.00655,0.02557
guj,private_calls,0,0.00373,0.00960
guj,private_calls,0,0.00403,0.01343
guj,private_calls,0,0.00390,0.01776
guj,private_calls,0,0.01418,0.04945
guj,private_calls,0,0.99192,0.09130
guj,private_calls,1,0.99082,0.75779
guj,private_calls,0,0.00375,0.02062
guj,private_calls,0,0.04989,0.08952
guj,private_calls,1,0.99032,0.16948
guj,private_calls,1,0.97536,0.60229
guj,private_calls,1,0.39427,0.37667
guj,private_calls,0,0.00376,0.00609
guj,private_calls,0,0.00376,0.00593
guj,private_calls,0,0.00374,0.00623
guj,private_calls,0,0.00999,0.03249
guj,private_calls,0,0.00377,0.00712
guj,private_calls,0,0.00375,0.00709
guj,private_calls,0,0.00474,0.05195
guj,private_calls,0,0.34103,0.18543
guj,private_calls,0,0.00375,0.00651
guj,private_calls,0,0.47088,0.02032
guj,private_calls,0,0.00374,0.00639
guj,private_calls,0,0.00399,0.01862
guj,private_calls,0,0.00422,0.02845
guj,private_calls,1,0.99225,0.92807
guj,private_calls,0,0.00423,0.01848
guj,private_calls,0,0.00373,0.00737
guj,private_calls,0,0.00371,0.00649
guj,private_calls,0,0.99142,0.76690
guj,private_calls,0,0.98678,0.24017
guj,private_calls,0,0.00369,0.00714
guj,private_calls,0,0.06284,0.02199
guj,private_calls,0,0.00376,0.01063
guj,private_calls,0,0.00382,0.00600
guj,private_calls,0,0.00372,0.00661
guj,private_calls,0,0.00371,0.00798
guj,private_calls,1,0.97943,0.28394
guj,private_calls,0,0.00378,0.00761
guj,private_calls,0,0.00369,0.00771
guj,private_calls,0,0.00375,0.00786
guj,private_calls,0,0.00373,0.00731
guj,private_calls,0,0.00374,0.00914
guj,private_calls,0,0.00485,0.01606
guj,private_calls,0,0.00674,0.03414
guj,private_calls,1,0.99191,0.80980
guj,private_calls,0,0.00365,0.00882
guj,private_calls,0,0.16861,0.22752
guj,private_calls,0,0.00379,0.00887
guj,private_calls,0,0.01917,0.01987
guj,private_calls,0,0.02875,0.02998
guj,private_calls,0,0.00371,0.01061
guj,private_calls,0,0.00369,0.00703
guj,private_calls,0,0.00387,0.01238
guj,private_calls,0,0.00373,0.00663
guj,private_calls,0,0.00369,0.00798
guj,private_calls,0,0.00373,0.00934
guj,private_calls,0,0.00373,0.00880
guj,private_calls,0,0.71329,0.02777
guj,private_calls,0,0.00374,0.00626
guj,private_calls,0,0.00376,0.00635
guj,private_calls,0,0.00384,0.00591
guj,private_calls,0,0.00369,0.00963
guj,private_calls,0,0.00383,0.01113
guj,private_calls,0,0.00406,0.00867
guj,private_calls,0,0.00372,0.01584
guj,private_calls,0,0.00380,0.01138
guj,private_calls,0,0.00377,0.01531
guj,private_calls,0,0.00363,0.00723
guj,private_calls,1,0.99187,0.30199
guj,private_calls,1,0.99252,0.99004
guj,private_calls,0,0.10846,0.01211
guj,private_calls,0,0.00517,0.01887
guj,private_calls,0,0.00376,0.01196
guj,private_calls,1,0.00513,0.07639
guj,private_calls,0,0.00519,0.02386
guj,private_calls,0,0.00815,0.02263
guj,private_calls,0,0.99193,0.17320
guj,private_calls,0,0.00368,0.00798
guj,private_calls,0,0.00377,0.01266
guj,private_calls,0,0.95368,0.04876
guj,private_calls,0,0.00547,0.03737
guj,private_calls,0,0.00368,0.00850
guj,private_calls,0,0.00369,0.00658
guj,private_calls,0,0.00377,0.00616
guj,private_calls,1,0.99229,0.96889
guj,private_calls,0,0.98679,0.75012
guj,private_calls,0,0.00377,0.00617
guj,private_calls,0,0.02989,0.02402
guj,private_calls,0,0.00371,0.00885
guj,private_calls,0,0.00370,0.00979
guj,private_calls,0,0.00367,0.00821
guj,private_calls,0,0.00367,0.00771
guj,private_calls,0,0.00370,0.00603
guj,private_calls,1,0.07933,0.08571
guj,private_calls,0,0.00368,0.00914
guj,private_calls,0,0.67192,0.04072
guj,private_calls,0,0.00558,0.02033
guj,private_calls,0,0.97875,0.04959
guj,private_calls,0,0.00371,0.00673
guj,private_calls,0,0.00415,0.02247
guj,private_calls,0,0.00377,0.00919
guj,private_calls,0,0.00393,0.00935
guj,private_calls,0,0.01262,0.02840
guj,private_calls,0,0.00374,0.01064
guj,private_calls,0,0.93934,0.22112
guj,private_calls,0,0.00750,0.02370
guj,private_calls,0,0.00372,0.00621
guj,private_calls,0,0.00367,0.00753
guj,private_calls,0,0.00365,0.00749
guj,private_calls,0,0.00371,0.01249
guj,private_calls,1,0.99214,0.95078
guj,private_calls,1,0.99240,0.99115
guj,private_calls,0,0.00471,0.04637
guj,private_calls,0,0.00378,0.00630
guj,private_calls,0,0.00364,0.01164
guj,private_calls,0,0.00366,0.01817
guj,private_calls,0,0.00373,0.00690
guj,private_calls,0,0.00377,0.00786
guj,private_calls,0,0.00373,0.00622
guj,private_calls,0,0.00379,0.00601
guj,private_calls,0,0.00374,0.01129
guj,private_calls,1,0.99185,0.86173
guj,private_calls,0,0.00368,0.01098
guj,private_calls,0,0.00502,0.02242
guj,private_calls,0,0.00368,0.00689
guj,private_calls,0,0.00375,0.02030
guj,private_calls,0,0.00441,0.01482
guj,private_calls,0,0.96338,0.14263
guj,private_calls,0,0.98554,0.18358
guj,private_calls,0,0.00432,0.01451
guj,private_calls,0,0.00368,0.00660
guj,private_calls,0,0.00359,0.00829
guj,private_calls,0,0.00390,0.01007
guj,private_calls,0,0.00365,0.00680
guj,private_calls,0,0.00377,0.00941
guj,private_calls,0,0.00367,0.00751
guj,private_calls,1,0.99216,0.96358
guj,private_calls,0,0.98416,0.45853
guj,private_calls,0,0.00424,0.01624
guj,private_calls,0,0.19566,0.01646
guj,private_calls,0,0.00371,0.00655
guj,private_calls,0,0.00402,0.02784
guj,private_calls,0,0.00368,0.00724
guj,private_calls,0,0.00424,0.01413
guj,private_calls,0,0.00881,0.03825
guj,private_calls,0,0.00411,0.03075
guj,private_calls,0,0.00375,0.00767
guj,private_calls,0,0.00394,0.01735
guj,private_calls,0,0.00413,0.01032
guj,private_calls,0,0.00366,0.00769
guj,private_calls,0,0.00370,0.01765
guj,private_calls,0,0.00370,0.00797
guj,private_calls,0,0.05619,0.06310
guj,private_calls,0,0.00373,0.00775
guj,private_calls,0,0.00371,0.00959
guj,private_calls,0,0.00374,0.01522
guj,private_calls,0,0.00365,0.00960
guj,private_calls,1,0.99203,0.90171
guj,private_calls,0,0.00379,0.01682
guj,private_calls,0,0.00367,0.00730
guj,private_calls,0,0.00717,0.04828
guj,private_calls,1,0.99238,0.94487
guj,private_calls,1,0.00656,0.05488
guj,private_calls,1,0.00658,0.26353
guj,private_calls,0,0.00368,0.00718
guj,private_calls,0,0.00426,0.00895
guj,private_calls,0,0.00400,0.01637
guj,private_calls,0,0.99222,0.13512
guj,private_calls,0,0.00358,0.00907
guj,private_calls,1,0.00539,0.23033
guj,private_calls,0,0.00366,0.00915
guj,private_calls,0,0.00362,0.00679
guj,private_calls,0,0.99095,0.31931
guj,private_calls,0,0.00366,0.02472
guj,private_calls,0,0.00367,0.00601
guj,private_calls,1,0.98836,0.81933
guj,private_calls,0,0.00371,0.00707
guj,private_calls,0,0.00364,0.00596
guj,private_calls,0,0.00365,0.00666
guj,private_calls,0,0.00481,0.04223
guj,private_calls,1,0.99090,0.73844
guj,private_calls,0,0.00576,0.04206
guj,private_calls,1,0.91924,0.20788
guj,private_calls,0,0.97775,0.04108
guj,private_calls,0,0.99233,0.95486
guj,private_calls,0,0.00357,0.00700
guj,private_calls,1,0.98598,0.78855
guj,private_calls,0,0.00356,0.00719
guj,private_calls,0,0.00470,0.01511
guj,private_calls,1,0.98423,0.78997
guj,private_calls,1,0.99249,0.99042
guj,private_calls,0,0.00368,0.00586
guj,private_calls,0,0.00367,0.00653
guj,private_calls,0,0.00506,0.02641
guj,private_calls,1,0.99226,0.98175
guj,private_calls,0,0.87759,0.07568
guj,private_calls,1,0.99240,0.95171
guj,private_calls,0,0.00399,0.01415
guj,private_calls,1,0.99226,0.97586
guj,private_calls,0,0.00374,0.01192
guj,private_calls,0,0.01316,0.04124
guj,private_calls,0,0.00382,0.01401
guj,private_calls,0,0.00380,0.01829
guj,private_calls,1,0.93693,0.44571
guj,private_calls,0,0.00368,0.01139
guj,private_calls,0,0.00403,0.01304
guj,private_calls,0,0.00422,0.01301
guj,private_calls,1,0.81638,0.11146
guj,private_calls,0,0.00504,0.02156
guj,private_calls,0,0.00733,0.04104
guj,private_calls,0,0.00475,0.02303
guj,private_calls,0,0.01965,0.04690
guj,private_calls,0,0.00374,0.01640
guj,private_calls,0,0.00394,0.02002
guj,private_calls,0,0.00372,0.00770
guj,private_calls,0,0.00364,0.00764
guj,private_calls,0,0.00365,0.01677
guj,private_calls,0,0.00372,0.00688
guj,private_calls,0,0.00415,0.01236
guj,private_calls,0,0.00375,0.01290
guj,private_calls,0,0.00367,0.01028
guj,private_calls,0,0.06208,0.01710
guj,private_calls,0,0.00403,0.01039
guj,private_calls,1,0.98884,0.45099
guj,private_calls,0,0.00544,0.04388
guj,private_calls,0,0.00368,0.01178
guj,private_calls,0,0.00385,0.00967
guj,private_calls,0,0.00384,0.01938
guj,private_calls,0,0.00456,0.00857
guj,private_calls,0,0.00367,0.00666
guj,private_calls,1,0.99089,0.48259
guj,private_calls,0,0.00367,0.00667
guj,private_calls,0,0.00368,0.00701
guj,private_calls,0,0.00374,0.00735
guj,private_calls,0,0.00367,0.00904
guj,private_calls,0,0.00672,0.04696
guj,private_calls,0,0.00378,0.01043
guj,private_calls,0,0.74867,0.04666
guj,private_calls,1,0.99240,0.89120
guj,private_calls,0,0.00424,0.01195
guj,private_calls,0,0.00382,0.01080
guj,private_calls,1,0.99086,0.32572
guj,private_calls,0,0.00371,0.00867
guj,private_calls,0,0.99056,0.89373
guj,private_calls,0,0.00365,0.00828
guj,private_calls,0,0.00367,0.00659
guj,private_calls,1,0.98678,0.77436
guj,private_calls,1,0.99221,0.97589
guj,private_calls,1,0.99166,0.66397
guj,private_calls,0,0.00475,0.02409
guj,private_calls,1,0.99257,0.94306
guj,private_calls,0,0.00566,0.01389
guj,private_calls,0,0.12543,0.03719
guj,private_calls,1,0.98655,0.83565
guj,private_calls,1,0.95842,0.93022
guj,private_calls,0,0.00399,0.01129
guj,private_calls,0,0.00495,0.01598
guj,private_calls,0,0.00600,0.02765
guj,private_calls,0,0.00367,0.00664
guj,private_calls,1,0.99186,0.87535
guj,private_calls,0,0.98892,0.91128
guj,private_calls,0,0.00370,0.01325
guj,private_calls,1,0.99132,0.91570
guj,private_calls,0,0.00416,0.01164
guj,private_calls,0,0.99115,0.64844
guj,private_calls,0,0.00386,0.01851
guj,private_calls,0,0.00376,0.00722
guj,private_calls,0,0.00534,0.02848
guj,private_calls,0,0.00377,0.01218
guj,private_calls,1,0.99106,0.77876
guj,private_calls,0,0.00373,0.01618
guj,private_calls,1,0.98728,0.82010
guj,private_calls,0,0.93008,0.40631
guj,private_calls,0,0.99199,0.51973
guj,private_calls,1,0.98790,0.49117
guj,private_calls,0,0.01216,0.04186
guj,private_calls,0,0.23498,0.04740
guj,private_calls,0,0.00373,0.01287
guj,private_calls,1,0.99073,0.92335
guj,private_calls,0,0.00373,0.01067
guj,private_calls,0,0.00367,0.00769
guj,private_calls,0,0.00384,0.00516
guj,private_calls,0,0.01089,0.02878
guj,private_calls,0,0.15097,0.01570
guj,private_calls,0,0.00435,0.03740
guj,private_calls,0,0.00373,0.00661
guj,private_calls,1,0.98944,0.67634
guj,private_calls,0,0.00370,0.00828
guj,private_calls,0,0.00622,0.03628
guj,private_calls,0,0.00437,0.01592
guj,private_calls,0,0.00370,0.00636
guj,private_calls,1,0.99167,0.89543
guj,private_calls,0,0.00378,0.01658
guj,private_calls,0,0.00376,0.00666
guj,private_calls,0,0.00532,0.02211
guj,private_calls,0,0.55975,0.03676
guj,private_calls,0,0.05643,0.04332
guj,private_calls,0,0.00375,0.00680
guj,private_calls,0,0.98472,0.08026
guj,private_calls,0,0.00372,0.00651
guj,private_calls,0,0.00379,0.00843
guj,private_calls,0,0.00379,0.00824
guj,private_calls,0,0.00381,0.00741
guj,private_calls,0,0.00380,0.01697
guj,private_calls,0,0.00374,0.00715
guj,private_calls,1,0.99196,0.95629
guj,private_calls,0,0.00366,0.00702
guj,private_calls,0,0.00374,0.00633
guj,private_calls,0,0.00370,0.00729
guj,private_calls,0,0.03655,0.20945
guj,private_calls,0,0.00406,0.01134
guj,private_calls,0,0.00371,0.00955
guj,private_calls,1,0.00807,0.29074
guj,private_calls,0,0.00374,0.00615
guj,private_calls,0,0.00370,0.00578
guj,private_calls,0,0.00370,0.01010
guj,private_calls,0,0.00371,0.00615
guj,private_calls,0,0.01105,0.10089
guj,private_calls,0,0.97543,0.70426
guj,private_calls,0,0.00376,0.00534
guj,private_calls,1,0.95939,0.39441
guj,private_calls,0,0.00424,0.01055
guj,private_calls,0,0.00373,0.00667
guj,private_calls,0,0.97233,0.15625
guj,private_calls,0,0.00363,0.00599
guj,private_calls,0,0.00365,0.00571
guj,private_calls,0,0.00378,0.02297
guj,private_calls,0,0.00372,0.01727
guj,private_calls,0,0.10240,0.05560
guj,private_calls,0,0.80502,0.30376
guj,private_calls,0,0.00376,0.00669
guj,private_calls,0,0.00516,0.01819
guj,private_calls,1,0.99093,0.97801
guj,private_calls,1,0.97196,0.38366
guj,private_calls,0,0.00376,0.01130
guj,private_calls,0,0.87847,0.05141
guj,private_calls,1,0.98669,0.75669
guj,private_calls,0,0.98508,0.36223
guj,private_calls,0,0.00366,0.00719
guj,private_calls,0,0.00363,0.00967
guj,private_calls,0,0.01107,0.08382
guj,private_calls,0,0.00366,0.01170
guj,private_calls,0,0.01726,0.18035
guj,private_calls,0,0.00415,0.00936
guj,private_calls,0,0.52069,0.08846
guj,private_calls,0,0.08000,0.11381
guj,private_calls,0,0.00371,0.00672
guj,private_calls,1,0.99215,0.96356
guj,private_calls,0,0.00418,0.02136
guj,private_calls,0,0.00499,0.01864
guj,private_calls,0,0.00376,0.00598
guj,private_calls,0,0.00411,0.01291
guj,private_calls,0,0.00369,0.01030
guj,private_calls,1,0.73376,0.04098
guj,private_calls,0,0.00549,0.02474
guj,private_calls,0,0.00371,0.00627
guj,private_calls,0,0.00389,0.00644
guj,private_calls,0,0.00367,0.00609
guj,private_calls,0,0.00365,0.01145
guj,private_calls,0,0.01471,0.04547
guj,private_calls,0,0.00371,0.00872
guj,private_calls,0,0.86524,0.12773
guj,private_calls,0,0.98938,0.46200
guj,private_calls,0,0.00366,0.01922
guj,private_calls,0,0.99248,0.93309
guj,private_calls,0,0.00519,0.01037
guj,private_calls,1,0.98576,0.62045
guj,private_calls,0,0.00655,0.04080
guj,private_calls,0,0.00566,0.04268
guj,private_calls,0,0.00429,0.02248
guj,private_calls,1,0.00724,0.01510
guj,private_calls,0,0.00377,0.02044
guj,private_calls,0,0.00371,0.01265
guj,private_calls,0,0.00432,0.03388
guj,private_calls,1,0.99090,0.94826
guj,private_calls,0,0.93587,0.02930
guj,private_calls,0,0.03126,0.04897
guj,private_calls,1,0.99019,0.94340
guj,private_calls,0,0.00366,0.00690
guj,private_calls,1,0.99197,0.95559
guj,private_calls,0,0.00374,0.00539
guj,private_calls,1,0.99236,0.98131
guj,private_calls,0,0.00367,0.00853
guj,private_calls,0,0.29370,0.06895
guj,private_calls,0,0.00371,0.00674
guj,private_calls,0,0.00371,0.01040
guj,private_calls,0,0.27157,0.04397
guj,private_calls,0,0.00380,0.01081
guj,private_calls,0,0.01377,0.01978
guj,private_calls,0,0.15778,0.11399
guj,private_calls,0,0.66469,0.07440
guj,private_calls,1,0.98962,0.96023
guj,private_calls,0,0.99250,0.00850
guj,private_calls,0,0.15401,0.25886
guj,private_calls,0,0.88869,0.05048
guj,private_calls,0,0.83404,0.07060
guj,private_calls,0,0.10974,0.05789
guj,private_calls,0,0.00372,0.00550
guj,private_calls,1,0.05068,0.06950
guj,private_calls,0,0.00380,0.02765
guj,private_calls,0,0.00837,0.02348
guj,private_calls,0,0.98491,0.18597
guj,private_calls,0,0.00384,0.01332
guj,private_calls,0,0.00384,0.00703
guj,private_calls,1,0.98516,0.88929
guj,private_calls,0,0.13689,0.03118
guj,private_calls,0,0.83670,0.02151
guj,private_calls,1,0.99128,0.98553
guj,private_calls,0,0.00372,0.00869
guj,private_calls,0,0.00369,0.01267
guj,private_calls,0,0.00463,0.02233
guj,private_calls,0,0.00369,0.00814
guj,private_calls,0,0.00419,0.01248
guj,private_calls,0,0.02031,0.01141
guj,private_calls,0,0.04576,0.02323
guj,private_calls,0,0.68167,0.28801
guj,private_calls,0,0.00385,0.00499
guj,private_calls,0,0.00374,0.00543
guj,private_calls,0,0.00372,0.00626
guj,private_calls,0,0.05105,0.14949
guj,private_calls,1,0.00404,0.02068
guj,private_calls,0,0.00373,0.01063
guj,private_calls,0,0.00376,0.00657
guj,private_calls,0,0.00370,0.00817
guj,private_calls,0,0.04438,0.06265
guj,private_calls,0,0.53406,0.06156
guj,private_calls,0,0.58899,0.04491
guj,private_calls,1,0.69995,0.89502
guj,private_calls,0,0.00373,0.00568
guj,private_calls,0,0.00371,0.02177
guj,private_calls,0,0.88599,0.15943
guj,private_calls,0,0.03463,0.03398
guj,private_calls,0,0.01570,0.02333
guj,private_calls,0,0.89864,0.03613
guj,private_calls,1,0.00512,0.14241
guj,private_calls,0,0.00376,0.00820
guj,private_calls,0,0.00362,0.00726
guj,private_calls,0,0.00366,0.00693
guj,private_calls,0,0.00471,0.02051
guj,private_calls,0,0.04999,0.06004
guj,private_calls,1,0.98510,0.42449
guj,private_calls,0,0.00389,0.01438
guj,private_calls,0,0.13401,0.05828
guj,private_calls,0,0.00412,0.01806
guj,private_calls,0,0.00383,0.01745
guj,private_calls,0,0.00379,0.02574
guj,private_calls,0,0.00392,0.01369
guj,private_calls,0,0.00415,0.01270
guj,private_calls,0,0.00377,0.00853
guj,private_calls,0,0.00367,0.01499
guj,private_calls,0,0.00371,0.01175
guj,private_calls,0,0.00383,0.01292
guj,private_calls,0,0.00388,0.00904
guj,private_calls,0,0.00403,0.01295
guj,private_calls,0,0.98290,0.17231
guj,private_calls,1,0.98842,0.85199
guj,private_calls,0,0.98980,0.09230
guj,private_calls,0,0.00378,0.00731
guj,private_calls,0,0.00367,0.02612
guj,private_calls,0,0.00508,0.05397
guj,private_calls,0,0.84006,0.05386
guj,private_calls,0,0.00786,0.02507
guj,private_calls,0,0.87069,0.10982
guj,private_calls,1,0.96473,0.73793
guj,private_calls,0,0.00369,0.01076
guj,private_calls,0,0.00422,0.01813
guj,private_calls,0,0.00363,0.00828
guj,private_calls,1,0.82177,0.47474
guj,private_calls,0,0.01314,0.01889
guj,private_calls,0,0.00377,0.01074
guj,private_calls,0,0.38657,0.05574
guj,private_calls,0,0.00367,0.01214
guj,private_calls,0,0.00365,0.01000
guj,private_calls,0,0.00495,0.01529
guj,private_calls,0,0.00371,0.01105
guj,private_calls,0,0.00368,0.01259
guj,private_calls,0,0.99158,0.13570
guj,private_calls,0,0.99218,0.36084
guj,private_calls,0,0.97754,0.07533
guj,private_calls,0,0.99070,0.29044
guj,private_calls,0,0.00364,0.00830
guj,private_calls,1,0.99194,0.91134
guj,private_calls,0,0.98296,0.02691
guj,private_calls,0,0.00366,0.01094
guj,private_calls,0,0.00949,0.02348
guj,private_calls,0,0.98833,0.05405
guj,private_calls,0,0.00495,0.01472
guj,private_calls,0,0.00472,0.01153
guj,private_calls,0,0.00366,0.00807
guj,private_calls,0,0.99134,0.20049
guj,private_calls,0,0.00369,0.00633
guj,private_calls,0,0.00402,0.01261
guj,private_calls,1,0.98652,0.90081
guj,private_calls,0,0.97205,0.07544
guj,private_calls,1,0.99135,0.90907
guj,private_calls,0,0.00364,0.00821
guj,private_calls,0,0.27875,0.03603
guj,private_calls,0,0.00643,0.02496
guj,private_calls,1,0.99227,0.93906
guj,private_calls,0,0.00717,0.00768
guj,private_calls,1,0.98233,0.65985
guj,private_calls,0,0.19487,0.09142
guj,private_calls,1,0.99169,0.87416
guj,private_calls,0,0.00374,0.00713
guj,private_calls,0,0.00373,0.00603
guj,private_calls,0,0.03874,0.02965
guj,private_calls,0,0.00430,0.02194
guj,private_calls,0,0.00377,0.00748
guj,private_calls,0,0.00885,0.05931
guj,private_calls,0,0.00378,0.00573
guj,private_calls,0,0.06639,0.07614
guj,private_calls,0,0.00417,0.00758
guj,private_calls,0,0.00370,0.01253
guj,private_calls,0,0.00373,0.01217
guj,private_calls,0,0.99173,0.47396
guj,private_calls,0,0.01315,0.08337
guj,private_calls,1,0.99172,0.89818
guj,private_calls,0,0.00504,0.04152
guj,private_calls,1,0.98712,0.55599
guj,private_calls,0,0.00420,0.03593
guj,private_calls,0,0.00377,0.01281
guj,private_calls,0,0.99031,0.45918
guj,private_calls,1,0.99255,0.93910
guj,private_calls,0,0.96430,0.47446
guj,private_calls,0,0.00424,0.01921
guj,private_calls,0,0.03987,0.05063
guj,private_calls,1,0.99205,0.92088
guj,private_calls,1,0.99186,0.91762
guj,private_calls,0,0.00375,0.00746
guj,private_calls,0,0.00491,0.06340
guj,private_calls,0,0.00396,0.02061
guj,private_calls,1,0.99202,0.97901
guj,private_calls,0,0.00373,0.00695
guj,private_calls,1,0.99006,0.88240
guj,private_calls,1,0.97908,0.42225
guj,private_calls,0,0.85203,0.12343
guj,private_calls,0,0.36742,0.02232
guj,private_calls,1,0.99058,0.67258
guj,private_calls,1,0.98944,0.75220
guj,private_calls,1,0.99152,0.97799
guj,private_calls,1,0.98373,0.64421
guj,private_calls,0,0.00370,0.00677
guj,private_calls,0,0.94675,0.12407
guj,private_calls,1,0.98278,0.89809
guj,private_calls,1,0.99226,0.98459
guj,private_calls,0,0.00366,0.00563
guj,private_calls,1,0.99017,0.80138
guj,private_calls,1,0.98106,0.66251
guj,private_calls,0,0.84006,0.03629
guj,private_calls,0,0.00379,0.00551
guj,private_calls,0,0.00573,0.05330
guj,private_calls,0,0.00373,0.00528
guj,private_calls,0,0.00494,0.03401
guj,private_calls,0,0.00380,0.00690
guj,private_calls,0,0.00429,0.02957
guj,private_calls,1,0.98467,0.90726
guj,private_calls,0,0.00373,0.00618
guj,private_calls,0,0.00380,0.00586
guj,private_calls,1,0.99182,0.95679
guj,private_calls,1,0.00382,0.01307
guj,private_calls,1,0.99207,0.96732
guj,private_calls,0,0.00373,0.00853
guj,private_calls,1,0.97961,0.94409
guj,private_calls,1,0.95935,0.10477
guj,private_calls,0,0.00372,0.00704
guj,private_calls,0,0.00380,0.00585
guj,private_calls,0,0.00377,0.00613
guj,private_calls,0,0.01941,0.01778
guj,private_calls,1,0.99165,0.76592
guj,private_calls,0,0.00376,0.00640
guj,private_calls,0,0.00381,0.00535
guj,private_calls,1,0.98110,0.93155
guj,private_calls,0,0.00378,0.00819
guj,private_calls,0,0.75027,0.03023
guj,private_calls,0,0.00379,0.01037
guj,private_calls,0,0.00408,0.01545
guj,private_calls,0,0.00451,0.01277
guj,private_calls,0,0.03756,0.04861
guj,private_calls,0,0.00388,0.01059
guj,private_calls,0,0.00388,0.01228
guj,private_calls,0,0.00386,0.01185
guj,private_calls,1,0.00384,0.01035
guj,private_calls,0,0.00384,0.00591
guj,private_calls,0,0.98151,0.04333
guj,private_calls,0,0.00498,0.02477
guj,private_calls,0,0.00779,0.02124
guj,private_calls,0,0.00493,0.02191
guj,private_calls,0,0.00388,0.00811
guj,private_calls,1,0.59664,0.06411
guj,private_calls,0,0.00385,0.00692
guj,private_calls,0,0.00384,0.00907
guj,private_calls,0,0.00380,0.00829
guj,private_calls,0,0.00385,0.00738
guj,private_calls,0,0.00451,0.01687
guj,private_calls,0,0.00387,0.01336
guj,private_calls,0,0.00382,0.00620
guj,private_calls,0,0.00388,0.01215
guj,private_calls,0,0.00384,0.00657
guj,private_calls,0,0.00378,0.00748
guj,private_calls,0,0.00403,0.02007
guj,private_calls,0,0.00388,0.01103
guj,private_calls,0,0.00418,0.01319
guj,private_calls,0,0.00381,0.01077
guj,private_calls,1,0.00413,0.03115
guj,private_calls,0,0.02324,0.02908
guj,private_calls,0,0.00393,0.01482
guj,private_calls,0,0.00390,0.00653
guj,private_calls,0,0.00393,0.00626
guj,private_calls,0,0.00380,0.01189
guj,private_calls,0,0.00807,0.04409
guj,private_calls,0,0.16691,0.04754
guj,private_calls,0,0.00386,0.02032
guj,private_calls,0,0.01795,0.01308
guj,private_calls,0,0.00380,0.00670
hin,private_calls,1,0.98673,0.44374
hin,private_calls,0,0.00380,0.00650
hin,private_calls,1,0.12577,0.31324
hin,private_calls,1,0.99004,0.60199
hin,private_calls,0,0.00385,0.00913
hin,private_calls,1,0.99230,0.98706
hin,private_calls,0,0.00586,0.01964
hin,private_calls,1,0.99199,0.91896
hin,private_calls,0,0.00381,0.00597
hin,private_calls,1,0.10623,0.60108
hin,private_calls,0,0.00389,0.00855
hin,private_calls,0,0.00446,0.02257
hin,private_calls,0,0.00394,0.01404
hin,private_calls,1,0.00546,0.05365
hin,private_calls,0,0.00385,0.00627
hin,private_calls,0,0.00382,0.00607
hin,private_calls,1,0.99114,0.93347
hin,private_calls,0,0.00383,0.00907
hin,private_calls,0,0.00384,0.01174
hin,private_calls,0,0.00389,0.00649
hin,private_calls,0,0.00385,0.00663
hin,private_calls,0,0.00388,0.00685
hin,private_calls,0,0.00385,0.00703
hin,private_calls,1,0.99140,0.80540
hin,private_calls,1,0.92862,0.52932
hin,private_calls,0,0.05928,0.04130
hin,private_calls,0,0.00372,0.00868
hin,private_calls,0,0.00411,0.01658
hin,private_calls,0,0.00383,0.00849
hin,private_calls,0,0.00384,0.00920
hin,private_calls,0,0.53443,0.06105
hin,private_calls,0,0.00379,0.00832
hin,private_calls,1,0.99131,0.96952
hin,private_calls,1,0.98975,0.64789
hin,private_calls,1,0.67306,0.94448
hin,private_calls,0,0.00376,0.00791
hin,private_calls,1,0.01023,0.04516
hin,private_calls,0,0.00391,0.01358
hin,private_calls,0,0.00376,0.00852
hin,private_calls,0,0.00380,0.00956
hin,private_calls,0,0.92218,0.02077
hin,private_calls,0,0.00373,0.00763
hin,private_calls,0,0.00384,0.00660
hin,private_calls,0,0.99158,0.41122
hin,private_calls,0,0.00602,0.02610
hin,private_calls,1,0.99118,0.95710
hin,private_calls,0,0.00372,0.00734
hin,private_calls,0,0.00371,0.01126
hin,private_calls,1,0.99081,0.97389
hin,private_calls,1,0.56452,0.20248
hin,private_calls,1,0.99216,0.95033
hin,private_calls,0,0.00374,0.00640
hin,private_calls,0,0.00371,0.00676
hin,private_calls,0,0.99176,0.91733
hin,private_calls,1,0.99236,0.87305
hin,private_calls,0,0.00394,0.01011
hin,private_calls,0,0.00378,0.00777
hin,private_calls,0,0.00515,0.04139
hin,private_calls,0,0.00372,0.00626
hin,private_calls,1,0.98916,0.27501
hin,private_calls,0,0.00373,0.00745
hin,private_calls,0,0.00397,0.00696
hin,private_calls,0,0.00376,0.00778
hin,private_calls,0,0.99113,0.47314
hin,private_calls,1,0.98794,0.95911
hin,private_calls,0,0.00376,0.00799
hin,private_calls,0,0.98876,0.33868
hin,private_calls,0,0.00836,0.04224
hin,private_calls,0,0.00379,0.00645
hin,private_calls,0,0.01889,0.01280
hin,private_calls,0,0.93604,0.06868
hin,private_calls,1,0.00632,0.18120
hin,private_calls,0,0.00372,0.00735
hin,private_calls,0,0.00377,0.00744
hin,private_calls,0,0.00689,0.01396
hin,private_calls,0,0.00387,0.01401
hin,private_calls,0,0.00380,0.00945
hin,private_calls,0,0.00379,0.00762
hin,private_calls,0,0.00375,0.00670
hin,private_calls,1,0.97990,0.51510
hin,private_calls,1,0.98675,0.50053
hin,private_calls,0,0.00461,0.01253
hin,private_calls,0,0.00378,0.00635
hin,private_calls,0,0.99161,0.45750
hin,private_calls,1,0.99190,0.14530
hin,private_calls,0,0.02476,0.01630
hin,private_calls,0,0.00406,0.00704
hin,private_calls,0,0.00377,0.00685
hin,private_calls,1,0.81694,0.13281
hin,private_calls,1,0.85475,0.51349
hin,private_calls,0,0.10102,0.11879
hin,private_calls,0,0.99233,0.95010
hin,private_calls,0,0.98689,0.86859
hin,private_calls,0,0.99243,0.96123
hin,private_calls,0,0.00570,0.01090
hin,private_calls,0,0.89435,0.02917
hin,private_calls,0,0.00376,0.01151
hin,private_calls,0,0.00373,0.00848
hin,private_calls,0,0.99163,0.62975
hin,private_calls,0,0.99209,0.69773
hin,private_calls,0,0.99128,0.02545
hin,private_calls,0,0.09401,0.02825
hin,private_calls,1,0.99141,0.93157
hin,private_calls,0,0.98865,0.39926
hin,private_calls,0,0.00370,0.00959
hin,private_calls,0,0.01386,0.05094
hin,private_calls,1,0.99168,0.97754
hin,private_calls,0,0.01071,0.04235
hin,private_calls,0,0.00410,0.02615
hin,private_calls,0,0.07358,0.02755
hin,private_calls,0,0.97951,0.01211
hin,private_calls,0,0.96445,0.02382
hin,private_calls,0,0.99194,0.68308
hin,private_calls,1,0.99245,0.95547
hin,private_calls,0,0.98991,0.42975
hin,private_calls,0,0.00370,0.00737
hin,private_calls,0,0.99049,0.03590
hin,private_calls,1,0.98261,0.50062
hin,private_calls,0,0.99118,0.06393
hin,private_calls,1,0.00507,0.07234
hin,private_calls,1,0.99237,0.87102
hin,private_calls,1,0.99091,0.72647
hin,private_calls,1,0.99191,0.97174
hin,private_calls,0,0.00431,0.02335
hin,private_calls,1,0.99215,0.83236
hin,private_calls,0,0.99224,0.94938
hin,private_calls,0,0.00387,0.01234
hin,private_calls,0,0.00370,0.00831
hin,private_calls,0,0.99108,0.25020
hin,private_calls,0,0.00365,0.00682
hin,private_calls,1,0.99228,0.79087
hin,private_calls,0,0.61055,0.08623
hin,private_calls,0,0.95136,0.09177
hin,private_calls,1,0.99241,0.97102
hin,private_calls,0,0.00368,0.00659
hin,private_calls,1,0.01530,0.15118
hin,private_calls,0,0.99227,0.07829
hin,private_calls,1,0.99194,0.93693
hin,private_calls,0,0.82352,0.07559
hin,private_calls,0,0.00374,0.00707
hin,private_calls,0,0.99241,0.32046
hin,private_calls,0,0.76823,0.09951
hin,private_calls,0,0.99103,0.58412
hin,private_calls,0,0.00368,0.01030
hin,private_calls,0,0.60193,0.04831
hin,private_calls,0,0.00425,0.02341
hin,private_calls,1,0.99224,0.94549
hin,private_calls,0,0.00385,0.01228
hin,private_calls,0,0.01062,0.18526
hin,private_calls,0,0.99149,0.43564
hin,private_calls,0,0.00388,0.02022
hin,private_calls,0,0.00409,0.03027
hin,private_calls,0,0.00493,0.03837
hin,private_calls,0,0.00747,0.07278
hin,private_calls,1,0.99124,0.97488
hin,private_calls,0,0.00366,0.00763
hin,private_calls,0,0.00374,0.00882
hin,private_calls,0,0.99245,0.94896
hin,private_calls,0,0.00378,0.00855
hin,private_calls,1,0.96628,0.22098
hin,private_calls,0,0.00376,0.01368
hin,private_calls,0,0.00374,0.00858
hin,private_calls,0,0.02479,0.05356
hin,private_calls,0,0.00369,0.00814
hin,private_calls,1,0.99203,0.96090
hin,private_calls,0,0.00385,0.00820
hin,private_calls,1,0.99219,0.95024
hin,private_calls,0,0.00426,0.02636
hin,private_calls,0,0.00367,0.00980
hin,private_calls,0,0.00388,0.02063
hin,private_calls,1,0.99251,0.96896
hin,private_calls,1,0.98738,0.74164
hin,private_calls,0,0.00382,0.01115
hin,private_calls,1,0.99142,0.85591
hin,private_calls,0,0.00418,0.00769
hin,private_calls,1,0.93373,0.49768
hin,private_calls,1,0.99224,0.98196
hin,private_calls,1,0.99159,0.96850
hin,private_calls,1,0.99136,0.75471
hin,private_calls,0,0.00375,0.01141
hin,private_calls,0,0.99092,0.51943
hin,private_calls,1,0.99228,0.94184
hin,private_calls,0,0.00373,0.00685
hin,private_calls,0,0.99166,0.09038
hin,private_calls,0,0.00378,0.00982
hin,private_calls,0,0.00380,0.02457
hin,private_calls,0,0.00496,0.02269
hin,private_calls,1,0.57399,0.51266
hin,private_calls,0,0.98963,0.79815
hin,private_calls,0,0.00368,0.00725
hin,private_calls,0,0.00630,0.04270
hin,private_calls,0,0.00483,0.01928
hin,private_calls,1,0.99221,0.95484
hin,private_calls,0,0.00370,0.00714
hin,private_calls,0,0.98670,0.14464
hin,private_calls,0,0.00370,0.00632
hin,private_calls,0,0.01493,0.01595
hin,private_calls,0,0.99189,0.74537
hin,private_calls,0,0.99054,0.14290
hin,private_calls,0,0.99196,0.19196
hin,private_calls,0,0.00368,0.00716
hin,private_calls,1,0.98974,0.85848
hin,private_calls,0,0.00369,0.00734
hin,private_calls,0,0.99110,0.10717
hin,private_calls,0,0.00367,0.00855
hin,private_calls,1,0.99181,0.94038
hin,private_calls,0,0.00382,0.00698
hin,private_calls,1,0.99151,0.53690
hin,private_calls,0,0.00375,0.02396
hin,private_calls,0,0.00368,0.00719
hin,private_calls,1,0.98910,0.82643
hin,private_calls,0,0.00377,0.01015
hin,private_calls,0,0.98363,0.69216
hin,private_calls,1,0.99242,0.86947
hin,private_calls,1,0.95783,0.77722
hin,private_calls,1,0.99081,0.79724
hin,private_calls,0,0.29435,0.04924
hin,private_calls,0,0.01079,0.04190
hin,private_calls,1,0.98678,0.77794
hin,private_calls,1,0.99163,0.94842
hin,private_calls,1,0.99238,0.98788
hin,private_calls,0,0.00373,0.00595
hin,private_calls,1,0.23561,0.06015
hin,private_calls,1,0.98056,0.57391
hin,private_calls,0,0.94193,0.01292
hin,private_calls,1,0.93397,0.69944
hin,private_calls,0,0.00374,0.00559
hin,private_calls,1,0.97897,0.49996
hin,private_calls,0,0.00381,0.00525
hin,private_calls,0,0.52691,0.22575
hin,private_calls,1,0.99033,0.51361
hin,private_calls,1,0.78320,0.43380
hin,private_calls,1,0.04601,0.25914
hin,private_calls,1,0.98969,0.74992
hin,private_calls,0,0.01226,0.14474
hin,private_calls,1,0.99094,0.97511
hin,private_calls,1,0.71914,0.26595
hin,private_calls,0,0.00424,0.01344
hin,private_calls,0,0.00378,0.00582
hin,private_calls,0,0.99031,0.47633
hin,private_calls,0,0.00371,0.00590
hin,private_calls,1,0.99235,0.96796
hin,private_calls,0,0.00392,0.02109
hin,private_calls,0,0.00380,0.00609
hin,private_calls,0,0.00374,0.00835
hin,private_calls,1,0.98971,0.94732
hin,private_calls,0,0.98955,0.01966
hin,private_calls,0,0.00373,0.01099
hin,private_calls,0,0.13579,0.02540
hin,private_calls,0,0.00394,0.03696
hin,private_calls,0,0.00371,0.00804
hin,private_calls,0,0.00374,0.00569
hin,private_calls,0,0.00391,0.01661
hin,private_calls,0,0.60867,0.02911
hin,private_calls,0,0.00371,0.00860
hin,private_calls,0,0.00370,0.00581
hin,private_calls,0,0.96918,0.04597
hin,private_calls,0,0.00417,0.02221
hin,private_calls,1,0.98709,0.62672
hin,private_calls,0,0.00373,0.00645
hin,private_calls,0,0.00384,0.00824
hin,private_calls,1,0.84286,0.05669
hin,private_calls,0,0.00373,0.00599
hin,private_calls,0,0.00374,0.00606
hin,private_calls,0,0.75575,0.04656
hin,private_calls,0,0.00378,0.00572
hin,private_calls,0,0.98139,0.12921
hin,private_calls,1,0.99003,0.93375
hin,private_calls,0,0.99157,0.91538
hin,private_calls,0,0.00377,0.00507
hin,private_calls,0,0.00381,0.01062
hin,private_calls,1,0.99106,0.97511
hin,private_calls,0,0.00374,0.00640
hin,private_calls,1,0.83402,0.56314
hin,private_calls,0,0.00372,0.00717
hin,private_calls,0,0.98049,0.06058
hin,private_calls,0,0.01401,0.03437
hin,private_calls,1,0.99031,0.44625
hin,private_calls,0,0.95358,0.59057
hin,private_calls,0,0.00371,0.00590
hin,private_calls,1,0.33617,0.05756
hin,private_calls,1,0.99219,0.96164
hin,private_calls,0,0.05686,0.07028
hin,private_calls,1,0.99232,0.96275
hin,private_calls,0,0.99209,0.29179
hin,private_calls,0,0.00368,0.00760
hin,private_calls,0,0.55958,0.12588
hin,private_calls,0,0.00463,0.02216
hin,private_calls,0,0.00393,0.01160
hin,private_calls,0,0.01112,0.02466
hin,private_calls,0,0.01220,0.05416
hin,private_calls,1,0.99230,0.94840
hin,private_calls,0,0.00377,0.00607
hin,private_calls,1,0.99236,0.96852
hin,private_calls,0,0.02785,0.01588
hin,private_calls,1,0.99103,0.76617
hin,private_calls,0,0.00483,0.01885
hin,private_calls,1,0.99223,0.98078
hin,private_calls,1,0.97749,0.93218
hin,private_calls,1,0.73284,0.70533
hin,private_calls,0,0.00378,0.00574
hin,private_calls,0,0.00374,0.00623
hin,private_calls,0,0.07370,0.08649
hin,private_calls,1,0.99165,0.92548
hin,private_calls,0,0.95647,0.37476
hin,private_calls,1,0.99047,0.52487
hin,private_calls,0,0.99169,0.84622
hin,private_calls,0,0.82554,0.05240
hin,private_calls,0,0.94244,0.16738
hin,private_calls,0,0.99224,0.94807
hin,private_calls,1,0.93570,0.89038
hin,private_calls,0,0.00367,0.01011
hin,private_calls,0,0.97573,0.07850
hin,private_calls,0,0.00630,0.03336
hin,private_calls,0,0.09804,0.02116
hin,private_calls,0,0.15042,0.18153
hin,private_calls,1,0.99086,0.85278
hin,private_calls,1,0.98272,0.75331
hin,private_calls,0,0.00384,0.00738
hin,private_calls,0,0.93555,0.29478
hin,private_calls,0,0.00420,0.01371
hin,private_calls,0,0.00383,0.01296
hin,private_calls,0,0.00377,0.00702
hin,private_calls,1,0.99214,0.47196
hin,private_calls,0,0.00403,0.01560
hin,private_calls,0,0.00382,0.00605
hin,private_calls,0,0.00380,0.00719
hin,private_calls,1,0.99174,0.96906
hin,private_calls,1,0.98989,0.34108
hin,private_calls,0,0.98313,0.20471
hin,private_calls,0,0.00706,0.04073
hin,private_calls,0,0.00379,0.01333
hin,private_calls,0,0.98400,0.11242
hin,private_calls,0,0.24305,0.05344
hin,private_calls,0,0.00380,0.00645
hin,private_calls,0,0.00393,0.01127
hin,private_calls,0,0.94306,0.57452
hin,private_calls,1,0.99222,0.97356
hin,private_calls,0,0.00384,0.01169
hin,private_calls,0,0.00382,0.01190
hin,private_calls,1,0.08818,0.12797
hin,private_calls,0,0.01182,0.04083
hin,private_calls,0,0.99238,0.37612
hin,private_calls,0,0.00383,0.01731
hin,private_calls,0,0.00380,0.03023
hin,private_calls,0,0.00382,0.02046
hin,private_calls,1,0.99098,0.86900
hin,private_calls,0,0.00547,0.01831
hin,private_calls,0,0.00378,0.00794
hin,private_calls,0,0.01048,0.01524
hin,private_calls,0,0.06470,0.04555
hin,private_calls,0,0.00406,0.02929
hin,private_calls,0,0.00356,0.00737
hin,private_calls,0,0.00417,0.02818
hin,private_calls,0,0.99129,0.91484
hin,private_calls,1,0.99105,0.94094
hin,private_calls,1,0.99260,0.97864
hin,private_calls,0,0.00621,0.03635
hin,private_calls,1,0.99157,0.82544
hin,private_calls,1,0.99200,0.77520
hin,private_calls,1,0.99214,0.98051
hin,private_calls,1,0.99228,0.94744
hin,private_calls,1,0.99200,0.84907
hin,private_calls,1,0.98682,0.66158
hin,private_calls,0,0.83622,0.07082
hin,private_calls,1,0.99058,0.34004
hin,private_calls,1,0.99233,0.93826
hin,private_calls,0,0.00376,0.00692
hin,private_calls,0,0.00380,0.02241
hin,private_calls,0,0.00374,0.00735
hin,private_calls,0,0.00373,0.00879
hin,private_calls,1,0.99094,0.93112
hin,private_calls,0,0.00369,0.00561
hin,private_calls,0,0.00363,0.00747
hin,private_calls,0,0.00445,0.02764
hin,private_calls,0,0.00366,0.00790
hin,private_calls,0,0.29509,0.04880
hin,private_calls,0,0.00386,0.01372
hin,private_calls,1,0.96189,0.72539
hin,private_calls,0,0.00381,0.00852
hin,private_calls,1,0.98951,0.62193
hin,private_calls,1,0.98893,0.91528
hin,private_calls,0,0.91027,0.03108
hin,private_calls,0,0.99202,0.11791
hin,private_calls,0,0.00364,0.00578
hin,private_calls,0,0.00372,0.00874
hin,private_calls,0,0.00364,0.00606
hin,private_calls,0,0.00428,0.03074
hin,private_calls,0,0.98917,0.18528
hin,private_calls,0,0.00366,0.00610
hin,private_calls,0,0.92854,0.01343
hin,private_calls,0,0.00382,0.01250
hin,private_calls,0,0.00369,0.00605
hin,private_calls,1,0.98297,0.82358
hin,private_calls,0,0.00369,0.00564
hin,private_calls,0,0.00371,0.00591
hin,private_calls,1,0.98501,0.65732
hin,private_calls,0,0.00364,0.00689
hin,private_calls,0,0.00377,0.01080
hin,private_calls,0,0.00372,0.00548
hin,private_calls,0,0.31242,0.03348
hin,private_calls,0,0.01004,0.05600
hin,private_calls,0,0.00380,0.00627
hin,private_calls,0,0.61554,0.04200
hin,private_calls,0,0.00374,0.00920
hin,private_calls,0,0.00369,0.00646
hin,private_calls,1,0.99195,0.63345
hin,private_calls,0,0.00455,0.02706
hin,private_calls,0,0.51639,0.03323
hin,private_calls,0,0.00369,0.00554
hin,private_calls,0,0.00371,0.00609
hin,private_calls,0,0.00460,0.02422
hin,private_calls,0,0.00364,0.01412
hin,private_calls,0,0.00366,0.01029
hin,private_calls,0,0.00372,0.00720
hin,private_calls,1,0.99231,0.98131
hin,private_calls,1,0.99190,0.95987
hin,private_calls,0,0.00373,0.00528
hin,private_calls,1,0.99204,0.97047
hin,private_calls,1,0.99226,0.96602
hin,private_calls,0,0.01156,0.02205
hin,private_calls,0,0.00372,0.00595
hin,private_calls,0,0.89388,0.21816
hin,private_calls,0,0.08294,0.03033
hin,private_calls,0,0.00490,0.00940
hin,private_calls,0,0.00368,0.00610
hin,private_calls,1,0.99246,0.98321
hin,private_calls,0,0.99177,0.87854
hin,private_calls,0,0.00390,0.01924
hin,private_calls,0,0.00391,0.00919
hin,private_calls,0,0.47886,0.20680
hin,private_calls,1,0.99217,0.97594
hin,private_calls,1,0.99227,0.97430
hin,private_calls,0,0.00371,0.00657
hin,private_calls,1,0.99203,0.96278
hin,private_calls,0,0.93503,0.07477
hin,private_calls,1,0.99125,0.98444
hin,private_calls,1,0.99176,0.93428
hin,private_calls,1,0.99203,0.69366
hin,private_calls,0,0.95927,0.04439
hin,private_calls,1,0.99143,0.93772
hin,private_calls,1,0.91479,0.05652
hin,private_calls,0,0.76721,0.07542
hin,private_calls,1,0.99231,0.29779
hin,private_calls,0,0.00393,0.01432
hin,private_calls,0,0.00388,0.01453
hin,private_calls,0,0.00366,0.00616
hin,private_calls,0,0.00545,0.01472
hin,private_calls,0,0.00379,0.01526
hin,private_calls,0,0.00388,0.00774
hin,private_calls,0,0.95941,0.20005
hin,private_calls,0,0.99167,0.46960
hin,private_calls,0,0.00385,0.01541
hin,private_calls,0,0.01354,0.01900
hin,private_calls,0,0.00380,0.00863
hin,private_calls,0,0.00373,0.00967
hin,private_calls,0,0.00424,0.01605
hin,private_calls,0,0.99039,0.31098
hin,private_calls,0,0.00365,0.00667
hin,private_calls,0,0.01212,0.01923
hin,private_calls,0,0.00461,0.01484
hin,private_calls,0,0.97671,0.02786
hin,private_calls,0,0.00663,0.01877
hin,private_calls,0,0.00368,0.00628
hin,private_calls,0,0.79823,0.06351
hin,private_calls,0,0.00465,0.01366
hin,private_calls,0,0.00365,0.01421
hin,private_calls,0,0.00368,0.00658
hin,private_calls,0,0.00519,0.00901
hin,private_calls,0,0.00387,0.01074
hin,private_calls,0,0.00376,0.01602
hin,private_calls,1,0.98920,0.44565
hin,private_calls,0,0.00719,0.01826
hin,private_calls,0,0.00437,0.02309
hin,private_calls,0,0.00380,0.00717
hin,private_calls,1,0.99062,0.42235
hin,private_calls,0,0.00373,0.01105
hin,private_calls,0,0.23976,0.06324
hin,private_calls,0,0.00376,0.00800
hin,private_calls,0,0.06631,0.03066
hin,private_calls,0,0.01813,0.02473
hin,private_calls,0,0.04262,0.05847
hin,private_calls,0,0.00402,0.00832
hin,private_calls,0,0.00387,0.01607
hin,private_calls,0,0.00426,0.00965
hin,private_calls,0,0.00378,0.00662
hin,private_calls,0,0.00446,0.03043
hin,private_calls,0,0.00391,0.01001
hin,private_calls,0,0.00415,0.01975
hin,private_calls,0,0.00369,0.00679
hin,private_calls,0,0.84543,0.04875
hin,private_calls,0,0.00386,0.00890
hin,private_calls,0,0.10665,0.03251
hin,private_calls,0,0.00384,0.04934
hin,private_calls,0,0.00379,0.00608
hin,private_calls,0,0.00370,0.00681
hin,private_calls,0,0.00376,0.00742
hin,private_calls,0,0.00373,0.00825
hin,private_calls,1,0.00653,0.07229
hin,private_calls,0,0.00370,0.00519
hin,private_calls,1,0.98613,0.90242
hin,private_calls,1,0.99057,0.36226
hin,private_calls,1,0.99148,0.09173
hin,private_calls,1,0.99204,0.61550
hin,private_calls,1,0.99179,0.90960
hin,private_calls,0,0.00868,0.01637
hin,private_calls,1,0.99222,0.95447
hin,private_calls,0,0.00430,0.03107
hin,private_calls,1,0.99139,0.39280
hin,private_calls,0,0.93564,0.06282
hin,private_calls,0,0.64149,0.08374
hin,private_calls,1,0.99012,0.71523
hin,private_calls,1,0.98546,0.37622
hin,private_calls,0,0.00454,0.02468
hin,private_calls,1,0.53263,0.08528
hin,private_calls,0,0.99178,0.70695
hin,private_calls,0,0.00368,0.00679
hin,private_calls,0,0.46474,0.18975
hin,private_calls,0,0.00472,0.00737
hin,private_calls,0,0.96953,0.51906
hin,private_calls,0,0.98877,0.02406
hin,private_calls,1,0.99171,0.91340
hin,private_calls,0,0.99151,0.26655
hin,private_calls,0,0.92574,0.06068
hin,private_calls,0,0.00412,0.05096
hin,private_calls,0,0.04381,0.03772
hin,private_calls,0,0.95767,0.23899
hin,private_calls,0,0.98150,0.22589
hin,private_calls,1,0.99110,0.88309
hin,private_calls,1,0.01649,0.52338
hin,private_calls,1,0.99238,0.97628
hin,private_calls,1,0.02838,0.90768
hin,private_calls,1,0.99212,0.98785
hin,private_calls,1,0.01526,0.71189
hin,private_calls,1,0.00379,0.01556
hin,private_calls,0,0.99235,0.99032
hin,private_calls,0,0.00377,0.00539
hin,private_calls,0,0.00424,0.01443
hin,private_calls,0,0.00416,0.01199
hin,private_calls,0,0.00377,0.00816
hin,private_calls,0,0.00370,0.00657
hin,private_calls,0,0.00386,0.01174
hin,private_calls,0,0.98328,0.14843
hin,private_calls,0,0.01060,0.06188
hin,private_calls,0,0.00376,0.00763
hin,private_calls,0,0.00379,0.00745
hin,private_calls,1,0.48867,0.06692
hin,private_calls,0,0.00380,0.00727
hin,private_calls,0,0.00384,0.00833
hin,private_calls,0,0.00394,0.01611
hin,private_calls,0,0.00398,0.01091
hin,private_calls,0,0.99194,0.20789
hin,private_calls,0,0.00381,0.01677
hin,private_calls,0,0.00422,0.01184
hin,private_calls,0,0.00444,0.01225
hin,private_calls,1,0.99229,0.94709
hin,private_calls,0,0.87457,0.03791
hin,private_calls,0,0.00373,0.00985
hin,private_calls,0,0.00830,0.03316
hin,private_calls,0,0.00380,0.00744
hin,private_calls,1,0.99157,0.58682
hin,private_calls,0,0.01234,0.01578
hin,private_calls,0,0.00480,0.01208
hin,private_calls,0,0.00388,0.01123
hin,private_calls,0,0.01867,0.03162
hin,private_calls,0,0.00375,0.00792
hin,private_calls,1,0.99009,0.82500
hin,private_calls,0,0.00376,0.00986
hin,private_calls,0,0.00646,0.01349
hin,private_calls,0,0.00376,0.00677
hin,private_calls,0,0.00379,0.00886
hin,private_calls,0,0.00373,0.00718
hin,private_calls,0,0.00383,0.09222
hin,private_calls,1,0.99235,0.93769
hin,private_calls,0,0.00834,0.02598
hin,private_calls,0,0.00416,0.01328
hin,private_calls,0,0.98897,0.04108
hin,private_calls,0,0.00416,0.01078
hin,private_calls,0,0.00430,0.01451
hin,private_calls,0,0.00410,0.01216
hin,private_calls,0,0.00381,0.01398
hin,private_calls,0,0.00382,0.00846
hin,private_calls,0,0.98663,0.07846
hin,private_calls,1,0.99131,0.97158
hin,private_calls,0,0.00519,0.01530
hin,private_calls,0,0.99083,0.14876
hin,private_calls,0,0.00387,0.00868
hin,private_calls,1,0.99157,0.98501
hin,private_calls,0,0.00377,0.00591
hin,private_calls,0,0.00411,0.00877
hin,private_calls,0,0.12934,0.02713
hin,private_calls,0,0.99095,0.20477
hin,private_calls,0,0.00376,0.00917
hin,private_calls,0,0.99186,0.04531
hin,private_calls,1,0.05448,0.20729
hin,private_calls,0,0.00373,0.00796
hin,private_calls,0,0.00378,0.01522
hin,private_calls,0,0.98164,0.06358
hin,private_calls,1,0.01128,0.53949
hin,private_calls,1,0.99197,0.64222
hin,private_calls,0,0.02853,0.03164
hin,private_calls,0,0.94185,0.16064
hin,private_calls,1,0.05213,0.06698
hin,private_calls,0,0.00372,0.00945
hin,private_calls,0,0.73341,0.14811
hin,private_calls,0,0.98016,0.28517
hin,private_calls,1,0.81424,0.79610
hin,private_calls,0,0.14197,0.04953
hin,private_calls,0,0.99148,0.10429
hin,private_calls,0,0.00377,0.00794
hin,private_calls,1,0.99119,0.62907
hin,private_calls,0,0.00397,0.01589
hin,private_calls,1,0.99184,0.91951
hin,private_calls,0,0.03448,0.05816
hin,private_calls,0,0.97995,0.17838
hin,private_calls,0,0.97145,0.35067
hin,private_calls,0,0.99197,0.44044
hin,private_calls,1,0.96246,0.83449
hin,private_calls,0,0.00430,0.02515
hin,private_calls,1,0.93862,0.07481
hin,private_calls,0,0.00383,0.01482
hin,private_calls,1,0.99204,0.97270
hin,private_calls,0,0.79506,0.01452
hin,private_calls,0,0.00417,0.01579
hin,private_calls,1,0.99105,0.81353
hin,private_calls,1,0.95688,0.18735
hin,private_calls,1,0.98161,0.21726
hin,private_calls,1,0.08827,0.75290
hin,private_calls,1,0.98270,0.49244
hin,private_calls,0,0.00408,0.01065
hin,private_calls,1,0.99227,0.95831
hin,private_calls,0,0.00405,0.01414
hin,private_calls,0,0.00374,0.00993
hin,private_calls,1,0.99097,0.86208
hin,private_calls,0,0.99066,0.52245
hin,private_calls,0,0.57170,0.05244
hin,private_calls,1,0.95950,0.88620
hin,private_calls,0,0.99227,0.98451
hin,private_calls,0,0.00460,0.02965
hin,private_calls,0,0.00368,0.00886
hin,private_calls,0,0.27775,0.13320
hin,private_calls,1,0.99156,0.47564
hin,private_calls,0,0.00403,0.02899
hin,private_calls,0,0.00374,0.00996
hin,private_calls,0,0.00378,0.00951
hin,private_calls,0,0.00374,0.00786
hin,private_calls,0,0.00653,0.02904
hin,private_calls,0,0.33623,0.07713
hin,private_calls,0,0.01046,0.01476
hin,private_calls,0,0.00374,0.01054
hin,private_calls,0,0.00373,0.00795
hin,private_calls,0,0.00377,0.00724
hin,private_calls,0,0.98788,0.26333
hin,private_calls,1,0.99202,0.98045
hin,private_calls,0,0.00374,0.00732
hin,private_calls,0,0.26301,0.12774
hin,private_calls,0,0.00572,0.01789
hin,private_calls,0,0.00389,0.01007
hin,private_calls,0,0.00428,0.02109
hin,private_calls,0,0.87871,0.10378
hin,private_calls,1,0.99196,0.70504
hin,private_calls,1,0.99216,0.57339
hin,private_calls,0,0.00389,0.00972
hin,private_calls,0,0.00372,0.00765
hin,private_calls,0,0.98607,0.07008
hin,private_calls,0,0.00798,0.02393
hin,private_calls,0,0.00397,0.00994
hin,private_calls,0,0.00421,0.04443
hin,private_calls,0,0.00615,0.01384
hin,private_calls,0,0.77454,0.01015
hin,private_calls,1,0.99234,0.94484
hin,private_calls,0,0.00762,0.02482
hin,private_calls,0,0.00388,0.00881
hin,private_calls,0,0.11370,0.02085
hin,private_calls,1,0.97064,0.69452
hin,private_calls,0,0.00590,0.05617
hin,private_calls,0,0.00389,0.00731
hin,private_calls,0,0.00509,0.04865
hin,private_calls,0,0.00388,0.00749
hin,private_calls,0,0.00391,0.00955
hin,private_calls,0,0.01050,0.03002
hin,private_calls,0,0.98880,0.06045
hin,private_calls,0,0.00467,0.01698
hin,private_calls,0,0.99053,0.24420
hin,private_calls,0,0.99136,0.36079
hin,private_calls,0,0.98968,0.02431
hin,private_calls,0,0.00399,0.02355
hin,private_calls,0,0.99094,0.71142
hin,private_calls,0,0.98041,0.12704
hin,private_calls,0,0.67612,0.05432
hin,private_calls,0,0.00393,0.00646
hin,private_calls,0,0.78458,0.13235
hin,private_calls,0,0.00496,0.02633
hin,private_calls,0,0.79204,0.26769
hin,private_calls,0,0.14961,0.06227
hin,private_calls,0,0.00892,0.05057
hin,private_calls,0,0.00387,0.01453
hin,private_calls,0,0.77616,0.05616
hin,private_calls,0,0.00390,0.00942
hin,private_calls,1,0.99171,0.98120
hin,private_calls,0,0.04301,0.02592
hin,private_calls,0,0.00394,0.00809
hin,private_calls,1,0.01626,0.36034
hin,private_calls,0,0.00391,0.00656
hin,private_calls,0,0.00393,0.00619
hin,private_calls,0,0.00399,0.01007
hin,private_calls,0,0.07727,0.03654
hin,private_calls,1,0.92504,0.26099
hin,private_calls,0,0.98532,0.52349
hin,private_calls,0,0.00399,0.01094
hin,private_calls,0,0.00600,0.01993
hin,private_calls,0,0.00390,0.00850
hin,private_calls,1,0.00800,0.05029
hin,private_calls,1,0.91351,0.81599
hin,private_calls,0,0.98948,0.76129
hin,private_calls,1,0.99088,0.94149
hin,private_calls,0,0.00416,0.02031
hin,private_calls,0,0.03867,0.03206
hin,private_calls,0,0.04738,0.11515
hin,private_calls,0,0.00603,0.05533
hin,private_calls,0,0.00386,0.00610
hin,private_calls,0,0.00936,0.03147
hin,private_calls,0,0.99220,0.97605
hin,private_calls,0,0.00401,0.04441
hin,private_calls,0,0.00392,0.00871
hin,private_calls,0,0.00403,0.00998
hin,private_calls,0,0.00394,0.01061
hin,private_calls,0,0.00410,0.00872
hin,private_calls,0,0.00389,0.00667
hin,private_calls,0,0.97960,0.07880
hin,private_calls,0,0.00379,0.00746
hin,private_calls,0,0.00632,0.06461
hin,private_calls,0,0.00801,0.02020
hin,private_calls,0,0.00375,0.00748
hin,private_calls,0,0.00482,0.03297
hin,private_calls,0,0.00454,0.01489
hin,private_calls,0,0.00374,0.00773
hin,private_calls,0,0.00473,0.05110
hin,private_calls,0,0.99052,0.87575
hin,private_calls,0,0.00542,0.03939
hin,private_calls,0,0.00365,0.00733
hin,private_calls,0,0.00412,0.00957
hin,private_calls,0,0.00437,0.01135
hin,private_calls,0,0.00368,0.00745
hin,private_calls,0,0.00375,0.00880
hin,private_calls,0,0.00454,0.04907
hin,private_calls,0,0.00369,0.00951
hin,private_calls,0,0.00373,0.00715
hin,private_calls,0,0.00371,0.00714
hin,private_calls,0,0.78560,0.10643
hin,private_calls,0,0.98653,0.69493
hin,private_calls,0,0.00380,0.01736
hin,private_calls,0,0.05551,0.06967
hin,private_calls,0,0.86542,0.11586
hin,private_calls,0,0.00382,0.00831
hin,private_calls,0,0.00376,0.00777
hin,private_calls,0,0.00860,0.12288
hin,private_calls,0,0.00371,0.00798
hin,private_calls,0,0.01899,0.04678
hin,private_calls,0,0.00568,0.02623
hin,private_calls,0,0.00379,0.02084
hin,private_calls,0,0.00393,0.01327
hin,private_calls,0,0.97018,0.27703
hin,private_calls,1,0.99252,0.87536
hin,private_calls,0,0.00569,0.03701
hin,private_calls,1,0.99148,0.58114
hin,private_calls,0,0.00537,0.01009
hin,private_calls,0,0.97715,0.05295
hin,private_calls,1,0.99199,0.97667
hin,private_calls,1,0.97939,0.26229
hin,private_calls,0,0.99184,0.10553
hin,private_calls,0,0.00388,0.01354
hin,private_calls,0,0.00417,0.01055
hin,private_calls,0,0.00445,0.00982
hin,private_calls,0,0.00381,0.00700
hin,private_calls,0,0.00376,0.00812
hin,private_calls,0,0.00387,0.01629
hin,private_calls,1,0.97170,0.50436
hin,private_calls,0,0.00405,0.01650
hin,private_calls,0,0.00481,0.03149
hin,private_calls,1,0.99114,0.69584
hin,private_calls,0,0.00374,0.00738
hin,private_calls,0,0.00432,0.02304
hin,private_calls,1,0.99222,0.93533
hin,private_calls,1,0.99235,0.97519
hin,private_calls,0,0.00384,0.01149
hin,private_calls,0,0.00371,0.00982
hin,private_calls,0,0.00372,0.00881
hin,private_calls,1,0.99048,0.54933
hin,private_calls,0,0.00393,0.01256
hin,private_calls,0,0.04003,0.12444
hin,private_calls,0,0.00374,0.01550
hin,private_calls,1,0.00410,0.05068
hin,private_calls,0,0.00373,0.00699
hin,private_calls,0,0.00374,0.00763
hin,private_calls,0,0.00507,0.01585
hin,private_calls,0,0.00400,0.01574
hin,private_calls,1,0.99224,0.94649
hin,private_calls,1,0.91023,0.02497
hin,private_calls,0,0.00658,0.04220
hin,private_calls,0,0.95225,0.04710
hin,private_calls,1,0.46344,0.65159
hin,private_calls,0,0.00512,0.03712
hin,private_calls,1,0.99164,0.71809
hin,private_calls,0,0.98763,0.23259
hin,private_calls,0,0.00466,0.02520
hin,private_calls,0,0.00445,0.01716
hin,private_calls,0,0.53768,0.02376
hin,private_calls,1,0.99148,0.73134
hin,private_calls,0,0.00778,0.06223
hin,private_calls,0,0.00584,0.02040
hin,private_calls,0,0.88582,0.01623
hin,private_calls,0,0.09041,0.03840
hin,private_calls,1,0.98696,0.51012
hin,private_calls,0,0.97219,0.06924
hin,private_calls,0,0.00724,0.01532
hin,private_calls,0,0.14195,0.02791
hin,private_calls,0,0.00369,0.01298
hin,private_calls,0,0.99155,0.41553
hin,private_calls,0,0.06112,0.02157
hin,private_calls,1,0.97145,0.72085
hin,private_calls,0,0.98882,0.09760
hin,private_calls,0,0.16024,0.02893
hin,private_calls,0,0.64662,0.06211
hin,private_calls,0,0.00550,0.03163
hin,private_calls,0,0.99026,0.20684
hin,private_calls,1,0.98751,0.82166
hin,private_calls,1,0.99124,0.73325
hin,private_calls,0,0.62583,0.05379
hin,private_calls,0,0.99250,0.42297
hin,private_calls,1,0.99263,0.42027
hin,private_calls,1,0.99170,0.88341
hin,private_calls,0,0.00757,0.01737
hin,private_calls,0,0.97818,0.06927
hin,private_calls,0,0.14304,0.08278
hin,private_calls,1,0.99197,0.90282
hin,private_calls,0,0.00395,0.01463
hin,private_calls,0,0.00655,0.11541
hin,private_calls,0,0.02606,0.05047
hin,private_calls,0,0.95537,0.20426
hin,private_calls,0,0.98137,0.15804
hin,private_calls,1,0.00434,0.18295
hin,private_calls,1,0.99263,0.91998
hin,private_calls,1,0.99261,0.90776
hin,private_calls,1,0.98674,0.65865
hin,private_calls,1,0.96210,0.62020
hin,private_calls,1,0.99103,0.79969
hin,private_calls,0,0.98835,0.07908
hin,private_calls,0,0.97874,0.04282
hin,private_calls,0,0.00463,0.02723
hin,private_calls,1,0.98039,0.11057
hin,private_calls,1,0.99197,0.54240
hin,private_calls,0,0.00403,0.00826
hin,private_calls,0,0.00378,0.00705
hin,private_calls,0,0.00664,0.07453
hin,private_calls,0,0.00421,0.01758
hin,private_calls,1,0.99150,0.97664
hin,private_calls,1,0.99134,0.61472
hin,private_calls,0,0.99065,0.44313
hin,private_calls,1,0.96595,0.49295
hin,private_calls,0,0.00378,0.00697
hin,private_calls,0,0.00376,0.00736
hin,private_calls,0,0.98986,0.06980
hin,private_calls,0,0.00518,0.01601
hin,private_calls,0,0.00380,0.01504
hin,private_calls,1,0.99239,0.88231
hin,private_calls,0,0.01440,0.04511
hin,private_calls,0,0.00372,0.01064
hin,private_calls,0,0.99237,0.98453
hin,private_calls,0,0.00374,0.00825
hin,private_calls,1,0.99217,0.42571
hin,private_calls,0,0.84075,0.09388
hin,private_calls,0,0.00378,0.00645
hin,private_calls,1,0.99138,0.95118
hin,private_calls,0,0.99043,0.04629
hin,private_calls,1,0.99056,0.34283
hin,private_calls,0,0.99229,0.80062
hin,private_calls,1,0.98496,0.94928
hin,private_calls,1,0.98952,0.24263
hin,private_calls,1,0.00408,0.03017
hin,private_calls,0,0.99038,0.16237
hin,private_calls,1,0.00374,0.01103
hin,private_calls,1,0.22724,0.10286
hin,private_calls,0,0.00380,0.00892
hin,private_calls,0,0.98743,0.09338
hin,private_calls,1,0.99194,0.96161
hin,private_calls,1,0.99229,0.96786
hin,private_calls,0,0.00374,0.00872
hin,private_calls,0,0.00869,0.01427
hin,private_calls,0,0.81116,0.01505
hin,private_calls,1,0.94816,0.72181
hin,private_calls,1,0.99199,0.97951
hin,private_calls,1,0.00369,0.00778
hin,private_calls,0,0.00383,0.00681
hin,private_calls,0,0.99124,0.12263
hin,private_calls,1,0.99114,0.52221
hin,private_calls,1,0.99159,0.87551
hin,private_calls,0,0.97799,0.18123
hin,private_calls,0,0.00375,0.00666
hin,private_calls,0,0.00517,0.06567
hin,private_calls,0,0.00379,0.02277
hin,private_calls,0,0.00438,0.02981
hin,private_calls,0,0.99217,0.09161
hin,private_calls,0,0.02094,0.00973
hin,private_calls,0,0.00377,0.00647
hin,private_calls,1,0.48756,0.50085
hin,private_calls,0,0.98736,0.49013
hin,private_calls,0,0.98696,0.06723
hin,private_calls,1,0.01236,0.05123
hin,private_calls,0,0.00382,0.01090
hin,private_calls,0,0.00395,0.01845
hin,private_calls,0,0.00374,0.00726
hin,private_calls,0,0.98383,0.40086
hin,private_calls,0,0.94695,0.05033
hin,private_calls,0,0.00381,0.01038
hin,private_calls,1,0.99068,0.95798
hin,private_calls,0,0.67688,0.22293
hin,private_calls,0,0.90629,0.27573
hin,private_calls,1,0.99171,0.97161
hin,private_calls,1,0.00396,0.00880
hin,private_calls,0,0.00381,0.00670
hin,private_calls,0,0.00397,0.01068
hin,private_calls,0,0.00446,0.07792
hin,private_calls,0,0.00386,0.00758
hin,private_calls,0,0.00384,0.01084
hin,private_calls,0,0.87982,0.12455
hin,private_calls,0,0.00388,0.00921
hin,private_calls,0,0.00391,0.01127
hin,private_calls,1,0.98713,0.40995
hin,private_calls,0,0.00388,0.01601
hin,private_calls,0,0.74923,0.19126
hin,private_calls,0,0.00915,0.04247
hin,private_calls,0,0.00420,0.01522
hin,private_calls,0,0.98915,0.84901
hin,private_calls,0,0.00407,0.08889
hin,private_calls,0,0.00430,0.03836
hin,private_calls,0,0.78690,0.02264
hin,private_calls,1,0.99199,0.97587
hin,private_calls,0,0.98456,0.63774
hin,private_calls,1,0.58685,0.07344
hin,private_calls,0,0.00956,0.02252
hin,private_calls,1,0.98639,0.89630
hin,private_calls,1,0.96899,0.38287
hin,private_calls,0,0.98601,0.54621
hin,private_calls,0,0.00388,0.01084
hin,private_calls,1,0.88507,0.67057
hin,private_calls,1,0.99255,0.98755
hin,private_calls,1,0.98396,0.74717
hin,private_calls,0,0.00443,0.01804
hin,private_calls,0,0.00390,0.01189
hin,private_calls,0,0.99140,0.53542
hin,private_calls,1,0.99071,0.88184
hin,private_calls,0,0.00465,0.03242
hin,private_calls,1,0.97564,0.15355
hin,private_calls,0,0.97306,0.11574
hin,private_calls,0,0.99083,0.18720
hin,private_calls,0,0.00434,0.02943
hin,private_calls,0,0.01993,0.01972
hin,private_calls,0,0.00407,0.04527
hin,private_calls,0,0.01360,0.03769
hin,private_calls,1,0.95529,0.56600
hin,private_calls,0,0.19918,0.01775
hin,private_calls,0,0.00412,0.00876
hin,private_calls,0,0.68911,0.10424
hin,private_calls,1,0.99125,0.10806
hin,private_calls,0,0.00391,0.00998
hin,private_calls,0,0.00409,0.00905
hin,private_calls,1,0.99141,0.88156
hin,private_calls,0,0.64304,0.03484
hin,private_calls,0,0.00391,0.01082
hin,private_calls,1,0.99146,0.51073
hin,private_calls,0,0.00464,0.02323
hin,private_calls,0,0.00391,0.00855
hin,private_calls,0,0.09316,0.08567
hin,private_calls,1,0.97136,0.67690
hin,private_calls,0,0.02382,0.12289
hin,private_calls,0,0.00430,0.03357
hin,private_calls,0,0.98928,0.17983
hin,private_calls,0,0.03546,0.02635
hin,private_calls,1,0.98336,0.54830
hin,private_calls,0,0.00403,0.01230
hin,private_calls,0,0.00386,0.00784
hin,private_calls,0,0.00391,0.00923
hin,private_calls,1,0.98599,0.14272
hin,private_calls,1,0.99250,0.87278
hin,private_calls,0,0.00367,0.01045
hin,private_calls,1,0.99245,0.87227
hin,private_calls,0,0.98741,0.07011
hin,private_calls,0,0.00410,0.01598
hin,private_calls,0,0.00395,0.01572
hin,private_calls,0,0.98864,0.11489
hin,private_calls,0,0.97985,0.28879
hin,private_calls,0,0.97980,0.31267
hin,private_calls,0,0.00751,0.02333
hin,private_calls,1,0.98596,0.57545
hin,private_calls,0,0.99254,0.72926
hin,private_calls,0,0.00385,0.01904
hin,private_calls,0,0.98570,0.35654
hin,private_calls,0,0.98732,0.62012
hin,private_calls,0,0.05241,0.26742
hin,private_calls,0,0.00413,0.01915
hin,private_calls,0,0.00377,0.01594
hin,private_calls,0,0.57536,0.23995
hin,private_calls,0,0.17550,0.02697
hin,private_calls,0,0.02287,0.05215
hin,private_calls,0,0.97164,0.07889
hin,private_calls,0,0.99123,0.58113
hin,private_calls,1,0.99184,0.82376
hin,private_calls,0,0.99249,0.62841
hin,private_calls,0,0.00381,0.04455
hin,private_calls,0,0.00375,0.01277
hin,private_calls,0,0.00490,0.01961
hin,private_calls,0,0.02993,0.04888
hin,private_calls,0,0.87484,0.02217
hin,private_calls,0,0.00397,0.01197
hin,private_calls,0,0.00415,0.01427
hin,private_calls,0,0.01303,0.03815
hin,private_calls,0,0.00522,0.02968
hin,private_calls,0,0.97471,0.33395
hin,private_calls,0,0.00371,0.00969
hin,private_calls,0,0.98921,0.61529
hin,private_calls,0,0.00487,0.03791
hin,private_calls,1,0.98658,0.26795
hin,private_calls,0,0.00374,0.00583
hin,private_calls,0,0.60258,0.04317
hin,private_calls,0,0.00379,0.00583
hin,private_calls,0,0.10539,0.09046
hin,private_calls,1,0.99085,0.83465
hin,private_calls,0,0.00381,0.00690
hin,private_calls,0,0.00380,0.00505
hin,private_calls,1,0.99067,0.13058
hin,private_calls,0,0.00372,0.01135
hin,private_calls,0,0.00380,0.00569
hin,private_calls,0,0.97686,0.08648
hin,private_calls,0,0.00374,0.00656
hin,private_calls,1,0.98291,0.23993
hin,private_calls,0,0.00405,0.02027
hin,private_calls,1,0.99242,0.69173
hin,private_calls,1,0.00389,0.00578
hin,private_calls,0,0.00775,0.04207
hin,private_calls,0,0.00369,0.01288
hin,private_calls,0,0.00369,0.00785
hin,private_calls,0,0.00375,0.00580
hin,private_calls,0,0.00381,0.00594
hin,private_calls,0,0.00387,0.01358
hin,private_calls,0,0.00375,0.00624
hin,private_calls,0,0.00385,0.00775
hin,private_calls,0,0.02154,0.06395
hin,private_calls,1,0.99248,0.98833
hin,private_calls,1,0.97974,0.91045
hin,private_calls,0,0.00386,0.00800
hin,private_calls,0,0.35926,0.03224
hin,private_calls,0,0.00368,0.00953
hin,private_calls,1,0.99210,0.98931
hin,private_calls,0,0.00369,0.01179
hin,private_calls,0,0.00372,0.00628
hin,private_calls,1,0.99226,0.75726
hin,private_calls,0,0.00423,0.02057
hin,private_calls,0,0.97295,0.01917
hin,private_calls,1,0.02857,0.16135
hin,private_calls,1,0.99107,0.98732
hin,private_calls,1,0.99191,0.78442
hin,private_calls,0,0.98428,0.06803
hin,private_calls,0,0.00367,0.00553
hin,private_calls,0,0.00372,0.00686
hin,private_calls,1,0.98349,0.79967
hin,private_calls,0,0.02661,0.11838
hin,private_calls,1,0.07666,0.20458
hin,private_calls,0,0.00378,0.01048
hin,private_calls,0,0.00373,0.01212
hin,private_calls,0,0.00395,0.01333
hin,private_calls,0,0.00368,0.00752
hin,private_calls,0,0.00370,0.02080
hin,private_calls,1,0.01773,0.28510
hin,private_calls,0,0.00366,0.00998
hin,private_calls,0,0.01162,0.04275
hin,private_calls,0,0.00370,0.00786
hin,private_calls,0,0.00366,0.00822
hin,private_calls,0,0.00385,0.01022
hin,private_calls,0,0.99074,0.34337
hin,private_calls,0,0.00368,0.01754
hin,private_calls,1,0.97722,0.72882
hin,private_calls,0,0.00391,0.02172
hin,private_calls,0,0.00382,0.02179
hin,private_calls,1,0.06617,0.15775
hin,private_calls,0,0.47288,0.22862
hin,private_calls,0,0.00378,0.01873
hin,private_calls,0,0.00365,0.01237
hin,private_calls,0,0.03991,0.07501
hin,private_calls,0,0.00371,0.03055
hin,private_calls,1,0.00415,0.11387
hin,private_calls,0,0.98339,0.06296
hin,private_calls,0,0.93736,0.50770
hin,private_calls,0,0.99083,0.31339
hin,private_calls,0,0.00433,0.01268
hin,private_calls,0,0.00370,0.00921
hin,private_calls,1,0.98623,0.45852
hin,private_calls,0,0.00375,0.00665
hin,private_calls,0,0.39922,0.08932
hin,private_calls,0,0.00364,0.01027
hin,private_calls,0,0.00368,0.00772
hin,private_calls,0,0.00368,0.00621
hin,private_calls,0,0.00364,0.00630
hin,private_calls,0,0.00794,0.03050
hin,private_calls,0,0.00557,0.02334
hin,private_calls,0,0.00388,0.01359
hin,private_calls,0,0.00374,0.01000
hin,private_calls,1,0.98853,0.79486
hin,private_calls,0,0.00383,0.00955
hin,private_calls,0,0.00378,0.01378
hin,private_calls,0,0.00368,0.00596
hin,private_calls,0,0.00374,0.00631
hin,private_calls,0,0.00374,0.00690
hin,private_calls,1,0.00374,0.02851
hin,private_calls,1,0.99105,0.97061
hin,private_calls,0,0.00389,0.00803
hin,private_calls,0,0.00822,0.07693
hin,private_calls,1,0.98995,0.10212
hin,private_calls,0,0.00645,0.03723
hin,private_calls,1,0.97404,0.39432
hin,private_calls,0,0.00947,0.01952
hin,private_calls,0,0.00371,0.00783
hin,private_calls,1,0.98923,0.91573
hin,private_calls,0,0.00847,0.04726
hin,private_calls,0,0.00378,0.00806
hin,private_calls,1,0.99125,0.84490
hin,private_calls,0,0.00367,0.01395
hin,private_calls,0,0.00371,0.00691
hin,private_calls,1,0.99148,0.82875
hin,private_calls,1,0.94627,0.56495
hin,private_calls,1,0.28149,0.46777
hin,private_calls,0,0.00373,0.00690
hin,private_calls,0,0.00406,0.02720
hin,private_calls,1,0.99196,0.96600
hin,private_calls,1,0.97321,0.93192
hin,private_calls,1,0.99023,0.97897
hin,private_calls,1,0.99197,0.96731
hin,private_calls,1,0.98451,0.24555
hin,private_calls,0,0.00365,0.00780
hin,private_calls,0,0.00383,0.00987
hin,private_calls,1,0.98660,0.55872
hin,private_calls,0,0.00374,0.00796
hin,private_calls,1,0.99218,0.95136
hin,private_calls,0,0.98611,0.10748
hin,private_calls,0,0.00373,0.00700
hin,private_calls,1,0.99194,0.85750
hin,private_calls,1,0.99165,0.36722
hin,private_calls,0,0.00399,0.01929
hin,private_calls,0,0.00928,0.06404
hin,private_calls,1,0.99210,0.98130
hin,private_calls,0,0.04351,0.11316
hin,private_calls,0,0.98904,0.13881
hin,private_calls,0,0.79252,0.18830
hin,private_calls,0,0.00376,0.00673
hin,private_calls,1,0.99226,0.96827
hin,private_calls,0,0.00428,0.01232
hin,private_calls,1,0.99179,0.95870
hin,private_calls,0,0.02911,0.02931
hin,private_calls,0,0.99006,0.22405
hin,private_calls,0,0.00369,0.00675
hin,private_calls,0,0.00385,0.01840
hin,private_calls,0,0.44192,0.09402
hin,private_calls,1,0.99214,0.94166
hin,private_calls,1,0.98883,0.72097
hin,private_calls,0,0.98698,0.15698
hin,private_calls,1,0.99196,0.96983
hin,private_calls,1,0.99214,0.98185
hin,private_calls,1,0.99169,0.94959
hin,private_calls,1,0.99168,0.98899
hin,private_calls,0,0.00382,0.00806
hin,private_calls,0,0.00370,0.00900
hin,private_calls,0,0.00372,0.00889
hin,private_calls,0,0.00369,0.00732
hin,private_calls,0,0.00426,0.02713
hin,private_calls,0,0.00374,0.00644
hin,private_calls,0,0.00379,0.00742
hin,private_calls,0,0.00381,0.00825
hin,private_calls,1,0.99107,0.90237
hin,private_calls,0,0.99234,0.10190
hin,private_calls,0,0.00382,0.01504
hin,private_calls,0,0.01489,0.04468
hin,private_calls,0,0.00393,0.01183
hin,private_calls,0,0.00417,0.01601
hin,private_calls,0,0.92454,0.04758
hin,private_calls,0,0.00375,0.00707
hin,private_calls,0,0.00387,0.01729
hin,private_calls,0,0.00405,0.00742
hin,private_calls,0,0.65341,0.04917
hin,private_calls,0,0.00400,0.00952
hin,private_calls,0,0.00408,0.01190
hin,private_calls,0,0.00702,0.03349
hin,private_calls,1,0.98579,0.24109
hin,private_calls,0,0.00373,0.00648
hin,private_calls,0,0.00380,0.00780
hin,private_calls,0,0.00449,0.01899
hin,private_calls,0,0.00406,0.02109
hin,private_calls,0,0.99171,0.55907
hin,private_calls,0,0.00386,0.01143
hin,private_calls,0,0.00367,0.00793
hin,private_calls,0,0.00372,0.01109
hin,private_calls,0,0.73639,0.18537
hin,private_calls,0,0.00374,0.01061
hin,private_calls,0,0.99210,0.82233
hin,private_calls,0,0.00374,0.00705
hin,private_calls,0,0.00410,0.01723
hin,private_calls,0,0.99188,0.07865
hin,private_calls,0,0.00373,0.01172
hin,private_calls,0,0.00374,0.00686
hin,private_calls,0,0.72414,0.05647
hin,private_calls,0,0.00507,0.01877
hin,private_calls,0,0.01472,0.06406
hin,private_calls,1,0.99190,0.85043
hin,private_calls,0,0.00374,0.01115
hin,private_calls,0,0.00478,0.01057
hin,private_calls,0,0.00825,0.01799
hin,private_calls,1,0.99151,0.80942
hin,private_calls,0,0.00682,0.02850
hin,private_calls,1,0.01173,0.14250
hin,private_calls,1,0.99137,0.48138
hin,private_calls,0,0.97584,0.05385
hin,private_calls,0,0.00391,0.02172
hin,private_calls,0,0.00388,0.00814
hin,private_calls,0,0.00409,0.02087
hin,private_calls,1,0.99216,0.96973
hin,private_calls,0,0.00366,0.00692
hin,private_calls,0,0.00371,0.00700
hin,private_calls,0,0.00372,0.01027
hin,private_calls,0,0.40254,0.35074
hin,private_calls,1,0.99206,0.96459
hin,private_calls,0,0.00408,0.01839
hin,private_calls,0,0.98094,0.03184
hin,private_calls,0,0.00390,0.02309
hin,private_calls,0,0.00402,0.01849
hin,private_calls,1,0.99173,0.77760
hin,private_calls,0,0.91698,0.15355
hin,private_calls,0,0.00527,0.01461
hin,private_calls,0,0.00381,0.00621
hin,private_calls,0,0.00380,0.01757
hin,private_calls,1,0.98960,0.81767
hin,private_calls,1,0.97051,0.29161
hin,private_calls,1,0.98661,0.40344
hin,private_calls,1,0.99194,0.55533
hin,private_calls,0,0.00366,0.00672
hin,private_calls,0,0.99145,0.79125
hin,private_calls,0,0.00518,0.07562
hin,private_calls,1,0.97491,0.65862
hin,private_calls,0,0.00369,0.00920
hin,private_calls,0,0.99067,0.35387
hin,private_calls,1,0.99202,0.94138
hin,private_calls,0,0.00400,0.01569
hin,private_calls,1,0.99240,0.98794
hin,private_calls,0,0.00368,0.00771
hin,private_calls,0,0.00376,0.00989
hin,private_calls,0,0.86184,0.02057
hin,private_calls,0,0.00369,0.00863
hin,private_calls,0,0.00370,0.00708
hin,private_calls,1,0.99229,0.96565
hin,private_calls,0,0.00369,0.00743
hin,private_calls,1,0.99141,0.84154
hin,private_calls,0,0.00374,0.01044
hin,private_calls,0,0.18797,0.02181
hin,private_calls,0,0.00384,0.00966
hin,private_calls,0,0.08568,0.02138
hin,private_calls,0,0.00563,0.01635
hin,private_calls,0,0.00366,0.00662
hin,private_calls,1,0.99207,0.93047
hin,private_calls,0,0.01802,0.03764
hin,private_calls,1,0.99156,0.29752
hin,private_calls,0,0.00365,0.00763
hin,private_calls,0,0.98744,0.17616
hin,private_calls,1,0.99226,0.82043
hin,private_calls,0,0.98650,0.16303
hin,private_calls,1,0.99218,0.96398
hin,private_calls,1,0.86060,0.18641
hin,private_calls,0,0.00379,0.00844
hin,private_calls,1,0.99137,0.40496
hin,private_calls,0,0.00376,0.01687
hin,private_calls,0,0.00380,0.01209
hin,private_calls,0,0.03544,0.02797
hin,private_calls,0,0.01901,0.01799
hin,private_calls,0,0.99122,0.23597
hin,private_calls,0,0.00387,0.01425
hin,private_calls,0,0.90167,0.05967
hin,private_calls,0,0.00363,0.00646
hin,private_calls,0,0.00371,0.00818
hin,private_calls,1,0.69241,0.02955
hin,private_calls,0,0.01114,0.02478
hin,private_calls,0,0.99234,0.93901
hin,private_calls,0,0.00370,0.00735
hin,private_calls,0,0.00366,0.00916
hin,private_calls,0,0.99239,0.96492
hin,private_calls,0,0.98328,0.30549
hin,private_calls,0,0.00518,0.04684
hin,private_calls,0,0.00389,0.00874
hin,private_calls,0,0.67477,0.04352
hin,private_calls,0,0.00370,0.00848
hin,private_calls,0,0.00366,0.00723
hin,private_calls,0,0.97774,0.09416
hin,private_calls,0,0.99140,0.82119
hin,private_calls,0,0.99207,0.94486
hin,private_calls,0,0.00371,0.00646
hin,private_calls,0,0.00490,0.02378
hin,private_calls,0,0.99030,0.31766
hin,private_calls,0,0.99206,0.98387
hin,private_calls,0,0.00367,0.00751
hin,private_calls,0,0.00376,0.00852
hin,private_calls,0,0.00376,0.01003
hin,private_calls,0,0.98090,0.05297
hin,private_calls,1,0.99217,0.98539
hin,private_calls,0,0.00368,0.00821
hin,private_calls,0,0.55419,0.11665
hin,private_calls,0,0.00374,0.00678
hin,private_calls,0,0.99086,0.88824
hin,private_calls,0,0.99203,0.53557
hin,private_calls,0,0.00400,0.01810
hin,private_calls,0,0.71945,0.03006
hin,private_calls,0,0.88739,0.17610
hin,private_calls,0,0.99184,0.10835
hin,private_calls,0,0.67880,0.02865
hin,private_calls,0,0.67880,0.02865
hin,private_calls,0,0.99222,0.92374
hin,private_calls,0,0.00375,0.00696
hin,private_calls,0,0.99223,0.49665
hin,private_calls,0,0.00386,0.01512
hin,private_calls,0,0.88275,0.44661
hin,private_calls,0,0.06677,0.08264
hin,private_calls,0,0.00374,0.00693
hin,private_calls,0,0.00389,0.01281
hin,private_calls,0,0.98727,0.07065
hin,private_calls,1,0.98045,0.78708
hin,private_calls,0,0.01737,0.04195
hin,private_calls,0,0.01847,0.06577
hin,private_calls,0,0.90505,0.07156
hin,private_calls,0,0.00493,0.03252
hin,private_calls,0,0.01039,0.05406
hin,private_calls,1,0.93077,0.33925
hin,private_calls,1,0.58996,0.61447
hin,private_calls,0,0.00471,0.02986
hin,private_calls,0,0.00987,0.02927
hin,private_calls,0,0.99161,0.82248
hin,private_calls,0,0.98568,0.06948
hin,private_calls,0,0.00386,0.01614
hin,private_calls,0,0.00406,0.01088
hin,private_calls,0,0.00371,0.00759
hin,private_calls,0,0.00512,0.01908
hin,private_calls,0,0.29314,0.06306
hin,private_calls,0,0.00392,0.01742
hin,private_calls,0,0.98849,0.36956
hin,private_calls,0,0.70149,0.08508
hin,private_calls,0,0.00391,0.01636
hin,private_calls,0,0.93497,0.15668
hin,private_calls,0,0.00372,0.00632
hin,private_calls,0,0.00379,0.00751
hin,private_calls,1,0.99191,0.93753
hin,private_calls,0,0.01290,0.01842
hin,private_calls,0,0.00396,0.00725
hin,private_calls,0,0.00367,0.00637
hin,private_calls,0,0.00366,0.00574
hin,private_calls,1,0.95155,0.39485
hin,private_calls,0,0.00399,0.00725
hin,private_calls,0,0.00918,0.02689
hin,private_calls,0,0.00376,0.01453
hin,private_calls,0,0.00879,0.02795
hin,private_calls,0,0.00381,0.00826
hin,private_calls,0,0.00367,0.00729
hin,private_calls,0,0.00508,0.01725
hin,private_calls,0,0.00370,0.00713
hin,private_calls,1,0.99228,0.98621
hin,private_calls,0,0.66325,0.18866
hin,private_calls,0,0.00368,0.01786
hin,private_calls,0,0.00480,0.01558
hin,private_calls,0,0.00373,0.00859
hin,private_calls,0,0.00364,0.01522
hin,private_calls,0,0.00380,0.00675
hin,private_calls,0,0.00442,0.01844
hin,private_calls,0,0.00380,0.01775
hin,private_calls,0,0.00374,0.00849
hin,private_calls,1,0.99238,0.98409
hin,private_calls,0,0.99047,0.29682
hin,private_calls,0,0.00388,0.01241
hin,private_calls,0,0.00366,0.00659
hin,private_calls,0,0.00374,0.00963
hin,private_calls,0,0.00373,0.00859
hin,private_calls,1,0.99228,0.98339
hin,private_calls,1,0.34675,0.72631
hin,private_calls,0,0.00364,0.00759
hin,private_calls,1,0.99240,0.97508
hin,private_calls,0,0.00371,0.00612
hin,private_calls,0,0.00364,0.00723
hin,private_calls,0,0.00402,0.01377
hin,private_calls,0,0.00614,0.03206
hin,private_calls,1,0.98481,0.97755
hin,private_calls,0,0.00379,0.00699
hin,private_calls,0,0.00367,0.01030
hin,private_calls,0,0.00419,0.01249
hin,private_calls,0,0.00373,0.00599
hin,private_calls,0,0.00453,0.01992
hin,private_calls,0,0.00360,0.00638
hin,private_calls,0,0.00379,0.01140
hin,private_calls,1,0.23707,0.29478
hin,private_calls,0,0.00454,0.01835
hin,private_calls,0,0.00449,0.03018
hin,private_calls,1,0.98947,0.14495
hin,private_calls,0,0.00729,0.01032
hin,private_calls,0,0.00389,0.01005
hin,private_calls,0,0.99014,0.67976
hin,private_calls,0,0.00367,0.00618
hin,private_calls,0,0.00394,0.02906
hin,private_calls,0,0.96557,0.78570
hin,private_calls,0,0.00424,0.01635
hin,private_calls,0,0.00995,0.05261
hin,private_calls,0,0.00361,0.00664
hin,private_calls,0,0.00368,0.00647
hin,private_calls,0,0.00372,0.00579
hin,private_calls,0,0.00371,0.00996
hin,private_calls,0,0.00368,0.00712
hin,private_calls,1,0.99236,0.97385
hin,private_calls,0,0.03065,0.05600
hin,private_calls,0,0.00371,0.00703
hin,private_calls,1,0.92436,0.56386
hin,private_calls,0,0.00443,0.04310
hin,private_calls,0,0.00372,0.00882
hin,private_calls,1,0.99117,0.92236
hin,private_calls,0,0.00365,0.00574
hin,private_calls,0,0.00368,0.00594
hin,private_calls,0,0.00367,0.00686
hin,private_calls,0,0.00371,0.00670
hin,private_calls,1,0.99194,0.96984
hin,private_calls,0,0.00373,0.01015
hin,private_calls,0,0.00418,0.03464
hin,private_calls,0,0.00366,0.01077
hin,private_calls,1,0.99226,0.98711
hin,private_calls,0,0.00370,0.00663
hin,private_calls,0,0.00411,0.00911
hin,private_calls,1,0.98975,0.91199
hin,private_calls,1,0.98667,0.94044
hin,private_calls,0,0.00374,0.00663
hin,private_calls,0,0.00375,0.00693
hin,private_calls,0,0.00409,0.02542
hin,private_calls,0,0.00372,0.00871
hin,private_calls,1,0.99187,0.93475
hin,private_calls,0,0.05754,0.09670
hin,private_calls,1,0.99232,0.96899
hin,private_calls,0,0.00373,0.00673
hin,private_calls,0,0.10863,0.21292
hin,private_calls,1,0.98342,0.93058
hin,private_calls,0,0.00388,0.01145
hin,private_calls,1,0.99200,0.94274
hin,private_calls,0,0.00374,0.00674
hin,private_calls,0,0.00373,0.01021
hin,private_calls,0,0.00382,0.01153
hin,private_calls,0,0.34379,0.15347
hin,private_calls,0,0.00367,0.00830
hin,private_calls,0,0.00373,0.00710
hin,private_calls,0,0.84231,0.02906
hin,private_calls,0,0.34521,0.04493
hin,private_calls,0,0.05462,0.06932
hin,private_calls,0,0.00560,0.01650
hin,private_calls,0,0.00376,0.00885
hin,private_calls,0,0.00382,0.01184
hin,private_calls,0,0.00457,0.02556
hin,private_calls,0,0.00412,0.01755
hin,private_calls,0,0.00384,0.00885
hin,private_calls,0,0.00373,0.01230
hin,private_calls,0,0.00374,0.00956
hin,private_calls,1,0.98485,0.80873
hin,private_calls,0,0.00377,0.01294
hin,private_calls,1,0.98702,0.30725
hin,private_calls,0,0.00377,0.00789
hin,private_calls,0,0.65326,0.15573
hin,private_calls,0,0.01550,0.09743
hin,private_calls,0,0.00385,0.01369
hin,private_calls,0,0.00377,0.01035
hin,private_calls,0,0.00443,0.01877
hin,private_calls,0,0.00403,0.01117
hin,private_calls,1,0.98591,0.88030
hin,private_calls,0,0.04437,0.03214
hin,private_calls,0,0.99077,0.06284
hin,private_calls,0,0.98062,0.10907
hin,private_calls,0,0.00384,0.00801
hin,private_calls,1,0.00449,0.06726
hin,private_calls,0,0.00382,0.00722
hin,private_calls,0,0.14017,0.03858
hin,private_calls,0,0.00382,0.01353
hin,private_calls,0,0.00417,0.01139
hin,private_calls,0,0.57598,0.09008
hin,private_calls,1,0.99228,0.83858
hin,private_calls,0,0.00677,0.05161
hin,private_calls,0,0.00390,0.00788
hin,private_calls,0,0.00381,0.00882
hin,private_calls,0,0.00375,0.00688
hin,private_calls,0,0.00421,0.01828
hin,private_calls,0,0.00443,0.01485
hin,private_calls,0,0.00383,0.01455
hin,private_calls,0,0.03009,0.04263
hin,private_calls,0,0.00378,0.00650
hin,private_calls,0,0.60061,0.12065
hin,private_calls,0,0.00520,0.01725
hin,private_calls,0,0.25729,0.03856
hin,private_calls,0,0.98825,0.05713
hin,private_calls,0,0.00392,0.01066
hin,private_calls,0,0.01206,0.01950
hin,private_calls,0,0.98179,0.29370
hin,private_calls,0,0.03531,0.03336
hin,private_calls,0,0.99123,0.16609
hin,private_calls,1,0.00494,0.11783
hin,private_calls,0,0.00399,0.01059
hin,private_calls,0,0.00506,0.01154
hin,private_calls,0,0.00406,0.01090
hin,private_calls,0,0.48494,0.02756
hin,private_calls,0,0.00450,0.02337
hin,private_calls,0,0.00923,0.02279
hin,private_calls,0,0.00387,0.01006
hin,private_calls,1,0.99085,0.42768
hin,private_calls,0,0.00389,0.02154
hin,private_calls,0,0.00392,0.01045
hin,private_calls,0,0.00395,0.01522
hin,private_calls,0,0.00465,0.01755
hin,private_calls,0,0.00395,0.02324
hin,private_calls,0,0.00394,0.03063
hin,private_calls,0,0.98938,0.47369
hin,private_calls,0,0.06952,0.03507
hin,private_calls,0,0.00428,0.03291
hin,private_calls,0,0.00386,0.02153
hin,private_calls,1,0.20868,0.24431
hin,private_calls,0,0.00393,0.00955
hin,private_calls,0,0.00405,0.01152
hin,private_calls,0,0.98799,0.14505
hin,private_calls,0,0.82845,0.02113
hin,private_calls,0,0.00430,0.01736
hin,private_calls,0,0.00445,0.03478
hin,private_calls,0,0.00435,0.02331
hin,private_calls,0,0.53713,0.06328
hin,private_calls,0,0.00385,0.01697
hin,private_calls,1,0.99227,0.72864
hin,private_calls,1,0.86944,0.06041
hin,private_calls,0,0.02306,0.04162
hin,private_calls,0,0.64289,0.03512
hin,private_calls,0,0.00405,0.02311
hin,private_calls,0,0.00428,0.01539
hin,private_calls,0,0.00385,0.00679
hin,private_calls,1,0.99217,0.97149
hin,private_calls,0,0.00385,0.00811
hin,private_calls,0,0.00391,0.00688
hin,private_calls,1,0.99215,0.63740
hin,private_calls,0,0.00381,0.01099
hin,private_calls,1,0.99217,0.96181
hin,private_calls,0,0.00390,0.01195
hin,private_calls,1,0.99157,0.97574
hin,private_calls,0,0.00389,0.01007
hin,private_calls,1,0.97453,0.16101
hin,private_calls,0,0.00386,0.00629
hin,private_calls,0,0.00406,0.02025
hin,private_calls,0,0.00877,0.06390
hin,private_calls,1,0.19512,0.47258
hin,private_calls,0,0.00403,0.01717
hin,private_calls,1,0.99242,0.98415
hin,private_calls,0,0.00428,0.01654
hin,private_calls,1,0.98984,0.56576
hin,private_calls,0,0.00387,0.00708
hin,private_calls,0,0.00386,0.01030
hin,private_calls,1,0.99203,0.96632
hin,private_calls,1,0.99222,0.72551
hin,private_calls,0,0.00369,0.00862
hin,private_calls,1,0.98864,0.94081
hin,private_calls,0,0.00372,0.00735
hin,private_calls,0,0.00417,0.02154
hin,private_calls,0,0.00398,0.02567
hin,private_calls,1,0.99232,0.96990
hin,private_calls,0,0.00366,0.01022
hin,private_calls,1,0.31409,0.54996
hin,private_calls,0,0.00368,0.00789
hin,private_calls,0,0.00370,0.00683
hin,private_calls,0,0.99023,0.24997
hin,private_calls,1,0.99024,0.78182
hin,private_calls,1,0.99227,0.97207
hin,private_calls,0,0.98560,0.20310
hin,private_calls,0,0.99172,0.45096
hin,private_calls,1,0.99195,0.98698
hin,private_calls,1,0.99228,0.98600
hin,private_calls,0,0.01142,0.06120
hin,private_calls,1,0.99021,0.93214
hin,private_calls,0,0.00377,0.00744
hin,private_calls,1,0.99192,0.95116
hin,private_calls,0,0.00373,0.00870
hin,private_calls,0,0.00376,0.01149
hin,private_calls,1,0.99123,0.41407
hin,private_calls,0,0.00400,0.01869
hin,private_calls,0,0.96816,0.09172
hin,private_calls,1,0.98595,0.84692
hin,private_calls,0,0.96486,0.02434
hin,private_calls,1,0.99197,0.98659
hin,private_calls,1,0.99129,0.94222
hin,private_calls,0,0.00368,0.00718
hin,private_calls,1,0.99204,0.96872
hin,private_calls,1,0.99007,0.40695
hin,private_calls,1,0.99077,0.94238
hin,private_calls,1,0.99238,0.91062
hin,private_calls,0,0.00372,0.00644
hin,private_calls,0,0.00373,0.01524
hin,private_calls,1,0.99204,0.98506
hin,private_calls,0,0.00367,0.00760
hin,private_calls,1,0.98230,0.86405
hin,private_calls,0,0.00368,0.00647
hin,private_calls,1,0.99174,0.90936
hin,private_calls,1,0.99256,0.98256
hin,private_calls,1,0.99263,0.98954
hin,private_calls,0,0.00364,0.01081
hin,private_calls,0,0.00365,0.00684
hin,private_calls,0,0.00367,0.00706
hin,private_calls,0,0.00381,0.01094
hin,private_calls,0,0.00364,0.00850
hin,private_calls,1,0.50694,0.40865
hin,private_calls,0,0.00368,0.01063
hin,private_calls,0,0.00373,0.02548
hin,private_calls,1,0.99224,0.97862
hin,private_calls,0,0.00376,0.01227
hin,private_calls,1,0.98725,0.17301
hin,private_calls,0,0.99235,0.96727
hin,private_calls,1,0.99153,0.96056
hin,private_calls,1,0.99226,0.91140
hin,private_calls,0,0.03080,0.02746
hin,private_calls,0,0.00447,0.01475
hin,private_calls,1,0.99216,0.96857
hin,private_calls,1,0.98280,0.27443
hin,private_calls,0,0.98506,0.04600
hin,private_calls,1,0.99199,0.97868
hin,private_calls,1,0.99226,0.96079
hin,private_calls,0,0.99231,0.83114
hin,private_calls,0,0.00383,0.00617
hin,private_calls,0,0.18943,0.02658
hin,private_calls,0,0.00383,0.00752
hin,private_calls,1,0.99201,0.96996
hin,private_calls,1,0.99181,0.79099
hin,private_calls,1,0.98843,0.78049
hin,private_calls,1,0.97400,0.51476
hin,private_calls,0,0.00382,0.00621
hin,private_calls,1,0.99240,0.97671
hin,private_calls,0,0.00444,0.02312
hin,private_calls,0,0.00404,0.01894
hin,private_calls,1,0.98966,0.39885
hin,private_calls,0,0.00385,0.00704
hin,private_calls,0,0.97796,0.15827
hin,private_calls,1,0.98580,0.95113
hin,private_calls,0,0.97469,0.05610
hin,private_calls,0,0.00385,0.00987
hin,private_calls,0,0.00388,0.01045
hin,private_calls,1,0.99077,0.62454
hin,private_calls,0,0.97770,0.15714
hin,private_calls,0,0.00490,0.04436
hin,private_calls,0,0.99169,0.89977
hin,private_calls,0,0.98759,0.08326
hin,private_calls,0,0.98813,0.16464
hin,private_calls,0,0.75712,0.02534
hin,private_calls,0,0.99125,0.25742
hin,private_calls,1,0.99015,0.94840
hin,private_calls,0,0.97668,0.31332
hin,private_calls,0,0.07843,0.01553
hin,private_calls,1,0.99132,0.98397
hin,private_calls,0,0.00412,0.01062
hin,private_calls,0,0.00382,0.00826
hin,private_calls,0,0.98912,0.46672
hin,private_calls,0,0.00457,0.01917
hin,private_calls,1,0.99155,0.93055
hin,private_calls,0,0.00392,0.00804
hin,private_calls,0,0.42524,0.04093
hin,private_calls,0,0.98966,0.08253
hin,private_calls,1,0.98793,0.82932
hin,private_calls,0,0.01712,0.03883
hin,private_calls,0,0.00380,0.00885
hin,private_calls,1,0.99200,0.97061
hin,private_calls,1,0.00620,0.42496
hin,private_calls,1,0.34804,0.07037
hin,private_calls,1,0.99251,0.86142
hin,private_calls,0,0.00473,0.03614
hin,private_calls,0,0.00741,0.03152
hin,private_calls,0,0.00390,0.02239
hin,private_calls,0,0.00385,0.00775
hin,private_calls,1,0.99095,0.72933
hin,private_calls,0,0.00402,0.01764
hin,private_calls,0,0.00981,0.03701
hin,private_calls,0,0.98744,0.49420
hin,private_calls,0,0.99114,0.34258
hin,private_calls,1,0.99168,0.82932
hin,private_calls,0,0.03339,0.08320
hin,private_calls,0,0.00381,0.00921
hin,private_calls,0,0.95577,0.10514
hin,private_calls,0,0.98652,0.02868
hin,private_calls,0,0.00514,0.03617
hin,private_calls,0,0.00466,0.01251
hin,private_calls,0,0.99088,0.04156
hin,private_calls,1,0.99216,0.96067
hin,private_calls,0,0.99159,0.36390
hin,private_calls,0,0.99132,0.90945
hin,private_calls,0,0.00369,0.00620
hin,private_calls,0,0.21896,0.06348
hin,private_calls,0,0.03274,0.02182
hin,private_calls,0,0.99163,0.16777
hin,private_calls,0,0.00390,0.02362
hin,private_calls,0,0.00722,0.05035
hin,private_calls,0,0.00366,0.00622
hin,private_calls,0,0.10067,0.07689
hin,private_calls,0,0.99212,0.30044
hin,private_calls,0,0.00507,0.04152
hin,private_calls,0,0.00371,0.01321
hin,private_calls,0,0.00370,0.00858
hin,private_calls,1,0.99227,0.74514
hin,private_calls,0,0.00372,0.00720
hin,private_calls,0,0.00375,0.00663
hin,private_calls,0,0.00380,0.00790
hin,private_calls,0,0.00367,0.00783
hin,private_calls,0,0.00368,0.00602
hin,private_calls,1,0.46634,0.07710
hin,private_calls,0,0.27132,0.13956
hin,private_calls,0,0.08999,0.01449
hin,private_calls,0,0.66965,0.03558
hin,private_calls,0,0.00369,0.00950
hin,private_calls,0,0.00377,0.00858
hin,private_calls,0,0.01047,0.06122
hin,private_calls,0,0.00362,0.01060
hin,private_calls,0,0.00376,0.00658
hin,private_calls,0,0.00480,0.02561
hin,private_calls,0,0.00761,0.02938
hin,private_calls,0,0.00366,0.01146
hin,private_calls,0,0.00365,0.01299
hin,private_calls,0,0.00365,0.00864
hin,private_calls,1,0.98906,0.54747
hin,private_calls,0,0.00363,0.00715
hin,private_calls,1,0.01012,0.06104
hin,private_calls,0,0.99233,0.98109
hin,private_calls,0,0.00368,0.00819
hin,private_calls,0,0.98883,0.02978
hin,private_calls,0,0.00545,0.01601
hin,private_calls,0,0.00365,0.00767
hin,private_calls,0,0.00407,0.01441
hin,private_calls,1,0.99234,0.98256
hin,private_calls,0,0.01819,0.03452
hin,private_calls,0,0.14466,0.01914
hin,private_calls,0,0.00366,0.00709
hin,private_calls,0,0.00375,0.00722
hin,private_calls,0,0.00366,0.00840
hin,private_calls,0,0.00370,0.00620
hin,private_calls,1,0.98749,0.87718
hin,private_calls,0,0.00609,0.07548
hin,private_calls,1,0.99218,0.98078
hin,private_calls,0,0.00369,0.00680
hin,private_calls,0,0.00361,0.00610
hin,private_calls,0,0.00368,0.00594
hin,private_calls,0,0.00368,0.00658
hin,private_calls,1,0.98818,0.55043
hin,private_calls,1,0.99206,0.85886
hin,private_calls,0,0.00365,0.01002
hin,private_calls,0,0.99241,0.61815
hin,private_calls,0,0.00369,0.00575
hin,private_calls,1,0.99140,0.78335
hin,private_calls,0,0.00377,0.00571
hin,private_calls,1,0.99179,0.97261
hin,private_calls,0,0.00379,0.00554
hin,private_calls,0,0.08555,0.03749
hin,private_calls,0,0.00429,0.01582
hin,private_calls,1,0.98337,0.19634
hin,private_calls,1,0.99233,0.85527
hin,private_calls,0,0.97990,0.25290
hin,private_calls,1,0.97763,0.26105
hin,private_calls,0,0.01714,0.03436
hin,private_calls,0,0.00376,0.00558
hin,private_calls,0,0.01203,0.01138
hin,private_calls,0,0.00375,0.00545
hin,private_calls,0,0.00375,0.01244
hin,private_calls,0,0.17220,0.12976
hin,private_calls,1,0.99192,0.92127
hin,private_calls,0,0.00375,0.00681
hin,private_calls,0,0.00373,0.01616
hin,private_calls,0,0.00962,0.07531
hin,private_calls,0,0.00374,0.00808
hin,private_calls,1,0.99174,0.95473
hin,private_calls,0,0.00377,0.00674
hin,private_calls,1,0.53811,0.09420
hin,private_calls,1,0.99215,0.79187
hin,private_calls,1,0.99167,0.87654
hin,private_calls,0,0.00378,0.00516
hin,private_calls,0,0.98099,0.01223
hin,private_calls,0,0.00372,0.01178
hin,private_calls,0,0.00374,0.00656
hin,private_calls,0,0.00758,0.03218
hin,private_calls,1,0.95942,0.34921
hin,private_calls,0,0.98668,0.03083
hin,private_calls,1,0.99225,0.96978
hin,private_calls,0,0.97727,0.07932
hin,private_calls,1,0.99210,0.97287
hin,private_calls,1,0.99187,0.97106
hin,private_calls,0,0.01943,0.03036
hin,private_calls,1,0.99227,0.95798
hin,private_calls,1,0.99228,0.96574
hin,private_calls,0,0.04826,0.09283
hin,private_calls,0,0.04432,0.04075
hin,private_calls,1,0.99127,0.93622
hin,private_calls,1,0.99227,0.83479
hin,private_calls,0,0.00381,0.01113
hin,private_calls,0,0.00376,0.00669
hin,private_calls,0,0.00419,0.01361
hin,private_calls,1,0.99223,0.98398
hin,private_calls,0,0.00382,0.01063
hin,private_calls,1,0.22690,0.07664
hin,private_calls,1,0.99167,0.94482
hin,private_calls,1,0.99207,0.98493
hin,private_calls,1,0.99235,0.98055
hin,private_calls,1,0.98677,0.94624
hin,private_calls,0,0.99196,0.85786
hin,private_calls,0,0.00384,0.00877
hin,private_calls,0,0.00367,0.00628
hin,private_calls,0,0.00379,0.00822
hin,private_calls,0,0.00719,0.03420
hin,private_calls,0,0.00400,0.01463
hin,private_calls,0,0.00418,0.01618
hin,private_calls,0,0.06386,0.02464
hin,private_calls,0,0.00450,0.01933
hin,private_calls,0,0.00370,0.00785
hin,private_calls,0,0.00365,0.01113
hin,private_calls,1,0.11564,0.22766
hin,private_calls,0,0.00368,0.01357
hin,private_calls,1,0.99204,0.98370
hin,private_calls,0,0.00403,0.01055
hin,private_calls,1,0.99236,0.93675
hin,private_calls,1,0.99243,0.93033
hin,private_calls,0,0.00358,0.00752
hin,private_calls,1,0.99066,0.80852
hin,private_calls,0,0.00363,0.01171
hin,private_calls,0,0.00370,0.02294
hin,private_calls,1,0.99115,0.82506
hin,private_calls,0,0.00378,0.00984
hin,private_calls,1,0.51661,0.83818
hin,private_calls,0,0.00399,0.02674
hin,private_calls,1,0.99181,0.95942
hin,private_calls,1,0.99237,0.97123
hin,private_calls,1,0.98801,0.23042
hin,private_calls,1,0.99193,0.95800
hin,private_calls,0,0.00378,0.00911
hin,private_calls,0,0.81774,0.02315
hin,private_calls,0,0.01262,0.06498
hin,private_calls,0,0.00388,0.00858
hin,private_calls,1,0.99219,0.95106
hin,private_calls,0,0.00437,0.02311
hin,private_calls,0,0.00403,0.03890
hin,private_calls,0,0.00412,0.01005
hin,private_calls,0,0.00392,0.00912
hin,private_calls,0,0.67427,0.15394
hin,private_calls,0,0.99230,0.46255
hin,private_calls,0,0.00381,0.01138
hin,private_calls,0,0.00390,0.01570
hin,private_calls,0,0.00439,0.04635
hin,private_calls,1,0.99242,0.80173
hin,private_calls,0,0.00374,0.00727
hin,private_calls,1,0.99173,0.75046
hin,private_calls,1,0.98829,0.96157
hin,private_calls,1,0.99217,0.95168
hin,private_calls,1,0.99260,0.43171
hin,private_calls,1,0.99230,0.72021
hin,private_calls,1,0.99255,0.96879
hin,private_calls,1,0.99224,0.90014
hin,private_calls,1,0.99244,0.91936
hin,private_calls,1,0.98157,0.35847
hin,private_calls,1,0.98877,0.62734
hin,private_calls,1,0.99216,0.95836
hin,private_calls,1,0.99215,0.39610
hin,private_calls,0,0.00444,0.04693
hin,private_calls,1,0.99122,0.94098
hin,private_calls,1,0.97322,0.36722
hin,private_calls,0,0.00389,0.01309
hin,private_calls,1,0.99110,0.46905
hin,private_calls,1,0.99219,0.97867
hin,private_calls,0,0.00362,0.00758
hin,private_calls,1,0.99134,0.86987
hin,private_calls,1,0.99153,0.38471
hin,private_calls,0,0.00371,0.00714
hin,private_calls,0,0.00366,0.00711
hin,private_calls,1,0.91713,0.38830
hin,private_calls,0,0.00371,0.01178
hin,private_calls,0,0.00367,0.00750
hin,private_calls,0,0.00388,0.00962
hin,private_calls,0,0.01787,0.09688
hin,private_calls,0,0.00370,0.00583
hin,private_calls,0,0.44421,0.02875
hin,private_calls,0,0.00371,0.00577
hin,private_calls,0,0.00370,0.00815
hin,private_calls,0,0.00371,0.00625
hin,private_calls,0,0.00375,0.01042
hin,private_calls,1,0.97745,0.28379
hin,private_calls,0,0.00367,0.00564
hin,private_calls,0,0.64013,0.11705
hin,private_calls,0,0.00382,0.00526
hin,private_calls,1,0.99186,0.76724
hin,private_calls,0,0.00379,0.00899
hin,private_calls,0,0.00766,0.01892
hin,private_calls,0,0.99161,0.40091
hin,private_calls,0,0.00373,0.00621
hin,private_calls,0,0.98369,0.06059
hin,private_calls,1,0.99115,0.60329
hin,private_calls,0,0.00362,0.00737
hin,private_calls,0,0.00495,0.02413
hin,private_calls,0,0.00373,0.00598
hin,private_calls,1,0.98970,0.60924
hin,private_calls,0,0.04813,0.06424
hin,private_calls,0,0.00375,0.00585
hin,private_calls,0,0.03141,0.09713
hin,private_calls,0,0.00370,0.00595
hin,private_calls,1,0.99106,0.50332
hin,private_calls,0,0.02937,0.10706
hin,private_calls,0,0.00362,0.00596
hin,private_calls,0,0.00457,0.05303
hin,private_calls,0,0.00421,0.00833
hin,private_calls,0,0.00372,0.00596
hin,private_calls,1,0.99161,0.63399
hin,private_calls,0,0.00455,0.00803
hin,private_calls,1,0.99002,0.90006
hin,private_calls,0,0.98839,0.31508
hin,private_calls,0,0.99170,0.06072
hin,private_calls,0,0.94347,0.11014
hin,private_calls,0,0.99158,0.07781
hin,private_calls,0,0.00370,0.00617
hin,private_calls,0,0.00450,0.06481
hin,private_calls,0,0.00372,0.00574
hin,private_calls,0,0.00363,0.00660
hin,private_calls,0,0.98642,0.37971
hin,private_calls,1,0.99214,0.68911
hin,private_calls,0,0.00378,0.00576
hin,private_calls,0,0.45943,0.01795
hin,private_calls,0,0.00364,0.00669
hin,private_calls,0,0.00367,0.00651
hin,private_calls,0,0.00394,0.01522
hin,private_calls,0,0.00367,0.00694
hin,private_calls,0,0.00380,0.00890
hin,private_calls,0,0.00378,0.00975
hin,private_calls,0,0.00366,0.01100
hin,private_calls,0,0.00478,0.02488
hin,private_calls,0,0.00370,0.00580
hin,private_calls,0,0.98731,0.03645
hin,private_calls,1,0.99010,0.29811
hin,private_calls,0,0.00366,0.00564
hin,private_calls,0,0.00641,0.03794
hin,private_calls,0,0.00952,0.03082
hin,private_calls,0,0.00375,0.00996
hin,private_calls,0,0.03049,0.02592
hin,private_calls,0,0.00784,0.05223
hin,private_calls,0,0.00372,0.00622
hin,private_calls,1,0.99206,0.98520
hin,private_calls,0,0.97834,0.05368
hin,private_calls,1,0.99138,0.94957
hin,private_calls,0,0.99188,0.91901
hin,private_calls,0,0.00383,0.01002
hin,private_calls,0,0.92953,0.08487
hin,private_calls,0,0.00828,0.03393
hin,private_calls,0,0.00385,0.01132
hin,private_calls,0,0.00375,0.00611
hin,private_calls,0,0.01893,0.01157
hin,private_calls,0,0.00384,0.01019
hin,private_calls,0,0.00375,0.00695
hin,private_calls,0,0.00374,0.00662
hin,private_calls,0,0.00373,0.00696
hin,private_calls,0,0.00377,0.01082
hin,private_calls,0,0.03294,0.01977
hin,private_calls,0,0.99217,0.29547
hin,private_calls,0,0.00382,0.01200
hin,private_calls,0,0.00378,0.01270
hin,private_calls,1,0.98537,0.63595
hin,private_calls,0,0.00373,0.00804
hin,private_calls,0,0.00723,0.06017
hin,private_calls,0,0.96086,0.08228
hin,private_calls,0,0.00376,0.00754
hin,private_calls,0,0.06101,0.09379
hin,private_calls,0,0.00554,0.02669
hin,private_calls,0,0.00378,0.00812
hin,private_calls,0,0.00563,0.12740
hin,private_calls,0,0.00383,0.01091
hin,private_calls,0,0.00375,0.00869
hin,private_calls,0,0.00368,0.00808
hin,private_calls,1,0.99175,0.47864
hin,private_calls,0,0.10315,0.03103
hin,private_calls,0,0.00367,0.00747
hin,private_calls,0,0.78843,0.07203
hin,private_calls,1,0.99247,0.98504
hin,private_calls,1,0.99213,0.98363
hin,private_calls,1,0.99208,0.98398
hin,private_calls,0,0.00440,0.03104
hin,private_calls,1,0.99215,0.96097
hin,private_calls,1,0.99255,0.97952
hin,private_calls,0,0.01085,0.02219
hin,private_calls,0,0.99030,0.89142
hin,private_calls,0,0.98337,0.16746
hin,private_calls,0,0.00377,0.00573
hin,private_calls,1,0.98454,0.63132
hin,private_calls,0,0.00377,0.00575
hin,private_calls,0,0.00374,0.00889
hin,private_calls,0,0.00368,0.00650
hin,private_calls,0,0.04534,0.03327
hin,private_calls,1,0.98432,0.41791
hin,private_calls,0,0.00374,0.00624
hin,private_calls,0,0.97060,0.24679
hin,private_calls,0,0.00374,0.00919
hin,private_calls,0,0.00379,0.00841
hin,private_calls,0,0.96263,0.09064
hin,private_calls,1,0.99157,0.96030
hin,private_calls,0,0.99218,0.25767
hin,private_calls,0,0.00371,0.00867
hin,private_calls,0,0.00372,0.00581
hin,private_calls,0,0.99026,0.86468
hin,private_calls,0,0.98924,0.01263
hin,private_calls,0,0.69686,0.24373
hin,private_calls,0,0.00375,0.00573
hin,private_calls,0,0.98986,0.27710
hin,private_calls,0,0.00366,0.00655
hin,private_calls,1,0.00822,0.11320
hin,private_calls,0,0.00364,0.00578
hin,private_calls,0,0.47047,0.06427
hin,private_calls,0,0.94904,0.22614
hin,private_calls,0,0.00370,0.00644
hin,private_calls,1,0.98878,0.87237
hin,private_calls,0,0.00368,0.00558
hin,private_calls,1,0.98791,0.53541
hin,private_calls,0,0.03556,0.02637
hin,private_calls,0,0.00385,0.01687
hin,private_calls,1,0.93244,0.28582
hin,private_calls,1,0.95004,0.05512
hin,private_calls,0,0.00371,0.00598
hin,private_calls,0,0.00376,0.00597
hin,private_calls,0,0.99130,0.86602
hin,private_calls,1,0.99081,0.80880
hin,private_calls,0,0.00374,0.01806
hin,private_calls,0,0.99258,0.98166
hin,private_calls,0,0.00374,0.00849
hin,private_calls,0,0.99270,0.96959
hin,private_calls,1,0.99240,0.98531
hin,private_calls,0,0.00373,0.00824
hin,private_calls,0,0.00380,0.00794
hin,private_calls,0,0.00368,0.00680
hin,private_calls,0,0.00550,0.01258
hin,private_calls,0,0.00377,0.00600
hin,private_calls,0,0.00373,0.00750
hin,private_calls,0,0.99248,0.57903
hin,private_calls,0,0.00371,0.00590
hin,private_calls,0,0.00368,0.00670
hin,private_calls,0,0.00373,0.00968
hin,private_calls,0,0.00394,0.00956
hin,private_calls,0,0.99067,0.56431
hin,private_calls,0,0.70208,0.03205
hin,private_calls,0,0.99123,0.85609
hin,private_calls,0,0.00786,0.01734
hin,private_calls,0,0.98680,0.09600
hin,private_calls,0,0.00373,0.00972
hin,private_calls,0,0.00372,0.01106
hin,private_calls,0,0.99211,0.96120
hin,private_calls,0,0.02134,0.02718
hin,private_calls,0,0.99217,0.92767
hin,private_calls,0,0.00373,0.00626
hin,private_calls,0,0.00393,0.01177
hin,private_calls,0,0.01186,0.03626
hin,private_calls,0,0.00402,0.01391
hin,private_calls,0,0.99244,0.98372
hin,private_calls,1,0.99220,0.98167
hin,private_calls,0,0.98994,0.02796
hin,private_calls,0,0.00745,0.09034
hin,private_calls,0,0.99226,0.61155
hin,private_calls,0,0.01392,0.02951
hin,private_calls,0,0.00374,0.00737
hin,private_calls,0,0.00729,0.00981
hin,private_calls,0,0.99218,0.44919
hin,private_calls,0,0.00458,0.18487
hin,private_calls,0,0.00375,0.00794
hin,private_calls,1,0.99226,0.98097
hin,private_calls,0,0.00369,0.00603
hin,private_calls,0,0.00778,0.01535
hin,private_calls,0,0.00579,0.04207
hin,private_calls,0,0.13363,0.06196
hin,private_calls,0,0.00372,0.00639
hin,private_calls,0,0.98494,0.06139
hin,private_calls,0,0.98687,0.65809
hin,private_calls,0,0.00623,0.14455
hin,private_calls,0,0.00436,0.03306
hin,private_calls,1,0.99236,0.98388
hin,private_calls,0,0.00373,0.00620
hin,private_calls,0,0.99084,0.18661
hin,private_calls,0,0.00364,0.00540
hin,private_calls,0,0.00363,0.00609
hin,private_calls,0,0.00369,0.00584
hin,private_calls,0,0.00370,0.00829
hin,private_calls,0,0.92239,0.05204
hin,private_calls,0,0.00375,0.00586
hin,private_calls,1,0.99020,0.54342
hin,private_calls,0,0.94866,0.33961
hin,private_calls,0,0.00372,0.00675
hin,private_calls,1,0.98621,0.83655
hin,private_calls,0,0.00368,0.00572
hin,private_calls,0,0.00369,0.00568
hin,private_calls,0,0.78867,0.01853
hin,private_calls,1,0.99255,0.96279
hin,private_calls,0,0.00370,0.00587
hin,private_calls,1,0.02153,0.15624
hin,private_calls,0,0.00361,0.00693
hin,private_calls,0,0.97688,0.08772
hin,private_calls,0,0.00362,0.00611
hin,private_calls,0,0.00369,0.00563
hin,private_calls,0,0.00383,0.01447
hin,private_calls,0,0.00363,0.00640
hin,private_calls,0,0.98811,0.08849
hin,private_calls,0,0.99229,0.80886
hin,private_calls,1,0.99180,0.83997
hin,private_calls,0,0.00382,0.00957
hin,private_calls,1,0.99159,0.95078
hin,private_calls,1,0.99230,0.98052
hin,private_calls,0,0.19670,0.06500
hin,private_calls,0,0.00392,0.02503
hin,private_calls,0,0.00394,0.01202
hin,private_calls,1,0.98855,0.69103
hin,private_calls,0,0.00368,0.01296
hin,private_calls,0,0.00500,0.02588
hin,private_calls,0,0.00372,0.01065
hin,private_calls,0,0.03916,0.03393
hin,private_calls,0,0.00487,0.05420
hin,private_calls,0,0.00374,0.01565
hin,private_calls,0,0.00373,0.00651
hin,private_calls,1,0.98237,0.70261
hin,private_calls,0,0.95384,0.09655
hin,private_calls,0,0.87736,0.03757
hin,private_calls,0,0.00390,0.00875
hin,private_calls,0,0.00369,0.00532
hin,private_calls,0,0.00870,0.02493
hin,private_calls,0,0.00369,0.00762
hin,private_calls,0,0.87044,0.05416
hin,private_calls,0,0.00368,0.00687
hin,private_calls,0,0.92186,0.08610
hin,private_calls,1,0.99151,0.42216
hin,private_calls,0,0.00368,0.00808
hin,private_calls,0,0.00383,0.00897
hin,private_calls,0,0.00411,0.01313
hin,private_calls,0,0.02946,0.03224
hin,private_calls,0,0.70332,0.04528
hin,private_calls,0,0.72658,0.11958
hin,private_calls,0,0.96093,0.02417
hin,private_calls,1,0.99122,0.13103
hin,private_calls,0,0.00369,0.00717
hin,private_calls,0,0.00375,0.00785
hin,private_calls,0,0.01685,0.03250
hin,private_calls,1,0.99216,0.88722
hin,private_calls,0,0.00378,0.01127
hin,private_calls,0,0.00372,0.00709
hin,private_calls,0,0.02637,0.02564
hin,private_calls,0,0.00469,0.01469
hin,private_calls,1,0.99026,0.56041
hin,private_calls,0,0.52029,0.09748
hin,private_calls,1,0.99116,0.97671
hin,private_calls,1,0.00561,0.02904
hin,private_calls,1,0.99050,0.83890
hin,private_calls,1,0.99193,0.93293
hin,private_calls,0,0.00365,0.00635
hin,private_calls,0,0.95801,0.01840
hin,private_calls,0,0.98174,0.27489
hin,private_calls,0,0.00397,0.00869
hin,private_calls,0,0.00641,0.01748
hin,private_calls,0,0.00368,0.00579
hin,private_calls,0,0.00404,0.00932
hin,private_calls,1,0.99169,0.10007
hin,private_calls,0,0.73136,0.20881
hin,private_calls,0,0.00584,0.04903
hin,private_calls,0,0.00366,0.00786
hin,private_calls,0,0.00368,0.00666
hin,private_calls,0,0.89040,0.01368
hin,private_calls,0,0.00368,0.01006
hin,private_calls,0,0.00370,0.00866
hin,private_calls,1,0.99185,0.87686
hin,private_calls,0,0.00394,0.01134
hin,private_calls,0,0.00363,0.00659
hin,private_calls,0,0.00557,0.02247
hin,private_calls,0,0.99218,0.78432
hin,private_calls,0,0.01003,0.03200
hin,private_calls,0,0.99115,0.35086
hin,private_calls,0,0.00556,0.01526
hin,private_calls,1,0.98998,0.83333
hin,private_calls,0,0.00391,0.02147
hin,private_calls,0,0.15828,0.01613
hin,private_calls,0,0.99254,0.08487
hin,private_calls,0,0.00373,0.00637
hin,private_calls,0,0.98434,0.10349
hin,private_calls,0,0.00370,0.00856
hin,private_calls,0,0.00372,0.01004
hin,private_calls,0,0.00401,0.01663
hin,private_calls,0,0.00363,0.00978
hin,private_calls,0,0.00497,0.01804
hin,private_calls,0,0.00371,0.00758
hin,private_calls,0,0.99142,0.03058
hin,private_calls,0,0.00442,0.02898
hin,private_calls,0,0.00387,0.01399
hin,private_calls,0,0.00412,0.00729
hin,private_calls,0,0.00377,0.00756
hin,private_calls,0,0.08229,0.02641
hin,private_calls,0,0.00375,0.00566
hin,private_calls,1,0.99189,0.91934
hin,private_calls,0,0.00380,0.01817
hin,private_calls,0,0.00373,0.01075
hin,private_calls,0,0.00363,0.00605
hin,private_calls,0,0.00542,0.02907
hin,private_calls,0,0.00428,0.02612
hin,private_calls,1,0.99242,0.97390
hin,private_calls,0,0.00394,0.01527
hin,private_calls,1,0.99224,0.76218
hin,private_calls,0,0.00776,0.02310
hin,private_calls,0,0.00376,0.00819
hin,private_calls,0,0.00375,0.01029
hin,private_calls,0,0.99192,0.21775
hin,private_calls,0,0.00375,0.00745
hin,private_calls,0,0.00375,0.00914
hin,private_calls,0,0.94983,0.01587
hin,private_calls,0,0.00376,0.00798
hin,private_calls,0,0.85035,0.03396
hin,private_calls,0,0.00379,0.00892
hin,private_calls,0,0.00377,0.01216
hin,private_calls,0,0.58035,0.08134
hin,private_calls,0,0.00381,0.01603
hin,private_calls,0,0.72729,0.15611
hin,private_calls,0,0.00375,0.00765
hin,private_calls,0,0.00969,0.02665
hin,private_calls,0,0.77806,0.08685
hin,private_calls,0,0.00383,0.02311
hin,private_calls,0,0.01142,0.06246
hin,private_calls,0,0.99087,0.66495
hin,private_calls,0,0.98883,0.11247
hin,private_calls,1,0.80717,0.77872
hin,private_calls,1,0.99011,0.95764
hin,private_calls,1,0.99258,0.97781
hin,private_calls,0,0.00386,0.02172
hin,private_calls,1,0.99208,0.95160
hin,private_calls,0,0.00380,0.01034
hin,private_calls,0,0.00382,0.01077
hin,private_calls,1,0.99220,0.98849
hin,private_calls,0,0.00390,0.01010
hin,private_calls,0,0.00375,0.01043
hin,private_calls,0,0.99240,0.97218
hin,private_calls,1,0.99223,0.92164
hin,private_calls,1,0.99247,0.93014
hin,private_calls,0,0.83908,0.29502
hin,private_calls,0,0.89452,0.05486
hin,private_calls,1,0.99167,0.97949
hin,private_calls,1,0.99246,0.99032
hin,private_calls,0,0.00380,0.00800
hin,private_calls,0,0.00381,0.01088
hin,private_calls,1,0.96862,0.79744
hin,private_calls,0,0.99157,0.90437
hin,private_calls,0,0.00375,0.01345
hin,private_calls,1,0.99022,0.59990
hin,private_calls,0,0.98605,0.11556
hin,private_calls,0,0.02378,0.11434
hin,private_calls,1,0.99203,0.98801
hin,private_calls,0,0.01226,0.03518
hin,private_calls,0,0.00376,0.00771
hin,private_calls,0,0.00758,0.08924
hin,private_calls,0,0.00421,0.01040
hin,private_calls,1,0.99171,0.80787
hin,private_calls,0,0.04473,0.02912
hin,private_calls,0,0.00401,0.02117
hin,private_calls,0,0.00389,0.01163
hin,private_calls,0,0.00399,0.01711
hin,private_calls,0,0.00421,0.02370
hin,private_calls,1,0.96421,0.27350
hin,private_calls,1,0.99116,0.12595
hin,private_calls,0,0.00375,0.00765
hin,private_calls,0,0.00379,0.01199
hin,private_calls,1,0.99164,0.90300
hin,private_calls,0,0.00380,0.00668
hin,private_calls,0,0.00383,0.00578
hin,private_calls,0,0.00377,0.02046
hin,private_calls,0,0.98653,0.23770
hin,private_calls,0,0.01676,0.02459
hin,private_calls,1,0.99182,0.96846
hin,private_calls,0,0.00750,0.01593
hin,private_calls,0,0.01773,0.00886
hin,private_calls,0,0.00377,0.00598
hin,private_calls,1,0.99166,0.98350
hin,private_calls,0,0.00375,0.01041
hin,private_calls,0,0.00375,0.00841
hin,private_calls,0,0.00370,0.01266
hin,private_calls,0,0.00373,0.00682
hin,private_calls,1,0.99131,0.96411
hin,private_calls,0,0.00374,0.00683
hin,private_calls,0,0.00371,0.00698
hin,private_calls,0,0.00377,0.00665
hin,private_calls,1,0.99238,0.98218
hin,private_calls,0,0.00377,0.00553
hin,private_calls,0,0.00373,0.00587
hin,private_calls,0,0.00374,0.00606
hin,private_calls,0,0.00418,0.01422
hin,private_calls,0,0.03477,0.03035
hin,private_calls,0,0.00372,0.00779
hin,private_calls,0,0.00382,0.00650
hin,private_calls,1,0.99158,0.96714
hin,private_calls,1,0.99211,0.98511
hin,private_calls,0,0.00375,0.00807
hin,private_calls,1,0.99197,0.90431
hin,private_calls,0,0.00373,0.00557
hin,private_calls,0,0.04447,0.06633
hin,private_calls,0,0.00374,0.00706
hin,private_calls,1,0.99174,0.34928
hin,private_calls,0,0.00383,0.01279
hin,private_calls,0,0.98692,0.08633
hin,private_calls,0,0.55982,0.09033
hin,private_calls,1,0.00564,0.01633
hin,private_calls,0,0.98854,0.29887
hin,private_calls,0,0.48688,0.01802
hin,private_calls,0,0.01143,0.06462
hin,private_calls,0,0.00371,0.01004
hin,private_calls,0,0.00412,0.02786
hin,private_calls,0,0.00654,0.05971
hin,private_calls,0,0.98450,0.67691
hin,private_calls,0,0.00380,0.01220
hin,private_calls,0,0.00466,0.01767
hin,private_calls,1,0.99202,0.96891
hin,private_calls,0,0.00490,0.01368
hin,private_calls,1,0.99178,0.93285
hin,private_calls,0,0.99234,0.86517
hin,private_calls,0,0.88784,0.02492
hin,private_calls,1,0.99226,0.97240
hin,private_calls,0,0.99217,0.50816
hin,private_calls,1,0.99229,0.30427
hin,private_calls,0,0.89594,0.02851
hin,private_calls,0,0.00389,0.01209
hin,private_calls,0,0.00392,0.01407
hin,private_calls,1,0.99217,0.95161
hin,private_calls,0,0.00387,0.01049
hin,private_calls,0,0.00589,0.03037
hin,private_calls,1,0.00374,0.00706
hin,private_calls,0,0.00375,0.00806
hin,private_calls,0,0.92942,0.20804
hin,private_calls,0,0.00391,0.00933
hin,private_calls,0,0.00377,0.00805
hin,private_calls,0,0.03827,0.02866
hin,private_calls,0,0.00374,0.00751
hin,private_calls,0,0.00419,0.01494
hin,private_calls,0,0.00442,0.01671
hin,private_calls,0,0.00624,0.02987
hin,private_calls,0,0.00407,0.03387
hin,private_calls,1,0.99241,0.97342
hin,private_calls,1,0.99250,0.75146
hin,private_calls,1,0.99233,0.95418
hin,private_calls,0,0.00376,0.00658
hin,private_calls,0,0.97512,0.05066
hin,private_calls,0,0.99102,0.33690
hin,private_calls,0,0.00376,0.01211
hin,private_calls,1,0.99236,0.98009
hin,private_calls,0,0.99003,0.78161
hin,private_calls,0,0.96759,0.10271
hin,private_calls,0,0.98849,0.27563
hin,private_calls,0,0.00600,0.10283
hin,private_calls,0,0.00384,0.01490
hin,private_calls,0,0.00380,0.01524
hin,private_calls,0,0.99255,0.98252
hin,private_calls,0,0.99228,0.98790
hin,private_calls,0,0.98990,0.29527
hin,private_calls,0,0.00739,0.02849
hin,private_calls,1,0.98854,0.28858
hin,private_calls,0,0.00728,0.01523
hin,private_calls,0,0.76773,0.07836
hin,private_calls,0,0.01187,0.02891
hin,private_calls,0,0.00368,0.00751
hin,private_calls,0,0.98136,0.15725
hin,private_calls,0,0.00575,0.01726
hin,private_calls,0,0.00468,0.02480
hin,private_calls,0,0.99210,0.53231
hin,private_calls,0,0.00376,0.00808
hin,private_calls,0,0.00501,0.02011
hin,private_calls,0,0.61749,0.06854
hin,private_calls,0,0.02901,0.01682
hin,private_calls,0,0.39815,0.06843
hin,private_calls,0,0.00418,0.01201
hin,private_calls,1,0.99009,0.81081
hin,private_calls,0,0.00381,0.00580
hin,private_calls,0,0.02495,0.02812
hin,private_calls,0,0.00386,0.01143
hin,private_calls,1,0.99161,0.98562
hin,private_calls,1,0.99164,0.90853
hin,private_calls,0,0.00383,0.00756
hin,private_calls,0,0.00417,0.01447
hin,private_calls,0,0.00423,0.02014
hin,private_calls,0,0.00370,0.00701
hin,private_calls,0,0.00374,0.00869
hin,private_calls,0,0.00376,0.00921
hin,private_calls,0,0.99005,0.04721
hin,private_calls,0,0.00368,0.00932
hin,private_calls,0,0.99224,0.84663
hin,private_calls,0,0.00703,0.01784
hin,private_calls,0,0.00479,0.01506
hin,private_calls,0,0.00382,0.01246
hin,private_calls,1,0.99206,0.88568
hin,private_calls,0,0.00375,0.00994
hin,private_calls,0,0.00502,0.01461
hin,private_calls,1,0.00580,0.05640
hin,private_calls,0,0.00375,0.00805
hin,private_calls,0,0.02607,0.03021
hin,private_calls,0,0.09727,0.01189
hin,private_calls,0,0.91199,0.12220
hin,private_calls,0,0.99171,0.93823
hin,private_calls,0,0.00371,0.00605
hin,private_calls,0,0.88889,0.30552
hin,private_calls,1,0.99119,0.37007
hin,private_calls,0,0.67884,0.06200
hin,private_calls,0,0.00375,0.00739
hin,private_calls,0,0.01224,0.02131
hin,private_calls,0,0.00368,0.01095
hin,private_calls,0,0.00426,0.01433
hin,private_calls,0,0.26317,0.04545
hin,private_calls,0,0.00480,0.02217
hin,private_calls,0,0.98508,0.06603
hin,private_calls,0,0.00386,0.00811
hin,private_calls,0,0.00827,0.02309
hin,private_calls,0,0.00425,0.01462
hin,private_calls,0,0.00370,0.00782
hin,private_calls,0,0.97053,0.16414
hin,private_calls,0,0.73611,0.04396
hin,private_calls,0,0.00414,0.01714
hin,private_calls,1,0.99229,0.97363
hin,private_calls,1,0.98234,0.51874
hin,private_calls,1,0.00741,0.14413
hin,private_calls,1,0.99218,0.98910
hin,private_calls,0,0.00423,0.02558
hin,private_calls,0,0.98857,0.32752
hin,private_calls,1,0.99149,0.27613
hin,private_calls,1,0.00477,0.04317
hin,private_calls,1,0.98925,0.12737
hin,private_calls,0,0.96646,0.06575
hin,private_calls,0,0.99020,0.61395
hin,private_calls,0,0.00375,0.00558
hin,private_calls,0,0.02739,0.20279
hin,private_calls,0,0.00430,0.02049
hin,private_calls,0,0.00414,0.02089
hin,private_calls,0,0.01093,0.02789
hin,private_calls,0,0.98864,0.18896
hin,private_calls,0,0.00374,0.00683
hin,private_calls,0,0.00373,0.00922
hin,private_calls,0,0.98798,0.71123
hin,private_calls,0,0.00376,0.01733
hin,private_calls,0,0.00370,0.01089
hin,private_calls,0,0.94515,0.19701
hin,private_calls,0,0.98332,0.10862
hin,private_calls,0,0.97229,0.08984
hin,private_calls,1,0.98719,0.51461
hin,private_calls,0,0.99244,0.96282
hin,private_calls,0,0.99212,0.98171
hin,private_calls,0,0.04940,0.07279
hin,private_calls,0,0.99193,0.52064
hin,private_calls,0,0.00415,0.02427
hin,private_calls,0,0.01800,0.06453
hin,private_calls,1,0.00370,0.00643
hin,private_calls,0,0.00395,0.01022
hin,private_calls,0,0.00368,0.00746
hin,private_calls,0,0.00372,0.00759
hin,private_calls,0,0.00373,0.00705
hin,private_calls,0,0.00435,0.02779
hin,private_calls,0,0.17342,0.10270
hin,private_calls,0,0.00374,0.00617
hin,private_calls,0,0.00447,0.09069
hin,private_calls,0,0.21833,0.02049
hin,private_calls,0,0.00368,0.00598
hin,private_calls,0,0.00383,0.01464
hin,private_calls,0,0.00371,0.00610
hin,private_calls,0,0.00361,0.01007
hin,private_calls,0,0.00364,0.00764
hin,private_calls,0,0.00371,0.00769
hin,private_calls,0,0.00420,0.03393
hin,private_calls,0,0.99239,0.03549
hin,private_calls,0,0.01362,0.01306
hin,private_calls,0,0.78094,0.03390
hin,private_calls,0,0.02746,0.05282
hin,private_calls,1,0.99101,0.97118
hin,private_calls,0,0.00373,0.00757
hin,private_calls,0,0.00367,0.00875
hin,private_calls,0,0.00978,0.03718
hin,private_calls,0,0.00375,0.00504
hin,private_calls,0,0.00400,0.01640
hin,private_calls,0,0.00378,0.01667
hin,private_calls,0,0.00374,0.00784
hin,private_calls,1,0.99190,0.95935
hin,private_calls,0,0.00371,0.00679
hin,private_calls,0,0.00442,0.01213
hin,private_calls,0,0.00367,0.00638
hin,private_calls,0,0.88913,0.26547
hin,private_calls,0,0.96656,0.10904
hin,private_calls,0,0.00390,0.02021
hin,private_calls,0,0.98019,0.52690
hin,private_calls,1,0.99019,0.37568
hin,private_calls,0,0.00390,0.01110
hin,private_calls,0,0.00374,0.01001
hin,private_calls,0,0.38428,0.02299
hin,private_calls,0,0.92940,0.13665
hin,private_calls,0,0.00618,0.06167
hin,private_calls,0,0.98819,0.31885
hin,private_calls,0,0.99093,0.36244
hin,private_calls,0,0.00386,0.01786
hin,private_calls,0,0.00409,0.03173
hin,private_calls,1,0.99216,0.96263
hin,private_calls,0,0.99132,0.31960
hin,private_calls,0,0.98912,0.35524
hin,private_calls,0,0.14173,0.04567
hin,private_calls,0,0.00369,0.01110
hin,private_calls,0,0.00380,0.01665
hin,private_calls,1,0.82185,0.65454
hin,private_calls,0,0.00461,0.04542
hin,private_calls,0,0.98333,0.24207
hin,private_calls,0,0.00698,0.03065
hin,private_calls,0,0.00374,0.01695
hin,private_calls,0,0.98956,0.15347
hin,private_calls,1,0.99102,0.94905
hin,private_calls,0,0.00362,0.00677
hin,private_calls,0,0.97483,0.12260
hin,private_calls,0,0.00367,0.00544
hin,private_calls,0,0.44482,0.12864
hin,private_calls,1,0.99181,0.87746
hin,private_calls,1,0.99242,0.61198
hin,private_calls,0,0.00522,0.00736
hin,private_calls,0,0.01510,0.01517
hin,private_calls,0,0.00374,0.00703
hin,private_calls,0,0.00423,0.01183
hin,private_calls,0,0.00605,0.01494
hin,private_calls,0,0.64442,0.05164
hin,private_calls,0,0.00366,0.00633
hin,private_calls,0,0.00376,0.00753
hin,private_calls,0,0.01180,0.05311
hin,private_calls,0,0.00372,0.00742
hin,private_calls,0,0.00671,0.02589
hin,private_calls,0,0.00374,0.01959
hin,private_calls,0,0.00369,0.00563
hin,private_calls,0,0.00372,0.00868
hin,private_calls,1,0.99172,0.74912
hin,private_calls,1,0.91877,0.43114
hin,private_calls,0,0.00375,0.00660
hin,private_calls,0,0.00371,0.00898
hin,private_calls,1,0.99224,0.94705
hin,private_calls,0,0.00372,0.00739
hin,private_calls,0,0.00584,0.02825
hin,private_calls,0,0.00370,0.00627
hin,private_calls,0,0.00378,0.00830
hin,private_calls,0,0.00665,0.04986
hin,private_calls,0,0.00375,0.00971
hin,private_calls,1,0.99073,0.40627
hin,private_calls,0,0.00370,0.00633
hin,private_calls,0,0.00375,0.00641
hin,private_calls,1,0.99029,0.90200
hin,private_calls,0,0.99238,0.93920
hin,private_calls,0,0.89484,0.15865
hin,private_calls,0,0.74420,0.05381
hin,private_calls,1,0.99195,0.68627
hin,private_calls,1,0.02011,0.08735
hin,private_calls,0,0.00389,0.00621
hin,private_calls,0,0.96783,0.04289
hin,private_calls,0,0.99117,0.39234
hin,private_calls,0,0.99152,0.90966
hin,private_calls,0,0.03480,0.03597
hin,private_calls,0,0.99186,0.18439
hin,private_calls,0,0.00387,0.00593
hin,private_calls,1,0.99192,0.59779
hin,private_calls,0,0.00373,0.00886
hin,private_calls,0,0.80909,0.08122
hin,private_calls,1,0.98623,0.54432
hin,private_calls,0,0.97987,0.14219
hin,private_calls,0,0.98793,0.14136
hin,private_calls,0,0.95178,0.02747
hin,private_calls,0,0.97745,0.63785
hin,private_calls,1,0.99094,0.93780
hin,private_calls,0,0.00370,0.00628
hin,private_calls,0,0.00372,0.00589
hin,private_calls,1,0.95313,0.65192
hin,private_calls,0,0.00778,0.02823
hin,private_calls,0,0.00377,0.00939
hin,private_calls,0,0.02974,0.01420
hin,private_calls,0,0.00365,0.00637
hin,private_calls,1,0.00414,0.09754
hin,private_calls,1,0.96560,0.17951
hin,private_calls,1,0.98848,0.87524
hin,private_calls,0,0.92111,0.03248
hin,private_calls,0,0.00425,0.01494
hin,private_calls,0,0.00394,0.01873
hin,private_calls,0,0.00380,0.00647
hin,private_calls,1,0.99185,0.93393
hin,private_calls,0,0.01490,0.02038
hin,private_calls,1,0.98522,0.20098
hin,private_calls,0,0.99128,0.47397
hin,private_calls,0,0.99216,0.87224
hin,private_calls,0,0.99008,0.63853
hin,private_calls,0,0.17147,0.04913
hin,private_calls,0,0.96946,0.28546
hin,private_calls,0,0.00493,0.01082
hin,private_calls,0,0.00762,0.00796
hin,private_calls,1,0.99154,0.91543
hin,private_calls,0,0.99162,0.31831
hin,private_calls,0,0.00377,0.00912
hin,private_calls,0,0.99200,0.28500
hin,private_calls,0,0.99045,0.14266
hin,private_calls,0,0.95085,0.07220
hin,private_calls,1,0.99220,0.96836
hin,private_calls,0,0.99266,0.94264
hin,private_calls,0,0.99248,0.95044
hin,private_calls,0,0.46238,0.04692
hin,private_calls,0,0.94786,0.05964
hin,private_calls,0,0.98557,0.03948
hin,private_calls,1,0.99102,0.98398
hin,private_calls,0,0.00374,0.00681
hin,private_calls,1,0.99226,0.63208
hin,private_calls,0,0.02370,0.04183
hin,private_calls,0,0.00401,0.00999
hin,private_calls,0,0.00388,0.01150
hin,private_calls,0,0.99140,0.28147
hin,private_calls,0,0.99054,0.33526
hin,private_calls,0,0.98960,0.18154
hin,private_calls,0,0.99128,0.07071
hin,private_calls,0,0.00377,0.00616
hin,private_calls,0,0.99239,0.58916
hin,private_calls,0,0.00438,0.01710
hin,private_calls,1,0.99190,0.84087
hin,private_calls,0,0.97178,0.08252
hin,private_calls,0,0.93408,0.02006
hin,private_calls,0,0.00372,0.00823
hin,private_calls,0,0.98405,0.84487
hin,private_calls,1,0.98070,0.95000
hin,private_calls,0,0.99256,0.18932
hin,private_calls,1,0.98984,0.77886
hin,private_calls,0,0.99056,0.57787
hin,private_calls,0,0.99031,0.06724
hin,private_calls,0,0.99196,0.15390
hin,private_calls,1,0.99189,0.07611
hin,private_calls,1,0.98844,0.97423
hin,private_calls,0,0.00371,0.00592
hin,private_calls,0,0.00381,0.03316
hin,private_calls,0,0.00370,0.00628
hin,private_calls,1,0.98677,0.93244
hin,private_calls,1,0.98520,0.62211
hin,private_calls,0,0.00376,0.00618
hin,private_calls,0,0.00377,0.00569
hin,private_calls,0,0.00369,0.00773
hin,private_calls,1,0.99259,0.95348
hin,private_calls,0,0.00376,0.01707
hin,private_calls,1,0.99116,0.98087
hin,private_calls,0,0.00377,0.00539
hin,private_calls,0,0.00371,0.00593
hin,private_calls,0,0.00374,0.00582
hin,private_calls,0,0.00370,0.00687
hin,private_calls,1,0.99198,0.90083
hin,private_calls,0,0.00370,0.00595
hin,private_calls,0,0.00390,0.01054
hin,private_calls,0,0.00377,0.00632
hin,private_calls,1,0.99237,0.96283
hin,private_calls,1,0.99212,0.97010
hin,private_calls,1,0.98812,0.57637
hin,private_calls,0,0.00376,0.00542
hin,private_calls,1,0.99205,0.95324
hin,private_calls,0,0.00374,0.00620
hin,private_calls,1,0.99149,0.97818
hin,private_calls,0,0.00371,0.00544
hin,private_calls,1,0.99053,0.48560
hin,private_calls,1,0.99168,0.64992
hin,private_calls,0,0.99204,0.20793
hin,private_calls,0,0.00423,0.01742
hin,private_calls,1,0.99175,0.84601
hin,private_calls,0,0.00803,0.03414
hin,private_calls,0,0.00373,0.00694
hin,private_calls,1,0.99002,0.70717
hin,private_calls,1,0.00579,0.04076
hin,private_calls,0,0.92004,0.03060
hin,private_calls,0,0.00387,0.00779
hin,private_calls,0,0.00372,0.00839
hin,private_calls,0,0.00378,0.00646
hin,private_calls,1,0.55634,0.02974
hin,private_calls,1,0.10933,0.50241
hin,private_calls,1,0.96510,0.11368
hin,private_calls,0,0.00372,0.00918
hin,private_calls,1,0.99160,0.62978
hin,private_calls,1,0.99192,0.82449
hin,private_calls,1,0.99119,0.70737
hin,private_calls,1,0.99208,0.94047
hin,private_calls,1,0.28285,0.50620
hin,private_calls,0,0.00373,0.00844
hin,private_calls,0,0.00371,0.00661
hin,private_calls,0,0.00373,0.00782
hin,private_calls,1,0.99134,0.90061
hin,private_calls,1,0.99191,0.87013
hin,private_calls,1,0.10236,0.33951
hin,private_calls,1,0.99154,0.25418
hin,private_calls,0,0.00372,0.00765
hin,private_calls,0,0.00371,0.01292
hin,private_calls,0,0.99088,0.02137
hin,private_calls,0,0.01711,0.02405
hin,private_calls,0,0.00706,0.08765
hin,private_calls,0,0.00373,0.00690
hin,private_calls,0,0.98653,0.06825
hin,private_calls,0,0.01010,0.02910
hin,private_calls,0,0.00374,0.01007
hin,private_calls,0,0.00386,0.01939
hin,private_calls,1,0.99201,0.63389
hin,private_calls,0,0.00382,0.00728
hin,private_calls,0,0.00379,0.00872
hin,private_calls,0,0.00370,0.01018
hin,private_calls,0,0.00368,0.00798
hin,private_calls,0,0.33835,0.01791
hin,private_calls,0,0.11096,0.02045
hin,private_calls,0,0.96732,0.08243
hin,private_calls,1,0.99229,0.62280
hin,private_calls,0,0.59335,0.12222
hin,private_calls,0,0.00374,0.00840
hin,private_calls,0,0.00372,0.00945
hin,private_calls,0,0.00373,0.02693
hin,private_calls,0,0.00374,0.00846
hin,private_calls,0,0.00397,0.01080
hin,private_calls,0,0.88960,0.06214
hin,private_calls,0,0.00376,0.01994
hin,private_calls,0,0.00380,0.01228
hin,private_calls,0,0.00375,0.01545
hin,private_calls,0,0.00374,0.00491
hin,private_calls,0,0.00370,0.00611
hin,private_calls,0,0.01261,0.02686
hin,private_calls,0,0.00372,0.00654
hin,private_calls,0,0.98440,0.08105
hin,private_calls,0,0.00373,0.01738
hin,private_calls,0,0.00372,0.00694
hin,private_calls,1,0.98794,0.81276
hin,private_calls,0,0.99005,0.04426
hin,private_calls,0,0.00476,0.01076
hin,private_calls,0,0.00367,0.00865
hin,private_calls,0,0.99207,0.18442
hin,private_calls,0,0.99246,0.22737
hin,private_calls,0,0.00369,0.00649
hin,private_calls,0,0.00368,0.01032
hin,private_calls,0,0.00379,0.01139
hin,private_calls,0,0.00423,0.01273
hin,private_calls,0,0.05123,0.01942
hin,private_calls,0,0.03083,0.07435
hin,private_calls,0,0.01597,0.09791
hin,private_calls,0,0.00397,0.01127
hin,private_calls,0,0.00379,0.00615
hin,private_calls,0,0.00369,0.00632
hin,private_calls,0,0.00368,0.00716
hin,private_calls,0,0.00367,0.01023
hin,private_calls,0,0.95260,0.05755
hin,private_calls,0,0.00372,0.00691
hin,private_calls,0,0.00375,0.00815
hin,private_calls,1,0.98973,0.29244
hin,private_calls,0,0.00371,0.00593
hin,private_calls,0,0.15625,0.10303
hin,private_calls,0,0.98419,0.30733
hin,private_calls,0,0.00369,0.00764
hin,private_calls,0,0.00372,0.01380
hin,private_calls,0,0.99238,0.97487
hin,private_calls,0,0.99111,0.23343
hin,private_calls,1,0.98909,0.11792
hin,private_calls,0,0.00372,0.00753
hin,private_calls,0,0.00373,0.00939
hin,private_calls,0,0.97574,0.20613
hin,private_calls,0,0.99179,0.42956
hin,private_calls,1,0.98967,0.44430
hin,private_calls,0,0.00371,0.00693
hin,private_calls,0,0.99236,0.98460
hin,private_calls,0,0.00371,0.01006
hin,private_calls,0,0.25242,0.05421
hin,private_calls,0,0.06610,0.02893
hin,private_calls,0,0.95054,0.16098
hin,private_calls,0,0.00593,0.04495
hin,private_calls,1,0.98703,0.64915
hin,private_calls,0,0.02723,0.01547
hin,private_calls,0,0.00384,0.01610
hin,private_calls,0,0.00748,0.03071
hin,private_calls,0,0.00389,0.00966
hin,private_calls,1,0.99214,0.93875
hin,private_calls,1,0.99170,0.98195
hin,private_calls,0,0.96790,0.18093
hin,private_calls,0,0.00385,0.02413
hin,private_calls,0,0.00407,0.02631
hin,private_calls,0,0.00380,0.01485
hin,private_calls,0,0.00406,0.01505
hin,private_calls,1,0.91993,0.20113
hin,private_calls,0,0.00366,0.01662
hin,private_calls,0,0.00379,0.01639
hin,private_calls,0,0.00366,0.00676
hin,private_calls,0,0.00532,0.05535
hin,private_calls,0,0.00381,0.00934
hin,private_calls,0,0.00384,0.01986
hin,private_calls,0,0.00381,0.00662
hin,private_calls,0,0.00388,0.00575
hin,private_calls,1,0.99213,0.94826
hin,private_calls,1,0.99242,0.93129
hin,private_calls,0,0.18052,0.02672
hin,private_calls,0,0.00833,0.02411
hin,private_calls,0,0.00569,0.03042
hin,private_calls,0,0.98229,0.10343
hin,private_calls,0,0.94000,0.04540
hin,private_calls,0,0.98305,0.13222
hin,private_calls,1,0.99051,0.62735
hin,private_calls,0,0.00391,0.00942
hin,private_calls,0,0.00588,0.02785
hin,private_calls,0,0.00527,0.01437
hin,private_calls,0,0.00403,0.00993
hin,private_calls,0,0.00782,0.01316
hin,private_calls,0,0.00405,0.01098
hin,private_calls,0,0.00387,0.00515
hin,private_calls,1,0.98767,0.85130
hin,private_calls,0,0.00399,0.00864
hin,private_calls,0,0.00426,0.00628
hin,private_calls,0,0.99032,0.09126
hin,private_calls,0,0.00387,0.01056
hin,private_calls,0,0.00425,0.01156
hin,private_calls,0,0.00433,0.02319
hin,private_calls,1,0.98977,0.88398
hin,private_calls,0,0.82020,0.23318
hin,private_calls,0,0.00418,0.01628
hin,private_calls,0,0.00517,0.02289
hin,private_calls,0,0.00387,0.00594
hin,private_calls,0,0.00404,0.01206
hin,private_calls,0,0.60845,0.04015
hin,private_calls,0,0.98861,0.05714
hin,private_calls,1,0.98842,0.56157
hin,private_calls,0,0.97096,0.07653
hin,private_calls,0,0.18480,0.03571
hin,private_calls,0,0.00400,0.01502
hin,private_calls,0,0.97527,0.02660
hin,private_calls,0,0.00387,0.00615
hin,private_calls,0,0.99091,0.06889
hin,private_calls,0,0.98818,0.09706
hin,private_calls,0,0.00599,0.02200
hin,private_calls,0,0.24052,0.13165
hin,private_calls,0,0.00383,0.00620
hin,private_calls,1,0.97936,0.57579
hin,private_calls,0,0.00385,0.00552
hin,private_calls,0,0.00426,0.00906
hin,private_calls,0,0.99112,0.15970
hin,private_calls,0,0.99152,0.50838
hin,private_calls,0,0.03156,0.01174
hin,private_calls,0,0.07377,0.01535
hin,private_calls,0,0.00384,0.00592
hin,private_calls,0,0.00390,0.00952
hin,private_calls,0,0.00442,0.03341
hin,private_calls,0,0.00515,0.03619
hin,private_calls,0,0.00434,0.01289
hin,private_calls,1,0.99176,0.79281
hin,private_calls,0,0.00392,0.00624
hin,private_calls,0,0.01704,0.02970
hin,private_calls,0,0.00392,0.01585
hin,private_calls,0,0.47249,0.05488
hin,private_calls,0,0.00995,0.04140
hin,private_calls,0,0.00398,0.00610
hin,private_calls,0,0.00382,0.00755
hin,private_calls,1,0.99126,0.19644
hin,private_calls,0,0.00952,0.02397
hin,private_calls,0,0.00584,0.03059
hin,private_calls,1,0.99189,0.94918
hin,private_calls,0,0.00375,0.00600
hin,private_calls,0,0.00365,0.01058
hin,private_calls,1,0.99225,0.98092
hin,private_calls,1,0.99066,0.29581
hin,private_calls,0,0.00376,0.00697
hin,private_calls,0,0.25660,0.11812
hin,private_calls,0,0.00431,0.02335
hin,private_calls,0,0.00492,0.03244
hin,private_calls,1,0.99163,0.85793
hin,private_calls,0,0.00368,0.00570
hin,private_calls,0,0.01028,0.05028
hin,private_calls,0,0.00396,0.05246
hin,private_calls,0,0.01946,0.01760
hin,private_calls,0,0.00373,0.00620
hin,private_calls,0,0.00384,0.00612
hin,private_calls,0,0.90846,0.02835
hin,private_calls,1,0.98840,0.85132
hin,private_calls,0,0.99254,0.09286
hin,private_calls,0,0.00422,0.02584
hin,private_calls,1,0.99227,0.98379
hin,private_calls,1,0.98889,0.74522
hin,private_calls,1,0.99233,0.87215
hin,private_calls,0,0.99213,0.63836
hin,private_calls,0,0.00404,0.01487
hin,private_calls,1,0.99169,0.85891
hin,private_calls,0,0.00373,0.00698
hin,private_calls,1,0.98883,0.93401
hin,private_calls,1,0.99234,0.98053
hin,private_calls,1,0.99214,0.90572
hin,private_calls,0,0.85149,0.08112
hin,private_calls,1,0.99050,0.96756
hin,private_calls,1,0.99231,0.61750
hin,private_calls,0,0.99092,0.12467
hin,private_calls,0,0.00551,0.01665
hin,private_calls,1,0.99083,0.47977
hin,private_calls,1,0.99149,0.96368
hin,private_calls,0,0.00731,0.06782
hin,private_calls,1,0.97938,0.89964
hin,private_calls,0,0.00407,0.02618
hin,private_calls,0,0.00438,0.02449
hin,private_calls,0,0.93617,0.03007
hin,private_calls,1,0.97267,0.19435
hin,private_calls,0,0.00373,0.00646
hin,private_calls,0,0.00373,0.02037
hin,private_calls,1,0.03971,0.07168
hin,private_calls,0,0.00376,0.00669
hin,private_calls,0,0.00379,0.01378
hin,private_calls,0,0.00674,0.03779
hin,private_calls,0,0.00374,0.01415
hin,private_calls,1,0.98793,0.93549
hin,private_calls,0,0.08039,0.01630
hin,private_calls,0,0.00622,0.02002
hin,private_calls,0,0.00407,0.02801
hin,private_calls,0,0.28133,0.04536
hin,private_calls,0,0.00376,0.00891
hin,private_calls,0,0.00379,0.00632
hin,private_calls,0,0.00376,0.02127
hin,private_calls,0,0.00374,0.00732
hin,private_calls,0,0.01065,0.02919
hin,private_calls,0,0.00391,0.01156
hin,private_calls,0,0.00396,0.01290
hin,private_calls,0,0.01333,0.01877
hin,private_calls,0,0.00447,0.04046
hin,private_calls,0,0.00405,0.01594
hin,private_calls,1,0.98760,0.77437
hin,private_calls,0,0.89081,0.02142
hin,private_calls,0,0.97809,0.01962
hin,private_calls,0,0.00436,0.01524
hin,private_calls,0,0.99049,0.06310
hin,private_calls,0,0.00371,0.00786
hin,private_calls,0,0.01768,0.01649
hin,private_calls,0,0.00386,0.00726
hin,private_calls,1,0.97490,0.70598
hin,private_calls,0,0.00377,0.00777
hin,private_calls,0,0.00394,0.01033
hin,private_calls,0,0.00394,0.01232
hin,private_calls,0,0.00387,0.02228
hin,private_calls,0,0.00383,0.00678
hin,private_calls,0,0.00378,0.00963
hin,private_calls,0,0.01382,0.05561
hin,private_calls,0,0.00377,0.00686
hin,private_calls,0,0.00379,0.00660
hin,private_calls,0,0.00380,0.00677
hin,private_calls,0,0.00496,0.04119
hin,private_calls,1,0.00683,0.16704
hin,private_calls,0,0.20382,0.04071
hin,private_calls,0,0.00367,0.00737
hin,private_calls,0,0.00375,0.00713
hin,private_calls,0,0.00387,0.01354
hin,private_calls,0,0.00992,0.03831
hin,private_calls,0,0.00430,0.00932
hin,private_calls,1,0.99132,0.61757
hin,private_calls,0,0.01500,0.02263
hin,private_calls,0,0.00954,0.02200
hin,private_calls,0,0.00449,0.01148
hin,private_calls,0,0.00375,0.01929
hin,private_calls,0,0.98243,0.26851
hin,private_calls,0,0.00373,0.00828
hin,private_calls,0,0.00417,0.02395
hin,private_calls,0,0.00384,0.00862
hin,private_calls,0,0.01649,0.02770
hin,private_calls,0,0.00376,0.00966
hin,private_calls,0,0.00374,0.00889
hin,private_calls,0,0.00755,0.02392
hin,private_calls,0,0.00373,0.00922
hin,private_calls,0,0.00425,0.03624
hin,private_calls,0,0.99186,0.07148
hin,private_calls,0,0.89781,0.04374
hin,private_calls,0,0.01051,0.04370
hin,private_calls,0,0.97131,0.16034
hin,private_calls,0,0.97427,0.10627
hin,private_calls,0,0.99189,0.13135
hin,private_calls,1,0.99215,0.92198
hin,private_calls,0,0.00454,0.02435
hin,private_calls,0,0.03602,0.01868
hin,private_calls,1,0.98870,0.69728
hin,private_calls,1,0.99262,0.98683
hin,private_calls,1,0.03749,0.17964
hin,private_calls,1,0.82475,0.63554
hin,private_calls,1,0.96442,0.58313
hin,private_calls,0,0.00374,0.00661
hin,private_calls,0,0.99124,0.07813
hin,private_calls,0,0.00375,0.00704
hin,private_calls,0,0.00374,0.00775
hin,private_calls,1,0.31444,0.09484
hin,private_calls,1,0.99215,0.96166
hin,private_calls,0,0.00397,0.01136
hin,private_calls,0,0.00377,0.00940
hin,private_calls,1,0.99227,0.97771
hin,private_calls,0,0.00390,0.01088
hin,private_calls,0,0.88571,0.04768
hin,private_calls,1,0.98654,0.55794
hin,private_calls,0,0.98951,0.05537
hin,private_calls,0,0.00375,0.00866
hin,private_calls,0,0.00380,0.00867
hin,private_calls,1,0.99242,0.90273
hin,private_calls,0,0.00369,0.00774
hin,private_calls,0,0.00374,0.00877
hin,private_calls,0,0.00376,0.01047
hin,private_calls,0,0.00374,0.00889
hin,private_calls,0,0.00390,0.01327
hin,private_calls,0,0.00377,0.00904
hin,private_calls,1,0.98730,0.87313
hin,private_calls,1,0.97619,0.86020
hin,private_calls,1,0.99218,0.93477
hin,private_calls,0,0.97393,0.09783
hin,private_calls,0,0.00587,0.01068
hin,private_calls,1,0.99060,0.69832
hin,private_calls,0,0.00385,0.01981
hin,private_calls,1,0.99191,0.81087
hin,private_calls,0,0.01702,0.02507
hin,private_calls,1,0.98988,0.52132
hin,private_calls,1,0.71824,0.56721
hin,private_calls,0,0.15718,0.02070
hin,private_calls,0,0.00393,0.01451
hin,private_calls,0,0.98735,0.04361
hin,private_calls,0,0.97614,0.11544
hin,private_calls,1,0.99150,0.58971
hin,private_calls,0,0.00381,0.01707
hin,private_calls,1,0.99090,0.94726
hin,private_calls,0,0.00526,0.03319
hin,private_calls,1,0.99206,0.94606
hin,private_calls,0,0.01052,0.03412
hin,private_calls,1,0.99255,0.95935
hin,private_calls,1,0.98052,0.19103
hin,private_calls,1,0.99035,0.66528
hin,private_calls,0,0.93546,0.16184
hin,private_calls,1,0.99258,0.88224
hin,private_calls,0,0.00376,0.00799
hin,private_calls,0,0.00541,0.10618
hin,private_calls,0,0.00371,0.00773
hin,private_calls,0,0.00370,0.00957
hin,private_calls,0,0.00541,0.01810
hin,private_calls,0,0.98795,0.14754
hin,private_calls,0,0.99213,0.98779
hin,private_calls,0,0.05544,0.07823
hin,private_calls,0,0.02572,0.04565
hin,private_calls,0,0.00377,0.00709
hin,private_calls,0,0.00387,0.00909
hin,private_calls,1,0.99230,0.98435
hin,private_calls,0,0.00388,0.01287
hin,private_calls,0,0.02403,0.01629
hin,private_calls,0,0.01098,0.11066
hin,private_calls,0,0.00387,0.00849
hin,private_calls,0,0.00380,0.01383
hin,private_calls,1,0.88545,0.51867
hin,private_calls,0,0.00383,0.01473
hin,private_calls,0,0.29666,0.04424
hin,private_calls,1,0.98966,0.74987
hin,private_calls,0,0.00372,0.00521
hin,private_calls,1,0.99223,0.67530
hin,private_calls,1,0.99071,0.88196
hin,private_calls,1,0.97461,0.80317
hin,private_calls,0,0.00367,0.00652
hin,private_calls,0,0.99152,0.51894
hin,private_calls,1,0.99040,0.79703
hin,private_calls,0,0.00413,0.02545
hin,private_calls,0,0.00373,0.01415
hin,private_calls,0,0.00372,0.00778
hin,private_calls,0,0.00396,0.01686
hin,private_calls,0,0.00407,0.01145
hin,private_calls,0,0.07611,0.09548
hin,private_calls,0,0.00505,0.02377
hin,private_calls,0,0.00373,0.00719
hin,private_calls,0,0.00383,0.01054
hin,private_calls,0,0.00416,0.01139
hin,private_calls,0,0.00992,0.03321
hin,private_calls,0,0.00373,0.00592
hin,private_calls,0,0.00375,0.00641
hin,private_calls,0,0.00640,0.02266
hin,private_calls,0,0.00411,0.01904
hin,private_calls,1,0.99232,0.99061
hin,private_calls,0,0.00378,0.00665
hin,private_calls,0,0.00408,0.01768
hin,private_calls,1,0.98800,0.77788
hin,private_calls,0,0.00380,0.00720
hin,private_calls,0,0.00421,0.02424
hin,private_calls,0,0.00901,0.01195
hin,private_calls,1,0.98103,0.88180
hin,private_calls,1,0.99106,0.90502
hin,private_calls,0,0.00480,0.01480
hin,private_calls,0,0.00370,0.00589
hin,private_calls,0,0.13996,0.07263
hin,private_calls,0,0.00370,0.01085
hin,private_calls,1,0.96470,0.87191
hin,private_calls,0,0.00373,0.00598
hin,private_calls,0,0.99161,0.06285
hin,private_calls,1,0.99138,0.92560
hin,private_calls,1,0.99232,0.95106
hin,private_calls,1,0.99172,0.85653
hin,private_calls,0,0.00373,0.00800
hin,private_calls,0,0.00826,0.02722
hin,private_calls,1,0.99112,0.82422
hin,private_calls,0,0.57060,0.10138
hin,private_calls,0,0.97296,0.10200
hin,private_calls,0,0.00382,0.01259
hin,private_calls,1,0.99222,0.96262
hin,private_calls,1,0.99153,0.87435
hin,private_calls,1,0.00863,0.02926
hin,private_calls,0,0.98886,0.79599
hin,private_calls,1,0.99231,0.94532
hin,private_calls,0,0.01722,0.02361
hin,private_calls,1,0.99144,0.92163
hin,private_calls,0,0.98991,0.10117
hin,private_calls,0,0.05440,0.10204
hin,private_calls,0,0.77317,0.04229
hin,private_calls,0,0.00387,0.00884
hin,private_calls,0,0.00376,0.00693
hin,private_calls,0,0.00368,0.00875
hin,private_calls,1,0.35413,0.13494
hin,private_calls,0,0.00391,0.00861
hin,private_calls,1,0.98634,0.78760
hin,private_calls,1,0.99244,0.96895
hin,private_calls,0,0.00400,0.02909
hin,private_calls,0,0.00394,0.01298
hin,private_calls,1,0.96612,0.27672
hin,private_calls,0,0.74320,0.11913
hin,private_calls,1,0.99089,0.90281
hin,private_calls,1,0.02059,0.03948
hin,private_calls,1,0.97594,0.79046
hin,private_calls,1,0.01675,0.16228
hin,private_calls,0,0.93000,0.12525
hin,private_calls,1,0.99087,0.04435
hin,private_calls,0,0.91528,0.13293
hin,private_calls,1,0.99217,0.91546
hin,private_calls,0,0.00402,0.01332
hin,private_calls,1,0.99160,0.48745
hin,private_calls,0,0.98715,0.04589
hin,private_calls,0,0.00389,0.01057
hin,private_calls,1,0.99036,0.89852
hin,private_calls,0,0.00405,0.01003
hin,private_calls,0,0.27834,0.02661
hin,private_calls,0,0.00426,0.02140
hin,private_calls,1,0.98285,0.89015
hin,private_calls,0,0.00403,0.01408
hin,private_calls,0,0.00465,0.02250
hin,private_calls,0,0.00387,0.01106
hin,private_calls,0,0.00392,0.01317
hin,private_calls,1,0.99149,0.20868
hin,private_calls,0,0.99216,0.80967
hin,private_calls,1,0.99166,0.75860
hin,private_calls,0,0.46142,0.03432
hin,private_calls,0,0.00467,0.01485
hin,private_calls,0,0.00389,0.00944
hin,private_calls,0,0.00396,0.01109
hin,private_calls,0,0.00615,0.06194
hin,private_calls,0,0.94509,0.09151
hin,private_calls,0,0.00444,0.02069
hin,private_calls,1,0.99206,0.52626
hin,private_calls,1,0.02954,0.04633
hin,private_calls,0,0.00438,0.00975
hin,private_calls,1,0.99231,0.81489
hin,private_calls,0,0.99036,0.61629
hin,private_calls,0,0.00394,0.01173
hin,private_calls,0,0.01195,0.03873
hin,private_calls,0,0.43128,0.09028
hin,private_calls,0,0.98420,0.18937
hin,private_calls,0,0.00398,0.00958
hin,private_calls,0,0.00456,0.01738
hin,private_calls,0,0.00436,0.01992
hin,private_calls,0,0.99147,0.31643
hin,private_calls,0,0.98802,0.83439
hin,private_calls,0,0.98786,0.53769
hin,private_calls,0,0.72394,0.13323
hin,private_calls,0,0.99029,0.74488
hin,private_calls,0,0.98810,0.19310
hin,private_calls,0,0.00393,0.01598
hin,private_calls,1,0.99132,0.75936
hin,private_calls,0,0.00436,0.01081
hin,private_calls,0,0.99106,0.74145
hin,private_calls,0,0.00396,0.01496
hin,private_calls,0,0.00400,0.01095
hin,private_calls,1,0.99203,0.97047
hin,private_calls,0,0.00399,0.01065
hin,private_calls,0,0.97179,0.07228
hin,private_calls,0,0.00381,0.00759
hin,private_calls,0,0.18999,0.12526
hin,private_calls,0,0.98777,0.25298
hin,private_calls,0,0.99091,0.25583
hin,private_calls,0,0.99176,0.45556
hin,private_calls,0,0.99223,0.11913
hin,private_calls,0,0.99002,0.30758
hin,private_calls,0,0.52543,0.08711
hin,private_calls,0,0.99068,0.18398
hin,private_calls,0,0.33093,0.11121
hin,private_calls,0,0.98890,0.71249
hin,private_calls,0,0.00385,0.00626
hin,private_calls,0,0.98788,0.51601
hin,private_calls,0,0.99212,0.85456
hin,private_calls,0,0.99121,0.66491
hin,private_calls,0,0.00422,0.01094
hin,private_calls,0,0.98617,0.10006
hin,private_calls,0,0.82670,0.04240
hin,private_calls,0,0.95130,0.26077
hin,private_calls,1,0.99017,0.10672
kan,private_calls,1,0.01618,0.14315
kan,private_calls,0,0.21350,0.06998
kan,private_calls,0,0.01193,0.00892
kan,private_calls,0,0.26036,0.07580
kan,private_calls,0,0.99223,0.93143
kan,private_calls,0,0.25805,0.06286
kan,private_calls,0,0.98242,0.06973
kan,private_calls,0,0.21933,0.03542
kan,private_calls,1,0.99066,0.75219
kan,private_calls,1,0.98352,0.64997
kan,private_calls,0,0.00389,0.00660
kan,private_calls,0,0.82972,0.05306
kan,private_calls,1,0.09519,0.06410
kan,private_calls,1,0.00384,0.01032
kan,private_calls,0,0.00390,0.00656
kan,private_calls,0,0.09382,0.11409
kan,private_calls,0,0.00399,0.00967
kan,private_calls,0,0.00395,0.01103
kan,private_calls,0,0.00381,0.00987
kan,private_calls,0,0.00435,0.02023
kan,private_calls,0,0.85882,0.04275
kan,private_calls,0,0.01360,0.03420
kan,private_calls,1,0.00653,0.09151
kan,private_calls,0,0.00393,0.00868
kan,private_calls,0,0.96872,0.06711
kan,private_calls,0,0.01495,0.02538
kan,private_calls,0,0.12571,0.05667
kan,private_calls,0,0.01613,0.01488
kan,private_calls,0,0.00385,0.01172
kan,private_calls,0,0.00428,0.01745
kan,private_calls,0,0.00383,0.00635
kan,private_calls,0,0.02414,0.10847
kan,private_calls,0,0.00831,0.02328
kan,private_calls,0,0.95948,0.15708
kan,private_calls,0,0.00391,0.01426
kan,private_calls,0,0.00384,0.00813
kan,private_calls,0,0.97459,0.04155
kan,private_calls,0,0.00388,0.00878
kan,private_calls,1,0.97713,0.50386
kan,private_calls,0,0.00499,0.02187
kan,private_calls,1,0.98686,0.63638
kan,private_calls,0,0.10221,0.02620
kan,private_calls,0,0.00385,0.00700
kan,private_calls,0,0.00575,0.02487
kan,private_calls,0,0.00415,0.02798
kan,private_calls,0,0.00407,0.02080
kan,private_calls,0,0.00374,0.00641
kan,private_calls,1,0.99159,0.97463
kan,private_calls,1,0.99159,0.95567
kan,private_calls,0,0.00501,0.04492
kan,private_calls,1,0.99207,0.98202
kan,private_calls,0,0.00411,0.12283
kan,private_calls,0,0.00371,0.00699
kan,private_calls,0,0.98095,0.58207
kan,private_calls,0,0.00420,0.07891
kan,private_calls,0,0.00433,0.03263
kan,private_calls,0,0.00382,0.00666
kan,private_calls,0,0.00430,0.03088
kan,private_calls,0,0.00376,0.00685
kan,private_calls,0,0.00369,0.00769
kan,private_calls,0,0.98713,0.70767
kan,private_calls,0,0.00378,0.00610
kan,private_calls,0,0.00373,0.00918
kan,private_calls,0,0.02088,0.07427
kan,private_calls,0,0.00398,0.01330
kan,private_calls,0,0.00434,0.02583
kan,private_calls,0,0.95598,0.19825
kan,private_calls,0,0.00386,0.00830
kan,private_calls,0,0.00387,0.01841
kan,private_calls,1,0.02082,0.14496
kan,private_calls,0,0.01617,0.08852
kan,private_calls,0,0.47442,0.02773
kan,private_calls,0,0.00423,0.02328
kan,private_calls,0,0.00372,0.01059
kan,private_calls,0,0.98674,0.93709
kan,private_calls,1,0.98945,0.97422
kan,private_calls,0,0.13908,0.31407
kan,private_calls,0,0.74023,0.12188
kan,private_calls,1,0.02886,0.35754
kan,private_calls,1,0.00375,0.00718
kan,private_calls,0,0.86706,0.51684
kan,private_calls,0,0.00396,0.01486
kan,private_calls,1,0.96503,0.84732
kan,private_calls,1,0.99242,0.98532
kan,private_calls,0,0.00734,0.07940
kan,private_calls,1,0.00840,0.03233
kan,private_calls,0,0.00376,0.02054
kan,private_calls,1,0.99155,0.94619
kan,private_calls,0,0.98709,0.41000
kan,private_calls,0,0.78456,0.08525
kan,private_calls,0,0.00378,0.00675
kan,private_calls,1,0.98726,0.79987
kan,private_calls,0,0.08301,0.09360
kan,private_calls,0,0.00376,0.01335
kan,private_calls,0,0.98204,0.28325
kan,private_calls,0,0.72163,0.20882
kan,private_calls,1,0.98787,0.95695
kan,private_calls,0,0.00377,0.01243
kan,private_calls,0,0.00419,0.03353
kan,private_calls,0,0.00410,0.01491
kan,private_calls,0,0.00415,0.03330
kan,private_calls,0,0.91060,0.03551
kan,private_calls,0,0.67750,0.04774
kan,private_calls,0,0.00391,0.01107
kan,private_calls,0,0.00386,0.00854
kan,private_calls,0,0.00376,0.00800
kan,private_calls,0,0.23452,0.03359
kan,private_calls,0,0.00366,0.00640
kan,private_calls,0,0.00378,0.01399
kan,private_calls,0,0.00372,0.00710
kan,private_calls,0,0.00374,0.00982
kan,private_calls,1,0.96505,0.51180
kan,private_calls,0,0.97302,0.12837
kan,private_calls,0,0.00368,0.02283
kan,private_calls,0,0.94140,0.07384
kan,private_calls,0,0.01008,0.02387
kan,private_calls,0,0.00376,0.00845
kan,private_calls,0,0.00520,0.02950
kan,private_calls,0,0.00393,0.02253
kan,private_calls,0,0.00376,0.00569
kan,private_calls,0,0.15785,0.06488
kan,private_calls,0,0.11907,0.03164
kan,private_calls,0,0.99255,0.94136
kan,private_calls,0,0.19360,0.12590
kan,private_calls,0,0.00411,0.01597
kan,private_calls,0,0.96003,0.14732
kan,private_calls,1,0.99182,0.96435
kan,private_calls,0,0.00390,0.01002
kan,private_calls,0,0.01019,0.18612
kan,private_calls,0,0.00484,0.03026
kan,private_calls,0,0.00383,0.00971
kan,private_calls,0,0.00384,0.02016
kan,private_calls,0,0.00377,0.00901
kan,private_calls,0,0.30349,0.12986
kan,private_calls,1,0.74332,0.74867
kan,private_calls,0,0.00392,0.01352
kan,private_calls,0,0.00519,0.02260
kan,private_calls,0,0.62103,0.09897
kan,private_calls,0,0.00379,0.01775
kan,private_calls,0,0.97034,0.13518
kan,private_calls,0,0.00369,0.00725
kan,private_calls,1,0.96738,0.87042
kan,private_calls,0,0.00377,0.00561
kan,private_calls,0,0.00369,0.00638
kan,private_calls,0,0.00378,0.00902
kan,private_calls,0,0.00369,0.00613
kan,private_calls,1,0.98080,0.73238
kan,private_calls,0,0.97943,0.10620
kan,private_calls,0,0.98425,0.09283
kan,private_calls,1,0.89487,0.79104
kan,private_calls,0,0.00372,0.00703
kan,private_calls,0,0.00373,0.00690
kan,private_calls,0,0.00375,0.00656
kan,private_calls,0,0.02166,0.04220
kan,private_calls,1,0.98778,0.48311
kan,private_calls,0,0.44699,0.02664
kan,private_calls,0,0.00377,0.00685
kan,private_calls,0,0.00418,0.01999
kan,private_calls,0,0.97171,0.07032
kan,private_calls,0,0.98441,0.03957
kan,private_calls,0,0.00394,0.01441
kan,private_calls,0,0.93952,0.08155
kan,private_calls,0,0.98926,0.06321
kan,private_calls,0,0.98288,0.01345
kan,private_calls,0,0.98563,0.04733
kan,private_calls,0,0.92912,0.08676
kan,private_calls,0,0.98643,0.35447
kan,private_calls,0,0.98948,0.01812
kan,private_calls,0,0.02636,0.01124
kan,private_calls,0,0.98553,0.52262
kan,private_calls,0,0.00388,0.00592
kan,private_calls,0,0.96602,0.20526
kan,private_calls,1,0.99041,0.17404
kan,private_calls,0,0.99081,0.75625
kan,private_calls,0,0.99029,0.05417
kan,private_calls,0,0.00379,0.00634
kan,private_calls,0,0.98614,0.09199
kan,private_calls,1,0.00382,0.00717
kan,private_calls,0,0.99064,0.87865
kan,private_calls,0,0.98261,0.07729
kan,private_calls,1,0.99046,0.69831
kan,private_calls,0,0.00385,0.00778
kan,private_calls,0,0.96246,0.03379
kan,private_calls,0,0.00382,0.00738
kan,private_calls,0,0.00368,0.00640
kan,private_calls,0,0.89384,0.37379
kan,private_calls,0,0.99047,0.66518
kan,private_calls,1,0.99165,0.92159
kan,private_calls,0,0.97700,0.05610
kan,private_calls,0,0.00376,0.01296
kan,private_calls,0,0.08356,0.02676
kan,private_calls,0,0.98247,0.14863
kan,private_calls,0,0.00386,0.01028
kan,private_calls,1,0.99174,0.85478
kan,private_calls,0,0.98821,0.18655
kan,private_calls,0,0.98110,0.03054
kan,private_calls,0,0.07558,0.01000
kan,private_calls,1,0.54537,0.10178
kan,private_calls,0,0.00472,0.02417
kan,private_calls,0,0.00663,0.01173
kan,private_calls,0,0.00389,0.00961
kan,private_calls,0,0.79833,0.08330
kan,private_calls,0,0.98438,0.56602
kan,private_calls,1,0.99185,0.92906
kan,private_calls,0,0.99160,0.45375
kan,private_calls,0,0.00416,0.01048
kan,private_calls,0,0.00418,0.00949
kan,private_calls,0,0.00571,0.03508
kan,private_calls,0,0.99221,0.88094
kan,private_calls,1,0.99242,0.97172
kan,private_calls,0,0.01254,0.03175
kan,private_calls,1,0.99151,0.85942
kan,private_calls,0,0.00376,0.01815
kan,private_calls,1,0.99177,0.23193
kan,private_calls,0,0.00376,0.00783
kan,private_calls,0,0.00370,0.00633
kan,private_calls,1,0.99177,0.98253
kan,private_calls,0,0.00398,0.02293
kan,private_calls,0,0.19801,0.02836
kan,private_calls,0,0.00372,0.00547
kan,private_calls,0,0.00370,0.00680
kan,private_calls,0,0.00415,0.01422
kan,private_calls,0,0.00376,0.00596
kan,private_calls,0,0.88150,0.05605
kan,private_calls,0,0.00368,0.00591
kan,private_calls,0,0.00389,0.01515
kan,private_calls,0,0.00374,0.01015
kan,private_calls,0,0.98938,0.20199
kan,private_calls,0,0.00613,0.01012
kan,private_calls,0,0.00385,0.00580
kan,private_calls,1,0.98086,0.04972
kan,private_calls,0,0.00374,0.00688
kan,private_calls,0,0.00373,0.00640
kan,private_calls,1,0.99209,0.98603
kan,private_calls,0,0.00390,0.02748
kan,private_calls,0,0.00378,0.01011
kan,private_calls,1,0.98906,0.25811
kan,private_calls,0,0.00373,0.00769
kan,private_calls,0,0.00415,0.02057
kan,private_calls,0,0.00389,0.01071
kan,private_calls,1,0.94698,0.06112
kan,private_calls,0,0.00379,0.01223
kan,private_calls,0,0.00406,0.01887
kan,private_calls,0,0.81490,0.11928
kan,private_calls,0,0.35602,0.04320
kan,private_calls,1,0.99099,0.70040
kan,private_calls,0,0.00393,0.00836
kan,private_calls,1,0.99148,0.80884
kan,private_calls,0,0.00374,0.00681
kan,private_calls,0,0.86324,0.02106
kan,private_calls,0,0.00383,0.03204
kan,private_calls,0,0.99169,0.16286
kan,private_calls,0,0.00587,0.00980
kan,private_calls,0,0.00374,0.00806
kan,private_calls,0,0.00386,0.01019
kan,private_calls,0,0.02136,0.01588
kan,private_calls,0,0.02405,0.01913
kan,private_calls,0,0.00375,0.00983
kan,private_calls,0,0.00375,0.01035
kan,private_calls,0,0.00382,0.01828
kan,private_calls,1,0.17220,0.10745
kan,private_calls,0,0.00396,0.04247
kan,private_calls,0,0.00407,0.02467
kan,private_calls,0,0.95581,0.05147
kan,private_calls,0,0.05737,0.01898
kan,private_calls,0,0.00432,0.00903
kan,private_calls,0,0.00459,0.01028
kan,private_calls,0,0.00376,0.00880
kan,private_calls,0,0.07096,0.03932
kan,private_calls,0,0.00426,0.01984
kan,private_calls,0,0.87819,0.08163
kan,private_calls,0,0.00389,0.01039
kan,private_calls,0,0.00402,0.01294
kan,private_calls,0,0.01048,0.01313
kan,private_calls,0,0.00464,0.01276
kan,private_calls,0,0.00407,0.00771
kan,private_calls,0,0.83314,0.04321
kan,private_calls,0,0.00480,0.03187
kan,private_calls,0,0.00395,0.01533
kan,private_calls,0,0.00408,0.01982
kan,private_calls,0,0.00375,0.00675
kan,private_calls,0,0.01062,0.01737
kan,private_calls,0,0.09600,0.03062
kan,private_calls,0,0.00380,0.00673
kan,private_calls,0,0.00408,0.00909
kan,private_calls,0,0.00382,0.00672
kan,private_calls,1,0.23451,0.07294
kan,private_calls,0,0.00386,0.00804
kan,private_calls,0,0.00439,0.01532
kan,private_calls,0,0.98965,0.06504
kan,private_calls,0,0.98669,0.02099
kan,private_calls,0,0.00375,0.00714
kan,private_calls,1,0.98889,0.64147
kan,private_calls,1,0.99154,0.91950
kan,private_calls,1,0.98868,0.86003
kan,private_calls,1,0.01084,0.06169
kan,private_calls,1,0.99150,0.95178
kan,private_calls,0,0.95058,0.04864
kan,private_calls,1,0.99212,0.98538
kan,private_calls,0,0.00392,0.01815
kan,private_calls,1,0.99197,0.97638
kan,private_calls,1,0.98241,0.91464
kan,private_calls,0,0.00561,0.03169
kan,private_calls,0,0.00395,0.01956
kan,private_calls,1,0.95802,0.92576
kan,private_calls,1,0.99227,0.96636
kan,private_calls,0,0.00860,0.02311
kan,private_calls,0,0.00371,0.00735
kan,private_calls,0,0.18036,0.01487
kan,private_calls,0,0.98992,0.35896
kan,private_calls,1,0.89518,0.08642
kan,private_calls,0,0.99050,0.70451
kan,private_calls,0,0.00377,0.00620
kan,private_calls,0,0.00473,0.02410
kan,private_calls,0,0.04309,0.26100
kan,private_calls,0,0.00389,0.01176
kan,private_calls,0,0.98967,0.14337
kan,private_calls,0,0.98862,0.33912
kan,private_calls,0,0.00377,0.01008
kan,private_calls,0,0.00392,0.00832
kan,private_calls,0,0.00464,0.01272
kan,private_calls,0,0.18412,0.07629
kan,private_calls,1,0.99187,0.98601
kan,private_calls,0,0.00420,0.01435
kan,private_calls,0,0.99078,0.24277
kan,private_calls,0,0.00433,0.02236
kan,private_calls,0,0.96945,0.09244
kan,private_calls,0,0.00454,0.00956
kan,private_calls,0,0.18439,0.01164
kan,private_calls,1,0.98388,0.72067
kan,private_calls,0,0.00372,0.00781
kan,private_calls,0,0.01183,0.04904
kan,private_calls,0,0.00444,0.02312
kan,private_calls,0,0.97714,0.10652
kan,private_calls,1,0.99177,0.81876
kan,private_calls,1,0.99086,0.96368
kan,private_calls,0,0.85599,0.01984
kan,private_calls,0,0.41002,0.02475
kan,private_calls,0,0.99146,0.04423
kan,private_calls,0,0.71846,0.03471
kan,private_calls,0,0.98235,0.01539
kan,private_calls,0,0.99107,0.24863
kan,private_calls,0,0.00426,0.01691
kan,private_calls,0,0.28349,0.09108
kan,private_calls,0,0.00757,0.03573
kan,private_calls,1,0.99132,0.89480
kan,private_calls,0,0.00600,0.00821
kan,private_calls,0,0.00738,0.03110
kan,private_calls,0,0.98766,0.26368
kan,private_calls,0,0.28937,0.01070
kan,private_calls,0,0.00377,0.00644
kan,private_calls,1,0.99078,0.61232
kan,private_calls,0,0.00367,0.00772
kan,private_calls,1,0.98988,0.91349
kan,private_calls,0,0.03648,0.01393
kan,private_calls,1,0.00405,0.01613
kan,private_calls,1,0.99253,0.98342
kan,private_calls,1,0.98920,0.94311
kan,private_calls,0,0.99158,0.58181
kan,private_calls,1,0.97979,0.46889
kan,private_calls,0,0.00380,0.02365
kan,private_calls,1,0.99021,0.92943
kan,private_calls,0,0.98598,0.04729
kan,private_calls,1,0.99013,0.89697
kan,private_calls,0,0.00409,0.00914
kan,private_calls,0,0.00391,0.01404
kan,private_calls,1,0.99046,0.96763
kan,private_calls,0,0.00397,0.00890
kan,private_calls,0,0.98629,0.27197
kan,private_calls,1,0.97467,0.63441
kan,private_calls,1,0.98885,0.61315
kan,private_calls,1,0.99122,0.95363
kan,private_calls,1,0.99223,0.98136
kan,private_calls,0,0.00384,0.00984
kan,private_calls,0,0.00385,0.00978
kan,private_calls,0,0.00382,0.00782
kan,private_calls,0,0.00390,0.01359
kan,private_calls,1,0.99250,0.94527
kan,private_calls,0,0.00380,0.00882
kan,private_calls,0,0.00385,0.00588
kan,private_calls,0,0.85571,0.05374
kan,private_calls,0,0.00401,0.01026
kan,private_calls,1,0.80167,0.87065
kan,private_calls,1,0.99184,0.66480
kan,private_calls,0,0.83007,0.02037
kan,private_calls,0,0.07644,0.04416
kan,private_calls,0,0.89385,0.08927
kan,private_calls,0,0.00391,0.02017
kan,private_calls,1,0.99218,0.95835
kan,private_calls,0,0.95160,0.16500
kan,private_calls,1,0.99200,0.98586
kan,private_calls,1,0.99258,0.98644
kan,private_calls,1,0.99173,0.98294
kan,private_calls,0,0.00435,0.00936
kan,private_calls,0,0.00382,0.00570
kan,private_calls,1,0.00954,0.04812
kan,private_calls,1,0.98150,0.89170
kan,private_calls,0,0.00386,0.00519
kan,private_calls,0,0.04040,0.01821
kan,private_calls,0,0.00380,0.00765
kan,private_calls,1,0.86329,0.39734
kan,private_calls,0,0.93007,0.19358
kan,private_calls,0,0.00385,0.00564
kan,private_calls,0,0.00386,0.00572
kan,private_calls,0,0.12238,0.12920
kan,private_calls,1,0.98892,0.97067
kan,private_calls,0,0.00394,0.01751
kan,private_calls,0,0.00384,0.01186
kan,private_calls,0,0.90230,0.17547
kan,private_calls,0,0.00382,0.00614
kan,private_calls,0,0.00393,0.01061
kan,private_calls,1,0.50132,0.58069
kan,private_calls,1,0.99236,0.97793
kan,private_calls,1,0.98193,0.90430
kan,private_calls,0,0.00380,0.00868
kan,private_calls,1,0.71980,0.72913
kan,private_calls,0,0.00450,0.01058
kan,private_calls,0,0.61644,0.02205
kan,private_calls,0,0.00383,0.00574
kan,private_calls,0,0.00395,0.01134
kan,private_calls,0,0.02304,0.14930
kan,private_calls,1,0.98143,0.90064
kan,private_calls,0,0.00386,0.00537
kan,private_calls,1,0.98977,0.92704
kan,private_calls,0,0.00382,0.00598
kan,private_calls,0,0.97888,0.08319
kan,private_calls,0,0.77108,0.07257
kan,private_calls,0,0.00385,0.00561
kan,private_calls,0,0.00394,0.01022
kan,private_calls,1,0.99116,0.94712
kan,private_calls,0,0.98738,0.03996
kan,private_calls,1,0.99244,0.98418
kan,private_calls,0,0.00372,0.00694
kan,private_calls,0,0.00380,0.01756
kan,private_calls,0,0.00377,0.00739
kan,private_calls,0,0.00376,0.00698
kan,private_calls,0,0.00568,0.01245
kan,private_calls,0,0.00372,0.00745
kan,private_calls,0,0.00834,0.01358
kan,private_calls,0,0.13695,0.04880
kan,private_calls,0,0.36319,0.05171
kan,private_calls,1,0.98955,0.92087
kan,private_calls,0,0.96657,0.69853
kan,private_calls,0,0.00374,0.00621
kan,private_calls,0,0.00379,0.00620
kan,private_calls,0,0.00375,0.00657
kan,private_calls,0,0.00377,0.00568
kan,private_calls,0,0.00379,0.00621
kan,private_calls,0,0.03672,0.02759
kan,private_calls,0,0.93629,0.46778
kan,private_calls,1,0.99115,0.93670
kan,private_calls,0,0.00390,0.01478
kan,private_calls,0,0.14512,0.18025
kan,private_calls,0,0.00372,0.00821
kan,private_calls,1,0.01474,0.05613
kan,private_calls,0,0.00375,0.00833
kan,private_calls,0,0.07369,0.04994
kan,private_calls,0,0.00379,0.01134
kan,private_calls,0,0.00371,0.00703
kan,private_calls,0,0.00388,0.01476
kan,private_calls,0,0.00371,0.00798
kan,private_calls,1,0.98458,0.94210
kan,private_calls,0,0.00383,0.00811
kan,private_calls,1,0.99154,0.97571
kan,private_calls,0,0.00371,0.00537
kan,private_calls,0,0.00372,0.00659
kan,private_calls,1,0.98894,0.84599
kan,private_calls,0,0.00372,0.00639
kan,private_calls,0,0.00376,0.00662
kan,private_calls,0,0.98391,0.71348
kan,private_calls,0,0.00396,0.01185
kan,private_calls,0,0.99048,0.05228
kan,private_calls,0,0.00378,0.00654
kan,private_calls,0,0.00374,0.00678
kan,private_calls,0,0.00384,0.01412
kan,private_calls,1,0.99120,0.91329
kan,private_calls,0,0.00390,0.00787
kan,private_calls,0,0.00401,0.01293
kan,private_calls,1,0.99226,0.97150
kan,private_calls,0,0.62917,0.01904
kan,private_calls,0,0.00385,0.00861
kan,private_calls,1,0.00409,0.01074
kan,private_calls,0,0.98554,0.03140
kan,private_calls,1,0.99200,0.97567
kan,private_calls,0,0.00521,0.01861
kan,private_calls,0,0.99044,0.22356
kan,private_calls,0,0.98197,0.01668
kan,private_calls,0,0.00376,0.00567
kan,private_calls,0,0.05147,0.02866
kan,private_calls,0,0.00377,0.00607
kan,private_calls,1,0.99228,0.98653
kan,private_calls,0,0.00376,0.00991
kan,private_calls,0,0.00371,0.00615
kan,private_calls,0,0.98798,0.31392
kan,private_calls,1,0.99178,0.93566
kan,private_calls,1,0.99068,0.85253
kan,private_calls,0,0.00366,0.00642
kan,private_calls,0,0.00370,0.00634
kan,private_calls,0,0.00428,0.02507
kan,private_calls,0,0.00376,0.00632
kan,private_calls,1,0.99151,0.84704
kan,private_calls,1,0.98626,0.45900
kan,private_calls,1,0.00488,0.06941
kan,private_calls,0,0.00410,0.02108
kan,private_calls,0,0.96665,0.14598
kan,private_calls,0,0.91233,0.08160
kan,private_calls,0,0.01807,0.01570
kan,private_calls,0,0.00514,0.01194
kan,private_calls,1,0.02518,0.06855
kan,private_calls,0,0.00372,0.01998
kan,private_calls,0,0.00385,0.01802
kan,private_calls,0,0.00395,0.02611
kan,private_calls,1,0.99157,0.89473
kan,private_calls,0,0.00370,0.00754
kan,private_calls,0,0.00372,0.00795
kan,private_calls,1,0.91094,0.42322
kan,private_calls,0,0.00377,0.01895
kan,private_calls,0,0.77026,0.12216
kan,private_calls,1,0.02339,0.03876
kan,private_calls,1,0.98819,0.90666
kan,private_calls,0,0.00373,0.00607
kan,private_calls,1,0.99198,0.98176
kan,private_calls,1,0.98936,0.80995
kan,private_calls,1,0.99124,0.90744
kan,private_calls,1,0.99135,0.88717
kan,private_calls,1,0.99071,0.80058
kan,private_calls,1,0.98819,0.97199
kan,private_calls,1,0.99114,0.98222
kan,private_calls,1,0.99201,0.92403
kan,private_calls,0,0.00495,0.01120
kan,private_calls,0,0.00377,0.00577
kan,private_calls,0,0.00433,0.00973
kan,private_calls,0,0.00818,0.04863
kan,private_calls,0,0.00380,0.01054
kan,private_calls,0,0.00616,0.02113
kan,private_calls,0,0.49357,0.02062
kan,private_calls,1,0.98807,0.88621
kan,private_calls,0,0.03425,0.01007
kan,private_calls,0,0.99087,0.14407
kan,private_calls,0,0.00372,0.00766
kan,private_calls,0,0.97810,0.03424
kan,private_calls,0,0.00435,0.01846
kan,private_calls,1,0.98994,0.78414
kan,private_calls,0,0.00482,0.00773
kan,private_calls,0,0.37895,0.01402
kan,private_calls,1,0.99244,0.96971
kan,private_calls,0,0.00664,0.00711
kan,private_calls,0,0.00402,0.00982
kan,private_calls,0,0.97934,0.05989
kan,private_calls,0,0.00471,0.02126
kan,private_calls,0,0.00372,0.00930
kan,private_calls,1,0.87976,0.23732
kan,private_calls,0,0.00369,0.00601
kan,private_calls,0,0.01074,0.02526
kan,private_calls,0,0.15320,0.03781
kan,private_calls,1,0.98842,0.18918
kan,private_calls,0,0.00376,0.01286
kan,private_calls,0,0.95675,0.12365
kan,private_calls,0,0.16894,0.01404
kan,private_calls,0,0.00384,0.01329
kan,private_calls,1,0.98185,0.26461
kan,private_calls,0,0.99244,0.26819
kan,private_calls,0,0.00471,0.01545
kan,private_calls,0,0.99064,0.07897
kan,private_calls,1,0.99213,0.97943
kan,private_calls,0,0.00377,0.00788
kan,private_calls,1,0.99068,0.90240
kan,private_calls,0,0.99256,0.50585
kan,private_calls,0,0.02629,0.04319
kan,private_calls,0,0.73699,0.10976
kan,private_calls,0,0.00381,0.01157
kan,private_calls,0,0.99139,0.14141
kan,private_calls,1,0.98301,0.92646
kan,private_calls,0,0.98918,0.03685
kan,private_calls,0,0.99204,0.71903
kan,private_calls,1,0.99258,0.96609
kan,private_calls,0,0.97968,0.20677
kan,private_calls,0,0.99209,0.10040
kan,private_calls,0,0.00373,0.00626
kan,private_calls,0,0.99238,0.48022
kan,private_calls,1,0.99134,0.94442
kan,private_calls,0,0.99247,0.96824
kan,private_calls,0,0.00479,0.02780
kan,private_calls,1,0.98519,0.40626
kan,private_calls,0,0.00375,0.00905
kan,private_calls,1,0.99160,0.95733
kan,private_calls,1,0.96446,0.02691
kan,private_calls,0,0.00371,0.00663
kan,private_calls,0,0.01634,0.02011
kan,private_calls,0,0.01064,0.02696
kan,private_calls,0,0.23671,0.03401
kan,private_calls,0,0.00377,0.00733
kan,private_calls,1,0.99146,0.97567
kan,private_calls,0,0.99120,0.49176
kan,private_calls,0,0.00422,0.01221
kan,private_calls,0,0.99143,0.09446
kan,private_calls,0,0.00368,0.00710
kan,private_calls,0,0.05632,0.02013
kan,private_calls,0,0.98661,0.07892
kan,private_calls,0,0.00369,0.00710
kan,private_calls,1,0.99225,0.96741
kan,private_calls,0,0.97180,0.02702
kan,private_calls,1,0.99160,0.56481
kan,private_calls,0,0.00416,0.01489
kan,private_calls,0,0.00416,0.00717
kan,private_calls,0,0.98902,0.31460
kan,private_calls,1,0.99233,0.95223
kan,private_calls,1,0.99007,0.59653
kan,private_calls,1,0.01430,0.14963
kan,private_calls,0,0.00678,0.08650
kan,private_calls,0,0.00372,0.00664
kan,private_calls,0,0.00372,0.00678
kan,private_calls,0,0.00372,0.00653
kan,private_calls,0,0.00404,0.02188
kan,private_calls,0,0.00373,0.01317
kan,private_calls,0,0.00387,0.05017
kan,private_calls,0,0.26126,0.13266
kan,private_calls,1,0.03394,0.08993
kan,private_calls,0,0.98044,0.08156
kan,private_calls,0,0.00359,0.01414
kan,private_calls,0,0.00362,0.00818
kan,private_calls,0,0.00381,0.04260
kan,private_calls,0,0.00368,0.00544
kan,private_calls,0,0.37846,0.03714
kan,private_calls,0,0.00386,0.02462
kan,private_calls,0,0.00394,0.15807
kan,private_calls,0,0.00474,0.03911
kan,private_calls,0,0.00363,0.00660
kan,private_calls,0,0.00360,0.00829
kan,private_calls,0,0.00362,0.00634
kan,private_calls,0,0.00361,0.00564
kan,private_calls,0,0.02760,0.08395
kan,private_calls,0,0.10073,0.13474
kan,private_calls,0,0.00385,0.01394
kan,private_calls,0,0.00666,0.11688
kan,private_calls,0,0.00364,0.01057
kan,private_calls,0,0.00367,0.00672
kan,private_calls,0,0.02433,0.21316
mal,private_calls,1,0.98886,0.94190
mal,private_calls,0,0.00369,0.00649
mal,private_calls,1,0.99233,0.98179
mal,private_calls,0,0.00366,0.00635
mal,private_calls,0,0.00362,0.00666
mal,private_calls,0,0.00441,0.01336
mal,private_calls,1,0.98914,0.31767
mal,private_calls,0,0.00358,0.00664
mal,private_calls,0,0.00400,0.01951
mal,private_calls,0,0.00626,0.01471
mal,private_calls,0,0.00367,0.00718
mal,private_calls,0,0.00360,0.00582
mal,private_calls,0,0.00362,0.00776
mal,private_calls,0,0.00375,0.00861
mal,private_calls,0,0.00373,0.00630
mal,private_calls,0,0.00363,0.00532
mal,private_calls,0,0.00358,0.00674
mal,private_calls,0,0.00362,0.01349
mal,private_calls,0,0.00367,0.00685
mal,private_calls,0,0.00677,0.01615
mal,private_calls,0,0.03999,0.03624
mal,private_calls,0,0.03370,0.01139
mal,private_calls,0,0.00371,0.00601
mal,private_calls,0,0.02083,0.04696
mal,private_calls,0,0.04459,0.19760
mal,private_calls,0,0.00493,0.04133
mal,private_calls,1,0.00951,0.02732
mal,private_calls,0,0.87986,0.09248
mal,private_calls,0,0.00449,0.01587
mal,private_calls,0,0.17628,0.05258
mal,private_calls,0,0.00363,0.00665
mal,private_calls,0,0.00356,0.01229
mal,private_calls,0,0.00388,0.00946
mal,private_calls,0,0.00358,0.00670
mal,private_calls,0,0.00358,0.00726
mal,private_calls,0,0.00432,0.05460
mal,private_calls,0,0.00423,0.03271
mal,private_calls,0,0.34296,0.07594
mal,private_calls,0,0.00358,0.00556
mal,private_calls,0,0.00363,0.00713
mal,private_calls,0,0.00366,0.00696
mal,private_calls,0,0.97966,0.59257
mal,private_calls,0,0.00364,0.00590
mal,private_calls,0,0.00366,0.00597
mal,private_calls,0,0.00361,0.01072
mal,private_calls,0,0.00388,0.00832
mal,private_calls,0,0.00386,0.00757
mal,private_calls,0,0.00399,0.01943
mal,private_calls,0,0.00422,0.04008
mal,private_calls,1,0.98978,0.80332
mal,private_calls,1,0.00403,0.01484
mal,private_calls,1,0.71379,0.45455
mal,private_calls,1,0.98791,0.94882
mal,private_calls,0,0.00387,0.00751
mal,private_calls,1,0.99196,0.93357
mal,private_calls,1,0.99131,0.92615
mal,private_calls,1,0.00387,0.00731
mal,private_calls,1,0.99235,0.92380
mal,private_calls,1,0.99203,0.95133
mal,private_calls,1,0.97263,0.19531
mal,private_calls,1,0.99236,0.97896
mal,private_calls,1,0.98957,0.94712
mal,private_calls,0,0.95557,0.09740
mal,private_calls,0,0.01758,0.07479
mal,private_calls,0,0.98901,0.29121
mal,private_calls,0,0.82774,0.18178
mal,private_calls,1,0.09644,0.41558
mal,private_calls,0,0.00403,0.00679
mal,private_calls,0,0.89468,0.21678
mal,private_calls,0,0.00386,0.00912
mal,private_calls,0,0.00396,0.00962
mal,private_calls,0,0.98398,0.07436
mal,private_calls,0,0.47183,0.32233
mal,private_calls,0,0.98868,0.07500
mal,private_calls,0,0.00393,0.00674
mal,private_calls,0,0.85910,0.03195
mal,private_calls,0,0.03220,0.09571
mal,private_calls,1,0.99006,0.50972
mal,private_calls,1,0.03331,0.19462
mal,private_calls,0,0.04830,0.05252
mal,private_calls,0,0.98493,0.41918
mal,private_calls,0,0.00823,0.04388
mal,private_calls,1,0.97781,0.42789
mal,private_calls,1,0.82301,0.30990
mal,private_calls,0,0.98406,0.11377
mal,private_calls,1,0.00872,0.06685
mal,private_calls,1,0.98501,0.49067
mal,private_calls,1,0.99182,0.96667
mal,private_calls,0,0.04997,0.23906
mal,private_calls,0,0.00854,0.03190
mal,private_calls,0,0.99209,0.96476
mal,private_calls,0,0.00422,0.01834
mal,private_calls,0,0.00417,0.09520
mal,private_calls,1,0.99026,0.84110
mal,private_calls,0,0.00436,0.03463
mal,private_calls,0,0.00382,0.01393
mal,private_calls,0,0.01184,0.01994
mal,private_calls,0,0.00397,0.01397
mal,private_calls,0,0.99214,0.95597
mal,private_calls,0,0.00501,0.02161
mal,private_calls,0,0.00545,0.01233
mal,private_calls,0,0.01417,0.01892
mal,private_calls,0,0.97512,0.02398
mal,private_calls,0,0.00388,0.00782
mal,private_calls,0,0.91202,0.03847
mal,private_calls,0,0.00398,0.00892
mal,private_calls,0,0.30862,0.04429
mal,private_calls,0,0.00408,0.01074
mal,private_calls,0,0.00551,0.01677
mal,private_calls,0,0.02573,0.02486
mal,private_calls,0,0.01155,0.01311
mal,private_calls,0,0.17787,0.09594
mal,private_calls,1,0.99027,0.91257
mal,private_calls,0,0.00371,0.00692
mal,private_calls,0,0.00616,0.01542
mal,private_calls,0,0.00374,0.00802
mal,private_calls,1,0.99151,0.98626
mal,private_calls,0,0.99250,0.98896
mal,private_calls,0,0.00376,0.01295
mal,private_calls,0,0.00506,0.00926
mal,private_calls,0,0.03229,0.01669
mal,private_calls,0,0.00418,0.01782
mal,private_calls,0,0.00390,0.00772
mal,private_calls,0,0.00364,0.00735
mal,private_calls,0,0.98948,0.05463
mal,private_calls,0,0.00380,0.00744
mal,private_calls,0,0.00366,0.00824
mal,private_calls,0,0.02173,0.04824
mal,private_calls,0,0.56733,0.09169
mal,private_calls,0,0.01018,0.04681
mal,private_calls,1,0.99232,0.97589
mal,private_calls,0,0.99174,0.68327
mal,private_calls,0,0.99229,0.17065
mal,private_calls,0,0.99131,0.14721
mal,private_calls,0,0.99117,0.68661
mal,private_calls,0,0.00379,0.00730
mal,private_calls,1,0.98700,0.47934
mal,private_calls,0,0.00373,0.00875
mal,private_calls,0,0.00437,0.01206
mal,private_calls,0,0.12239,0.06072
mal,private_calls,1,0.99220,0.94290
mal,private_calls,0,0.00539,0.02980
mal,private_calls,1,0.98472,0.81590
mal,private_calls,0,0.99028,0.62296
mal,private_calls,0,0.00379,0.01012
mal,private_calls,0,0.00369,0.00720
mal,private_calls,0,0.97110,0.17605
mal,private_calls,1,0.91961,0.33337
mal,private_calls,0,0.42713,0.19001
mal,private_calls,0,0.00379,0.01183
mal,private_calls,0,0.00375,0.01290
mal,private_calls,0,0.00384,0.02025
mal,private_calls,1,0.97652,0.62944
mal,private_calls,1,0.99251,0.98587
mal,private_calls,0,0.00392,0.02360
mal,private_calls,0,0.98968,0.78906
mal,private_calls,0,0.99219,0.95108
mal,private_calls,0,0.00369,0.01147
mal,private_calls,0,0.00369,0.02055
mal,private_calls,0,0.93965,0.33782
mal,private_calls,0,0.99156,0.77546
mal,private_calls,1,0.97986,0.75751
mal,private_calls,1,0.99084,0.94806
mal,private_calls,0,0.00837,0.01162
mal,private_calls,0,0.00440,0.04781
mal,private_calls,0,0.91669,0.04605
mal,private_calls,0,0.16681,0.02946
mal,private_calls,0,0.00402,0.01622
mal,private_calls,0,0.00365,0.02063
mal,private_calls,0,0.98679,0.86784
mal,private_calls,1,0.98250,0.71101
mal,private_calls,0,0.79492,0.64980
mal,private_calls,1,0.99220,0.69004
mal,private_calls,1,0.99219,0.94930
mal,private_calls,1,0.99242,0.97449
mal,private_calls,1,0.99188,0.95412
mal,private_calls,1,0.99224,0.92454
mal,private_calls,0,0.18108,0.09058
mal,private_calls,0,0.00384,0.00747
mal,private_calls,1,0.99242,0.97262
mal,private_calls,1,0.99069,0.73788
mal,private_calls,1,0.99185,0.94329
mal,private_calls,1,0.99250,0.78326
mal,private_calls,1,0.99166,0.59283
mal,private_calls,1,0.98009,0.44252
mal,private_calls,0,0.53992,0.17048
mal,private_calls,1,0.09939,0.40237
mal,private_calls,0,0.94867,0.23735
mal,private_calls,1,0.76551,0.75148
mal,private_calls,1,0.98908,0.54845
mal,private_calls,0,0.15784,0.11078
mal,private_calls,0,0.00388,0.01004
mal,private_calls,0,0.98633,0.17552
mal,private_calls,1,0.98626,0.65003
mal,private_calls,1,0.98118,0.72749
mal,private_calls,1,0.98959,0.70104
mal,private_calls,0,0.00384,0.00738
mal,private_calls,0,0.98979,0.94114
mal,private_calls,1,0.00470,0.01984
mal,private_calls,0,0.00417,0.00924
mal,private_calls,0,0.00392,0.01259
mal,private_calls,1,0.40753,0.10564
mal,private_calls,0,0.00471,0.09399
mal,private_calls,0,0.98225,0.27118
mal,private_calls,0,0.09120,0.04878
mal,private_calls,0,0.01238,0.03913
mal,private_calls,1,0.99001,0.65869
mal,private_calls,0,0.96827,0.05882
mal,private_calls,0,0.97753,0.87986
mal,private_calls,0,0.01316,0.02256
mal,private_calls,1,0.98671,0.46844
mal,private_calls,1,0.99135,0.91002
mal,private_calls,1,0.99034,0.86180
mal,private_calls,0,0.86543,0.08527
mal,private_calls,1,0.99103,0.81487
mal,private_calls,0,0.00390,0.00821
mal,private_calls,0,0.00407,0.00912
mal,private_calls,0,0.00383,0.00766
mal,private_calls,1,0.97298,0.51461
mal,private_calls,0,0.94917,0.16621
mal,private_calls,0,0.82260,0.06613
mal,private_calls,1,0.00384,0.00886
mal,private_calls,1,0.99182,0.50366
mal,private_calls,0,0.00383,0.01373
mal,private_calls,1,0.94500,0.19908
mal,private_calls,1,0.99020,0.68993
mal,private_calls,0,0.00441,0.02965
mal,private_calls,0,0.00512,0.03475
mal,private_calls,1,0.99010,0.67892
mal,private_calls,0,0.00421,0.01581
mal,private_calls,0,0.00441,0.01103
mal,private_calls,0,0.00766,0.04518
mal,private_calls,1,0.99069,0.88312
mal,private_calls,0,0.00487,0.03948
mal,private_calls,1,0.93924,0.81750
mal,private_calls,0,0.95071,0.05868
mal,private_calls,0,0.00452,0.01841
mal,private_calls,1,0.99179,0.89046
mal,private_calls,0,0.00418,0.06494
mal,private_calls,1,0.98969,0.71263
mal,private_calls,0,0.00365,0.00776
mal,private_calls,1,0.01175,0.01232
mal,private_calls,0,0.01516,0.03437
mal,private_calls,0,0.00361,0.00682
mal,private_calls,0,0.00381,0.00887
mal,private_calls,0,0.00398,0.01995
mal,private_calls,0,0.00359,0.00908
mal,private_calls,0,0.03063,0.04658
mal,private_calls,0,0.00374,0.01167
mal,private_calls,1,0.96057,0.18144
mal,private_calls,0,0.98693,0.03395
mal,private_calls,0,0.00460,0.00851
mal,private_calls,0,0.00377,0.01210
mal,private_calls,0,0.96227,0.10981
mal,private_calls,0,0.00650,0.05317
mal,private_calls,1,0.99248,0.98076
mal,private_calls,0,0.00377,0.00695
mal,private_calls,0,0.96845,0.02080
mal,private_calls,0,0.00372,0.01668
mal,private_calls,0,0.00418,0.02208
mal,private_calls,1,0.98884,0.58935
mal,private_calls,0,0.00368,0.00694
mal,private_calls,0,0.98363,0.05434
mal,private_calls,1,0.99238,0.96392
mal,private_calls,0,0.06613,0.04971
mal,private_calls,0,0.02104,0.18664
mal,private_calls,0,0.02603,0.06302
mal,private_calls,0,0.96932,0.11605
mal,private_calls,1,0.99194,0.62570
mal,private_calls,0,0.99045,0.09170
mal,private_calls,0,0.98479,0.46819
mal,private_calls,1,0.98965,0.94417
mal,private_calls,0,0.95296,0.12155
mal,private_calls,0,0.00597,0.10772
mal,private_calls,0,0.00407,0.08202
mal,private_calls,0,0.00361,0.00850
mal,private_calls,0,0.00392,0.01498
mal,private_calls,1,0.99206,0.96958
mal,private_calls,0,0.00453,0.01791
mal,private_calls,0,0.06161,0.04028
mal,private_calls,1,0.99185,0.93961
mal,private_calls,0,0.00369,0.00778
mal,private_calls,0,0.00364,0.01072
mal,private_calls,0,0.17977,0.02912
mal,private_calls,0,0.00371,0.01791
mal,private_calls,0,0.00372,0.00796
mal,private_calls,0,0.99208,0.88491
mal,private_calls,1,0.98928,0.87375
mal,private_calls,0,0.99097,0.42951
mal,private_calls,0,0.00385,0.01426
mal,private_calls,0,0.00955,0.02687
mal,private_calls,0,0.00366,0.00818
mal,private_calls,0,0.00373,0.00556
mal,private_calls,0,0.00549,0.02253
mal,private_calls,1,0.97840,0.04516
mal,private_calls,0,0.88971,0.18718
mal,private_calls,1,0.99049,0.76915
mal,private_calls,0,0.01156,0.10463
mal,private_calls,1,0.98525,0.86960
mal,private_calls,0,0.00396,0.01478
mal,private_calls,0,0.98861,0.89114
mal,private_calls,1,0.99059,0.90301
mal,private_calls,0,0.00431,0.01258
mal,private_calls,0,0.00400,0.01978
mal,private_calls,0,0.00444,0.00926
mal,private_calls,0,0.00904,0.08194
mal,private_calls,0,0.98525,0.22192
mal,private_calls,0,0.03190,0.02861
mal,private_calls,1,0.99106,0.64472
mal,private_calls,0,0.00364,0.00584
mal,private_calls,1,0.99205,0.95402
mal,private_calls,0,0.00361,0.00733
mal,private_calls,0,0.09085,0.06125
mal,private_calls,0,0.01470,0.00999
mal,private_calls,1,0.99129,0.95617
mal,private_calls,0,0.00363,0.00814
mal,private_calls,1,0.99233,0.88211
mal,private_calls,0,0.98945,0.23287
mal,private_calls,0,0.99227,0.86205
mal,private_calls,1,0.99183,0.93014
mal,private_calls,0,0.98680,0.03853
mal,private_calls,0,0.96619,0.19896
mal,private_calls,1,0.02386,0.69655
mal,private_calls,1,0.19465,0.79603
mal,private_calls,0,0.00366,0.00615
mal,private_calls,1,0.99041,0.37552
mal,private_calls,0,0.00360,0.00953
mal,private_calls,1,0.98784,0.58453
mal,private_calls,1,0.98917,0.36049
mal,private_calls,0,0.00367,0.00623
mal,private_calls,0,0.01313,0.05679
mal,private_calls,0,0.00559,0.02160
mal,private_calls,0,0.00359,0.01096
mal,private_calls,0,0.00409,0.03068
mal,private_calls,0,0.00368,0.01385
mal,private_calls,0,0.00365,0.00578
mal,private_calls,0,0.00374,0.00558
mal,private_calls,1,0.99213,0.50048
mal,private_calls,0,0.00365,0.00601
mal,private_calls,0,0.00418,0.01152
mal,private_calls,1,0.99012,0.36793
mal,private_calls,0,0.00371,0.00603
mal,private_calls,0,0.98201,0.09785
mal,private_calls,0,0.00368,0.00652
mal,private_calls,0,0.00366,0.00950
mal,private_calls,0,0.00845,0.10195
mal,private_calls,1,0.97822,0.59280
mal,private_calls,0,0.00364,0.00711
mal,private_calls,0,0.00364,0.00932
mal,private_calls,0,0.00362,0.01447
mal,private_calls,1,0.99057,0.40379
mal,private_calls,1,0.40529,0.07800
mal,private_calls,0,0.97830,0.05850
mal,private_calls,0,0.00364,0.01428
mal,private_calls,1,0.97829,0.41850
mal,private_calls,0,0.00365,0.00652
mal,private_calls,0,0.96680,0.55243
mal,private_calls,0,0.00370,0.00587
mal,private_calls,1,0.99194,0.95143
mal,private_calls,0,0.00368,0.00787
mal,private_calls,0,0.00368,0.00699
mal,private_calls,1,0.98954,0.69595
mal,private_calls,0,0.00363,0.01001
mal,private_calls,0,0.99020,0.62040
mal,private_calls,1,0.99261,0.96918
mal,private_calls,0,0.00371,0.00917
mal,private_calls,1,0.98870,0.42577
mal,private_calls,0,0.99115,0.93891
mal,private_calls,1,0.95823,0.41407
mal,private_calls,0,0.00371,0.00551
mal,private_calls,1,0.99127,0.87103
mal,private_calls,1,0.00382,0.03968
mal,private_calls,1,0.97146,0.35855
mal,private_calls,0,0.99150,0.10287
mal,private_calls,0,0.00370,0.00616
mal,private_calls,0,0.99183,0.85004
mal,private_calls,0,0.27810,0.11578
mal,private_calls,0,0.00372,0.00773
mal,private_calls,0,0.00375,0.00665
mal,private_calls,0,0.00369,0.01102
mal,private_calls,0,0.00375,0.00643
mal,private_calls,0,0.00378,0.01000
mal,private_calls,0,0.01622,0.03179
mal,private_calls,0,0.98633,0.12720
mal,private_calls,0,0.00372,0.00658
mal,private_calls,0,0.00382,0.00821
mal,private_calls,1,0.99028,0.84506
mal,private_calls,0,0.00372,0.00727
mal,private_calls,0,0.00448,0.02409
mal,private_calls,1,0.79504,0.22143
mal,private_calls,0,0.04650,0.07602
mal,private_calls,0,0.00418,0.03088
mal,private_calls,0,0.00451,0.01942
mal,private_calls,0,0.00402,0.01553
mal,private_calls,0,0.00373,0.00573
mal,private_calls,0,0.00374,0.00575
mal,private_calls,0,0.00375,0.00765
mal,private_calls,0,0.00962,0.01715
mal,private_calls,0,0.00375,0.00713
mal,private_calls,1,0.00370,0.00565
mal,private_calls,0,0.00381,0.01502
mal,private_calls,0,0.00384,0.00754
mal,private_calls,1,0.98966,0.89788
mal,private_calls,0,0.00372,0.00679
mal,private_calls,0,0.00445,0.02285
mal,private_calls,1,0.98971,0.93432
mal,private_calls,0,0.00368,0.00516
mal,private_calls,0,0.03427,0.05631
mal,private_calls,0,0.98125,0.78622
mal,private_calls,0,0.00370,0.00565
mal,private_calls,1,0.00370,0.00618
mal,private_calls,1,0.98044,0.28556
mal,private_calls,1,0.98012,0.81344
mal,private_calls,0,0.00374,0.01019
mal,private_calls,0,0.00484,0.01871
mal,private_calls,0,0.98990,0.77262
mal,private_calls,1,0.89741,0.13353
mal,private_calls,0,0.98854,0.39105
mal,private_calls,0,0.99237,0.52943
mal,private_calls,1,0.99218,0.93784
mal,private_calls,0,0.00380,0.00622
mal,private_calls,0,0.98589,0.72130
mal,private_calls,0,0.97145,0.07691
mal,private_calls,0,0.00380,0.01612
mal,private_calls,0,0.00703,0.07212
mal,private_calls,0,0.00373,0.00686
mal,private_calls,0,0.00366,0.00677
mal,private_calls,1,0.03708,0.07622
mal,private_calls,0,0.97939,0.24893
mal,private_calls,0,0.00373,0.01634
mal,private_calls,0,0.00386,0.01766
mal,private_calls,0,0.00370,0.00770
mal,private_calls,0,0.00362,0.00925
mal,private_calls,0,0.00368,0.01484
mal,private_calls,0,0.00397,0.06280
mal,private_calls,0,0.00461,0.02432
mal,private_calls,1,0.99216,0.81574
mal,private_calls,0,0.00363,0.00588
mal,private_calls,1,0.95389,0.20852
mal,private_calls,0,0.26596,0.01356
mal,private_calls,0,0.02510,0.03272
mal,private_calls,0,0.00727,0.05118
mal,private_calls,0,0.91768,0.03708
mal,private_calls,1,0.98872,0.94453
mal,private_calls,0,0.00377,0.00843
mal,private_calls,0,0.14414,0.04956
mal,private_calls,0,0.90081,0.21051
mal,private_calls,0,0.73802,0.06012
mal,private_calls,0,0.00355,0.00639
mal,private_calls,0,0.00370,0.00785
mal,private_calls,0,0.98567,0.53206
mal,private_calls,0,0.00402,0.01276
mal,private_calls,0,0.97457,0.20604
mal,private_calls,0,0.98201,0.07976
mal,private_calls,1,0.99237,0.95483
mal,private_calls,0,0.89516,0.18461
mal,private_calls,0,0.98812,0.96826
mal,private_calls,1,0.99037,0.89457
mal,private_calls,1,0.99212,0.97653
mal,private_calls,0,0.01627,0.07089
mal,private_calls,0,0.02500,0.07700
mal,private_calls,0,0.00368,0.00732
mal,private_calls,1,0.98973,0.95620
mal,private_calls,0,0.18433,0.13186
mal,private_calls,0,0.00373,0.00858
mal,private_calls,1,0.99223,0.98424
mal,private_calls,0,0.16632,0.04921
mal,private_calls,0,0.00357,0.01334
mal,private_calls,1,0.99255,0.86917
mal,private_calls,1,0.99062,0.93312
mal,private_calls,1,0.99064,0.89988
mal,private_calls,1,0.99209,0.95217
mal,private_calls,1,0.98905,0.91302
mal,private_calls,0,0.48120,0.05490
mal,private_calls,1,0.99192,0.94281
mal,private_calls,0,0.00425,0.01093
mal,private_calls,1,0.99087,0.71711
mal,private_calls,1,0.99171,0.72204
mal,private_calls,1,0.99219,0.98725
mal,private_calls,0,0.99080,0.94831
mal,private_calls,0,0.97580,0.75318
mal,private_calls,0,0.98860,0.31067
mal,private_calls,1,0.98981,0.68738
mal,private_calls,0,0.28145,0.11021
mal,private_calls,0,0.98668,0.14959
mal,private_calls,0,0.08942,0.02252
mal,private_calls,0,0.00472,0.00868
mal,private_calls,0,0.00387,0.00918
mal,private_calls,0,0.81603,0.08310
mal,private_calls,0,0.99148,0.53965
mal,private_calls,1,0.99106,0.78112
mal,private_calls,0,0.00562,0.02229
mal,private_calls,0,0.03719,0.04834
mal,private_calls,1,0.71668,0.06743
mal,private_calls,0,0.00410,0.01996
mal,private_calls,0,0.87962,0.21416
mal,private_calls,0,0.00465,0.02144
mal,private_calls,0,0.88571,0.31330
mal,private_calls,1,0.73946,0.32836
mal,private_calls,0,0.82491,0.01712
mal,private_calls,0,0.98744,0.18072
mal,private_calls,0,0.98474,0.21194
mal,private_calls,0,0.56846,0.03807
mal,private_calls,0,0.98233,0.19149
mal,private_calls,0,0.98815,0.85869
mal,private_calls,0,0.98206,0.20024
mal,private_calls,1,0.98784,0.18256
mal,private_calls,0,0.98704,0.14237
mal,private_calls,0,0.98554,0.35574
mal,private_calls,1,0.62064,0.22241
mal,private_calls,1,0.98859,0.93872
mal,private_calls,0,0.00371,0.00706
mal,private_calls,1,0.99179,0.87055
mal,private_calls,1,0.98914,0.58487
mal,private_calls,1,0.99233,0.98049
mal,private_calls,1,0.99178,0.94113
mal,private_calls,1,0.99142,0.94109
mal,private_calls,1,0.99185,0.93315
mal,private_calls,1,0.99213,0.90334
mal,private_calls,0,0.98846,0.14383
mal,private_calls,0,0.00387,0.01464
mal,private_calls,0,0.99157,0.47082
mal,private_calls,0,0.18867,0.04156
mal,private_calls,0,0.00386,0.00915
mal,private_calls,0,0.00376,0.01134
mal,private_calls,0,0.98816,0.06699
mal,private_calls,1,0.99117,0.91027
mal,private_calls,0,0.00392,0.01083
mal,private_calls,0,0.99127,0.49181
mal,private_calls,0,0.00379,0.01023
mal,private_calls,0,0.00376,0.00692
mal,private_calls,0,0.00379,0.00953
mal,private_calls,1,0.12980,0.11390
mal,private_calls,0,0.54921,0.03187
mal,private_calls,1,0.01500,0.15195
mal,private_calls,1,0.97578,0.55170
mal,private_calls,0,0.00375,0.00898
mal,private_calls,0,0.99021,0.75222
mal,private_calls,0,0.27130,0.06735
mal,private_calls,1,0.45071,0.04216
mal,private_calls,0,0.00462,0.02310
mal,private_calls,0,0.00479,0.01232
mal,private_calls,0,0.16438,0.39561
mal,private_calls,0,0.00377,0.00807
mal,private_calls,0,0.00381,0.00937
mal,private_calls,0,0.00399,0.00888
mal,private_calls,0,0.01192,0.02530
mal,private_calls,0,0.00387,0.01698
mal,private_calls,0,0.00381,0.00741
mal,private_calls,0,0.97426,0.06358
mal,private_calls,1,0.98849,0.76664
mal,private_calls,0,0.00370,0.01011
mal,private_calls,0,0.01027,0.04132
mal,private_calls,0,0.64172,0.11513
mal,private_calls,0,0.01168,0.09170
mal,private_calls,0,0.01779,0.06338
mal,private_calls,1,0.98567,0.47780
mal,private_calls,0,0.00569,0.05037
mal,private_calls,0,0.01029,0.08913
mal,private_calls,0,0.00373,0.01726
mal,private_calls,0,0.03492,0.14141
mal,private_calls,0,0.98667,0.38125
mal,private_calls,1,0.98539,0.26202
mal,private_calls,0,0.00792,0.03231
mal,private_calls,0,0.25670,0.03984
mal,private_calls,1,0.99093,0.85661
mal,private_calls,0,0.00376,0.03307
mal,private_calls,1,0.98142,0.54790
mal,private_calls,0,0.93858,0.05022
mal,private_calls,0,0.14847,0.04019
mal,private_calls,0,0.00373,0.00758
mal,private_calls,0,0.99045,0.12049
mal,private_calls,0,0.10470,0.14163
mal,private_calls,1,0.98942,0.91809
mal,private_calls,0,0.85734,0.08714
mal,private_calls,1,0.99111,0.85726
mal,private_calls,1,0.99025,0.88914
mal,private_calls,1,0.98470,0.74697
mal,private_calls,0,0.00365,0.00805
mal,private_calls,1,0.99049,0.79914
mal,private_calls,0,0.00367,0.01143
mal,private_calls,1,0.99248,0.95592
mal,private_calls,0,0.00372,0.00687
mal,private_calls,1,0.99254,0.97734
mal,private_calls,0,0.00368,0.00609
mal,private_calls,0,0.00365,0.00754
mal,private_calls,1,0.99052,0.93103
mal,private_calls,0,0.00371,0.00617
mal,private_calls,0,0.00368,0.00639
mal,private_calls,1,0.98730,0.50941
mal,private_calls,0,0.00377,0.00636
mal,private_calls,1,0.98568,0.81915
mal,private_calls,1,0.98601,0.64988
mal,private_calls,0,0.00372,0.00607
mal,private_calls,0,0.00368,0.00634
mal,private_calls,1,0.98884,0.75460
mal,private_calls,0,0.00370,0.00637
mal,private_calls,0,0.00371,0.00727
mal,private_calls,1,0.99168,0.94232
mal,private_calls,0,0.00376,0.00798
mal,private_calls,0,0.00371,0.00746
mal,private_calls,0,0.98545,0.24756
mal,private_calls,0,0.01994,0.04479
mal,private_calls,0,0.00370,0.00923
mal,private_calls,0,0.00465,0.03707
mal,private_calls,0,0.00530,0.02218
mal,private_calls,1,0.98906,0.74503
mal,private_calls,0,0.00375,0.00802
mal,private_calls,0,0.01941,0.00715
mal,private_calls,0,0.00652,0.02613
mal,private_calls,0,0.11606,0.10594
mal,private_calls,1,0.99142,0.95257
mal,private_calls,1,0.99192,0.37858
mal,private_calls,0,0.00439,0.00979
mal,private_calls,0,0.00376,0.00899
mal,private_calls,0,0.00458,0.02705
mal,private_calls,0,0.98138,0.17587
mal,private_calls,1,0.98427,0.66005
mal,private_calls,0,0.00366,0.00698
mal,private_calls,0,0.00385,0.01916
mal,private_calls,1,0.99139,0.64590
mal,private_calls,0,0.09664,0.30879
mal,private_calls,0,0.96944,0.09446
mal,private_calls,0,0.95569,0.10656
mal,private_calls,0,0.04129,0.03676
mal,private_calls,0,0.00421,0.01252
mal,private_calls,0,0.98143,0.93339
mal,private_calls,0,0.01485,0.01510
mal,private_calls,1,0.31138,0.07807
mal,private_calls,0,0.00576,0.00905
mal,private_calls,1,0.98788,0.80519
mal,private_calls,1,0.98259,0.59738
mal,private_calls,0,0.00493,0.02877
mal,private_calls,0,0.00368,0.01837
mal,private_calls,0,0.00376,0.01210
mal,private_calls,0,0.00446,0.01642
mal,private_calls,0,0.01126,0.03285
mal,private_calls,0,0.00698,0.01321
mal,private_calls,0,0.00441,0.03121
mal,private_calls,0,0.24054,0.02259
mal,private_calls,0,0.03575,0.06222
mal,private_calls,1,0.02358,0.04774
mal,private_calls,0,0.01886,0.01730
mal,private_calls,0,0.98913,0.43684
mal,private_calls,0,0.00388,0.00711
mal,private_calls,0,0.00697,0.02750
mal,private_calls,0,0.00372,0.00631
mal,private_calls,1,0.97926,0.47756
mal,private_calls,0,0.98980,0.89795
mal,private_calls,0,0.00380,0.00897
mal,private_calls,1,0.09486,0.31172
mal,private_calls,1,0.97758,0.68521
mal,private_calls,0,0.98980,0.65307
mal,private_calls,0,0.00365,0.00946
mal,private_calls,0,0.02387,0.02389
mal,private_calls,0,0.00366,0.00579
mal,private_calls,0,0.01628,0.03598
mal,private_calls,0,0.42374,0.04485
mal,private_calls,1,0.98993,0.60379
mal,private_calls,0,0.00371,0.00654
mal,private_calls,0,0.03322,0.01028
mal,private_calls,1,0.98516,0.87861
mal,private_calls,0,0.96357,0.03002
mal,private_calls,0,0.00369,0.00614
mal,private_calls,1,0.99173,0.94753
mal,private_calls,0,0.98657,0.33091
mal,private_calls,0,0.99242,0.75843
mal,private_calls,0,0.02498,0.00679
mal,private_calls,0,0.98700,0.42761
mal,private_calls,0,0.14350,0.02393
mal,private_calls,0,0.97532,0.15788
mal,private_calls,0,0.00442,0.00884
mal,private_calls,0,0.00407,0.01281
mal,private_calls,0,0.99167,0.33382
mal,private_calls,0,0.98913,0.14177
mal,private_calls,0,0.00789,0.03062
mal,private_calls,0,0.04036,0.01096
mal,private_calls,0,0.00377,0.00715
mal,private_calls,0,0.99156,0.87134
mal,private_calls,0,0.01858,0.06711
mal,private_calls,0,0.98139,0.09403
mal,private_calls,1,0.99106,0.96090
mal,private_calls,0,0.04051,0.02240
mal,private_calls,0,0.00390,0.02246
mal,private_calls,0,0.01243,0.03194
mal,private_calls,0,0.99238,0.95564
mal,private_calls,0,0.00398,0.01532
mal,private_calls,0,0.03244,0.18460
mal,private_calls,0,0.94478,0.09209
mal,private_calls,0,0.00424,0.00840
mal,private_calls,0,0.00369,0.00742
mal,private_calls,0,0.00393,0.00927
mal,private_calls,0,0.00396,0.00660
mal,private_calls,0,0.98394,0.25096
mal,private_calls,1,0.98981,0.77101
mal,private_calls,1,0.09386,0.19051
mal,private_calls,1,0.00422,0.03593
mal,private_calls,0,0.98528,0.21113
mal,private_calls,0,0.00379,0.00581
mal,private_calls,0,0.02268,0.04396
mal,private_calls,0,0.00376,0.01255
mal,private_calls,0,0.00377,0.00575
mal,private_calls,0,0.00372,0.00623
mal,private_calls,0,0.01542,0.05662
mal,private_calls,0,0.89547,0.19678
mal,private_calls,0,0.00504,0.02871
mal,private_calls,0,0.00380,0.00582
mal,private_calls,0,0.00373,0.00811
mal,private_calls,1,0.99023,0.86033
mal,private_calls,0,0.00378,0.00521
mal,private_calls,0,0.02018,0.05862
mal,private_calls,0,0.69351,0.01734
mal,private_calls,0,0.00370,0.00526
mal,private_calls,0,0.00381,0.00512
mal,private_calls,0,0.00373,0.00521
mal,private_calls,0,0.00373,0.00537
mal,private_calls,0,0.00378,0.00685
mal,private_calls,0,0.00376,0.00514
mal,private_calls,0,0.18047,0.22483
mal,private_calls,0,0.00371,0.00712
mal,private_calls,0,0.00428,0.04458
mal,private_calls,0,0.98315,0.22322
mal,private_calls,0,0.00376,0.00528
mal,private_calls,0,0.00370,0.00644
mal,private_calls,1,0.98951,0.90095
mal,private_calls,0,0.00374,0.00577
mal,private_calls,1,0.99130,0.96693
mal,private_calls,0,0.00380,0.00823
mal,private_calls,1,0.54330,0.02829
mal,private_calls,1,0.99178,0.94364
mal,private_calls,1,0.99016,0.85201
mal,private_calls,0,0.00379,0.01793
mal,private_calls,1,0.00417,0.02219
mal,private_calls,0,0.00379,0.02809
mal,private_calls,1,0.23766,0.77808
mal,private_calls,0,0.00372,0.00897
mal,private_calls,1,0.99182,0.94723
mal,private_calls,0,0.00381,0.02451
mal,private_calls,1,0.00666,0.08025
mal,private_calls,0,0.00373,0.01784
mal,private_calls,1,0.97818,0.52301
mal,private_calls,0,0.00371,0.00918
mal,private_calls,0,0.56032,0.25130
mal,private_calls,1,0.01157,0.17514
mal,private_calls,1,0.96562,0.19496
mal,private_calls,0,0.00368,0.00597
mal,private_calls,0,0.98998,0.59576
mal,private_calls,1,0.01156,0.31199
mal,private_calls,0,0.00377,0.00725
mal,private_calls,1,0.98681,0.74475
mal,private_calls,1,0.99200,0.95131
mal,private_calls,1,0.98813,0.84578
mal,private_calls,0,0.01156,0.11795
mal,private_calls,0,0.97968,0.09293
mal,private_calls,0,0.00372,0.00581
mal,private_calls,1,0.93161,0.86562
mal,private_calls,0,0.00501,0.01930
mal,private_calls,1,0.98063,0.36413
mal,private_calls,1,0.03516,0.17508
mal,private_calls,0,0.00362,0.00798
mal,private_calls,0,0.01072,0.15129
mal,private_calls,0,0.97173,0.33321
mal,private_calls,1,0.99163,0.91612
mal,private_calls,1,0.89732,0.90065
mal,private_calls,0,0.99198,0.78218
mal,private_calls,1,0.98846,0.71325
mal,private_calls,0,0.00371,0.00795
mal,private_calls,0,0.00448,0.02150
mal,private_calls,0,0.91053,0.06195
mal,private_calls,0,0.99115,0.36574
mal,private_calls,1,0.99010,0.89217
mal,private_calls,0,0.99082,0.38955
mal,private_calls,0,0.00374,0.00596
mal,private_calls,1,0.01841,0.10700
mal,private_calls,0,0.00391,0.01573
mal,private_calls,0,0.88210,0.14746
mal,private_calls,0,0.95888,0.06848
mal,private_calls,0,0.08181,0.02885
mal,private_calls,0,0.64469,0.08799
mal,private_calls,0,0.99101,0.55619
mal,private_calls,0,0.98264,0.15187
mal,private_calls,0,0.99037,0.26925
mal,private_calls,0,0.99080,0.56619
mal,private_calls,0,0.00413,0.00861
mal,private_calls,0,0.98635,0.29259
mal,private_calls,0,0.00371,0.00830
mal,private_calls,0,0.99251,0.87589
mal,private_calls,0,0.96859,0.47736
mal,private_calls,0,0.35026,0.02319
mal,private_calls,0,0.54758,0.04697
mal,private_calls,0,0.99256,0.98567
mal,private_calls,0,0.99158,0.62273
mal,private_calls,0,0.99248,0.97881
mal,private_calls,0,0.99213,0.92651
mal,private_calls,0,0.00375,0.00752
mal,private_calls,0,0.44289,0.13214
mal,private_calls,0,0.00369,0.01039
mal,private_calls,0,0.98166,0.05101
mal,private_calls,1,0.99236,0.96308
mal,private_calls,0,0.97742,0.16307
mal,private_calls,0,0.96365,0.02215
mal,private_calls,0,0.99029,0.83703
mal,private_calls,1,0.88149,0.59336
mal,private_calls,1,0.01022,0.09184
mal,private_calls,1,0.98785,0.86362
mal,private_calls,1,0.99203,0.96863
mal,private_calls,0,0.00371,0.00653
mal,private_calls,1,0.99221,0.96758
mal,private_calls,0,0.02052,0.01538
mal,private_calls,1,0.99146,0.95250
mal,private_calls,0,0.98535,0.08762
mal,private_calls,0,0.95533,0.36393
mal,private_calls,0,0.00399,0.02990
mal,private_calls,0,0.00529,0.12756
mal,private_calls,1,0.98840,0.64446
mal,private_calls,0,0.99227,0.94955
mal,private_calls,0,0.00375,0.00905
mal,private_calls,0,0.24323,0.51027
mal,private_calls,1,0.99128,0.93397
mal,private_calls,0,0.00371,0.00866
mal,private_calls,1,0.89444,0.50964
mal,private_calls,0,0.99166,0.93576
mal,private_calls,1,0.99196,0.98017
mal,private_calls,0,0.99226,0.93935
mal,private_calls,0,0.99180,0.92165
mal,private_calls,0,0.00374,0.01006
mal,private_calls,0,0.99216,0.86265
mal,private_calls,0,0.00824,0.07232
mal,private_calls,0,0.98959,0.36287
mal,private_calls,0,0.04634,0.02483
mal,private_calls,1,0.99249,0.97250
mal,private_calls,0,0.94434,0.02502
mal,private_calls,1,0.10626,0.08243
mal,private_calls,0,0.99237,0.96302
mal,private_calls,1,0.99163,0.68475
mal,private_calls,0,0.00384,0.00688
mal,private_calls,0,0.00375,0.00682
mal,private_calls,1,0.98607,0.15889
mal,private_calls,0,0.00378,0.02284
mal,private_calls,1,0.76882,0.66335
mal,private_calls,0,0.99236,0.87484
mal,private_calls,0,0.00369,0.00703
mal,private_calls,0,0.00546,0.01942
mal,private_calls,0,0.00378,0.01084
mal,private_calls,1,0.99210,0.98008
mal,private_calls,0,0.00376,0.01589
mal,private_calls,0,0.01279,0.04077
mal,private_calls,0,0.00514,0.01136
mal,private_calls,1,0.99062,0.69320
mal,private_calls,1,0.99092,0.89297
mal,private_calls,0,0.00384,0.01120
mal,private_calls,0,0.23118,0.06786
mal,private_calls,0,0.00375,0.00831
mal,private_calls,0,0.00386,0.01263
mal,private_calls,0,0.00387,0.00887
mal,private_calls,0,0.00371,0.00906
mal,private_calls,0,0.98951,0.08830
mal,private_calls,0,0.87370,0.07479
mal,private_calls,0,0.00430,0.01915
mal,private_calls,1,0.92398,0.32725
mal,private_calls,0,0.00372,0.00673
mal,private_calls,0,0.00544,0.00988
mal,private_calls,0,0.00924,0.01918
mal,private_calls,0,0.89776,0.10013
mal,private_calls,0,0.00443,0.01234
mal,private_calls,0,0.00375,0.00638
mal,private_calls,1,0.98840,0.70760
mal,private_calls,0,0.00370,0.00700
mal,private_calls,0,0.00367,0.00717
mal,private_calls,0,0.00491,0.02054
mal,private_calls,0,0.00367,0.00973
mal,private_calls,1,0.99005,0.31113
mal,private_calls,0,0.77112,0.02754
mal,private_calls,0,0.00443,0.02232
mal,private_calls,0,0.00406,0.02924
mal,private_calls,0,0.96689,0.11428
mal,private_calls,0,0.00368,0.01012
mal,private_calls,1,0.98762,0.79352
mal,private_calls,0,0.00374,0.00637
mal,private_calls,0,0.00368,0.00639
mal,private_calls,0,0.00407,0.03430
mal,private_calls,1,0.99188,0.95009
mal,private_calls,1,0.98801,0.88470
mal,private_calls,1,0.98807,0.64982
mal,private_calls,0,0.00370,0.00786
mal,private_calls,0,0.00375,0.00624
mal,private_calls,1,0.98773,0.62855
mal,private_calls,1,0.00445,0.03063
mal,private_calls,0,0.39912,0.04597
mal,private_calls,1,0.29533,0.46522
mal,private_calls,1,0.98888,0.90629
mal,private_calls,1,0.99143,0.86426
mal,private_calls,0,0.17528,0.11111
mal,private_calls,0,0.95410,0.13457
mal,private_calls,1,0.32547,0.53577
mal,private_calls,1,0.98433,0.30382
mal,private_calls,1,0.99241,0.97403
mal,private_calls,0,0.00367,0.00578
mal,private_calls,1,0.98921,0.94392
mal,private_calls,0,0.00372,0.00574
mal,private_calls,1,0.99222,0.97035
mal,private_calls,0,0.00738,0.01043
mal,private_calls,1,0.98829,0.84623
mal,private_calls,0,0.00366,0.00652
mal,private_calls,1,0.98604,0.87248
mal,private_calls,0,0.09669,0.11117
mal,private_calls,0,0.00470,0.00821
mal,private_calls,1,0.98548,0.51659
mal,private_calls,1,0.98795,0.78859
mal,private_calls,0,0.00369,0.00686
mal,private_calls,0,0.00628,0.05692
mal,private_calls,1,0.99029,0.94799
mal,private_calls,0,0.00375,0.00782
mal,private_calls,1,0.96504,0.30439
mal,private_calls,0,0.00712,0.03108
mal,private_calls,1,0.06637,0.04863
mal,private_calls,1,0.99263,0.98407
mal,private_calls,0,0.93194,0.08497
mal,private_calls,1,0.98962,0.75251
mal,private_calls,0,0.68471,0.15510
mal,private_calls,0,0.05502,0.08662
mal,private_calls,0,0.07846,0.06532
mal,private_calls,0,0.00361,0.00564
mal,private_calls,0,0.04025,0.15738
mal,private_calls,0,0.97539,0.15106
mal,private_calls,0,0.00378,0.02413
mal,private_calls,0,0.91505,0.11540
mal,private_calls,0,0.00381,0.00920
mal,private_calls,0,0.00369,0.00615
mal,private_calls,0,0.06664,0.10342
mal,private_calls,0,0.93656,0.30058
mal,private_calls,0,0.00392,0.00914
mal,private_calls,1,0.98436,0.41594
mal,private_calls,0,0.98881,0.11825
mal,private_calls,0,0.00660,0.01456
mal,private_calls,0,0.96540,0.13422
mal,private_calls,1,0.98742,0.75869
mal,private_calls,0,0.86613,0.03957
mal,private_calls,0,0.00377,0.00843
mal,private_calls,0,0.00449,0.01168
mal,private_calls,0,0.01164,0.02243
mal,private_calls,0,0.05261,0.02632
mal,private_calls,0,0.00371,0.01262
mal,private_calls,0,0.98048,0.45274
mal,private_calls,0,0.10638,0.25371
mal,private_calls,0,0.57923,0.03974
mal,private_calls,0,0.91995,0.05458
mal,private_calls,0,0.03323,0.05977
mal,private_calls,0,0.00374,0.01466
mal,private_calls,0,0.00379,0.01134
mal,private_calls,0,0.04280,0.03870
mal,private_calls,0,0.88996,0.07798
mal,private_calls,0,0.97796,0.24616
mal,private_calls,0,0.98223,0.09854
mal,private_calls,0,0.00368,0.01231
mal,private_calls,0,0.00852,0.02857
mal,private_calls,0,0.99055,0.61513
mal,private_calls,0,0.99172,0.71379
mal,private_calls,0,0.98901,0.29001
mal,private_calls,0,0.00362,0.00747
mal,private_calls,0,0.00470,0.00790
mal,private_calls,0,0.00667,0.02479
mal,private_calls,0,0.98267,0.47920
mal,private_calls,0,0.96682,0.30644
mal,private_calls,1,0.99183,0.08480
mal,private_calls,1,0.98207,0.09663
mal,private_calls,0,0.00361,0.00681
mal,private_calls,0,0.00364,0.00779
mal,private_calls,1,0.96961,0.58391
mal,private_calls,0,0.00362,0.00702
mal,private_calls,0,0.00364,0.00603
mal,private_calls,0,0.00363,0.00855
mal,private_calls,1,0.98544,0.90423
mal,private_calls,0,0.00360,0.00692
mal,private_calls,0,0.00361,0.00838
mal,private_calls,1,0.99181,0.97245
mal,private_calls,0,0.00540,0.02075
mal,private_calls,0,0.99236,0.96763
mal,private_calls,0,0.00365,0.00713
mal,private_calls,1,0.99247,0.98485
mal,private_calls,1,0.99147,0.95510
mal,private_calls,0,0.02909,0.04073
mal,private_calls,1,0.99075,0.97842
mal,private_calls,1,0.03896,0.34253
mal,private_calls,0,0.34468,0.01575
mal,private_calls,0,0.63317,0.09021
mal,private_calls,1,0.97011,0.04983
mal,private_calls,1,0.99173,0.94015
mal,private_calls,0,0.00502,0.02225
mal,private_calls,0,0.03474,0.02283
mal,private_calls,0,0.00392,0.00908
mal,private_calls,0,0.00411,0.00917
mal,private_calls,0,0.00362,0.00707
mal,private_calls,0,0.48640,0.05005
mal,private_calls,0,0.95164,0.04597
mal,private_calls,1,0.99128,0.63630
mal,private_calls,0,0.96735,0.28668
mal,private_calls,0,0.00359,0.00677
mal,private_calls,0,0.00526,0.03526
mal,private_calls,1,0.12405,0.03867
mal,private_calls,0,0.00363,0.00638
mal,private_calls,0,0.47339,0.00957
mal,private_calls,0,0.01892,0.01067
mal,private_calls,0,0.99020,0.21949
mal,private_calls,1,0.98983,0.90998
mal,private_calls,1,0.98951,0.50598
mal,private_calls,0,0.07025,0.05368
mal,private_calls,1,0.99094,0.79502
mal,private_calls,0,0.97930,0.31231
mal,private_calls,0,0.00372,0.00832
mal,private_calls,0,0.00380,0.00953
mal,private_calls,0,0.00461,0.03134
mal,private_calls,0,0.00402,0.01723
mal,private_calls,1,0.98927,0.74125
mal,private_calls,0,0.02958,0.15786
mal,private_calls,0,0.00372,0.00968
mal,private_calls,0,0.00430,0.01245
mal,private_calls,0,0.04332,0.10380
mal,private_calls,0,0.00373,0.00669
mal,private_calls,0,0.96737,0.06921
mal,private_calls,1,0.99231,0.92890
mal,private_calls,0,0.02268,0.03161
mal,private_calls,0,0.00385,0.01294
mal,private_calls,0,0.00375,0.00723
mal,private_calls,1,0.99057,0.62546
mal,private_calls,0,0.00402,0.01145
mal,private_calls,0,0.00376,0.01049
mal,private_calls,0,0.00458,0.01595
mal,private_calls,0,0.95373,0.07629
mal,private_calls,0,0.97538,0.04355
mal,private_calls,0,0.00419,0.00924
mal,private_calls,0,0.00429,0.01396
mal,private_calls,0,0.00788,0.09393
mal,private_calls,1,0.46372,0.06572
mal,private_calls,0,0.00371,0.00689
mal,private_calls,0,0.97605,0.07847
mal,private_calls,0,0.00550,0.06523
mal,private_calls,1,0.01430,0.12701
mal,private_calls,0,0.00375,0.00694
mal,private_calls,0,0.06208,0.30846
mal,private_calls,1,0.98745,0.89096
mal,private_calls,1,0.99133,0.82965
mal,private_calls,0,0.00371,0.02292
mal,private_calls,1,0.99152,0.60230
mal,private_calls,0,0.00400,0.01379
mal,private_calls,1,0.98749,0.74685
mal,private_calls,0,0.70868,0.02216
mal,private_calls,1,0.99077,0.46643
mal,private_calls,1,0.76439,0.13736
mal,private_calls,0,0.96910,0.14100
mal,private_calls,0,0.03936,0.01854
mal,private_calls,1,0.99175,0.83375
mal,private_calls,0,0.94639,0.02234
mal,private_calls,0,0.00404,0.00985
mal,private_calls,0,0.25331,0.01452
mal,private_calls,1,0.90746,0.02470
mal,private_calls,1,0.00377,0.02147
mal,private_calls,0,0.99128,0.94934
mal,private_calls,1,0.98954,0.90129
mal,private_calls,0,0.99188,0.98273
mal,private_calls,0,0.94313,0.45689
mal,private_calls,0,0.99113,0.86292
mal,private_calls,1,0.99218,0.96072
mal,private_calls,1,0.99113,0.94652
mal,private_calls,0,0.00376,0.00812
mal,private_calls,0,0.01382,0.03706
mal,private_calls,0,0.91144,0.15401
mal,private_calls,0,0.95552,0.16720
mal,private_calls,1,0.98992,0.91341
mal,private_calls,0,0.00370,0.00886
mal,private_calls,1,0.99145,0.78116
mal,private_calls,0,0.00368,0.00673
mal,private_calls,0,0.26728,0.10142
mal,private_calls,1,0.98670,0.60500
mal,private_calls,0,0.01251,0.02515
mal,private_calls,0,0.00449,0.04044
mal,private_calls,1,0.99252,0.97633
mal,private_calls,0,0.00365,0.00828
mal,private_calls,0,0.98754,0.72195
mal,private_calls,0,0.01461,0.02064
mal,private_calls,0,0.00373,0.00624
mal,private_calls,0,0.97923,0.29710
mal,private_calls,0,0.00637,0.03056
mal,private_calls,1,0.00538,0.01385
mal,private_calls,0,0.06500,0.01241
mal,private_calls,0,0.00367,0.00766
mal,private_calls,1,0.99223,0.95573
mal,private_calls,0,0.08647,0.04546
mal,private_calls,0,0.02064,0.00951
mal,private_calls,0,0.46031,0.09427
mal,private_calls,0,0.99225,0.97733
mal,private_calls,1,0.94897,0.23264
mal,private_calls,0,0.00392,0.01734
mal,private_calls,0,0.00379,0.01646
mal,private_calls,0,0.00386,0.01368
mal,private_calls,0,0.00412,0.03125
mal,private_calls,1,0.99154,0.98265
mal,private_calls,1,0.99145,0.94522
mal,private_calls,0,0.00370,0.00780
mal,private_calls,1,0.99222,0.98347
mal,private_calls,0,0.00372,0.00608
mal,private_calls,0,0.98737,0.56402
mal,private_calls,0,0.00642,0.00929
mal,private_calls,1,0.99124,0.95006
mal,private_calls,0,0.98962,0.74422
mal,private_calls,1,0.99231,0.84004
mal,private_calls,1,0.99195,0.92537
mal,private_calls,1,0.99047,0.79819
mal,private_calls,0,0.00365,0.00982
mal,private_calls,0,0.00364,0.00795
mal,private_calls,1,0.98210,0.03291
mal,private_calls,0,0.99142,0.86867
mal,private_calls,1,0.99147,0.73570
mal,private_calls,0,0.00367,0.00669
mal,private_calls,1,0.98848,0.44817
mal,private_calls,0,0.00377,0.01453
mal,private_calls,0,0.00485,0.01166
mal,private_calls,0,0.01517,0.03513
mal,private_calls,0,0.61589,0.20988
mal,private_calls,1,0.02895,0.14521
mal,private_calls,1,0.98307,0.77675
mal,private_calls,1,0.99167,0.82726
mal,private_calls,0,0.00503,0.04280
mal,private_calls,0,0.00404,0.01302
mal,private_calls,0,0.00405,0.00968
mal,private_calls,0,0.00370,0.01461
mal,private_calls,1,0.99206,0.91201
mal,private_calls,1,0.98155,0.50686
mal,private_calls,1,0.99210,0.88165
mal,private_calls,0,0.00366,0.00789
mal,private_calls,1,0.70171,0.04898
mal,private_calls,1,0.99228,0.97399
mal,private_calls,0,0.00373,0.00759
mal,private_calls,0,0.00359,0.02157
mal,private_calls,0,0.99141,0.96937
mal,private_calls,1,0.99212,0.96601
mal,private_calls,0,0.00376,0.01095
mal,private_calls,0,0.06353,0.04969
mal,private_calls,0,0.00358,0.00665
mal,private_calls,0,0.00361,0.00673
mal,private_calls,1,0.98639,0.88407
mal,private_calls,0,0.00363,0.00755
mal,private_calls,0,0.00370,0.00553
mal,private_calls,0,0.00368,0.00531
mal,private_calls,0,0.98161,0.62018
mal,private_calls,1,0.99146,0.87029
mal,private_calls,0,0.00358,0.00689
mal,private_calls,0,0.00514,0.04752
mal,private_calls,0,0.00357,0.00645
mal,private_calls,1,0.00553,0.04646
mal,private_calls,1,0.02570,0.48621
mal,private_calls,1,0.99032,0.89402
mal,private_calls,1,0.97968,0.91547
mal,private_calls,0,0.98842,0.92673
mal,private_calls,1,0.00426,0.02528
mal,private_calls,0,0.96078,0.20869
mal,private_calls,0,0.96651,0.12218
mal,private_calls,0,0.00374,0.00989
mal,private_calls,0,0.98706,0.25691
mal,private_calls,0,0.00359,0.01662
mal,private_calls,0,0.00359,0.01143
mal,private_calls,0,0.00359,0.01568
mal,private_calls,0,0.00364,0.01198
mal,private_calls,0,0.00362,0.00600
mal,private_calls,0,0.00391,0.01464
mal,private_calls,0,0.00368,0.00703
mal,private_calls,0,0.00364,0.00902
mal,private_calls,0,0.00359,0.00625
mal,private_calls,0,0.00360,0.00673
mal,private_calls,0,0.00364,0.00546
mal,private_calls,0,0.00364,0.00618
mal,private_calls,0,0.00359,0.00784
mal,private_calls,0,0.00430,0.02641
mal,private_calls,0,0.00359,0.01567
mal,private_calls,1,0.99243,0.96531
mal,private_calls,0,0.00360,0.00666
mal,private_calls,0,0.00371,0.00578
mal,private_calls,0,0.00364,0.00626
mal,private_calls,0,0.14613,0.16157
mal,private_calls,0,0.00374,0.00606
mal,private_calls,1,0.39552,0.54257
mal,private_calls,0,0.98371,0.52238
mal,private_calls,0,0.00373,0.00997
mal,private_calls,0,0.00367,0.00603
mal,private_calls,0,0.00387,0.02287
mal,private_calls,1,0.02161,0.09760
mal,private_calls,0,0.99045,0.14589
mal,private_calls,1,0.98605,0.77595
mal,private_calls,0,0.00372,0.00692
mal,private_calls,0,0.00383,0.01618
mal,private_calls,0,0.99239,0.97640
mal,private_calls,0,0.00379,0.00606
mal,private_calls,1,0.98949,0.94466
mal,private_calls,1,0.99212,0.92826
mal,private_calls,0,0.99201,0.96355
mal,private_calls,0,0.00398,0.00970
mal,private_calls,1,0.99154,0.97501
mal,private_calls,1,0.99189,0.95582
mal,private_calls,0,0.01378,0.12051
mal,private_calls,0,0.00390,0.02149
mal,private_calls,1,0.03138,0.67500
mal,private_calls,0,0.00408,0.02579
mal,private_calls,1,0.98903,0.80166
mal,private_calls,0,0.00365,0.00863
mal,private_calls,1,0.99182,0.97835
mal,private_calls,1,0.99168,0.38014
mal,private_calls,0,0.99236,0.96479
mal,private_calls,0,0.99203,0.86030
mal,private_calls,0,0.02711,0.02572
mal,private_calls,0,0.00372,0.00787
mal,private_calls,0,0.00431,0.02371
mal,private_calls,1,0.99158,0.49132
mal,private_calls,0,0.98698,0.77609
mal,private_calls,0,0.00381,0.01229
mal,private_calls,0,0.90143,0.07225
mal,private_calls,1,0.94670,0.65839
mal,private_calls,0,0.00366,0.00807
mal,private_calls,0,0.00362,0.00764
mal,private_calls,0,0.00403,0.01862
mal,private_calls,0,0.00373,0.00758
mal,private_calls,0,0.00501,0.02321
mal,private_calls,0,0.00644,0.02587
mal,private_calls,1,0.99196,0.91544
mal,private_calls,0,0.00369,0.00720
mal,private_calls,0,0.56943,0.07934
mal,private_calls,1,0.26294,0.54547
mal,private_calls,0,0.67429,0.04535
mal,private_calls,0,0.97709,0.44652
mal,private_calls,0,0.00361,0.00598
mal,private_calls,0,0.00368,0.00803
mal,private_calls,0,0.00365,0.01017
mal,private_calls,0,0.00386,0.00852
mal,private_calls,0,0.00365,0.00644
mal,private_calls,0,0.26330,0.01614
mal,private_calls,0,0.00504,0.01692
mal,private_calls,1,0.99247,0.98351
mal,private_calls,0,0.00813,0.03643
mal,private_calls,0,0.00371,0.00577
mal,private_calls,0,0.00368,0.00582
mal,private_calls,0,0.00402,0.00865
mal,private_calls,0,0.00596,0.05533
mal,private_calls,0,0.00449,0.02651
mal,private_calls,1,0.99153,0.65427
mal,private_calls,0,0.99159,0.68160
mal,private_calls,1,0.99078,0.77859
mal,private_calls,0,0.99165,0.98100
mal,private_calls,0,0.98931,0.56627
mal,private_calls,0,0.84719,0.12650
mal,private_calls,0,0.00361,0.00677
mal,private_calls,0,0.47307,0.04156
mal,private_calls,0,0.00366,0.00615
mal,private_calls,0,0.00413,0.02305
mal,private_calls,0,0.98697,0.73843
mal,private_calls,1,0.99064,0.73558
mal,private_calls,0,0.01820,0.01401
mal,private_calls,0,0.00361,0.00725
mal,private_calls,0,0.00360,0.00629
mal,private_calls,0,0.00726,0.13901
mal,private_calls,0,0.98624,0.51816
mal,private_calls,0,0.51371,0.05686
mal,private_calls,0,0.00500,0.00870
mal,private_calls,0,0.98806,0.30017
mal,private_calls,0,0.98541,0.07901
mal,private_calls,0,0.99159,0.22909
mal,private_calls,0,0.01545,0.01661
mal,private_calls,0,0.91252,0.04155
mal,private_calls,1,0.99242,0.97841
mal,private_calls,0,0.00375,0.01280
mal,private_calls,1,0.99244,0.98407
mal,private_calls,0,0.01477,0.03500
mal,private_calls,0,0.99066,0.25630
mal,private_calls,1,0.96407,0.47937
mal,private_calls,0,0.00376,0.01322
mal,private_calls,0,0.00375,0.00667
mal,private_calls,0,0.00380,0.00936
mal,private_calls,0,0.78959,0.06627
mal,private_calls,0,0.00377,0.00715
mal,private_calls,1,0.99189,0.95823
mal,private_calls,0,0.00516,0.03713
mal,private_calls,0,0.55885,0.20068
mal,private_calls,1,0.99219,0.96870
mal,private_calls,0,0.00406,0.02402
mal,private_calls,1,0.99250,0.98337
mal,private_calls,1,0.99082,0.64897
mal,private_calls,0,0.01145,0.01937
mal,private_calls,0,0.00371,0.00620
mal,private_calls,0,0.00380,0.00663
mal,private_calls,0,0.00442,0.02699
mal,private_calls,0,0.56992,0.17278
mal,private_calls,0,0.98543,0.28700
mal,private_calls,0,0.00479,0.04467
mal,private_calls,0,0.05135,0.02991
mal,private_calls,0,0.90987,0.05043
mal,private_calls,0,0.00373,0.00625
mal,private_calls,0,0.12398,0.01697
mal,private_calls,0,0.99131,0.93039
mal,private_calls,0,0.57524,0.03131
mal,private_calls,0,0.00379,0.01112
mal,private_calls,0,0.00382,0.00741
mal,private_calls,0,0.00845,0.07488
mal,private_calls,0,0.00463,0.02097
mal,private_calls,0,0.00445,0.00999
mal,private_calls,1,0.99182,0.97313
mal,private_calls,0,0.85944,0.05460
mal,private_calls,0,0.00378,0.01201
mal,private_calls,0,0.00366,0.00634
mal,private_calls,1,0.99149,0.97355
mal,private_calls,0,0.98968,0.48690
mal,private_calls,0,0.01231,0.04679
mal,private_calls,0,0.00437,0.04296
mal,private_calls,0,0.33666,0.11584
mal,private_calls,0,0.95563,0.24218
mal,private_calls,0,0.98552,0.23842
mal,private_calls,0,0.00370,0.00656
mal,private_calls,1,0.98385,0.93824
mal,private_calls,0,0.99244,0.97636
mal,private_calls,0,0.01113,0.04907
mal,private_calls,0,0.14256,0.14280
mal,private_calls,1,0.99168,0.91719
mal,private_calls,1,0.99063,0.95291
mal,private_calls,0,0.99152,0.77908
mal,private_calls,0,0.09362,0.04807
mal,private_calls,0,0.99191,0.97857
mal,private_calls,0,0.00380,0.01180
mal,private_calls,0,0.00372,0.00598
mal,private_calls,0,0.00732,0.00990
mal,private_calls,1,0.36858,0.33076
mal,private_calls,0,0.98235,0.73320
mal,private_calls,0,0.00369,0.01112
mal,private_calls,0,0.00543,0.04716
mal,private_calls,0,0.04286,0.07121
mal,private_calls,0,0.70399,0.16653
mal,private_calls,0,0.00368,0.00749
mal,private_calls,0,0.87641,0.14292
mal,private_calls,1,0.99040,0.96269
mal,private_calls,0,0.00442,0.01743
mal,private_calls,0,0.00376,0.00739
mal,private_calls,1,0.00471,0.04647
mal,private_calls,0,0.00832,0.02523
mal,private_calls,1,0.99079,0.96620
mal,private_calls,1,0.99178,0.97295
mal,private_calls,0,0.00383,0.01369
mal,private_calls,1,0.99178,0.78443
mal,private_calls,1,0.31680,0.73981
mal,private_calls,1,0.95019,0.69017
mal,private_calls,1,0.83781,0.68544
mal,private_calls,0,0.72487,0.23976
mal,private_calls,1,0.99258,0.98355
mal,private_calls,1,0.99215,0.93332
mal,private_calls,0,0.08590,0.07168
mal,private_calls,1,0.97227,0.72693
mal,private_calls,0,0.00379,0.01589
mal,private_calls,1,0.98579,0.83917
mal,private_calls,0,0.00380,0.01831
mal,private_calls,0,0.00380,0.01557
mal,private_calls,0,0.00393,0.01214
mal,private_calls,0,0.00377,0.00790
mal,private_calls,0,0.00372,0.00879
mal,private_calls,0,0.01351,0.00983
mal,private_calls,1,0.99045,0.52182
mal,private_calls,0,0.00370,0.01824
mal,private_calls,0,0.98702,0.06358
mal,private_calls,0,0.01132,0.06111
mal,private_calls,0,0.00383,0.00872
mal,private_calls,0,0.00376,0.00813
mal,private_calls,0,0.00383,0.00856
mal,private_calls,0,0.00373,0.01033
mal,private_calls,0,0.00374,0.00824
mal,private_calls,0,0.00375,0.00996
mal,private_calls,0,0.00683,0.02649
mal,private_calls,0,0.00434,0.05765
mal,private_calls,0,0.00583,0.05999
mal,private_calls,0,0.47146,0.04510
mal,private_calls,0,0.95114,0.03911
mal,private_calls,0,0.00457,0.02904
mal,private_calls,0,0.00378,0.00691
mal,private_calls,0,0.00959,0.03674
mal,private_calls,0,0.00372,0.00757
mal,private_calls,1,0.00580,0.03040
mal,private_calls,0,0.54808,0.04497
mal,private_calls,0,0.00392,0.00913
mal,private_calls,1,0.99204,0.95416
mal,private_calls,0,0.99123,0.52998
mal,private_calls,0,0.00753,0.18254
mal,private_calls,0,0.00379,0.00879
mal,private_calls,0,0.00373,0.01026
mal,private_calls,1,0.98464,0.87645
mal,private_calls,1,0.99103,0.94740
mal,private_calls,0,0.97684,0.13209
mal,private_calls,0,0.00430,0.02611
mal,private_calls,0,0.00370,0.00589
mal,private_calls,1,0.98278,0.73667
mal,private_calls,0,0.45609,0.15861
mal,private_calls,0,0.99191,0.93031
mal,private_calls,0,0.00375,0.00524
mal,private_calls,0,0.00370,0.00606
mal,private_calls,1,0.00386,0.02469
mal,private_calls,0,0.00370,0.00642
mal,private_calls,0,0.96375,0.11281
mal,private_calls,1,0.08741,0.10227
mal,private_calls,0,0.00401,0.01364
mal,private_calls,1,0.99165,0.88655
mal,private_calls,0,0.00383,0.01020
mal,private_calls,0,0.00371,0.01007
mal,private_calls,0,0.00373,0.01474
mal,private_calls,1,0.01433,0.45608
mal,private_calls,0,0.00377,0.00505
mal,private_calls,0,0.92022,0.43189
mal,private_calls,1,0.13370,0.21771
mal,private_calls,1,0.99189,0.94100
mal,private_calls,0,0.00364,0.01800
mal,private_calls,1,0.64791,0.42159
mal,private_calls,0,0.97068,0.02624
mal,private_calls,0,0.00423,0.02523
mal,private_calls,0,0.00993,0.01645
mal,private_calls,0,0.00379,0.00893
mal,private_calls,0,0.00373,0.00737
mal,private_calls,0,0.96032,0.04219
mal,private_calls,1,0.99234,0.96736
mal,private_calls,0,0.99110,0.08814
mal,private_calls,1,0.99029,0.68110
mal,private_calls,0,0.00370,0.00705
mal,private_calls,0,0.96597,0.38747
mal,private_calls,1,0.99222,0.98529
mal,private_calls,0,0.00364,0.02291
mal,private_calls,0,0.96268,0.18289
mal,private_calls,1,0.99217,0.97826
mal,private_calls,0,0.00370,0.01177
mar,private_calls,1,0.01980,0.19792
mar,private_calls,0,0.00371,0.00656
mar,private_calls,0,0.00594,0.04272
mar,private_calls,0,0.00372,0.00861
mar,private_calls,0,0.00378,0.00559
mar,private_calls,0,0.00389,0.02646
mar,private_calls,1,0.49603,0.17122
mar,private_calls,0,0.98813,0.63265
mar,private_calls,0,0.00799,0.10921
mar,private_calls,1,0.42015,0.05246
mar,private_calls,0,0.00408,0.01126
mar,private_calls,0,0.00405,0.01890
mar,private_calls,0,0.00374,0.02423
mar,private_calls,0,0.97418,0.29967
mar,private_calls,0,0.00369,0.00855
mar,private_calls,0,0.98959,0.03792
mar,private_calls,0,0.99125,0.16047
mar,private_calls,0,0.01128,0.01778
mar,private_calls,0,0.00386,0.02976
mar,private_calls,0,0.00370,0.01450
mar,private_calls,0,0.00372,0.00902
mar,private_calls,0,0.10516,0.13558
mar,private_calls,0,0.00444,0.01792
mar,private_calls,0,0.99096,0.07662
mar,private_calls,0,0.00370,0.00684
mar,private_calls,0,0.00634,0.00765
mar,private_calls,0,0.00533,0.01782
mar,private_calls,0,0.03018,0.02532
mar,private_calls,0,0.98563,0.40604
mar,private_calls,0,0.96565,0.09661
mar,private_calls,0,0.00462,0.02725
mar,private_calls,0,0.01906,0.01841
mar,private_calls,0,0.00394,0.01394
mar,private_calls,0,0.00385,0.00649
mar,private_calls,0,0.98933,0.61540
mar,private_calls,0,0.00465,0.01733
mar,private_calls,0,0.20099,0.06897
mar,private_calls,0,0.00388,0.00899
mar,private_calls,0,0.00385,0.00702
mar,private_calls,0,0.00390,0.00649
mar,private_calls,0,0.75974,0.04411
mar,private_calls,1,0.99135,0.50388
mar,private_calls,1,0.98040,0.55430
mar,private_calls,0,0.79175,0.10081
mar,private_calls,1,0.99073,0.96928
mar,private_calls,0,0.00386,0.01108
mar,private_calls,0,0.45197,0.09736
mar,private_calls,1,0.98044,0.76316
mar,private_calls,1,0.99151,0.92166
mar,private_calls,0,0.00408,0.00911
mar,private_calls,1,0.98781,0.65524
mar,private_calls,0,0.01679,0.03099
mar,private_calls,1,0.97901,0.30056
mar,private_calls,1,0.99206,0.95899
mar,private_calls,0,0.00385,0.00766
mar,private_calls,0,0.00382,0.00731
mar,private_calls,1,0.99148,0.93987
mar,private_calls,1,0.98868,0.68031
mar,private_calls,0,0.00702,0.01715
mar,private_calls,0,0.00484,0.06998
mar,private_calls,0,0.00541,0.03278
mar,private_calls,1,0.00516,0.03572
mar,private_calls,0,0.00444,0.05570
mar,private_calls,1,0.00387,0.01108
mar,private_calls,0,0.99151,0.98025
mar,private_calls,0,0.00536,0.05479
mar,private_calls,1,0.01791,0.04793
mar,private_calls,1,0.29993,0.63518
mar,private_calls,0,0.96994,0.49890
mar,private_calls,0,0.00429,0.03304
mar,private_calls,1,0.82335,0.13392
mar,private_calls,0,0.00420,0.01077
mar,private_calls,0,0.00394,0.02607
mar,private_calls,0,0.88971,0.26972
mar,private_calls,0,0.00861,0.08070
mar,private_calls,0,0.00657,0.02752
mar,private_calls,0,0.00399,0.01060
mar,private_calls,1,0.00444,0.02235
mar,private_calls,0,0.96846,0.10327
mar,private_calls,0,0.35947,0.25348
mar,private_calls,1,0.01051,0.07889
mar,private_calls,0,0.61751,0.22751
mar,private_calls,0,0.10270,0.34872
mar,private_calls,0,0.98651,0.81164
mar,private_calls,0,0.95445,0.17937
mar,private_calls,1,0.26644,0.26889
mar,private_calls,0,0.98011,0.18666
mar,private_calls,0,0.01872,0.07045
mar,private_calls,1,0.00690,0.06160
mar,private_calls,1,0.98910,0.84030
mar,private_calls,0,0.00363,0.01026
mar,private_calls,0,0.87199,0.02208
mar,private_calls,0,0.00364,0.00958
mar,private_calls,1,0.90017,0.09239
mar,private_calls,0,0.00452,0.00860
mar,private_calls,0,0.00385,0.01042
mar,private_calls,0,0.98652,0.26593
mar,private_calls,0,0.00363,0.01544
mar,private_calls,0,0.00363,0.00804
mar,private_calls,0,0.00415,0.08979
mar,private_calls,1,0.99140,0.45047
mar,private_calls,0,0.00369,0.01100
mar,private_calls,0,0.00366,0.01023
mar,private_calls,0,0.99108,0.01948
mar,private_calls,1,0.99179,0.53706
mar,private_calls,1,0.99206,0.94892
mar,private_calls,1,0.98746,0.30278
mar,private_calls,1,0.99136,0.34615
mar,private_calls,1,0.99139,0.90453
mar,private_calls,0,0.97283,0.20378
mar,private_calls,0,0.00367,0.01021
mar,private_calls,0,0.00630,0.29595
mar,private_calls,0,0.88837,0.15335
mar,private_calls,1,0.01501,0.16036
mar,private_calls,0,0.94475,0.27105
mar,private_calls,0,0.82054,0.10241
mar,private_calls,0,0.94577,0.03293
mar,private_calls,1,0.99067,0.85073
mar,private_calls,0,0.00420,0.02310
mar,private_calls,1,0.98116,0.86460
mar,private_calls,0,0.00375,0.00620
mar,private_calls,0,0.94427,0.48774
mar,private_calls,0,0.00372,0.00589
mar,private_calls,0,0.10107,0.21666
mar,private_calls,1,0.99021,0.79358
mar,private_calls,0,0.00371,0.00756
mar,private_calls,0,0.00540,0.01905
mar,private_calls,0,0.45090,0.18713
mar,private_calls,0,0.00366,0.01318
mar,private_calls,0,0.00800,0.02967
mar,private_calls,0,0.00374,0.01061
mar,private_calls,0,0.08978,0.05060
mar,private_calls,0,0.00369,0.00697
mar,private_calls,0,0.00367,0.00752
mar,private_calls,0,0.01261,0.12360
mar,private_calls,1,0.99060,0.73838
mar,private_calls,0,0.00384,0.01369
mar,private_calls,0,0.00361,0.00800
mar,private_calls,0,0.04646,0.09560
mar,private_calls,0,0.00979,0.19011
mar,private_calls,0,0.88910,0.06195
mar,private_calls,0,0.00366,0.00622
mar,private_calls,1,0.71228,0.52132
mar,private_calls,1,0.99225,0.92759
mar,private_calls,0,0.99168,0.09568
mar,private_calls,1,0.99173,0.94633
mar,private_calls,0,0.00367,0.00605
mar,private_calls,1,0.98646,0.24014
mar,private_calls,0,0.00389,0.00798
mar,private_calls,0,0.05929,0.04577
mar,private_calls,0,0.00367,0.01060
mar,private_calls,0,0.00376,0.00839
mar,private_calls,0,0.97252,0.06658
mar,private_calls,1,0.99228,0.94779
mar,private_calls,0,0.00367,0.01605
mar,private_calls,1,0.98885,0.58674
mar,private_calls,1,0.04893,0.10442
mar,private_calls,0,0.00497,0.02146
mar,private_calls,0,0.00368,0.00664
mar,private_calls,0,0.01587,0.01765
mar,private_calls,0,0.00375,0.00568
mar,private_calls,0,0.00370,0.00663
mar,private_calls,1,0.98783,0.51004
mar,private_calls,0,0.99098,0.04712
mar,private_calls,0,0.00363,0.00588
mar,private_calls,0,0.00370,0.01317
mar,private_calls,1,0.99104,0.89713
mar,private_calls,0,0.99167,0.90401
mar,private_calls,0,0.00435,0.01476
mar,private_calls,0,0.00367,0.00996
mar,private_calls,1,0.98817,0.52978
mar,private_calls,0,0.00375,0.00590
mar,private_calls,0,0.00376,0.00599
mar,private_calls,0,0.00375,0.00588
mar,private_calls,0,0.94568,0.14758
mar,private_calls,0,0.00376,0.00857
mar,private_calls,0,0.97641,0.35934
mar,private_calls,0,0.00366,0.00662
mar,private_calls,1,0.98948,0.95830
mar,private_calls,0,0.00371,0.00878
mar,private_calls,0,0.00561,0.04447
mar,private_calls,0,0.03743,0.04830
mar,private_calls,0,0.00372,0.00579
mar,private_calls,1,0.98269,0.75478
mar,private_calls,0,0.00375,0.00918
mar,private_calls,0,0.00490,0.04591
mar,private_calls,0,0.00367,0.00593
mar,private_calls,0,0.00363,0.00711
mar,private_calls,1,0.98877,0.95783
mar,private_calls,0,0.97387,0.15128
mar,private_calls,1,0.00379,0.06535
mar,private_calls,0,0.95234,0.58098
mar,private_calls,0,0.00367,0.00910
mar,private_calls,1,0.99145,0.98153
mar,private_calls,0,0.00388,0.01670
mar,private_calls,0,0.07149,0.16646
mar,private_calls,0,0.00370,0.00570
mar,private_calls,1,0.80484,0.95332
mar,private_calls,1,0.99018,0.87513
mar,private_calls,0,0.00426,0.02557
mar,private_calls,0,0.00592,0.03107
mar,private_calls,0,0.00737,0.02554
mar,private_calls,0,0.00369,0.00593
mar,private_calls,0,0.00370,0.00630
mar,private_calls,1,0.98972,0.94863
mar,private_calls,0,0.00391,0.01580
mar,private_calls,0,0.00394,0.01634
mar,private_calls,0,0.26885,0.04486
mar,private_calls,1,0.99140,0.70260
mar,private_calls,0,0.00426,0.01647
mar,private_calls,1,0.00454,0.02550
mar,private_calls,0,0.00369,0.01033
mar,private_calls,1,0.99145,0.97143
mar,private_calls,0,0.19432,0.12951
mar,private_calls,0,0.00397,0.00936
mar,private_calls,1,0.99031,0.58448
mar,private_calls,0,0.00369,0.01759
mar,private_calls,0,0.00433,0.01466
mar,private_calls,1,0.94911,0.29002
mar,private_calls,1,0.99162,0.94939
mar,private_calls,1,0.99250,0.97302
mar,private_calls,1,0.02035,0.82752
mar,private_calls,0,0.00443,0.04387
mar,private_calls,1,0.99066,0.65956
mar,private_calls,0,0.00370,0.02414
mar,private_calls,0,0.00378,0.01352
mar,private_calls,1,0.97883,0.10499
mar,private_calls,0,0.00391,0.02211
mar,private_calls,0,0.01913,0.04129
mar,private_calls,0,0.00369,0.01107
mar,private_calls,0,0.99157,0.73712
mar,private_calls,0,0.99099,0.61274
mar,private_calls,0,0.93507,0.06472
mar,private_calls,0,0.00385,0.01942
mar,private_calls,0,0.00384,0.00554
mar,private_calls,0,0.00393,0.01243
mar,private_calls,1,0.99167,0.77427
mar,private_calls,0,0.65375,0.12942
mar,private_calls,0,0.00395,0.04127
mar,private_calls,0,0.73331,0.06914
mar,private_calls,0,0.00431,0.02886
mar,private_calls,0,0.00373,0.01076
mar,private_calls,0,0.00561,0.03038
mar,private_calls,0,0.00380,0.00734
mar,private_calls,0,0.26787,0.04792
mar,private_calls,0,0.00397,0.02138
mar,private_calls,0,0.00404,0.01437
mar,private_calls,0,0.84582,0.03285
mar,private_calls,1,0.98778,0.74569
mar,private_calls,1,0.99085,0.86271
mar,private_calls,1,0.97197,0.27632
mar,private_calls,0,0.00381,0.01102
mar,private_calls,0,0.00380,0.01373
mar,private_calls,0,0.00372,0.01123
mar,private_calls,1,0.98931,0.47379
mar,private_calls,0,0.13766,0.06432
mar,private_calls,0,0.99149,0.85785
mar,private_calls,0,0.00367,0.01889
mar,private_calls,0,0.00373,0.00733
mar,private_calls,0,0.00369,0.00570
mar,private_calls,0,0.00375,0.00654
mar,private_calls,1,0.98598,0.64838
mar,private_calls,0,0.00367,0.00643
mar,private_calls,0,0.00747,0.02052
mar,private_calls,0,0.99075,0.65460
mar,private_calls,0,0.00371,0.00653
mar,private_calls,0,0.00371,0.02153
mar,private_calls,0,0.00372,0.01264
mar,private_calls,0,0.00371,0.00714
mar,private_calls,1,0.00386,0.06426
mar,private_calls,0,0.00372,0.01647
mar,private_calls,0,0.00374,0.01591
mar,private_calls,0,0.00434,0.01768
mar,private_calls,0,0.00371,0.00878
mar,private_calls,0,0.01439,0.04011
mar,private_calls,0,0.00519,0.02309
mar,private_calls,0,0.00392,0.01811
mar,private_calls,1,0.00629,0.06210
mar,private_calls,0,0.00419,0.02261
mar,private_calls,0,0.00375,0.00804
mar,private_calls,0,0.76926,0.08834
mar,private_calls,0,0.00382,0.00594
mar,private_calls,0,0.98990,0.09117
mar,private_calls,0,0.99130,0.64049
mar,private_calls,1,0.99176,0.24994
mar,private_calls,0,0.00372,0.01162
mar,private_calls,0,0.99094,0.06256
mar,private_calls,0,0.00366,0.00738
mar,private_calls,1,0.98999,0.13800
mar,private_calls,0,0.94752,0.35689
mar,private_calls,1,0.97743,0.11457
mar,private_calls,0,0.00376,0.01016
mar,private_calls,1,0.90497,0.29480
mar,private_calls,0,0.03231,0.03549
mar,private_calls,0,0.00417,0.03811
mar,private_calls,0,0.00418,0.02051
mar,private_calls,0,0.00786,0.01614
mar,private_calls,0,0.00376,0.01237
mar,private_calls,1,0.99236,0.86250
mar,private_calls,0,0.98263,0.10494
mar,private_calls,0,0.00504,0.01335
mar,private_calls,0,0.00378,0.00808
mar,private_calls,0,0.00382,0.01853
mar,private_calls,0,0.00373,0.00634
mar,private_calls,0,0.00384,0.00688
mar,private_calls,0,0.00412,0.00960
mar,private_calls,0,0.14313,0.01240
mar,private_calls,1,0.98940,0.87594
mar,private_calls,0,0.00480,0.01853
mar,private_calls,0,0.01915,0.01451
mar,private_calls,0,0.00378,0.01168
mar,private_calls,0,0.00373,0.01013
mar,private_calls,0,0.13701,0.02420
mar,private_calls,1,0.99184,0.96206
mar,private_calls,0,0.08118,0.03515
mar,private_calls,0,0.00585,0.01672
mar,private_calls,0,0.73400,0.04354
mar,private_calls,0,0.00693,0.02476
mar,private_calls,0,0.95937,0.03398
mar,private_calls,0,0.12357,0.02538
mar,private_calls,0,0.03510,0.02737
mar,private_calls,1,0.99245,0.98572
mar,private_calls,0,0.00374,0.00718
mar,private_calls,0,0.00377,0.00699
mar,private_calls,1,0.99089,0.83640
mar,private_calls,0,0.02269,0.05259
mar,private_calls,0,0.00389,0.00823
mar,private_calls,0,0.00379,0.00905
mar,private_calls,0,0.00373,0.00927
mar,private_calls,0,0.58904,0.03702
mar,private_calls,0,0.00373,0.00978
mar,private_calls,1,0.83064,0.21136
mar,private_calls,0,0.00371,0.00833
mar,private_calls,0,0.00379,0.01135
mar,private_calls,0,0.04519,0.05246
mar,private_calls,0,0.03350,0.09483
mar,private_calls,0,0.00380,0.02326
mar,private_calls,0,0.00371,0.01432
mar,private_calls,0,0.00377,0.00787
mar,private_calls,0,0.00377,0.00698
mar,private_calls,0,0.00402,0.02279
mar,private_calls,0,0.00379,0.00886
mar,private_calls,0,0.00375,0.01486
mar,private_calls,0,0.00456,0.03740
mar,private_calls,1,0.98257,0.47564
mar,private_calls,0,0.52139,0.07303
mar,private_calls,0,0.00386,0.01617
mar,private_calls,0,0.00370,0.01066
mar,private_calls,1,0.99146,0.69952
mar,private_calls,0,0.00379,0.00862
mar,private_calls,1,0.97166,0.61001
mar,private_calls,1,0.00616,0.02705
mar,private_calls,0,0.00464,0.02373
mar,private_calls,0,0.98331,0.04223
mar,private_calls,0,0.00366,0.00655
mar,private_calls,0,0.30469,0.04975
mar,private_calls,0,0.99220,0.89239
mar,private_calls,0,0.00370,0.01019
mar,private_calls,0,0.00389,0.02485
mar,private_calls,0,0.00393,0.01572
mar,private_calls,0,0.00373,0.00845
mar,private_calls,1,0.98844,0.30960
mar,private_calls,0,0.00377,0.00718
mar,private_calls,1,0.98448,0.56744
mar,private_calls,1,0.79377,0.02526
mar,private_calls,0,0.98989,0.64937
mar,private_calls,0,0.00411,0.01745
mar,private_calls,0,0.00378,0.00858
mar,private_calls,0,0.00372,0.00728
mar,private_calls,0,0.00378,0.00807
mar,private_calls,1,0.07187,0.08970
mar,private_calls,0,0.00559,0.01734
mar,private_calls,0,0.00378,0.01826
mar,private_calls,0,0.00416,0.02100
mar,private_calls,0,0.00376,0.02201
mar,private_calls,0,0.00372,0.00776
mar,private_calls,0,0.97021,0.13388
mar,private_calls,0,0.00369,0.00917
mar,private_calls,1,0.98851,0.29492
mar,private_calls,0,0.00465,0.01646
mar,private_calls,0,0.00960,0.03566
mar,private_calls,0,0.00388,0.02396
mar,private_calls,1,0.98250,0.71484
mar,private_calls,0,0.00425,0.01720
mar,private_calls,0,0.39350,0.08578
mar,private_calls,0,0.97677,0.06999
mar,private_calls,0,0.00408,0.00900
mar,private_calls,0,0.00543,0.07812
mar,private_calls,0,0.00596,0.05652
mar,private_calls,0,0.99183,0.80671
mar,private_calls,0,0.96740,0.23484
mar,private_calls,0,0.00377,0.01257
mar,private_calls,0,0.03755,0.02212
mar,private_calls,1,0.95260,0.54247
mar,private_calls,0,0.00373,0.00775
mar,private_calls,1,0.98243,0.59077
mar,private_calls,0,0.03107,0.02587
mar,private_calls,0,0.00369,0.00879
mar,private_calls,0,0.01117,0.18180
mar,private_calls,0,0.00375,0.00844
mar,private_calls,0,0.00381,0.00935
mar,private_calls,1,0.99110,0.86223
mar,private_calls,0,0.00376,0.00821
mar,private_calls,1,0.99240,0.79897
mar,private_calls,1,0.98678,0.57669
mar,private_calls,0,0.00716,0.07450
mar,private_calls,0,0.00375,0.01027
mar,private_calls,0,0.01746,0.24045
mar,private_calls,0,0.96679,0.18926
mar,private_calls,0,0.01249,0.04324
mar,private_calls,0,0.00381,0.00686
mar,private_calls,0,0.00485,0.01658
mar,private_calls,0,0.00376,0.00967
mar,private_calls,0,0.00436,0.01818
mar,private_calls,1,0.99110,0.83171
mar,private_calls,0,0.00369,0.00710
mar,private_calls,0,0.00373,0.00618
mar,private_calls,0,0.01809,0.01757
mar,private_calls,0,0.00368,0.00854
mar,private_calls,0,0.98546,0.88918
mar,private_calls,0,0.97791,0.08936
mar,private_calls,0,0.96688,0.03431
mar,private_calls,0,0.00375,0.01236
mar,private_calls,0,0.00394,0.01180
mar,private_calls,0,0.74549,0.05186
mar,private_calls,0,0.99078,0.16056
mar,private_calls,0,0.00673,0.02610
mar,private_calls,0,0.01224,0.02246
mar,private_calls,0,0.99055,0.68650
mar,private_calls,0,0.87788,0.70376
mar,private_calls,0,0.95247,0.06343
mar,private_calls,0,0.00360,0.00658
mar,private_calls,0,0.02074,0.02464
mar,private_calls,0,0.99068,0.19864
mar,private_calls,0,0.00413,0.03496
mar,private_calls,0,0.00685,0.02155
mar,private_calls,1,0.99243,0.98921
mar,private_calls,0,0.00366,0.00626
mar,private_calls,0,0.01662,0.01842
mar,private_calls,0,0.00514,0.02795
mar,private_calls,1,0.97656,0.79061
mar,private_calls,0,0.00368,0.00625
mar,private_calls,0,0.00377,0.01733
mar,private_calls,0,0.00365,0.00833
mar,private_calls,0,0.98488,0.09999
mar,private_calls,0,0.00370,0.00616
mar,private_calls,1,0.95489,0.20268
mar,private_calls,1,0.90086,0.38644
mar,private_calls,0,0.00405,0.01131
mar,private_calls,0,0.00368,0.00744
mar,private_calls,1,0.99221,0.83359
mar,private_calls,0,0.00413,0.02249
mar,private_calls,0,0.97714,0.22618
mar,private_calls,0,0.00380,0.00624
mar,private_calls,0,0.14182,0.05297
mar,private_calls,0,0.50055,0.01621
mar,private_calls,0,0.97923,0.71202
mar,private_calls,0,0.00571,0.05333
mar,private_calls,0,0.92317,0.24184
mar,private_calls,0,0.00572,0.03969
mar,private_calls,0,0.00369,0.00713
mar,private_calls,0,0.05667,0.22852
mar,private_calls,0,0.00368,0.00669
mar,private_calls,1,0.88675,0.50587
mar,private_calls,0,0.99217,0.20088
mar,private_calls,0,0.00369,0.00787
mar,private_calls,0,0.00363,0.00781
mar,private_calls,0,0.99154,0.35179
mar,private_calls,0,0.00404,0.01184
mar,private_calls,0,0.06859,0.02830
mar,private_calls,0,0.59384,0.25656
mar,private_calls,0,0.00370,0.00770
mar,private_calls,0,0.01147,0.04235
mar,private_calls,0,0.00386,0.00888
mar,private_calls,0,0.95758,0.14446
mar,private_calls,0,0.98417,0.41649
mar,private_calls,0,0.00503,0.04284
mar,private_calls,1,0.99217,0.92449
mar,private_calls,0,0.99066,0.23670
mar,private_calls,1,0.99021,0.56493
mar,private_calls,0,0.00373,0.01526
mar,private_calls,0,0.00498,0.06497
mar,private_calls,0,0.00373,0.00902
mar,private_calls,0,0.00376,0.01231
mar,private_calls,0,0.00371,0.00685
mar,private_calls,0,0.00460,0.02585
mar,private_calls,0,0.97033,0.09975
mar,private_calls,0,0.00374,0.00809
mar,private_calls,0,0.00367,0.00690
mar,private_calls,0,0.00480,0.04261
mar,private_calls,0,0.02438,0.02037
mar,private_calls,0,0.99178,0.66334
mar,private_calls,0,0.00370,0.00740
mar,private_calls,0,0.66530,0.02289
mar,private_calls,1,0.01198,0.10548
mar,private_calls,0,0.99187,0.17035
mar,private_calls,0,0.00609,0.12096
mar,private_calls,0,0.00927,0.08000
mar,private_calls,0,0.00375,0.00600
mar,private_calls,0,0.00368,0.00632
mar,private_calls,0,0.00368,0.01090
mar,private_calls,1,0.99188,0.92248
mar,private_calls,1,0.98995,0.68488
mar,private_calls,1,0.99001,0.69948
mar,private_calls,0,0.00446,0.01370
mar,private_calls,1,0.97931,0.02298
mar,private_calls,0,0.00380,0.01192
mar,private_calls,0,0.00367,0.00796
mar,private_calls,0,0.02901,0.08583
mar,private_calls,1,0.00648,0.04228
mar,private_calls,0,0.95407,0.01303
mar,private_calls,0,0.00383,0.00953
mar,private_calls,0,0.00434,0.00996
mar,private_calls,0,0.00369,0.00594
mar,private_calls,0,0.00364,0.00752
mar,private_calls,0,0.00375,0.00824
mar,private_calls,0,0.00371,0.00642
mar,private_calls,0,0.00372,0.00597
mar,private_calls,0,0.00370,0.01270
mar,private_calls,0,0.00395,0.01305
mar,private_calls,1,0.99172,0.89857
mar,private_calls,1,0.99254,0.98690
mar,private_calls,0,0.00531,0.03012
mar,private_calls,0,0.00378,0.00687
mar,private_calls,0,0.00371,0.00635
mar,private_calls,0,0.99038,0.26628
mar,private_calls,0,0.00366,0.00751
mar,private_calls,0,0.00397,0.02474
mar,private_calls,0,0.10890,0.05238
mar,private_calls,1,0.96932,0.53485
mar,private_calls,1,0.99218,0.81140
mar,private_calls,0,0.27582,0.02877
mar,private_calls,0,0.99054,0.66903
mar,private_calls,0,0.00599,0.02425
mar,private_calls,0,0.00370,0.00850
mar,private_calls,0,0.85318,0.01144
mar,private_calls,0,0.00383,0.00888
mar,private_calls,0,0.04255,0.04021
mar,private_calls,0,0.01178,0.03494
mar,private_calls,0,0.00389,0.00718
mar,private_calls,0,0.00380,0.00604
mar,private_calls,0,0.11991,0.01325
mar,private_calls,0,0.98998,0.27937
mar,private_calls,1,0.99033,0.89169
mar,private_calls,0,0.00378,0.00621
mar,private_calls,0,0.72095,0.01854
mar,private_calls,0,0.02719,0.01702
mar,private_calls,1,0.99076,0.89716
mar,private_calls,1,0.98935,0.95960
mar,private_calls,0,0.00890,0.00829
mar,private_calls,0,0.00419,0.01021
mar,private_calls,0,0.98821,0.79739
mar,private_calls,0,0.00473,0.01598
mar,private_calls,0,0.00369,0.01259
mar,private_calls,0,0.10008,0.24846
mar,private_calls,1,0.00670,0.07977
mar,private_calls,0,0.99017,0.10233
mar,private_calls,0,0.36801,0.03770
mar,private_calls,0,0.92482,0.18979
mar,private_calls,0,0.99170,0.09951
mar,private_calls,0,0.01567,0.04988
mar,private_calls,0,0.81398,0.02118
mar,private_calls,0,0.00438,0.01509
mar,private_calls,0,0.00379,0.00880
mar,private_calls,0,0.26175,0.08941
mar,private_calls,0,0.38647,0.07345
mar,private_calls,1,0.97800,0.40476
mar,private_calls,0,0.02455,0.01579
mar,private_calls,0,0.00390,0.01639
mar,private_calls,0,0.00372,0.00797
mar,private_calls,0,0.05257,0.02510
mar,private_calls,0,0.00370,0.00965
mar,private_calls,1,0.00545,0.11167
mar,private_calls,0,0.00388,0.01107
mar,private_calls,0,0.00369,0.00791
mar,private_calls,0,0.00399,0.02180
mar,private_calls,0,0.00699,0.01516
mar,private_calls,0,0.00470,0.01258
mar,private_calls,0,0.00374,0.00991
mar,private_calls,0,0.00456,0.01425
mar,private_calls,1,0.99218,0.93050
mar,private_calls,1,0.98799,0.50481
mar,private_calls,0,0.80075,0.10690
mar,private_calls,0,0.00426,0.01085
mar,private_calls,0,0.00681,0.02198
mar,private_calls,0,0.00380,0.01373
mar,private_calls,1,0.99167,0.98175
mar,private_calls,0,0.99123,0.03596
mar,private_calls,0,0.00390,0.01547
mar,private_calls,0,0.00384,0.01415
mar,private_calls,0,0.00372,0.00757
mar,private_calls,0,0.38837,0.08263
mar,private_calls,0,0.00370,0.01005
mar,private_calls,0,0.00372,0.00839
mar,private_calls,1,0.99189,0.96459
mar,private_calls,0,0.00373,0.00670
mar,private_calls,0,0.00386,0.01314
mar,private_calls,0,0.00408,0.03541
mar,private_calls,0,0.00374,0.00741
mar,private_calls,1,0.98965,0.30192
mar,private_calls,0,0.00452,0.02009
mar,private_calls,0,0.12591,0.04250
mar,private_calls,0,0.00369,0.00748
mar,private_calls,0,0.96665,0.07087
mar,private_calls,0,0.00364,0.01066
mar,private_calls,0,0.00369,0.00635
mar,private_calls,0,0.00368,0.01295
mar,private_calls,1,0.98810,0.68254
mar,private_calls,0,0.00377,0.01201
mar,private_calls,0,0.00370,0.00789
mar,private_calls,0,0.98133,0.15355
mar,private_calls,0,0.00411,0.02277
mar,private_calls,1,0.99109,0.52388
mar,private_calls,0,0.00804,0.04602
mar,private_calls,0,0.00370,0.00763
mar,private_calls,0,0.00508,0.03013
mar,private_calls,0,0.00368,0.00821
mar,private_calls,0,0.04053,0.02961
mar,private_calls,0,0.94805,0.21799
mar,private_calls,1,0.99209,0.89877
mar,private_calls,0,0.00451,0.01616
mar,private_calls,0,0.00376,0.00664
mar,private_calls,0,0.00371,0.00648
mar,private_calls,0,0.00374,0.01063
mar,private_calls,1,0.99121,0.76547
mar,private_calls,0,0.98978,0.02666
mar,private_calls,0,0.00373,0.01167
mar,private_calls,0,0.00419,0.02064
mar,private_calls,0,0.02065,0.03049
mar,private_calls,0,0.99210,0.04493
mar,private_calls,0,0.00368,0.00971
mar,private_calls,0,0.00387,0.01103
mar,private_calls,0,0.97190,0.05046
mar,private_calls,1,0.99186,0.43988
mar,private_calls,0,0.00412,0.03470
mar,private_calls,0,0.96052,0.17311
mar,private_calls,0,0.04055,0.02800
mar,private_calls,0,0.00377,0.00864
mar,private_calls,0,0.00481,0.01395
mar,private_calls,1,0.99179,0.56439
mar,private_calls,0,0.00375,0.00876
mar,private_calls,0,0.00372,0.00700
mar,private_calls,1,0.99103,0.69811
mar,private_calls,0,0.00377,0.00704
mar,private_calls,0,0.33824,0.02422
mar,private_calls,0,0.00373,0.00692
mar,private_calls,0,0.00379,0.01714
mar,private_calls,0,0.01800,0.03808
mar,private_calls,0,0.00751,0.06499
mar,private_calls,0,0.50185,0.10376
mar,private_calls,1,0.99181,0.77321
mar,private_calls,0,0.01847,0.02468
mar,private_calls,1,0.99217,0.88823
mar,private_calls,0,0.03942,0.05524
mar,private_calls,0,0.00368,0.00807
mar,private_calls,0,0.14111,0.02608
mar,private_calls,0,0.00467,0.06301
mar,private_calls,1,0.99211,0.92713
mar,private_calls,1,0.99175,0.79551
mar,private_calls,1,0.99114,0.27367
mar,private_calls,1,0.99206,0.54338
mar,private_calls,1,0.99171,0.48304
mar,private_calls,0,0.00384,0.01070
mar,private_calls,0,0.42165,0.05392
mar,private_calls,0,0.00391,0.00922
mar,private_calls,0,0.00366,0.01313
mar,private_calls,0,0.00587,0.02282
mar,private_calls,0,0.98004,0.06206
mar,private_calls,0,0.64884,0.19724
mar,private_calls,0,0.81647,0.02247
mar,private_calls,0,0.08109,0.05632
mar,private_calls,0,0.92510,0.04146
mar,private_calls,0,0.00365,0.00925
mar,private_calls,0,0.99184,0.33818
mar,private_calls,0,0.23503,0.09557
mar,private_calls,1,0.99089,0.59289
mar,private_calls,0,0.98662,0.12089
mar,private_calls,0,0.98082,0.26622
mar,private_calls,0,0.00549,0.01691
mar,private_calls,0,0.05297,0.02503
mar,private_calls,1,0.99000,0.44194
mar,private_calls,0,0.00373,0.01019
mar,private_calls,0,0.00373,0.00989
mar,private_calls,0,0.00377,0.00953
mar,private_calls,0,0.77487,0.03339
mar,private_calls,0,0.00499,0.02362
mar,private_calls,0,0.00371,0.01016
mar,private_calls,0,0.96251,0.09533
mar,private_calls,1,0.99199,0.68549
mar,private_calls,1,0.98974,0.76071
mar,private_calls,0,0.23031,0.05094
mar,private_calls,0,0.00367,0.00811
mar,private_calls,0,0.00630,0.03534
mar,private_calls,0,0.07921,0.06247
mar,private_calls,0,0.00619,0.02300
mar,private_calls,0,0.01621,0.04094
mar,private_calls,1,0.99015,0.82891
mar,private_calls,0,0.94441,0.32867
mar,private_calls,0,0.00396,0.01190
mar,private_calls,0,0.00377,0.00839
mar,private_calls,0,0.00425,0.02576
mar,private_calls,0,0.00381,0.00831
mar,private_calls,1,0.98771,0.69150
mar,private_calls,0,0.01677,0.02287
mar,private_calls,0,0.00590,0.03101
mar,private_calls,0,0.01022,0.13362
mar,private_calls,1,0.99200,0.96730
mar,private_calls,1,0.99238,0.97639
mar,private_calls,0,0.00392,0.03145
mar,private_calls,0,0.00725,0.02683
mar,private_calls,0,0.80435,0.14183
mar,private_calls,0,0.01173,0.03587
mar,private_calls,1,0.99145,0.94561
mar,private_calls,0,0.00372,0.00818
mar,private_calls,0,0.00367,0.01093
mar,private_calls,0,0.00370,0.00854
mar,private_calls,0,0.00397,0.02322
mar,private_calls,1,0.99010,0.95978
mar,private_calls,0,0.00381,0.08285
mar,private_calls,0,0.04165,0.18081
mar,private_calls,0,0.00493,0.03049
mar,private_calls,0,0.00371,0.00808
mar,private_calls,0,0.00495,0.01817
mar,private_calls,0,0.00379,0.04116
mar,private_calls,0,0.00370,0.01038
mar,private_calls,0,0.00935,0.02596
mar,private_calls,0,0.00392,0.02896
mar,private_calls,0,0.00364,0.01358
mar,private_calls,0,0.00368,0.01580
mar,private_calls,0,0.08829,0.09147
mar,private_calls,1,0.99040,0.80157
mar,private_calls,0,0.99020,0.94783
mar,private_calls,0,0.04094,0.01011
mar,private_calls,0,0.00868,0.04919
mar,private_calls,0,0.24318,0.03764
mar,private_calls,0,0.54086,0.01873
mar,private_calls,0,0.99073,0.03141
mar,private_calls,1,0.99151,0.92872
mar,private_calls,0,0.99251,0.17706
mar,private_calls,0,0.00370,0.00652
mar,private_calls,0,0.00370,0.00626
mar,private_calls,0,0.99008,0.16314
mar,private_calls,0,0.66891,0.04961
mar,private_calls,0,0.00417,0.02355
mar,private_calls,0,0.00372,0.00589
mar,private_calls,0,0.00367,0.00634
mar,private_calls,0,0.00365,0.00651
mar,private_calls,1,0.48461,0.22380
mar,private_calls,0,0.01249,0.05139
mar,private_calls,1,0.98956,0.95241
mar,private_calls,1,0.98304,0.64110
mar,private_calls,1,0.99164,0.91174
mar,private_calls,1,0.98982,0.41563
mar,private_calls,0,0.00660,0.05069
mar,private_calls,0,0.98331,0.11440
mar,private_calls,1,0.35577,0.05633
mar,private_calls,0,0.97706,0.06441
mar,private_calls,0,0.00368,0.01195
mar,private_calls,0,0.00372,0.01297
mar,private_calls,1,0.99204,0.98671
mar,private_calls,0,0.00586,0.05907
mar,private_calls,0,0.00365,0.00719
mar,private_calls,0,0.00450,0.00870
mar,private_calls,0,0.01187,0.02860
mar,private_calls,0,0.00366,0.00914
mar,private_calls,0,0.03477,0.03994
mar,private_calls,0,0.00375,0.01539
mar,private_calls,1,0.99223,0.97443
mar,private_calls,0,0.98993,0.28923
mar,private_calls,0,0.00463,0.02119
mar,private_calls,0,0.00370,0.00857
mar,private_calls,0,0.00374,0.00888
mar,private_calls,0,0.04087,0.00981
mar,private_calls,0,0.00381,0.00829
mar,private_calls,0,0.00368,0.00653
mar,private_calls,0,0.00374,0.00628
mar,private_calls,0,0.00363,0.00808
mar,private_calls,1,0.98685,0.78915
mar,private_calls,1,0.99230,0.98471
mar,private_calls,0,0.00419,0.00891
mar,private_calls,0,0.00852,0.01244
mar,private_calls,0,0.92411,0.07881
mar,private_calls,0,0.00411,0.02250
mar,private_calls,0,0.98912,0.07678
mar,private_calls,0,0.00365,0.00728
mar,private_calls,0,0.00374,0.02088
mar,private_calls,0,0.02352,0.10003
mar,private_calls,0,0.17330,0.05629
mar,private_calls,0,0.00365,0.00740
mar,private_calls,0,0.99038,0.06229
mar,private_calls,0,0.00368,0.00821
mar,private_calls,1,0.99211,0.92637
mar,private_calls,0,0.00389,0.01521
mar,private_calls,0,0.00385,0.01256
mar,private_calls,0,0.00395,0.01271
mar,private_calls,0,0.00373,0.00939
mar,private_calls,0,0.58359,0.21289
mar,private_calls,1,0.99207,0.97619
mar,private_calls,0,0.97022,0.37814
mar,private_calls,0,0.00380,0.00713
mar,private_calls,1,0.99080,0.94269
mar,private_calls,1,0.96326,0.78870
mar,private_calls,0,0.98812,0.18191
mar,private_calls,0,0.00372,0.02114
mar,private_calls,1,0.99091,0.86038
mar,private_calls,1,0.04773,0.30156
mar,private_calls,1,0.99201,0.73299
mar,private_calls,1,0.00738,0.05707
mar,private_calls,1,0.98880,0.51644
mar,private_calls,0,0.00381,0.01225
mar,private_calls,1,0.00545,0.02046
mar,private_calls,0,0.98808,0.57977
mar,private_calls,0,0.00450,0.01310
mar,private_calls,1,0.99209,0.97290
mar,private_calls,0,0.99015,0.04419
mar,private_calls,0,0.00372,0.00855
mar,private_calls,0,0.99026,0.36230
mar,private_calls,0,0.00512,0.02168
mar,private_calls,0,0.17465,0.04994
mar,private_calls,0,0.00402,0.07023
mar,private_calls,1,0.78477,0.48972
mar,private_calls,0,0.00394,0.03081
mar,private_calls,0,0.00970,0.06841
mar,private_calls,0,0.00376,0.00696
mar,private_calls,0,0.00387,0.01844
mar,private_calls,0,0.00380,0.01932
mar,private_calls,0,0.00368,0.01201
mar,private_calls,0,0.98984,0.49968
mar,private_calls,0,0.00403,0.02212
mar,private_calls,0,0.00384,0.01824
mar,private_calls,1,0.99228,0.95855
mar,private_calls,0,0.00367,0.06017
mar,private_calls,0,0.25934,0.17972
mar,private_calls,0,0.00494,0.01986
mar,private_calls,1,0.99137,0.67149
mar,private_calls,1,0.10560,0.01848
mar,private_calls,0,0.00434,0.02850
mar,private_calls,0,0.00454,0.02366
mar,private_calls,0,0.00369,0.00701
mar,private_calls,0,0.00372,0.00840
mar,private_calls,0,0.00415,0.01375
mar,private_calls,0,0.93363,0.06295
mar,private_calls,0,0.00369,0.01410
mar,private_calls,0,0.00362,0.01511
mar,private_calls,1,0.99066,0.90943
mar,private_calls,0,0.00537,0.03478
mar,private_calls,1,0.00476,0.02781
mar,private_calls,0,0.00417,0.05391
mar,private_calls,1,0.96973,0.66939
mar,private_calls,1,0.95619,0.02773
mar,private_calls,0,0.98981,0.09424
mar,private_calls,1,0.86205,0.19875
mar,private_calls,0,0.99156,0.92744
mar,private_calls,0,0.79393,0.06784
mar,private_calls,0,0.00377,0.00577
mar,private_calls,0,0.00388,0.01198
mar,private_calls,0,0.99161,0.03871
mar,private_calls,1,0.98997,0.39258
mar,private_calls,0,0.00374,0.00640
mar,private_calls,1,0.99090,0.88051
mar,private_calls,0,0.00382,0.01005
mar,private_calls,0,0.00489,0.03217
mar,private_calls,0,0.00378,0.01057
mar,private_calls,1,0.91565,0.32590
mar,private_calls,0,0.98880,0.07043
mar,private_calls,1,0.98908,0.15955
mar,private_calls,0,0.00363,0.00703
mar,private_calls,0,0.00378,0.00624
mar,private_calls,0,0.00375,0.00702
mar,private_calls,1,0.54747,0.75740
mar,private_calls,1,0.99204,0.80591
mar,private_calls,0,0.00371,0.00623
mar,private_calls,1,0.99215,0.96194
mar,private_calls,0,0.99156,0.73800
mar,private_calls,0,0.00388,0.01042
mar,private_calls,0,0.00361,0.00599
mar,private_calls,0,0.04019,0.01906
mar,private_calls,1,0.95579,0.39582
mar,private_calls,0,0.05746,0.01462
mar,private_calls,0,0.84079,0.16712
mar,private_calls,0,0.00371,0.00609
mar,private_calls,0,0.00371,0.01103
mar,private_calls,0,0.01304,0.02047
mar,private_calls,0,0.99061,0.47262
mar,private_calls,1,0.99190,0.79150
mar,private_calls,0,0.00371,0.01302
mar,private_calls,0,0.01914,0.06750
mar,private_calls,0,0.00372,0.00635
mar,private_calls,0,0.00589,0.01842
mar,private_calls,0,0.01511,0.03456
mar,private_calls,0,0.99162,0.08380
mar,private_calls,1,0.99015,0.25483
mar,private_calls,0,0.94982,0.06835
mar,private_calls,0,0.00396,0.01251
mar,private_calls,0,0.00440,0.06253
mar,private_calls,0,0.00372,0.00606
mar,private_calls,0,0.99214,0.77959
mar,private_calls,0,0.00367,0.00601
mar,private_calls,0,0.93888,0.01944
mar,private_calls,0,0.00371,0.00540
mar,private_calls,0,0.00418,0.02256
mar,private_calls,1,0.99112,0.86916
mar,private_calls,0,0.00421,0.02775
mar,private_calls,0,0.00583,0.07583
mar,private_calls,0,0.00373,0.00733
mar,private_calls,0,0.00399,0.01771
mar,private_calls,0,0.00375,0.01603
mar,private_calls,1,0.99236,0.96488
mar,private_calls,1,0.14852,0.73187
mar,private_calls,0,0.00662,0.01477
mar,private_calls,0,0.00365,0.00657
mar,private_calls,0,0.00369,0.00717
mar,private_calls,0,0.00393,0.01586
mar,private_calls,0,0.00368,0.00599
mar,private_calls,1,0.99199,0.92142
mar,private_calls,1,0.97862,0.56589
mar,private_calls,0,0.98549,0.12536
mar,private_calls,1,0.99153,0.95125
mar,private_calls,0,0.99126,0.36012
mar,private_calls,0,0.99155,0.15867
mar,private_calls,0,0.97743,0.18030
mar,private_calls,0,0.00473,0.01396
mar,private_calls,0,0.01505,0.09985
mar,private_calls,0,0.01564,0.06705
mar,private_calls,0,0.99204,0.98084
mar,private_calls,0,0.00394,0.02062
mar,private_calls,0,0.98887,0.29183
mar,private_calls,0,0.01655,0.02546
mar,private_calls,0,0.00373,0.00930
mar,private_calls,0,0.00601,0.01180
mar,private_calls,0,0.94804,0.03989
mar,private_calls,0,0.00401,0.01950
mar,private_calls,0,0.99222,0.97336
mar,private_calls,0,0.98674,0.68206
mar,private_calls,0,0.00396,0.03709
mar,private_calls,0,0.98275,0.17593
mar,private_calls,0,0.17615,0.03033
mar,private_calls,0,0.00378,0.01329
mar,private_calls,0,0.00371,0.00880
mar,private_calls,1,0.10544,0.44346
mar,private_calls,0,0.00430,0.01914
mar,private_calls,0,0.86698,0.05643
mar,private_calls,0,0.99027,0.16528
mar,private_calls,0,0.99200,0.06894
mar,private_calls,0,0.96858,0.03635
mar,private_calls,0,0.00387,0.02559
mar,private_calls,0,0.00458,0.01756
mar,private_calls,0,0.05904,0.10182
mar,private_calls,0,0.00564,0.01874
mar,private_calls,0,0.97746,0.14332
mar,private_calls,0,0.00376,0.01548
mar,private_calls,0,0.87032,0.06785
mar,private_calls,0,0.76216,0.10363
mar,private_calls,0,0.00373,0.01082
mar,private_calls,0,0.04663,0.05350
mar,private_calls,0,0.00378,0.00699
mar,private_calls,0,0.00378,0.00736
mar,private_calls,0,0.01148,0.07741
mar,private_calls,0,0.61799,0.10554
mar,private_calls,0,0.00395,0.01283
mar,private_calls,0,0.15208,0.01435
mar,private_calls,0,0.00370,0.01184
mar,private_calls,0,0.00365,0.01045
mar,private_calls,0,0.76497,0.01501
mar,private_calls,0,0.00382,0.00940
mar,private_calls,0,0.98993,0.33048
mar,private_calls,0,0.19593,0.04367
mar,private_calls,1,0.01034,0.02870
mar,private_calls,0,0.03026,0.03321
mar,private_calls,0,0.92071,0.14675
mar,private_calls,0,0.00377,0.00642
mar,private_calls,0,0.98090,0.13618
mar,private_calls,0,0.98643,0.09889
mar,private_calls,0,0.00405,0.01784
mar,private_calls,0,0.00705,0.02549
mar,private_calls,0,0.00892,0.03509
mar,private_calls,0,0.80860,0.06409
mar,private_calls,0,0.00726,0.04223
mar,private_calls,0,0.00388,0.01342
mar,private_calls,0,0.00375,0.00643
mar,private_calls,0,0.93940,0.05812
mar,private_calls,0,0.00404,0.01843
mar,private_calls,0,0.00479,0.00954
mar,private_calls,0,0.00531,0.04807
mar,private_calls,0,0.00380,0.02412
mar,private_calls,0,0.00379,0.00723
mar,private_calls,0,0.00373,0.00933
mar,private_calls,0,0.00371,0.01076
mar,private_calls,0,0.00664,0.07010
mar,private_calls,1,0.00966,0.12553
mar,private_calls,1,0.99215,0.78656
mar,private_calls,0,0.00375,0.00881
mar,private_calls,0,0.06843,0.09495
mar,private_calls,0,0.00406,0.02478
mar,private_calls,0,0.98164,0.22790
mar,private_calls,1,0.99222,0.97960
mar,private_calls,0,0.00371,0.00655
mar,private_calls,0,0.00377,0.01345
mar,private_calls,0,0.00371,0.00700
mar,private_calls,0,0.89365,0.06188
mar,private_calls,0,0.10141,0.00898
mar,private_calls,0,0.00650,0.02168
mar,private_calls,0,0.01183,0.03376
mar,private_calls,0,0.00397,0.06416
mar,private_calls,0,0.00367,0.00972
mar,private_calls,0,0.00379,0.00711
mar,private_calls,0,0.00415,0.02372
mar,private_calls,0,0.00378,0.00971
mar,private_calls,0,0.00414,0.03156
mar,private_calls,0,0.99063,0.94095
mar,private_calls,0,0.00380,0.00704
mar,private_calls,0,0.00373,0.00693
mar,private_calls,0,0.00407,0.01972
mar,private_calls,0,0.94076,0.03036
mar,private_calls,0,0.00398,0.01290
mar,private_calls,0,0.05473,0.10791
mar,private_calls,0,0.00477,0.00900
mar,private_calls,1,0.31314,0.02280
mar,private_calls,0,0.01837,0.02706
mar,private_calls,0,0.98249,0.08582
mar,private_calls,0,0.00367,0.00642
mar,private_calls,0,0.00365,0.00625
mar,private_calls,0,0.82425,0.07421
mar,private_calls,0,0.35421,0.03018
mar,private_calls,0,0.00372,0.00820
mar,private_calls,0,0.00375,0.00883
mar,private_calls,1,0.99248,0.95875
mar,private_calls,0,0.99200,0.76213
mar,private_calls,1,0.99208,0.98400
mar,private_calls,0,0.00398,0.01478
mar,private_calls,0,0.98793,0.29799
mar,private_calls,1,0.99151,0.80565
mar,private_calls,1,0.99190,0.16181
mar,private_calls,0,0.00363,0.00757
mar,private_calls,1,0.98930,0.53102
mar,private_calls,0,0.08557,0.08544
mar,private_calls,1,0.99167,0.82970
mar,private_calls,0,0.96997,0.08660
mar,private_calls,1,0.98135,0.19401
mar,private_calls,0,0.00406,0.04654
mar,private_calls,0,0.00421,0.03001
mar,private_calls,0,0.75092,0.28380
mar,private_calls,0,0.00719,0.03276
mar,private_calls,1,0.02040,0.17705
mar,private_calls,0,0.00831,0.01371
mar,private_calls,0,0.04372,0.02828
mar,private_calls,0,0.00372,0.01037
mar,private_calls,0,0.00477,0.07918
mar,private_calls,0,0.57660,0.03633
mar,private_calls,1,0.97935,0.53624
mar,private_calls,0,0.98305,0.20492
mar,private_calls,0,0.09338,0.04206
mar,private_calls,0,0.22226,0.02144
mar,private_calls,0,0.79986,0.03272
mar,private_calls,1,0.99176,0.65823
mar,private_calls,0,0.00524,0.02077
mar,private_calls,0,0.32894,0.04201
mar,private_calls,0,0.00361,0.01133
mar,private_calls,0,0.00409,0.03299
mar,private_calls,0,0.00377,0.01151
mar,private_calls,1,0.99120,0.91482
mar,private_calls,1,0.00778,0.01149
mar,private_calls,0,0.99193,0.92724
mar,private_calls,0,0.01952,0.04241
mar,private_calls,0,0.00859,0.03945
mar,private_calls,0,0.00382,0.02389
mar,private_calls,0,0.00409,0.02395
mar,private_calls,0,0.98445,0.05267
mar,private_calls,0,0.00380,0.01414
mar,private_calls,0,0.00527,0.05601
mar,private_calls,0,0.00372,0.00829
mar,private_calls,0,0.00403,0.03827
mar,private_calls,0,0.00406,0.04999
mar,private_calls,0,0.00374,0.01414
mar,private_calls,1,0.99127,0.66931
mar,private_calls,0,0.98257,0.04889
mar,private_calls,0,0.12074,0.03951
mar,private_calls,0,0.00414,0.02483
mar,private_calls,1,0.99202,0.94584
mar,private_calls,1,0.99235,0.97999
mar,private_calls,0,0.00512,0.01617
mar,private_calls,0,0.00430,0.04989
mar,private_calls,0,0.00391,0.01086
mar,private_calls,0,0.01232,0.02770
mar,private_calls,0,0.00377,0.01080
mar,private_calls,0,0.28503,0.04096
mar,private_calls,0,0.97967,0.05768
mar,private_calls,1,0.99187,0.90158
mar,private_calls,0,0.93364,0.24221
mar,private_calls,1,0.99129,0.92982
mar,private_calls,0,0.34104,0.24267
mar,private_calls,0,0.00363,0.01051
mar,private_calls,0,0.00367,0.00647
mar,private_calls,1,0.98277,0.39477
mar,private_calls,0,0.00364,0.00947
mar,private_calls,0,0.01150,0.02835
mar,private_calls,0,0.00381,0.02467
mar,private_calls,1,0.99208,0.96927
mar,private_calls,0,0.00831,0.02433
mar,private_calls,0,0.00371,0.00779
mar,private_calls,0,0.98556,0.20927
mar,private_calls,0,0.00394,0.01283
mar,private_calls,0,0.00475,0.04937
mar,private_calls,1,0.98975,0.95338
mar,private_calls,0,0.00363,0.00768
mar,private_calls,0,0.30879,0.02369
mar,private_calls,1,0.98802,0.77631
mar,private_calls,0,0.99114,0.72733
mar,private_calls,0,0.00370,0.01091
mar,private_calls,0,0.80407,0.05035
mar,private_calls,0,0.00513,0.07970
mar,private_calls,0,0.00375,0.01563
mar,private_calls,0,0.00513,0.01452
mar,private_calls,0,0.98880,0.33489
mar,private_calls,0,0.79417,0.04943
mar,private_calls,0,0.00397,0.01154
mar,private_calls,0,0.00375,0.00630
mar,private_calls,0,0.98743,0.55348
mar,private_calls,0,0.00543,0.09585
mar,private_calls,0,0.97814,0.11503
mar,private_calls,0,0.00372,0.01477
mar,private_calls,0,0.00370,0.00688
mar,private_calls,0,0.98962,0.90152
mar,private_calls,0,0.00411,0.01269
mar,private_calls,0,0.89432,0.62475
mar,private_calls,0,0.98377,0.11763
mar,private_calls,0,0.84350,0.10616
mar,private_calls,0,0.99148,0.94655
mar,private_calls,0,0.97619,0.09061
mar,private_calls,0,0.98598,0.21979
mar,private_calls,0,0.00394,0.01082
mar,private_calls,1,0.68108,0.36779
mar,private_calls,0,0.00377,0.00911
mar,private_calls,0,0.00416,0.01302
mar,private_calls,1,0.96779,0.91477
mar,private_calls,0,0.96779,0.91477
mar,private_calls,0,0.96779,0.91477
mar,private_calls,0,0.00428,0.01894
mar,private_calls,0,0.01935,0.04724
mar,private_calls,1,0.98696,0.62837
mar,private_calls,0,0.00383,0.00788
mar,private_calls,0,0.00377,0.01080
mar,private_calls,1,0.99157,0.55909
mar,private_calls,0,0.00367,0.00803
mar,private_calls,1,0.98956,0.20955
mar,private_calls,0,0.00470,0.01241
mar,private_calls,0,0.04002,0.06633
mar,private_calls,1,0.99024,0.95967
mar,private_calls,0,0.98767,0.15852
mar,private_calls,0,0.00371,0.00814
mar,private_calls,0,0.00371,0.00705
mar,private_calls,0,0.17159,0.02560
mar,private_calls,0,0.09780,0.01457
mar,private_calls,0,0.98622,0.16442
mar,private_calls,1,0.99188,0.91178
mar,private_calls,1,0.99182,0.82297
mar,private_calls,0,0.18963,0.03678
mar,private_calls,0,0.08215,0.03721
mar,private_calls,0,0.00374,0.00991
mar,private_calls,0,0.00390,0.01361
mar,private_calls,1,0.98812,0.82286
mar,private_calls,0,0.00374,0.00755
mar,private_calls,0,0.00372,0.00597
mar,private_calls,0,0.00684,0.03045
mar,private_calls,1,0.99246,0.99081
mar,private_calls,0,0.99221,0.12224
mar,private_calls,0,0.54045,0.05555
mar,private_calls,0,0.99176,0.28523
mar,private_calls,0,0.00370,0.00663
mar,private_calls,1,0.00810,0.05318
mar,private_calls,1,0.96687,0.30699
mar,private_calls,0,0.67105,0.05683
mar,private_calls,0,0.00903,0.04975
mar,private_calls,1,0.92866,0.03617
mar,private_calls,0,0.00792,0.01642
mar,private_calls,0,0.98406,0.03157
mar,private_calls,0,0.00370,0.00686
mar,private_calls,1,0.99229,0.97496
mar,private_calls,0,0.00782,0.00724
mar,private_calls,0,0.00373,0.00745
mar,private_calls,1,0.98850,0.74875
mar,private_calls,0,0.94294,0.15276
mar,private_calls,0,0.00375,0.00590
mar,private_calls,0,0.97531,0.10939
mar,private_calls,0,0.99024,0.39127
mar,private_calls,0,0.00382,0.00865
mar,private_calls,1,0.98913,0.86698
mar,private_calls,0,0.99183,0.09698
mar,private_calls,1,0.99190,0.85036
mar,private_calls,0,0.04992,0.05419
mar,private_calls,0,0.00381,0.00890
mar,private_calls,1,0.99215,0.80739
mar,private_calls,0,0.00380,0.00584
mar,private_calls,0,0.00379,0.01235
mar,private_calls,0,0.95231,0.04965
mar,private_calls,1,0.98544,0.42597
mar,private_calls,0,0.96741,0.08341
mar,private_calls,1,0.99206,0.93153
mar,private_calls,0,0.00377,0.00605
mar,private_calls,1,0.00829,0.12056
mar,private_calls,1,0.01114,0.07036
mar,private_calls,0,0.00717,0.02818
mar,private_calls,1,0.99129,0.53372
mar,private_calls,0,0.00373,0.01007
mar,private_calls,1,0.95060,0.43656
mar,private_calls,0,0.00395,0.00861
mar,private_calls,0,0.00375,0.00709
mar,private_calls,0,0.00450,0.02921
mar,private_calls,1,0.00419,0.01389
mar,private_calls,0,0.97707,0.04058
mar,private_calls,0,0.00914,0.04005
mar,private_calls,0,0.99028,0.11459
mar,private_calls,1,0.99138,0.86310
mar,private_calls,0,0.00409,0.01747
mar,private_calls,1,0.00737,0.02568
mar,private_calls,0,0.00368,0.00559
mar,private_calls,0,0.03393,0.05405
mar,private_calls,0,0.65598,0.07610
mar,private_calls,1,0.99030,0.91419
mar,private_calls,0,0.01150,0.09806
mar,private_calls,0,0.00379,0.00939
mar,private_calls,0,0.00640,0.02015
mar,private_calls,0,0.00377,0.00671
mar,private_calls,0,0.01106,0.20453
mar,private_calls,0,0.00488,0.14104
mar,private_calls,0,0.00369,0.00961
mar,private_calls,0,0.00958,0.03525
mar,private_calls,0,0.01836,0.07619
mar,private_calls,1,0.99056,0.93341
mar,private_calls,0,0.00387,0.00685
mar,private_calls,1,0.99236,0.94377
mar,private_calls,0,0.00380,0.00519
mar,private_calls,0,0.00367,0.01256
mar,private_calls,1,0.99180,0.98005
mar,private_calls,0,0.99216,0.51053
mar,private_calls,0,0.18144,0.07254
mar,private_calls,0,0.98845,0.10310
mar,private_calls,0,0.99091,0.82204
mar,private_calls,0,0.00519,0.01761
mar,private_calls,0,0.98835,0.17403
mar,private_calls,1,0.72014,0.37109
mar,private_calls,1,0.99223,0.95416
mar,private_calls,1,0.99242,0.99085
mar,private_calls,0,0.99068,0.94827
mar,private_calls,0,0.00367,0.00731
mar,private_calls,0,0.00520,0.01793
mar,private_calls,0,0.09655,0.04669
mar,private_calls,0,0.97417,0.16923
mar,private_calls,1,0.99180,0.83133
mar,private_calls,1,0.01129,0.05576
mar,private_calls,1,0.99209,0.91036
mar,private_calls,1,0.99202,0.98804
mar,private_calls,1,0.02099,0.12670
mar,private_calls,0,0.99162,0.95468
mar,private_calls,1,0.99207,0.98869
mar,private_calls,1,0.99234,0.97806
mar,private_calls,1,0.98298,0.83000
mar,private_calls,0,0.99224,0.88020
mar,private_calls,1,0.99230,0.96955
mar,private_calls,0,0.99161,0.94935
mar,private_calls,1,0.98139,0.67559
mar,private_calls,1,0.99240,0.85530
mar,private_calls,1,0.99144,0.95474
mar,private_calls,0,0.72306,0.03655
mar,private_calls,0,0.00366,0.00935
mar,private_calls,0,0.00411,0.01831
mar,private_calls,0,0.00367,0.00814
mar,private_calls,1,0.00370,0.00966
mar,private_calls,0,0.00404,0.03124
mar,private_calls,0,0.00366,0.00653
mar,private_calls,0,0.00381,0.00985
mar,private_calls,0,0.00363,0.01077
mar,private_calls,1,0.99214,0.97715
mar,private_calls,1,0.01025,0.12731
mar,private_calls,0,0.00367,0.00763
mar,private_calls,1,0.99191,0.89103
mar,private_calls,1,0.00666,0.06283
mar,private_calls,1,0.99071,0.73416
mar,private_calls,0,0.00372,0.00720
mar,private_calls,0,0.00372,0.00793
mar,private_calls,0,0.00372,0.00845
mar,private_calls,1,0.98826,0.70422
mar,private_calls,0,0.00371,0.01044
mar,private_calls,1,0.00806,0.01924
mar,private_calls,0,0.00364,0.00751
mar,private_calls,0,0.00802,0.03493
mar,private_calls,0,0.00374,0.01208
mar,private_calls,0,0.00376,0.00834
mar,private_calls,1,0.00396,0.01796
mar,private_calls,0,0.00381,0.00855
mar,private_calls,0,0.00605,0.02531
mar,private_calls,1,0.99171,0.98331
mar,private_calls,0,0.31690,0.05390
mar,private_calls,0,0.97937,0.13819
mar,private_calls,0,0.00483,0.02148
mar,private_calls,1,0.99193,0.96066
mar,private_calls,1,0.98714,0.89748
mar,private_calls,0,0.99180,0.07664
mar,private_calls,0,0.00375,0.01038
mar,private_calls,0,0.00370,0.00659
mar,private_calls,0,0.00375,0.01778
mar,private_calls,1,0.99199,0.96729
mar,private_calls,1,0.99163,0.97850
mar,private_calls,1,0.99166,0.89879
mar,private_calls,0,0.00375,0.01387
mar,private_calls,1,0.99159,0.88346
mar,private_calls,0,0.01145,0.07421
mar,private_calls,0,0.00366,0.01177
mar,private_calls,0,0.00366,0.02308
mar,private_calls,1,0.98694,0.78939
mar,private_calls,0,0.00667,0.01927
mar,private_calls,0,0.01640,0.02707
mar,private_calls,0,0.00426,0.01521
mar,private_calls,1,0.98632,0.88837
mar,private_calls,1,0.84638,0.48753
mar,private_calls,1,0.99129,0.26574
mar,private_calls,0,0.93462,0.08323
mar,private_calls,0,0.00374,0.01236
mar,private_calls,1,0.99037,0.82707
mar,private_calls,0,0.00684,0.02821
mar,private_calls,1,0.98034,0.56796
mar,private_calls,1,0.99136,0.55144
mar,private_calls,1,0.99203,0.98716
mar,private_calls,0,0.00406,0.02233
mar,private_calls,0,0.00380,0.00632
mar,private_calls,0,0.00437,0.05204
mar,private_calls,0,0.97368,0.15098
mar,private_calls,1,0.99014,0.86643
mar,private_calls,1,0.99144,0.85387
mar,private_calls,0,0.00370,0.00707
mar,private_calls,0,0.00366,0.00756
mar,private_calls,0,0.00368,0.00852
mar,private_calls,0,0.00372,0.00783
mar,private_calls,0,0.00364,0.00829
mar,private_calls,1,0.99042,0.81393
mar,private_calls,0,0.00365,0.00693
mar,private_calls,0,0.00370,0.00775
mar,private_calls,0,0.00370,0.00618
mar,private_calls,0,0.00368,0.00715
mar,private_calls,1,0.00400,0.46533
mar,private_calls,0,0.46434,0.06143
mar,private_calls,0,0.00372,0.00753
mar,private_calls,1,0.99230,0.97712
mar,private_calls,0,0.00373,0.00679
mar,private_calls,0,0.00373,0.00727
mar,private_calls,0,0.99216,0.97225
mar,private_calls,1,0.34477,0.63883
mar,private_calls,0,0.00367,0.00658
mar,private_calls,1,0.01988,0.17624
mar,private_calls,0,0.00456,0.01819
mar,private_calls,1,0.99179,0.96798
mar,private_calls,1,0.00422,0.02056
mar,private_calls,0,0.99165,0.17614
mar,private_calls,1,0.99200,0.54487
mar,private_calls,1,0.77197,0.18330
mar,private_calls,0,0.06930,0.04899
mar,private_calls,0,0.00379,0.00582
mar,private_calls,0,0.00368,0.00770
mar,private_calls,0,0.00367,0.00653
mar,private_calls,0,0.00392,0.02569
mar,private_calls,0,0.96758,0.24400
mar,private_calls,0,0.00370,0.00715
mar,private_calls,0,0.00366,0.00675
mar,private_calls,0,0.00373,0.00619
mar,private_calls,1,0.99086,0.93514
mar,private_calls,1,0.99119,0.96482
mar,private_calls,0,0.00369,0.01098
mar,private_calls,1,0.99137,0.92786
mar,private_calls,0,0.00371,0.00841
mar,private_calls,0,0.00375,0.00704
mar,private_calls,1,0.98891,0.08961
mar,private_calls,0,0.00375,0.00657
mar,private_calls,0,0.00805,0.02291
mar,private_calls,0,0.00369,0.00817
mar,private_calls,0,0.00374,0.00662
mar,private_calls,0,0.00379,0.00565
mar,private_calls,1,0.94345,0.50330
mar,private_calls,1,0.98000,0.73605
mar,private_calls,0,0.00376,0.00869
mar,private_calls,1,0.00843,0.04863
mar,private_calls,0,0.98770,0.48715
mar,private_calls,0,0.00390,0.01611
mar,private_calls,1,0.99095,0.71120
mar,private_calls,1,0.99194,0.95322
mar,private_calls,0,0.86453,0.60914
mar,private_calls,0,0.00385,0.00677
mar,private_calls,0,0.00376,0.00608
mar,private_calls,1,0.99196,0.98505
mar,private_calls,0,0.00459,0.06516
mar,private_calls,0,0.98991,0.05677
mar,private_calls,1,0.99176,0.92537
mar,private_calls,1,0.99187,0.69535
mar,private_calls,1,0.99198,0.90722
mar,private_calls,1,0.98969,0.81254
mar,private_calls,1,0.98320,0.86688
mar,private_calls,1,0.99167,0.96877
mar,private_calls,1,0.99231,0.98377
mar,private_calls,0,0.08270,0.12502
mar,private_calls,1,0.98194,0.11435
mar,private_calls,0,0.00412,0.02133
mar,private_calls,1,0.98862,0.23741
mar,private_calls,0,0.95039,0.16021
mar,private_calls,0,0.00379,0.00645
mar,private_calls,0,0.00374,0.00700
mar,private_calls,0,0.06933,0.10961
mar,private_calls,0,0.00375,0.01313
mar,private_calls,0,0.00382,0.00649
mar,private_calls,0,0.00381,0.00668
mar,private_calls,0,0.00372,0.00881
mar,private_calls,0,0.98991,0.73651
mar,private_calls,0,0.00382,0.01047
mar,private_calls,0,0.00379,0.00769
mar,private_calls,0,0.30527,0.03603
mar,private_calls,1,0.98383,0.33058
mar,private_calls,0,0.99243,0.92705
mar,private_calls,0,0.00392,0.00963
mar,private_calls,0,0.00378,0.00848
mar,private_calls,0,0.00381,0.00641
mar,private_calls,0,0.00440,0.01450
mar,private_calls,0,0.01907,0.03976
mar,private_calls,0,0.00423,0.02464
mar,private_calls,0,0.00371,0.00738
mar,private_calls,0,0.00373,0.00784
mar,private_calls,0,0.00378,0.01151
mar,private_calls,0,0.00377,0.00926
mar,private_calls,0,0.01354,0.05459
mar,private_calls,0,0.00384,0.01484
mar,private_calls,0,0.00391,0.01658
mar,private_calls,0,0.04332,0.08380
mar,private_calls,0,0.00373,0.01039
mar,private_calls,0,0.00371,0.01473
mar,private_calls,0,0.00386,0.02456
mar,private_calls,0,0.00370,0.01047
mar,private_calls,0,0.00373,0.01405
mar,private_calls,0,0.00380,0.01485
mar,private_calls,0,0.00469,0.01903
mar,private_calls,0,0.99150,0.56334
mar,private_calls,0,0.00375,0.00828
mar,private_calls,0,0.00371,0.02342
mar,private_calls,0,0.00368,0.01274
mar,private_calls,0,0.00368,0.00849
mar,private_calls,0,0.19664,0.03353
mar,private_calls,0,0.00641,0.05865
mar,private_calls,0,0.00386,0.02587
mar,private_calls,1,0.97344,0.29802
mar,private_calls,0,0.20776,0.01747
mar,private_calls,0,0.01353,0.10511
mar,private_calls,0,0.00408,0.01485
mar,private_calls,0,0.00359,0.01026
mar,private_calls,0,0.00459,0.02975
mar,private_calls,0,0.00414,0.01871
mar,private_calls,0,0.00373,0.00910
mar,private_calls,0,0.47709,0.07127
mar,private_calls,0,0.00373,0.01551
mar,private_calls,0,0.00366,0.01380
mar,private_calls,1,0.99225,0.97938
mar,private_calls,0,0.00473,0.02912
mar,private_calls,1,0.96357,0.42589
mar,private_calls,0,0.99191,0.90026
mar,private_calls,1,0.99195,0.98206
mar,private_calls,0,0.00412,0.00932
mar,private_calls,1,0.99202,0.96507
mar,private_calls,1,0.99017,0.74147
mar,private_calls,0,0.00645,0.05320
mar,private_calls,0,0.00371,0.01186
mar,private_calls,1,0.99201,0.98075
mar,private_calls,1,0.98628,0.90990
mar,private_calls,0,0.00373,0.01006
mar,private_calls,0,0.92189,0.08362
mar,private_calls,0,0.00368,0.01066
mar,private_calls,1,0.99219,0.79114
mar,private_calls,1,0.99164,0.20439
mar,private_calls,0,0.00366,0.00966
mar,private_calls,0,0.01044,0.03849
mar,private_calls,0,0.98963,0.04921
mar,private_calls,0,0.00376,0.00912
mar,private_calls,0,0.00369,0.01574
mar,private_calls,0,0.00380,0.01645
mar,private_calls,0,0.03322,0.03351
mar,private_calls,0,0.00370,0.01118
mar,private_calls,0,0.00390,0.01824
mar,private_calls,1,0.99169,0.42242
mar,private_calls,0,0.00370,0.00884
mar,private_calls,0,0.01078,0.07361
mar,private_calls,0,0.00367,0.01097
mar,private_calls,0,0.00372,0.01128
mar,private_calls,0,0.00365,0.00862
mar,private_calls,0,0.00367,0.00871
mar,private_calls,0,0.99247,0.56200
mar,private_calls,0,0.00624,0.02907
mar,private_calls,0,0.00371,0.01189
mar,private_calls,0,0.02905,0.03965
mar,private_calls,1,0.99190,0.77370
mar,private_calls,1,0.00375,0.02993
mar,private_calls,0,0.00866,0.02019
mar,private_calls,0,0.98297,0.07625
mar,private_calls,0,0.58588,0.16592
mar,private_calls,0,0.00369,0.00748
mar,private_calls,0,0.00366,0.00755
mar,private_calls,0,0.00381,0.01054
mar,private_calls,0,0.01422,0.03313
mar,private_calls,0,0.00371,0.00805
mar,private_calls,1,0.82208,0.38032
mar,private_calls,0,0.00381,0.00663
mar,private_calls,0,0.00370,0.01537
mar,private_calls,1,0.82430,0.12449
mar,private_calls,0,0.00375,0.01054
mar,private_calls,0,0.00367,0.01182
mar,private_calls,1,0.97483,0.83944
mar,private_calls,0,0.00371,0.01137
mar,private_calls,0,0.00370,0.00722
mar,private_calls,0,0.00377,0.00883
mar,private_calls,0,0.00373,0.00743
mar,private_calls,1,0.98783,0.72732
mar,private_calls,0,0.00494,0.04099
mar,private_calls,0,0.00379,0.00665
mar,private_calls,1,0.97209,0.52162
mar,private_calls,0,0.20615,0.11982
mar,private_calls,0,0.00369,0.00660
mar,private_calls,0,0.00372,0.00605
mar,private_calls,1,0.80028,0.63501
mar,private_calls,0,0.00460,0.06984
mar,private_calls,1,0.99205,0.87915
mar,private_calls,1,0.56386,0.23534
mar,private_calls,1,0.00425,0.03727
mar,private_calls,0,0.00368,0.00594
mar,private_calls,0,0.00381,0.01504
mar,private_calls,1,0.98914,0.76112
mar,private_calls,1,0.98982,0.96488
mar,private_calls,1,0.99194,0.98217
mar,private_calls,1,0.99220,0.98770
mar,private_calls,1,0.99202,0.98752
mar,private_calls,1,0.98139,0.89904
mar,private_calls,1,0.00794,0.29372
mar,private_calls,1,0.98920,0.96546
mar,private_calls,1,0.99229,0.98922
mar,private_calls,1,0.01885,0.34297
mar,private_calls,1,0.98531,0.11998
mar,private_calls,1,0.01152,0.02683
mar,private_calls,0,0.00376,0.00786
mar,private_calls,0,0.00404,0.01074
mar,private_calls,0,0.00364,0.00575
mar,private_calls,1,0.99125,0.74513
mar,private_calls,0,0.00371,0.00574
mar,private_calls,0,0.99032,0.74475
mar,private_calls,0,0.00374,0.00602
mar,private_calls,1,0.99154,0.69868
mar,private_calls,1,0.12362,0.16052
mar,private_calls,0,0.71911,0.15540
mar,private_calls,0,0.00373,0.00582
mar,private_calls,0,0.00561,0.04183
mar,private_calls,0,0.00382,0.01529
mar,private_calls,0,0.00373,0.00674
mar,private_calls,1,0.99212,0.91544
mar,private_calls,1,0.98874,0.74828
mar,private_calls,1,0.83828,0.07456
mar,private_calls,1,0.98193,0.38458
mar,private_calls,1,0.99153,0.98496
mar,private_calls,0,0.00373,0.00704
mar,private_calls,0,0.59810,0.09081
mar,private_calls,1,0.96347,0.24854
mar,private_calls,1,0.91857,0.39910
mar,private_calls,1,0.98977,0.91699
mar,private_calls,1,0.99024,0.96151
mar,private_calls,0,0.97585,0.45280
mar,private_calls,0,0.85882,0.33741
mar,private_calls,1,0.98795,0.82903
mar,private_calls,0,0.97962,0.15656
mar,private_calls,1,0.01595,0.11410
mar,private_calls,0,0.99186,0.88271
mar,private_calls,1,0.97453,0.03553
mar,private_calls,1,0.99063,0.18327
mar,private_calls,0,0.00375,0.00847
mar,private_calls,0,0.93770,0.06845
mar,private_calls,1,0.92298,0.05833
mar,private_calls,0,0.99200,0.72477
mar,private_calls,0,0.94017,0.04535
mar,private_calls,0,0.00437,0.02141
mar,private_calls,0,0.00395,0.01271
mar,private_calls,0,0.16641,0.02923
mar,private_calls,1,0.98958,0.80184
mar,private_calls,0,0.00396,0.03466
mar,private_calls,0,0.98628,0.06824
mar,private_calls,1,0.99154,0.96415
mar,private_calls,0,0.01205,0.05667
mar,private_calls,0,0.00364,0.00879
mar,private_calls,0,0.98992,0.83783
mar,private_calls,1,0.00364,0.04906
mar,private_calls,1,0.99198,0.96360
mar,private_calls,0,0.00390,0.00750
mar,private_calls,0,0.00372,0.01171
mar,private_calls,0,0.00384,0.01085
mar,private_calls,0,0.00363,0.00674
mar,private_calls,0,0.00378,0.01227
mar,private_calls,1,0.01561,0.26639
mar,private_calls,0,0.88157,0.03259
mar,private_calls,0,0.00780,0.06111
mar,private_calls,1,0.00671,0.03686
mar,private_calls,0,0.00390,0.03355
mar,private_calls,1,0.99163,0.90487
mar,private_calls,1,0.98815,0.92551
mar,private_calls,0,0.00368,0.00853
mar,private_calls,0,0.00368,0.01734
mar,private_calls,0,0.00367,0.00723
mar,private_calls,0,0.00368,0.00999
mar,private_calls,1,0.97630,0.16496
mar,private_calls,1,0.99164,0.50683
mar,private_calls,0,0.00369,0.02553
mar,private_calls,0,0.01643,0.01126
mar,private_calls,0,0.00379,0.00622
mar,private_calls,0,0.03731,0.01533
mar,private_calls,0,0.00402,0.01937
mar,private_calls,1,0.97986,0.37887
mar,private_calls,0,0.00375,0.00729
mar,private_calls,0,0.00366,0.00793
mar,private_calls,0,0.00388,0.04732
mar,private_calls,1,0.99188,0.35478
mar,private_calls,1,0.00370,0.00978
mar,private_calls,0,0.00529,0.01399
mar,private_calls,0,0.00364,0.00582
mar,private_calls,0,0.00366,0.01055
mar,private_calls,0,0.01195,0.01353
mar,private_calls,1,0.97863,0.15820
mar,private_calls,1,0.99140,0.89663
mar,private_calls,1,0.72131,0.28269
mar,private_calls,1,0.00492,0.01017
mar,private_calls,0,0.05915,0.04875
mar,private_calls,0,0.00674,0.05216
mar,private_calls,1,0.84669,0.25372
mar,private_calls,0,0.00370,0.00853
mar,private_calls,0,0.00433,0.02684
mar,private_calls,0,0.00614,0.01408
mar,private_calls,0,0.00436,0.02013
mar,private_calls,0,0.00379,0.00920
mar,private_calls,0,0.00571,0.01853
mar,private_calls,0,0.99132,0.37058
mar,private_calls,0,0.00477,0.02539
mar,private_calls,0,0.97458,0.15538
mar,private_calls,0,0.00382,0.00819
mar,private_calls,0,0.00370,0.00656
mar,private_calls,0,0.99077,0.42493
mar,private_calls,0,0.95553,0.54909
mar,private_calls,0,0.98656,0.64602
mar,private_calls,1,0.99087,0.66294
mar,private_calls,0,0.00645,0.01653
mar,private_calls,0,0.00372,0.00688
mar,private_calls,0,0.00556,0.01795
mar,private_calls,0,0.05175,0.01381
mar,private_calls,0,0.00364,0.00788
mar,private_calls,0,0.00377,0.00622
mar,private_calls,1,0.99170,0.97664
mar,private_calls,0,0.00382,0.01243
mar,private_calls,0,0.99181,0.19616
mar,private_calls,0,0.00398,0.00999
mar,private_calls,0,0.00382,0.01145
mar,private_calls,0,0.00373,0.00737
mar,private_calls,0,0.02045,0.03561
mar,private_calls,1,0.89574,0.28803
mar,private_calls,0,0.89636,0.15500
mar,private_calls,0,0.01379,0.02905
mar,private_calls,0,0.97763,0.09581
mar,private_calls,0,0.00463,0.03744
mar,private_calls,0,0.00371,0.01805
mar,private_calls,0,0.00371,0.00955
mar,private_calls,0,0.00857,0.08682
mar,private_calls,1,0.99185,0.93647
mar,private_calls,0,0.99019,0.70221
mar,private_calls,0,0.00370,0.01614
mar,private_calls,0,0.00379,0.01217
mar,private_calls,0,0.00369,0.00654
mar,private_calls,0,0.00368,0.00614
mar,private_calls,1,0.98866,0.95336
mar,private_calls,0,0.00382,0.01272
mar,private_calls,0,0.00372,0.00634
mar,private_calls,0,0.00387,0.00834
mar,private_calls,0,0.98645,0.01733
mar,private_calls,1,0.68738,0.06868
mar,private_calls,0,0.98957,0.08745
mar,private_calls,0,0.00368,0.01272
mar,private_calls,1,0.99141,0.95894
mar,private_calls,0,0.00368,0.00760
mar,private_calls,0,0.00376,0.00895
mar,private_calls,0,0.00368,0.00758
mar,private_calls,0,0.00399,0.00964
mar,private_calls,0,0.00375,0.00709
mar,private_calls,0,0.01652,0.01622
mar,private_calls,1,0.00379,0.00735
mar,private_calls,0,0.01015,0.03473
mar,private_calls,1,0.99163,0.96378
mar,private_calls,0,0.00376,0.01335
mar,private_calls,0,0.00434,0.01752
mar,private_calls,1,0.99238,0.49716
mar,private_calls,0,0.00366,0.00905
mar,private_calls,1,0.99238,0.95241
mar,private_calls,0,0.00372,0.01099
mar,private_calls,0,0.00370,0.00984
mar,private_calls,1,0.99183,0.98165
mar,private_calls,0,0.00366,0.00617
mar,private_calls,0,0.00373,0.00677
mar,private_calls,0,0.00369,0.00578
mar,private_calls,0,0.00367,0.01272
mar,private_calls,1,0.96515,0.03071
mar,private_calls,0,0.76294,0.07616
mar,private_calls,1,0.98381,0.67995
mar,private_calls,0,0.97508,0.36806
mar,private_calls,0,0.16595,0.04127
mar,private_calls,1,0.99160,0.92460
mar,private_calls,0,0.00374,0.01777
mar,private_calls,0,0.92665,0.07031
mar,private_calls,1,0.98166,0.19080
mar,private_calls,0,0.98989,0.87091
mar,private_calls,0,0.98120,0.02769
mar,private_calls,0,0.00372,0.00779
mar,private_calls,0,0.00438,0.02390
mar,private_calls,0,0.00369,0.00871
mar,private_calls,1,0.99204,0.73614
mar,private_calls,0,0.00402,0.02426
mar,private_calls,0,0.00663,0.06031
mar,private_calls,1,0.99137,0.15688
mar,private_calls,0,0.00366,0.00824
mar,private_calls,0,0.00376,0.00579
mar,private_calls,0,0.00377,0.00799
mar,private_calls,0,0.99174,0.95627
mar,private_calls,1,0.98925,0.62870
mar,private_calls,0,0.98439,0.20635
mar,private_calls,0,0.97470,0.03458
mar,private_calls,0,0.99140,0.26728
mar,private_calls,0,0.99234,0.84421
mar,private_calls,0,0.98585,0.02796
mar,private_calls,0,0.98487,0.17326
mar,private_calls,0,0.00371,0.01556
mar,private_calls,0,0.00375,0.01294
mar,private_calls,0,0.00372,0.01615
mar,private_calls,0,0.00855,0.02926
mar,private_calls,0,0.00447,0.00720
mar,private_calls,0,0.03102,0.02179
mar,private_calls,0,0.02382,0.03693
mar,private_calls,0,0.00379,0.00538
mar,private_calls,0,0.98851,0.69247
mar,private_calls,0,0.00368,0.00655
mar,private_calls,0,0.00368,0.00718
mar,private_calls,0,0.99107,0.78993
mar,private_calls,0,0.00451,0.01021
mar,private_calls,0,0.99026,0.63343
mar,private_calls,0,0.87639,0.14562
mar,private_calls,0,0.76608,0.01776
mar,private_calls,0,0.04153,0.07653
mar,private_calls,0,0.00365,0.00731
mar,private_calls,0,0.99046,0.04217
mar,private_calls,0,0.00369,0.00759
mar,private_calls,1,0.99167,0.97264
mar,private_calls,0,0.02788,0.08488
mar,private_calls,0,0.04303,0.00808
mar,private_calls,1,0.96435,0.22675
mar,private_calls,1,0.98782,0.63389
mar,private_calls,0,0.02055,0.02011
mar,private_calls,0,0.00808,0.02015
mar,private_calls,1,0.03726,0.29616
mar,private_calls,1,0.98491,0.64244
mar,private_calls,0,0.90193,0.03794
mar,private_calls,0,0.99157,0.84618
mar,private_calls,0,0.00368,0.00855
mar,private_calls,0,0.00374,0.01032
mar,private_calls,0,0.73936,0.12041
mar,private_calls,0,0.00377,0.00643
mar,private_calls,1,0.99080,0.83150
mar,private_calls,0,0.00376,0.00498
mar,private_calls,0,0.13432,0.01820
mar,private_calls,0,0.00640,0.02315
mar,private_calls,1,0.98519,0.46019
mar,private_calls,0,0.00369,0.00983
mar,private_calls,0,0.00569,0.02281
mar,private_calls,1,0.00449,0.05967
mar,private_calls,1,0.99256,0.92614
mar,private_calls,0,0.00483,0.01454
mar,private_calls,0,0.99172,0.26125
mar,private_calls,0,0.00404,0.00810
mar,private_calls,0,0.00537,0.04260
mar,private_calls,1,0.99201,0.97843
mar,private_calls,0,0.98987,0.63540
mar,private_calls,1,0.98429,0.12037
mar,private_calls,0,0.00387,0.01085
mar,private_calls,0,0.03793,0.01831
mar,private_calls,0,0.00386,0.02052
mar,private_calls,1,0.99174,0.47162
mar,private_calls,1,0.99023,0.85464
mar,private_calls,0,0.99059,0.16637
mar,private_calls,1,0.98696,0.73175
mar,private_calls,0,0.98874,0.44277
mar,private_calls,1,0.00563,0.02079
mar,private_calls,0,0.00376,0.00542
mar,private_calls,0,0.00416,0.02377
mar,private_calls,0,0.00379,0.00554
mar,private_calls,1,0.99004,0.86616
mar,private_calls,0,0.00389,0.01016
mar,private_calls,1,0.82713,0.67058
mar,private_calls,0,0.00376,0.00589
mar,private_calls,0,0.26353,0.12580
mar,private_calls,1,0.00525,0.02525
mar,private_calls,0,0.00370,0.00595
mar,private_calls,0,0.00397,0.04552
mar,private_calls,0,0.00558,0.01247
mar,private_calls,0,0.00374,0.01530
mar,private_calls,0,0.89563,0.11634
mar,private_calls,0,0.00381,0.02512
mar,private_calls,1,0.99144,0.48632
mar,private_calls,0,0.00368,0.00629
mar,private_calls,0,0.00843,0.03759
mar,private_calls,1,0.98899,0.49595
mar,private_calls,1,0.99064,0.79142
mar,private_calls,1,0.04604,0.22752
mar,private_calls,1,0.05240,0.03589
mar,private_calls,1,0.99165,0.85660
mar,private_calls,0,0.00408,0.02461
mar,private_calls,0,0.00410,0.02412
mar,private_calls,1,0.98763,0.77095
mar,private_calls,0,0.00377,0.00812
mar,private_calls,0,0.00403,0.01601
mar,private_calls,0,0.00380,0.02341
mar,private_calls,0,0.07015,0.08044
mar,private_calls,1,0.16387,0.55573
mar,private_calls,0,0.99071,0.92126
mar,private_calls,0,0.98413,0.18667
mar,private_calls,0,0.00365,0.00706
mar,private_calls,0,0.00372,0.01075
mar,private_calls,0,0.00386,0.01364
mar,private_calls,0,0.00371,0.00833
mar,private_calls,0,0.00373,0.00781
mar,private_calls,0,0.93903,0.16008
mar,private_calls,0,0.21989,0.06097
mar,private_calls,0,0.97331,0.11458
mar,private_calls,1,0.80964,0.24163
mar,private_calls,0,0.95147,0.04762
mar,private_calls,0,0.00399,0.02705
mar,private_calls,1,0.99191,0.18895
mar,private_calls,0,0.00375,0.00661
mar,private_calls,0,0.18128,0.19273
mar,private_calls,0,0.00380,0.00959
mar,private_calls,0,0.00392,0.01502
mar,private_calls,1,0.53246,0.12350
mar,private_calls,0,0.00463,0.05791
mar,private_calls,0,0.00371,0.00920
mar,private_calls,0,0.00375,0.01008
mar,private_calls,0,0.00371,0.00749
mar,private_calls,1,0.00425,0.03285
mar,private_calls,0,0.96234,0.40902
mar,private_calls,0,0.02581,0.04888
mar,private_calls,0,0.00369,0.01034
mar,private_calls,0,0.00373,0.00766
mar,private_calls,0,0.00376,0.00681
mar,private_calls,1,0.93585,0.51517
ori,private_calls,0,0.98914,0.09734
ori,private_calls,0,0.00373,0.00796
ori,private_calls,1,0.99229,0.96068
ori,private_calls,0,0.00378,0.00654
ori,private_calls,0,0.00476,0.01338
ori,private_calls,0,0.00399,0.02011
ori,private_calls,1,0.99125,0.62030
ori,private_calls,0,0.96572,0.09774
ori,private_calls,0,0.00469,0.01718
ori,private_calls,0,0.89786,0.15123
ori,private_calls,0,0.62896,0.06405
ori,private_calls,0,0.00371,0.00763
ori,private_calls,0,0.00442,0.01612
ori,private_calls,1,0.99118,0.43550
ori,private_calls,0,0.00426,0.03132
ori,private_calls,0,0.00380,0.00795
ori,private_calls,0,0.89560,0.10502
ori,private_calls,0,0.00408,0.01039
ori,private_calls,0,0.00602,0.06008
ori,private_calls,0,0.00518,0.02852
ori,private_calls,0,0.01535,0.10182
ori,private_calls,0,0.97455,0.28081
ori,private_calls,0,0.98430,0.28112
ori,private_calls,0,0.00494,0.02548
ori,private_calls,0,0.00606,0.02797
ori,private_calls,1,0.99215,0.95777
ori,private_calls,0,0.01224,0.06443
ori,private_calls,0,0.00786,0.03626
ori,private_calls,0,0.00383,0.01181
ori,private_calls,1,0.94300,0.74808
ori,private_calls,0,0.71146,0.02581
ori,private_calls,0,0.00413,0.00680
tam,private_calls,0,0.03846,0.33093
tam,private_calls,0,0.00412,0.00851
tam,private_calls,0,0.90934,0.10913
tam,private_calls,0,0.00487,0.01960
tam,private_calls,1,0.98871,0.90602
tam,private_calls,0,0.00405,0.04225
tam,private_calls,0,0.31574,0.01760
tam,private_calls,0,0.00376,0.00543
tam,private_calls,0,0.00591,0.03711
tam,private_calls,0,0.02312,0.04252
tam,private_calls,0,0.00377,0.00557
tam,private_calls,0,0.00392,0.01034
tam,private_calls,0,0.65374,0.01557
tam,private_calls,0,0.00387,0.00580
tam,private_calls,0,0.00407,0.01335
tam,private_calls,1,0.99010,0.76014
tam,private_calls,0,0.98805,0.04671
tam,private_calls,0,0.57027,0.10400
tam,private_calls,0,0.00453,0.01311
tam,private_calls,0,0.92899,0.10614
tam,private_calls,0,0.02303,0.02468
tam,private_calls,1,0.99195,0.97663
tam,private_calls,0,0.00616,0.04314
tam,private_calls,0,0.00442,0.02814
tam,private_calls,1,0.99019,0.85821
tam,private_calls,1,0.99208,0.97403
tam,private_calls,0,0.95954,0.22207
tam,private_calls,0,0.00387,0.00495
tam,private_calls,0,0.00370,0.00978
tam,private_calls,0,0.86239,0.09698
tam,private_calls,0,0.00506,0.02420
tam,private_calls,0,0.02128,0.02049
tam,private_calls,0,0.00396,0.00912
tam,private_calls,0,0.78475,0.13746
tam,private_calls,0,0.00377,0.01107
tam,private_calls,0,0.96214,0.02534
tam,private_calls,1,0.99171,0.96467
tam,private_calls,0,0.00440,0.02731
tam,private_calls,1,0.95806,0.73542
tam,private_calls,1,0.97729,0.93700
tam,private_calls,0,0.14043,0.15164
tam,private_calls,0,0.21570,0.04299
tam,private_calls,0,0.00388,0.01083
tam,private_calls,0,0.99216,0.63809
tam,private_calls,0,0.98787,0.18246
tam,private_calls,0,0.23639,0.06849
tam,private_calls,0,0.98801,0.06960
tam,private_calls,1,0.11077,0.61654
tam,private_calls,1,0.99195,0.94302
tam,private_calls,0,0.00376,0.00528
tam,private_calls,0,0.00373,0.00844
tam,private_calls,0,0.00379,0.00583
tam,private_calls,0,0.00368,0.00564
tam,private_calls,0,0.00536,0.11109
tam,private_calls,0,0.00384,0.00523
tam,private_calls,0,0.59080,0.04549
tam,private_calls,1,0.00379,0.05094
tam,private_calls,0,0.97924,0.23667
tam,private_calls,0,0.00370,0.00699
tam,private_calls,0,0.00371,0.01078
tam,private_calls,0,0.97810,0.16720
tam,private_calls,0,0.00367,0.00576
tam,private_calls,1,0.02352,0.20185
tam,private_calls,0,0.99108,0.08219
tam,private_calls,1,0.62296,0.30581
tam,private_calls,0,0.00378,0.00999
tam,private_calls,0,0.26355,0.02139
tam,private_calls,0,0.99061,0.76662
tam,private_calls,0,0.98177,0.03879
tam,private_calls,0,0.00384,0.00611
tam,private_calls,1,0.99188,0.82521
tam,private_calls,0,0.99089,0.43445
tam,private_calls,0,0.85579,0.05210
tam,private_calls,0,0.00377,0.00570
tam,private_calls,0,0.00377,0.03892
tam,private_calls,0,0.00371,0.00713
tam,private_calls,0,0.00377,0.02088
tam,private_calls,0,0.74773,0.01361
tam,private_calls,0,0.00380,0.00747
tam,private_calls,0,0.00395,0.01598
tam,private_calls,0,0.00383,0.00917
tam,private_calls,1,0.95824,0.90874
tam,private_calls,0,0.99016,0.73126
tam,private_calls,0,0.00472,0.09136
tam,private_calls,0,0.99137,0.05633
tam,private_calls,0,0.00373,0.00701
tam,private_calls,0,0.00375,0.00680
tam,private_calls,0,0.96705,0.03891
tam,private_calls,0,0.98869,0.01473
tam,private_calls,1,0.99246,0.95666
tam,private_calls,0,0.00381,0.00801
tam,private_calls,0,0.00382,0.00978
tam,private_calls,0,0.97867,0.01984
tam,private_calls,0,0.00426,0.01220
tam,private_calls,0,0.00514,0.02435
tam,private_calls,0,0.25315,0.02695
tam,private_calls,1,0.99194,0.94427
tam,private_calls,0,0.19741,0.03701
tam,private_calls,0,0.98813,0.08760
tam,private_calls,0,0.99101,0.31045
tam,private_calls,0,0.00408,0.01010
tam,private_calls,1,0.98562,0.23006
tam,private_calls,0,0.08230,0.01588
tam,private_calls,0,0.84345,0.00860
tam,private_calls,0,0.00560,0.25632
tam,private_calls,0,0.00377,0.00732
tam,private_calls,1,0.98745,0.83072
tam,private_calls,1,0.00485,0.31990
tam,private_calls,1,0.98977,0.67952
tam,private_calls,1,0.99156,0.96212
tam,private_calls,0,0.00382,0.03517
tam,private_calls,0,0.00375,0.00570
tam,private_calls,0,0.00373,0.00596
tam,private_calls,0,0.01113,0.04854
tam,private_calls,1,0.97156,0.91402
tam,private_calls,0,0.00371,0.00853
tam,private_calls,1,0.99203,0.97183
tam,private_calls,1,0.99203,0.98804
tam,private_calls,0,0.00451,0.00687
tam,private_calls,0,0.00444,0.00817
tam,private_calls,0,0.00377,0.00601
tam,private_calls,1,0.98962,0.91454
tam,private_calls,1,0.99130,0.95941
tam,private_calls,1,0.99176,0.98813
tam,private_calls,0,0.00370,0.00608
tam,private_calls,1,0.99050,0.95592
tam,private_calls,0,0.00365,0.01191
tam,private_calls,1,0.99217,0.98657
tam,private_calls,1,0.99189,0.98469
tam,private_calls,1,0.99156,0.98170
tam,private_calls,1,0.98170,0.85511
tam,private_calls,1,0.94801,0.22422
tam,private_calls,0,0.01209,0.01508
tam,private_calls,1,0.00608,0.03873
tam,private_calls,0,0.00361,0.00820
tam,private_calls,0,0.00452,0.00836
tam,private_calls,0,0.00369,0.00618
tam,private_calls,1,0.99001,0.45057
tam,private_calls,0,0.00370,0.01257
tam,private_calls,0,0.00366,0.00700
tam,private_calls,0,0.00367,0.00654
tam,private_calls,0,0.44674,0.01463
tam,private_calls,0,0.00363,0.00708
tam,private_calls,0,0.00359,0.00626
tam,private_calls,0,0.00363,0.00995
tam,private_calls,1,0.98871,0.81766
tam,private_calls,0,0.00361,0.00626
tam,private_calls,0,0.00365,0.00698
tam,private_calls,0,0.00371,0.00661
tam,private_calls,0,0.00376,0.00832
tam,private_calls,0,0.00435,0.01735
tam,private_calls,1,0.99183,0.86346
tam,private_calls,0,0.00362,0.00664
tam,private_calls,0,0.00366,0.00668
tam,private_calls,0,0.00365,0.01611
tam,private_calls,0,0.98936,0.05059
tam,private_calls,1,0.99126,0.85853
tam,private_calls,0,0.00434,0.03004
tam,private_calls,0,0.00364,0.00857
tam,private_calls,0,0.00373,0.00638
tam,private_calls,1,0.98137,0.26521
tam,private_calls,0,0.98979,0.11275
tam,private_calls,0,0.00653,0.51784
tam,private_calls,1,0.00671,0.02526
tam,private_calls,0,0.00367,0.01221
tam,private_calls,0,0.00368,0.00599
tam,private_calls,1,0.93570,0.23225
tam,private_calls,0,0.00369,0.00953
tam,private_calls,0,0.00460,0.01625
tam,private_calls,0,0.00973,0.02843
tam,private_calls,0,0.98617,0.42100
tam,private_calls,0,0.00369,0.01236
tam,private_calls,0,0.60237,0.01472
tam,private_calls,0,0.00372,0.01371
tam,private_calls,1,0.98513,0.93502
tam,private_calls,0,0.00377,0.00993
tam,private_calls,0,0.00381,0.00843
tam,private_calls,0,0.00433,0.01694
tam,private_calls,0,0.00362,0.00805
tam,private_calls,0,0.00362,0.01081
tam,private_calls,0,0.00361,0.00622
tam,private_calls,0,0.00360,0.00696
tam,private_calls,0,0.00375,0.00924
tam,private_calls,0,0.00364,0.00729
tam,private_calls,0,0.00381,0.02864
tam,private_calls,0,0.00368,0.01802
tam,private_calls,0,0.00371,0.04235
tam,private_calls,1,0.99145,0.92749
tam,private_calls,1,0.01993,0.22511
tam,private_calls,0,0.99165,0.92021
tam,private_calls,0,0.00370,0.00636
tam,private_calls,0,0.00382,0.00871
tam,private_calls,0,0.98902,0.71813
tam,private_calls,0,0.98140,0.78533
tam,private_calls,0,0.00372,0.00706
tam,private_calls,0,0.00606,0.01761
tam,private_calls,1,0.99208,0.94743
tam,private_calls,0,0.00377,0.00838
tam,private_calls,0,0.00372,0.00745
tam,private_calls,0,0.98922,0.15430
tam,private_calls,0,0.00376,0.00703
tam,private_calls,1,0.99229,0.98214
tam,private_calls,0,0.99181,0.98445
tam,private_calls,0,0.19016,0.05372
tam,private_calls,1,0.99196,0.98598
tam,private_calls,0,0.98942,0.42154
tam,private_calls,0,0.01244,0.05985
tam,private_calls,0,0.00443,0.01671
tam,private_calls,1,0.99041,0.59065
tam,private_calls,0,0.00371,0.00854
tam,private_calls,0,0.96379,0.64723
tam,private_calls,1,0.99080,0.92745
tam,private_calls,0,0.00370,0.00639
tam,private_calls,0,0.00366,0.00605
tam,private_calls,0,0.00407,0.01811
tam,private_calls,0,0.81352,0.20625
tam,private_calls,0,0.10936,0.09405
tam,private_calls,1,0.98285,0.51991
tam,private_calls,0,0.01067,0.03235
tam,private_calls,0,0.00400,0.01838
tam,private_calls,0,0.98356,0.19113
tam,private_calls,0,0.00450,0.03435
tam,private_calls,0,0.08863,0.03344
tam,private_calls,1,0.99151,0.93950
tam,private_calls,1,0.01424,0.58141
tam,private_calls,0,0.00377,0.00704
tam,private_calls,0,0.00373,0.00824
tam,private_calls,0,0.10141,0.07919
tam,private_calls,1,0.99127,0.90424
tam,private_calls,0,0.00369,0.00773
tam,private_calls,0,0.01078,0.03160
tam,private_calls,0,0.99010,0.51514
tam,private_calls,0,0.00443,0.03121
tam,private_calls,1,0.01028,0.25113
tam,private_calls,1,0.96886,0.83974
tam,private_calls,0,0.00374,0.00710
tam,private_calls,0,0.00371,0.00921
tam,private_calls,0,0.98989,0.28930
tam,private_calls,1,0.98798,0.79692
tam,private_calls,0,0.99180,0.88089
tam,private_calls,0,0.00862,0.01770
tam,private_calls,0,0.99123,0.89552
tam,private_calls,1,0.99156,0.88536
tam,private_calls,0,0.00369,0.00955
tam,private_calls,0,0.00388,0.02559
tam,private_calls,0,0.00379,0.01456
tam,private_calls,0,0.00400,0.01529
tam,private_calls,0,0.99179,0.91723
tam,private_calls,0,0.00379,0.01244
tam,private_calls,1,0.99214,0.98964
tam,private_calls,0,0.03864,0.05479
tam,private_calls,1,0.98824,0.72081
tam,private_calls,0,0.00388,0.00856
tam,private_calls,0,0.00386,0.01587
tam,private_calls,1,0.16016,0.67822
tam,private_calls,0,0.00396,0.02901
tam,private_calls,1,0.00892,0.02233
tam,private_calls,0,0.00378,0.00735
tam,private_calls,0,0.05491,0.12106
tam,private_calls,0,0.00371,0.00564
tam,private_calls,0,0.00513,0.03586
tam,private_calls,0,0.02735,0.12146
tam,private_calls,0,0.00368,0.00807
tam,private_calls,1,0.98966,0.85607
tam,private_calls,0,0.72046,0.19201
tam,private_calls,0,0.00387,0.03101
tam,private_calls,0,0.00443,0.06205
tam,private_calls,1,0.99048,0.78920
tam,private_calls,0,0.00367,0.00734
tam,private_calls,1,0.98188,0.93220
tam,private_calls,0,0.03986,0.01483
tam,private_calls,0,0.00373,0.00525
tam,private_calls,1,0.96269,0.89645
tam,private_calls,0,0.02005,0.03211
tam,private_calls,1,0.99036,0.95416
tam,private_calls,0,0.00916,0.03760
tam,private_calls,0,0.00387,0.01945
tam,private_calls,0,0.00394,0.01459
tam,private_calls,1,0.93735,0.20137
tam,private_calls,0,0.00382,0.01013
tam,private_calls,0,0.00405,0.00914
tam,private_calls,0,0.00379,0.00674
tam,private_calls,0,0.00509,0.02383
tam,private_calls,0,0.00397,0.01742
tam,private_calls,0,0.95897,0.11806
tam,private_calls,0,0.97733,0.06541
tam,private_calls,1,0.99154,0.77175
tam,private_calls,1,0.96407,0.02814
tam,private_calls,1,0.98762,0.50799
tam,private_calls,0,0.92749,0.04626
tam,private_calls,0,0.00374,0.00551
tam,private_calls,0,0.00440,0.03048
tam,private_calls,1,0.01596,0.10104
tam,private_calls,0,0.00377,0.01721
tam,private_calls,0,0.00370,0.00691
tam,private_calls,1,0.99180,0.66345
tam,private_calls,0,0.00364,0.00550
tam,private_calls,0,0.00371,0.00917
tam,private_calls,0,0.00442,0.00529
tam,private_calls,1,0.99190,0.96535
tam,private_calls,0,0.00364,0.01643
tam,private_calls,0,0.00437,0.01230
tam,private_calls,0,0.00366,0.00665
tam,private_calls,0,0.00371,0.00527
tam,private_calls,0,0.00369,0.01440
tam,private_calls,0,0.00418,0.01730
tam,private_calls,1,0.98899,0.75984
tam,private_calls,0,0.00374,0.00472
tam,private_calls,1,0.99229,0.97947
tam,private_calls,0,0.00368,0.00512
tam,private_calls,0,0.00366,0.00510
tam,private_calls,0,0.00365,0.00776
tam,private_calls,0,0.00370,0.00852
tam,private_calls,1,0.98956,0.66570
tam,private_calls,0,0.00366,0.00987
tam,private_calls,0,0.00475,0.03222
tam,private_calls,0,0.00380,0.01320
tam,private_calls,0,0.00379,0.03147
tam,private_calls,0,0.00383,0.00683
tam,private_calls,0,0.01157,0.02286
tam,private_calls,0,0.00396,0.01188
tam,private_calls,0,0.00452,0.01697
tam,private_calls,0,0.00390,0.01243
tam,private_calls,0,0.00391,0.00726
tam,private_calls,0,0.00392,0.00904
tam,private_calls,0,0.00432,0.00851
tam,private_calls,0,0.00390,0.00826
tam,private_calls,1,0.99038,0.95666
tam,private_calls,0,0.00414,0.00841
tam,private_calls,0,0.16634,0.07384
tam,private_calls,1,0.98738,0.81078
tam,private_calls,0,0.00384,0.00714
tam,private_calls,0,0.96005,0.27128
tam,private_calls,0,0.00386,0.01415
tam,private_calls,0,0.01429,0.19230
tam,private_calls,1,0.09068,0.35399
tam,private_calls,0,0.00388,0.00875
tam,private_calls,1,0.99195,0.98494
tam,private_calls,0,0.00772,0.01444
tam,private_calls,0,0.98896,0.12569
tam,private_calls,1,0.99200,0.98754
tam,private_calls,1,0.99210,0.98589
tam,private_calls,1,0.98834,0.91101
tam,private_calls,1,0.99119,0.95993
tam,private_calls,0,0.00384,0.00729
tam,private_calls,1,0.99210,0.98548
tam,private_calls,0,0.00386,0.00713
tam,private_calls,1,0.99198,0.98748
tam,private_calls,1,0.99044,0.98587
tam,private_calls,1,0.99202,0.95962
tam,private_calls,1,0.99061,0.98166
tam,private_calls,1,0.99139,0.98700
tam,private_calls,0,0.00382,0.00781
tam,private_calls,0,0.79831,0.10019
tam,private_calls,0,0.00388,0.02205
tam,private_calls,0,0.00402,0.01120
tam,private_calls,0,0.00414,0.00773
tam,private_calls,0,0.00411,0.01221
tam,private_calls,0,0.14121,0.05436
tam,private_calls,0,0.00386,0.00704
tam,private_calls,0,0.00401,0.03378
tam,private_calls,1,0.00397,0.00782
tam,private_calls,0,0.02210,0.03532
tam,private_calls,0,0.00393,0.01027
tam,private_calls,0,0.00394,0.01261
tam,private_calls,0,0.00388,0.00753
tam,private_calls,0,0.00421,0.01517
tam,private_calls,0,0.00392,0.00900
tam,private_calls,1,0.99128,0.86201
tam,private_calls,0,0.00602,0.02396
tam,private_calls,1,0.77112,0.54114
tam,private_calls,1,0.15419,0.13702
tam,private_calls,0,0.00380,0.00791
tam,private_calls,0,0.00382,0.00728
tam,private_calls,0,0.98207,0.28127
tam,private_calls,0,0.00395,0.00841
tam,private_calls,0,0.00395,0.00761
tam,private_calls,0,0.00384,0.00764
tam,private_calls,0,0.00385,0.00858
tam,private_calls,0,0.01982,0.01533
tam,private_calls,1,0.94965,0.28794
tam,private_calls,1,0.98627,0.92781
tam,private_calls,1,0.99144,0.98129
tam,private_calls,0,0.97226,0.01441
tam,private_calls,0,0.98352,0.29149
tam,private_calls,0,0.00387,0.00677
tam,private_calls,0,0.00436,0.00879
tam,private_calls,1,0.98710,0.76767
tam,private_calls,1,0.95720,0.62192
tam,private_calls,0,0.98275,0.62458
tam,private_calls,0,0.99184,0.21877
tam,private_calls,0,0.00395,0.01159
tam,private_calls,0,0.00380,0.00654
tam,private_calls,0,0.99233,0.08892
tam,private_calls,0,0.04965,0.06714
tam,private_calls,1,0.98930,0.35521
tam,private_calls,0,0.00406,0.01064
tam,private_calls,0,0.03407,0.05354
tam,private_calls,1,0.99244,0.98256
tam,private_calls,1,0.99140,0.97672
tam,private_calls,1,0.99191,0.97040
tam,private_calls,0,0.00459,0.01996
tam,private_calls,1,0.99180,0.97774
tam,private_calls,0,0.00380,0.00669
tam,private_calls,1,0.99174,0.96915
tam,private_calls,0,0.00393,0.00873
tam,private_calls,1,0.99194,0.97724
tam,private_calls,0,0.00452,0.02203
tam,private_calls,1,0.99221,0.97873
tam,private_calls,0,0.00383,0.01191
tam,private_calls,1,0.99203,0.95884
tam,private_calls,0,0.00386,0.00733
tam,private_calls,0,0.00376,0.00834
tam,private_calls,0,0.00392,0.04937
tam,private_calls,1,0.99222,0.98490
tam,private_calls,1,0.99189,0.97658
tam,private_calls,1,0.96772,0.69816
tam,private_calls,0,0.00472,0.00827
tam,private_calls,0,0.00400,0.01035
tam,private_calls,0,0.01855,0.03145
tam,private_calls,1,0.99193,0.97591
tam,private_calls,0,0.00447,0.06448
tam,private_calls,1,0.99161,0.94874
tam,private_calls,0,0.99168,0.96858
tam,private_calls,0,0.00528,0.03009
tam,private_calls,1,0.99150,0.94466
tam,private_calls,0,0.00719,0.01691
tam,private_calls,1,0.98984,0.84946
tam,private_calls,0,0.00377,0.00620
tam,private_calls,0,0.00373,0.00846
tam,private_calls,0,0.00567,0.04596
tam,private_calls,0,0.00821,0.01503
tam,private_calls,0,0.00398,0.00813
tam,private_calls,0,0.01228,0.03817
tam,private_calls,0,0.00377,0.00660
tam,private_calls,1,0.88348,0.19530
tam,private_calls,0,0.00434,0.02999
tam,private_calls,0,0.00428,0.03339
tam,private_calls,0,0.00372,0.00727
tam,private_calls,1,0.95195,0.45448
tam,private_calls,0,0.00388,0.00957
tam,private_calls,0,0.00456,0.00883
tam,private_calls,0,0.00493,0.03103
tam,private_calls,0,0.00377,0.00790
tam,private_calls,0,0.98170,0.43032
tam,private_calls,1,0.96761,0.60580
tam,private_calls,1,0.98803,0.85069
tam,private_calls,0,0.00362,0.00626
tam,private_calls,1,0.99033,0.82081
tam,private_calls,0,0.00365,0.00663
tam,private_calls,1,0.99093,0.95934
tam,private_calls,1,0.99181,0.96241
tam,private_calls,0,0.99043,0.03378
tam,private_calls,0,0.96392,0.55835
tam,private_calls,1,0.00451,0.02097
tam,private_calls,1,0.99125,0.82713
tam,private_calls,0,0.00442,0.02071
tam,private_calls,0,0.00372,0.01031
tam,private_calls,0,0.96700,0.10621
tam,private_calls,0,0.00370,0.00715
tam,private_calls,0,0.00364,0.00680
tam,private_calls,0,0.99096,0.82240
tam,private_calls,0,0.00375,0.00660
tam,private_calls,0,0.00398,0.01770
tam,private_calls,0,0.00565,0.00968
tam,private_calls,1,0.99215,0.96944
tam,private_calls,0,0.00370,0.00748
tam,private_calls,0,0.00384,0.00822
tam,private_calls,1,0.98775,0.47318
tam,private_calls,1,0.99135,0.90099
tam,private_calls,0,0.00372,0.00670
tam,private_calls,1,0.99174,0.95989
tam,private_calls,1,0.99257,0.98087
tam,private_calls,0,0.99142,0.91546
tam,private_calls,0,0.00453,0.00938
tam,private_calls,0,0.00392,0.00956
tam,private_calls,0,0.00421,0.02989
tam,private_calls,1,0.99154,0.86973
tam,private_calls,0,0.00377,0.00799
tam,private_calls,0,0.00368,0.00619
tam,private_calls,0,0.00380,0.00773
tam,private_calls,0,0.00367,0.00691
tam,private_calls,0,0.00372,0.00781
tam,private_calls,0,0.00367,0.00816
tam,private_calls,0,0.00371,0.00688
tam,private_calls,0,0.00386,0.01646
tam,private_calls,0,0.00378,0.01179
tam,private_calls,0,0.00375,0.00643
tam,private_calls,0,0.00375,0.00739
tam,private_calls,1,0.98737,0.56999
tam,private_calls,0,0.00387,0.00625
tam,private_calls,0,0.00364,0.00623
tam,private_calls,1,0.99198,0.97775
tam,private_calls,0,0.02486,0.06546
tam,private_calls,0,0.97619,0.20799
tam,private_calls,0,0.00374,0.00797
tam,private_calls,0,0.00499,0.00918
tam,private_calls,0,0.00513,0.01699
tam,private_calls,1,0.99221,0.95515
tam,private_calls,0,0.00379,0.00676
tam,private_calls,0,0.00415,0.00733
tam,private_calls,1,0.98983,0.96500
tam,private_calls,1,0.99165,0.63492
tam,private_calls,0,0.97130,0.05149
tam,private_calls,1,0.97391,0.52510
tam,private_calls,0,0.00375,0.00824
tam,private_calls,1,0.99010,0.96129
tam,private_calls,0,0.00858,0.01520
tam,private_calls,0,0.00380,0.01178
tam,private_calls,0,0.97131,0.11165
tam,private_calls,1,0.99135,0.82165
tam,private_calls,0,0.00374,0.01109
tam,private_calls,0,0.79119,0.08393
tam,private_calls,0,0.00371,0.00893
tam,private_calls,0,0.01506,0.01162
tam,private_calls,0,0.57623,0.04066
tam,private_calls,1,0.99159,0.83066
tam,private_calls,1,0.99147,0.89043
tam,private_calls,0,0.00413,0.01195
tam,private_calls,0,0.00371,0.00708
tam,private_calls,0,0.97415,0.04749
tam,private_calls,0,0.00374,0.00655
tam,private_calls,1,0.01995,0.14915
tam,private_calls,1,0.98893,0.74433
tam,private_calls,0,0.00632,0.00931
tam,private_calls,0,0.00373,0.00972
tam,private_calls,1,0.99185,0.98458
tam,private_calls,1,0.98880,0.83187
tam,private_calls,0,0.00378,0.00981
tam,private_calls,1,0.99178,0.97220
tam,private_calls,1,0.03249,0.30815
tam,private_calls,1,0.63180,0.36289
tam,private_calls,1,0.98143,0.77950
tam,private_calls,1,0.01414,0.18920
tam,private_calls,1,0.01676,0.07399
tam,private_calls,0,0.94447,0.46464
tam,private_calls,0,0.00391,0.01341
tam,private_calls,0,0.00385,0.00708
tam,private_calls,0,0.98774,0.61631
tam,private_calls,0,0.97355,0.63207
tam,private_calls,0,0.02167,0.08570
tam,private_calls,0,0.00798,0.05441
tam,private_calls,1,0.99071,0.93402
tam,private_calls,1,0.99199,0.98402
tam,private_calls,1,0.98909,0.86751
tam,private_calls,0,0.00503,0.00991
tam,private_calls,1,0.98612,0.72666
tam,private_calls,0,0.00383,0.00617
tam,private_calls,1,0.99048,0.95833
tam,private_calls,1,0.98048,0.62719
tam,private_calls,0,0.00852,0.01959
tam,private_calls,1,0.99151,0.96495
tam,private_calls,0,0.00403,0.01130
tam,private_calls,0,0.98973,0.40360
tam,private_calls,1,0.98107,0.48243
tam,private_calls,0,0.98072,0.25625
tam,private_calls,1,0.99189,0.96463
tam,private_calls,0,0.96114,0.04012
tam,private_calls,0,0.00854,0.00666
tam,private_calls,1,0.98875,0.65466
tam,private_calls,1,0.98618,0.77987
tam,private_calls,0,0.34130,0.17304
tam,private_calls,1,0.98679,0.88730
tam,private_calls,0,0.98286,0.47403
tam,private_calls,0,0.00380,0.00573
tam,private_calls,0,0.17616,0.03565
tam,private_calls,0,0.99095,0.62031
tam,private_calls,0,0.00384,0.01198
tam,private_calls,0,0.00381,0.00900
tam,private_calls,0,0.00544,0.02903
tam,private_calls,0,0.97914,0.23485
tam,private_calls,0,0.00375,0.00553
tam,private_calls,0,0.98428,0.31140
tam,private_calls,0,0.00371,0.00814
tam,private_calls,0,0.00395,0.01500
tam,private_calls,0,0.00386,0.00744
tam,private_calls,0,0.00426,0.01370
tam,private_calls,0,0.11892,0.05180
tam,private_calls,1,0.51151,0.48213
tam,private_calls,0,0.00372,0.00623
tam,private_calls,0,0.56822,0.09712
tam,private_calls,0,0.00375,0.00577
tam,private_calls,0,0.00375,0.00616
tam,private_calls,0,0.00379,0.00590
tam,private_calls,1,0.99204,0.95208
tam,private_calls,0,0.00376,0.01232
tam,private_calls,0,0.01321,0.01648
tam,private_calls,0,0.00389,0.00949
tam,private_calls,0,0.99211,0.05236
tam,private_calls,0,0.99225,0.54953
tam,private_calls,0,0.00378,0.00564
tam,private_calls,0,0.00374,0.00630
tam,private_calls,0,0.00372,0.00754
tam,private_calls,0,0.00414,0.00825
tam,private_calls,0,0.00382,0.00838
tam,private_calls,0,0.00381,0.00509
tam,private_calls,0,0.00393,0.00747
tam,private_calls,0,0.00517,0.03769
tam,private_calls,0,0.99176,0.42528
tam,private_calls,0,0.00380,0.00551
tam,private_calls,0,0.00378,0.00548
tam,private_calls,0,0.00379,0.00515
tam,private_calls,0,0.00429,0.01185
tam,private_calls,0,0.00470,0.01835
tam,private_calls,0,0.00457,0.02011
tam,private_calls,1,0.00573,0.03939
tam,private_calls,0,0.99092,0.10942
tam,private_calls,0,0.99051,0.33821
tam,private_calls,1,0.97327,0.66639
tam,private_calls,0,0.99210,0.59256
tam,private_calls,1,0.01334,0.14634
tam,private_calls,1,0.98426,0.52541
tam,private_calls,0,0.98511,0.12308
tam,private_calls,0,0.98986,0.16476
tam,private_calls,1,0.96690,0.02748
tam,private_calls,0,0.02848,0.10936
tam,private_calls,1,0.92679,0.42666
tam,private_calls,0,0.98469,0.27851
tam,private_calls,0,0.00497,0.01036
tam,private_calls,0,0.09408,0.08830
tam,private_calls,0,0.94141,0.09741
tam,private_calls,0,0.00483,0.03045
tam,private_calls,0,0.00382,0.01052
tam,private_calls,1,0.97070,0.21727
tam,private_calls,1,0.07255,0.04511
tam,private_calls,0,0.72323,0.45387
tam,private_calls,0,0.00393,0.01177
tam,private_calls,0,0.98985,0.49058
tam,private_calls,0,0.07817,0.04067
tam,private_calls,0,0.95342,0.09807
tam,private_calls,0,0.01132,0.10560
tam,private_calls,0,0.96458,0.05049
tam,private_calls,1,0.98544,0.55062
tam,private_calls,1,0.98856,0.78188
tam,private_calls,1,0.98761,0.82277
tam,private_calls,1,0.99167,0.96787
tam,private_calls,0,0.00376,0.00647
tam,private_calls,0,0.00401,0.01589
tam,private_calls,0,0.00358,0.02198
tam,private_calls,0,0.98888,0.91018
tam,private_calls,0,0.00361,0.00653
tam,private_calls,1,0.99144,0.94713
tam,private_calls,0,0.00356,0.00736
tam,private_calls,0,0.95900,0.05985
tam,private_calls,0,0.00358,0.00754
tam,private_calls,1,0.99142,0.81579
tam,private_calls,1,0.99147,0.86013
tam,private_calls,1,0.99170,0.97562
tam,private_calls,0,0.00454,0.00710
tam,private_calls,0,0.04813,0.12023
tam,private_calls,0,0.00579,0.03061
tam,private_calls,0,0.95046,0.29246
tam,private_calls,1,0.99196,0.48941
tam,private_calls,0,0.00366,0.00801
tam,private_calls,0,0.00371,0.01333
tam,private_calls,1,0.98866,0.60725
tam,private_calls,0,0.00363,0.00752
tam,private_calls,1,0.99202,0.97919
tam,private_calls,0,0.97827,0.33881
tam,private_calls,0,0.00354,0.00731
tam,private_calls,0,0.00363,0.01777
tam,private_calls,0,0.00362,0.00777
tam,private_calls,1,0.99188,0.94045
tam,private_calls,0,0.00369,0.00788
tam,private_calls,0,0.98557,0.09958
tam,private_calls,1,0.99219,0.96508
tam,private_calls,0,0.86660,0.01434
tam,private_calls,0,0.00381,0.02299
tam,private_calls,0,0.00362,0.00922
tam,private_calls,0,0.00361,0.00719
tam,private_calls,0,0.00364,0.00695
tam,private_calls,0,0.00419,0.00911
tam,private_calls,0,0.00467,0.01255
tam,private_calls,0,0.96844,0.07147
tam,private_calls,0,0.00462,0.01264
tam,private_calls,0,0.00395,0.02086
tam,private_calls,0,0.00552,0.01895
tam,private_calls,0,0.00528,0.02139
tam,private_calls,0,0.98872,0.59623
tam,private_calls,0,0.00441,0.01253
tam,private_calls,0,0.00363,0.01103
tam,private_calls,0,0.00378,0.01778
tam,private_calls,0,0.00379,0.01750
tam,private_calls,0,0.00382,0.01212
tam,private_calls,0,0.00360,0.00808
tam,private_calls,0,0.00426,0.01404
tam,private_calls,0,0.00363,0.01232
tam,private_calls,0,0.00365,0.01148
tam,private_calls,0,0.00444,0.03253
tam,private_calls,0,0.00364,0.01411
tam,private_calls,0,0.00357,0.00906
tam,private_calls,0,0.00834,0.02929
tam,private_calls,0,0.00362,0.00771
tam,private_calls,1,0.99219,0.97278
tam,private_calls,0,0.46606,0.05794
tam,private_calls,0,0.00357,0.00817
tam,private_calls,1,0.99090,0.83686
tam,private_calls,0,0.00361,0.00700
tam,private_calls,0,0.00531,0.02951
tam,private_calls,1,0.96688,0.33930
tam,private_calls,0,0.00367,0.00706
tam,private_calls,0,0.00361,0.01045
tam,private_calls,0,0.00374,0.02647
tam,private_calls,0,0.00366,0.00722
tam,private_calls,0,0.00371,0.00749
tam,private_calls,0,0.00378,0.01208
tam,private_calls,0,0.00373,0.00722
tam,private_calls,0,0.00371,0.00576
tam,private_calls,0,0.12000,0.13024
tam,private_calls,0,0.00365,0.00778
tam,private_calls,0,0.98922,0.88386
tam,private_calls,1,0.64649,0.22432
tam,private_calls,0,0.00372,0.00773
tam,private_calls,0,0.00382,0.00592
tam,private_calls,0,0.00370,0.00573
tam,private_calls,0,0.00380,0.00668
tam,private_calls,0,0.00365,0.00581
tam,private_calls,0,0.01401,0.06110
tam,private_calls,0,0.00365,0.00595
tam,private_calls,0,0.00373,0.00543
tam,private_calls,0,0.00365,0.00567
tam,private_calls,0,0.97185,0.41622
tam,private_calls,1,0.98134,0.88841
tam,private_calls,0,0.00365,0.00610
tam,private_calls,0,0.00511,0.02433
tam,private_calls,0,0.00373,0.00537
tam,private_calls,0,0.00425,0.00956
tam,private_calls,1,0.79129,0.13027
tam,private_calls,0,0.00366,0.00700
tam,private_calls,0,0.00408,0.02671
tam,private_calls,0,0.00368,0.00607
tam,private_calls,1,0.97185,0.35241
tam,private_calls,0,0.00367,0.00572
tam,private_calls,0,0.00385,0.01197
tam,private_calls,0,0.00377,0.01832
tam,private_calls,1,0.99227,0.97488
tam,private_calls,0,0.00375,0.00572
tam,private_calls,0,0.97248,0.61795
tam,private_calls,0,0.00406,0.01839
tam,private_calls,0,0.00369,0.00570
tam,private_calls,1,0.99240,0.96372
tam,private_calls,0,0.00368,0.00520
tam,private_calls,1,0.99204,0.97144
tam,private_calls,0,0.00366,0.00737
tam,private_calls,0,0.00370,0.00553
tam,private_calls,1,0.98948,0.74639
tam,private_calls,0,0.00369,0.00860
tam,private_calls,0,0.00379,0.01188
tam,private_calls,1,0.97936,0.52796
tam,private_calls,0,0.00378,0.00939
tam,private_calls,0,0.00365,0.00666
tam,private_calls,1,0.98495,0.78593
tam,private_calls,0,0.00369,0.00577
tam,private_calls,0,0.00370,0.00681
tam,private_calls,0,0.00374,0.00573
tam,private_calls,0,0.00882,0.03035
tam,private_calls,1,0.99237,0.97555
tam,private_calls,0,0.00368,0.00553
tam,private_calls,0,0.00373,0.00743
tam,private_calls,0,0.00367,0.00608
tam,private_calls,1,0.98804,0.84835
tam,private_calls,0,0.00376,0.02089
tam,private_calls,0,0.00387,0.00864
tam,private_calls,0,0.00984,0.03691
tam,private_calls,0,0.00374,0.00779
tam,private_calls,1,0.98521,0.75571
tam,private_calls,1,0.99216,0.98520
tam,private_calls,0,0.01376,0.02452
tam,private_calls,1,0.99179,0.95770
tam,private_calls,1,0.99126,0.89264
tam,private_calls,1,0.99131,0.90813
tam,private_calls,0,0.99072,0.60843
tam,private_calls,0,0.85691,0.05816
tam,private_calls,0,0.00391,0.01399
tam,private_calls,1,0.99144,0.73938
tam,private_calls,1,0.99209,0.94705
tam,private_calls,1,0.99119,0.73032
tam,private_calls,1,0.99105,0.78437
tam,private_calls,0,0.00388,0.00704
tam,private_calls,0,0.00689,0.02274
tam,private_calls,0,0.94924,0.02206
tam,private_calls,0,0.98861,0.06964
tam,private_calls,0,0.02375,0.02007
tam,private_calls,0,0.00475,0.01422
tam,private_calls,1,0.99167,0.53042
tam,private_calls,0,0.03338,0.03089
tam,private_calls,0,0.99191,0.88879
tam,private_calls,0,0.00915,0.02277
tam,private_calls,0,0.00394,0.01077
tam,private_calls,0,0.02361,0.02504
tam,private_calls,0,0.79776,0.16926
tam,private_calls,0,0.01300,0.01261
tam,private_calls,0,0.00386,0.00954
tam,private_calls,0,0.98901,0.13507
tam,private_calls,0,0.03905,0.04885
tam,private_calls,0,0.00796,0.01880
tam,private_calls,1,0.85415,0.69332
tam,private_calls,0,0.96872,0.08293
tam,private_calls,0,0.31212,0.04846
tam,private_calls,0,0.00385,0.00875
tam,private_calls,0,0.02044,0.00767
tam,private_calls,0,0.00385,0.00644
tam,private_calls,1,0.99135,0.89972
tam,private_calls,0,0.00382,0.00840
tam,private_calls,0,0.00422,0.01947
tam,private_calls,0,0.00425,0.00693
tam,private_calls,0,0.36309,0.07447
tam,private_calls,0,0.23071,0.02876
tam,private_calls,0,0.00396,0.00711
tam,private_calls,0,0.96306,0.07505
tam,private_calls,0,0.98948,0.05194
tam,private_calls,0,0.01734,0.02042
tam,private_calls,0,0.00411,0.00789
tam,private_calls,0,0.00648,0.00724
tam,private_calls,0,0.00409,0.00823
tam,private_calls,0,0.00382,0.00767
tam,private_calls,1,0.99088,0.94212
tam,private_calls,0,0.01562,0.01007
tam,private_calls,0,0.01005,0.02226
tam,private_calls,1,0.99106,0.96676
tam,private_calls,0,0.00772,0.02548
tam,private_calls,0,0.06904,0.03202
tam,private_calls,0,0.11719,0.03439
tam,private_calls,0,0.00447,0.00913
tam,private_calls,1,0.99100,0.74428
tam,private_calls,1,0.99243,0.97657
tam,private_calls,0,0.37980,0.02718
tam,private_calls,0,0.08231,0.04555
tam,private_calls,0,0.98550,0.06121
tam,private_calls,0,0.01235,0.02021
tam,private_calls,0,0.00369,0.01372
tam,private_calls,0,0.07939,0.03939
tam,private_calls,1,0.99238,0.91118
tam,private_calls,0,0.00363,0.00860
tam,private_calls,1,0.99184,0.98262
tam,private_calls,0,0.00359,0.00898
tam,private_calls,0,0.00356,0.00678
tam,private_calls,0,0.13547,0.35438
tam,private_calls,0,0.00459,0.05545
tam,private_calls,0,0.00421,0.04659
tam,private_calls,0,0.00359,0.00958
tam,private_calls,0,0.00366,0.01794
tam,private_calls,0,0.04518,0.05659
tam,private_calls,0,0.00370,0.00600
tam,private_calls,0,0.00381,0.02253
tam,private_calls,0,0.00366,0.00638
tam,private_calls,0,0.00360,0.00580
tam,private_calls,0,0.00362,0.00896
tam,private_calls,1,0.98699,0.63422
tam,private_calls,0,0.00367,0.00530
tam,private_calls,0,0.00417,0.01396
tam,private_calls,0,0.00361,0.01107
tam,private_calls,1,0.99174,0.96859
tam,private_calls,1,0.95643,0.07306
tam,private_calls,0,0.00409,0.00850
tam,private_calls,0,0.98834,0.70252
tam,private_calls,0,0.98182,0.11545
tam,private_calls,1,0.10409,0.51122
tam,private_calls,1,0.99167,0.96524
tam,private_calls,0,0.76171,0.11216
tam,private_calls,1,0.99220,0.98094
tam,private_calls,0,0.13092,0.13706
tam,private_calls,0,0.25023,0.10239
tam,private_calls,0,0.00437,0.01774
tam,private_calls,1,0.99165,0.96450
tam,private_calls,1,0.99056,0.89674
tam,private_calls,0,0.97362,0.13852
tam,private_calls,0,0.00646,0.02016
tam,private_calls,1,0.98964,0.66679
tam,private_calls,0,0.00590,0.03002
tam,private_calls,0,0.00368,0.00777
tam,private_calls,0,0.00361,0.01299
tam,private_calls,1,0.99142,0.47399
tam,private_calls,0,0.99083,0.58199
tam,private_calls,1,0.98911,0.46232
tam,private_calls,0,0.00371,0.01087
tam,private_calls,0,0.00366,0.00794
tam,private_calls,0,0.00475,0.01265
tam,private_calls,1,0.99098,0.96090
tam,private_calls,0,0.07655,0.04849
tam,private_calls,0,0.01494,0.11618
tam,private_calls,0,0.00418,0.01371
tam,private_calls,1,0.01769,0.11470
tam,private_calls,0,0.00361,0.01362
tam,private_calls,0,0.00365,0.01137
tam,private_calls,0,0.00361,0.00602
tam,private_calls,1,0.99087,0.95840
tam,private_calls,0,0.11151,0.09650
tam,private_calls,1,0.98245,0.88810
tam,private_calls,0,0.00367,0.00749
tam,private_calls,0,0.02763,0.06369
tam,private_calls,0,0.00378,0.00654
tam,private_calls,0,0.98856,0.94616
tam,private_calls,0,0.00367,0.01458
tam,private_calls,1,0.60338,0.69791
tam,private_calls,0,0.99179,0.72873
tam,private_calls,0,0.00375,0.00563
tam,private_calls,1,0.99141,0.92569
tam,private_calls,0,0.00370,0.00503
tam,private_calls,0,0.00363,0.00606
tam,private_calls,1,0.98531,0.91556
tam,private_calls,0,0.09640,0.04675
tam,private_calls,0,0.00380,0.01839
tam,private_calls,0,0.00959,0.17982
tam,private_calls,0,0.00371,0.00642
tam,private_calls,0,0.03520,0.20259
tam,private_calls,0,0.00368,0.00660
tam,private_calls,1,0.98749,0.94795
tam,private_calls,0,0.98761,0.14970
tam,private_calls,0,0.00373,0.00533
tam,private_calls,0,0.00434,0.02607
tam,private_calls,0,0.00370,0.00619
tam,private_calls,0,0.00372,0.00495
tam,private_calls,0,0.00373,0.00532
tam,private_calls,0,0.01120,0.13883
tam,private_calls,1,0.99197,0.97048
tam,private_calls,0,0.01150,0.02952
tam,private_calls,1,0.99151,0.95635
tam,private_calls,0,0.00375,0.00498
tam,private_calls,0,0.25821,0.06662
tam,private_calls,0,0.06606,0.69391
tam,private_calls,0,0.00373,0.00489
tam,private_calls,0,0.99161,0.95682
tam,private_calls,0,0.00665,0.14814
tam,private_calls,0,0.30224,0.04457
tam,private_calls,0,0.77035,0.03001
tam,private_calls,0,0.98763,0.11345
tam,private_calls,0,0.95198,0.01982
tam,private_calls,1,0.98127,0.44727
tam,private_calls,0,0.98884,0.25268
tam,private_calls,0,0.00369,0.00533
tam,private_calls,0,0.94068,0.24105
tam,private_calls,0,0.98096,0.09447
tam,private_calls,0,0.99186,0.72456
tam,private_calls,0,0.00398,0.01126
tam,private_calls,0,0.00377,0.01372
tam,private_calls,0,0.34768,0.05473
tam,private_calls,0,0.00527,0.02535
tam,private_calls,1,0.99176,0.97606
tam,private_calls,0,0.00367,0.00762
tam,private_calls,0,0.99139,0.35121
tam,private_calls,1,0.98526,0.65457
tam,private_calls,0,0.00391,0.01028
tam,private_calls,0,0.97780,0.14518
tam,private_calls,0,0.00366,0.00625
tam,private_calls,1,0.99037,0.94609
tam,private_calls,1,0.99216,0.97760
tam,private_calls,0,0.00364,0.00636
tam,private_calls,0,0.00380,0.00697
tam,private_calls,0,0.00398,0.01648
tam,private_calls,0,0.98069,0.23403
tam,private_calls,1,0.62250,0.38233
tam,private_calls,1,0.99206,0.95687
tam,private_calls,0,0.00369,0.01524
tam,private_calls,1,0.99225,0.97366
tam,private_calls,0,0.00372,0.00923
tam,private_calls,1,0.90080,0.72157
tam,private_calls,1,0.99252,0.98133
tam,private_calls,1,0.01705,0.04605
tam,private_calls,0,0.81386,0.54829
tam,private_calls,0,0.00370,0.00679
tam,private_calls,0,0.99062,0.40716
tam,private_calls,1,0.07491,0.06363
tam,private_calls,0,0.00371,0.01060
tam,private_calls,1,0.00367,0.01086
tam,private_calls,0,0.98969,0.64464
tam,private_calls,0,0.98884,0.07769
tam,private_calls,0,0.00378,0.00655
tam,private_calls,0,0.00403,0.01319
tam,private_calls,0,0.00382,0.01097
tam,private_calls,0,0.03388,0.00981
tam,private_calls,0,0.01744,0.04013
tam,private_calls,0,0.00377,0.01212
tam,private_calls,0,0.98939,0.35854
tam,private_calls,0,0.99178,0.17282
tam,private_calls,0,0.01168,0.15472
tam,private_calls,1,0.00459,0.19787
tam,private_calls,0,0.00517,0.02106
tam,private_calls,0,0.00374,0.00740
tam,private_calls,0,0.98972,0.19154
tam,private_calls,0,0.03639,0.04195
tam,private_calls,0,0.00770,0.00912
tam,private_calls,0,0.94401,0.16340
tam,private_calls,0,0.00384,0.00655
tam,private_calls,0,0.99085,0.27437
tam,private_calls,0,0.09536,0.03699
tam,private_calls,0,0.00374,0.01125
tam,private_calls,0,0.00400,0.01326
tam,private_calls,0,0.00374,0.00665
tam,private_calls,0,0.00369,0.00822
tam,private_calls,0,0.00406,0.02168
tam,private_calls,0,0.00421,0.00883
tam,private_calls,0,0.00578,0.04420
tam,private_calls,1,0.97640,0.32292
tam,private_calls,0,0.00416,0.01139
tam,private_calls,0,0.00426,0.07454
tam,private_calls,0,0.00557,0.03167
tam,private_calls,0,0.99117,0.56696
tam,private_calls,0,0.98320,0.07842
tam,private_calls,1,0.99203,0.93817
tam,private_calls,0,0.00384,0.01958
tam,private_calls,0,0.10645,0.05060
tam,private_calls,0,0.00808,0.02234
tam,private_calls,1,0.99075,0.85963
tam,private_calls,0,0.89557,0.91491
tam,private_calls,1,0.99073,0.84843
tam,private_calls,0,0.17454,0.05310
tam,private_calls,1,0.99202,0.98063
tam,private_calls,1,0.99112,0.95632
tam,private_calls,0,0.00813,0.01722
tam,private_calls,0,0.00369,0.00703
tam,private_calls,0,0.98196,0.22915
tam,private_calls,0,0.00477,0.01600
tam,private_calls,0,0.01501,0.09555
tam,private_calls,1,0.96143,0.87270
tam,private_calls,0,0.00421,0.00895
tam,private_calls,0,0.00365,0.01163
tam,private_calls,1,0.99048,0.95232
tam,private_calls,1,0.99241,0.97897
tam,private_calls,0,0.00381,0.03537
tam,private_calls,0,0.59031,0.04464
tam,private_calls,1,0.99171,0.98729
tam,private_calls,0,0.00374,0.00506
tam,private_calls,0,0.00369,0.00556
tam,private_calls,1,0.99200,0.97457
tam,private_calls,1,0.99223,0.97267
tam,private_calls,1,0.99218,0.97426
tam,private_calls,1,0.99177,0.96546
tam,private_calls,1,0.99212,0.98774
tam,private_calls,0,0.00378,0.00794
tam,private_calls,1,0.99149,0.92907
tam,private_calls,1,0.99189,0.95555
tam,private_calls,1,0.98485,0.90034
tam,private_calls,0,0.00400,0.02637
tam,private_calls,1,0.98998,0.85888
tam,private_calls,0,0.00374,0.00609
tam,private_calls,0,0.00374,0.00546
tam,private_calls,1,0.99159,0.95591
tam,private_calls,0,0.00376,0.00528
tam,private_calls,1,0.98203,0.33719
tam,private_calls,1,0.99219,0.96186
tam,private_calls,0,0.03464,0.04392
tam,private_calls,0,0.98968,0.12046
tam,private_calls,1,0.99203,0.98764
tam,private_calls,1,0.98083,0.10304
tam,private_calls,1,0.00525,0.65087
tam,private_calls,1,0.99238,0.98486
tam,private_calls,1,0.98193,0.36529
tam,private_calls,1,0.53774,0.05877
tam,private_calls,0,0.00410,0.01329
tam,private_calls,0,0.00368,0.00747
tam,private_calls,0,0.00364,0.00566
tam,private_calls,0,0.00377,0.00485
tam,private_calls,0,0.00385,0.01539
tam,private_calls,0,0.00378,0.00890
tam,private_calls,0,0.00370,0.00794
tam,private_calls,1,0.99148,0.87632
tam,private_calls,0,0.00366,0.00522
tam,private_calls,0,0.00377,0.00629
tam,private_calls,0,0.00436,0.01497
tam,private_calls,1,0.99231,0.96188
tam,private_calls,1,0.99243,0.98969
tam,private_calls,0,0.98074,0.02126
tam,private_calls,0,0.00957,0.14266
tam,private_calls,0,0.00365,0.00604
tam,private_calls,0,0.00378,0.01253
tam,private_calls,1,0.62380,0.05026
tam,private_calls,0,0.00512,0.01961
tam,private_calls,0,0.00364,0.00906
tam,private_calls,0,0.00369,0.00596
tam,private_calls,0,0.00533,0.06993
tam,private_calls,0,0.98221,0.10935
tam,private_calls,0,0.98864,0.17421
tam,private_calls,0,0.32170,0.04780
tam,private_calls,0,0.00372,0.00762
tam,private_calls,1,0.98102,0.79561
tam,private_calls,0,0.00364,0.00834
tam,private_calls,0,0.00368,0.00604
tam,private_calls,0,0.00406,0.01324
tam,private_calls,0,0.00371,0.00569
tam,private_calls,0,0.15127,0.13031
tam,private_calls,1,0.98882,0.72592
tam,private_calls,0,0.00387,0.01033
tam,private_calls,0,0.00366,0.00540
tam,private_calls,0,0.01796,0.02173
tam,private_calls,0,0.00372,0.00687
tam,private_calls,0,0.99018,0.60197
tam,private_calls,0,0.98744,0.70726
tam,private_calls,0,0.00370,0.00664
tam,private_calls,0,0.00381,0.00742
tam,private_calls,1,0.99084,0.81078
tam,private_calls,0,0.00371,0.00886
tam,private_calls,0,0.02195,0.02367
tam,private_calls,0,0.00396,0.01426
tam,private_calls,0,0.00917,0.08125
tam,private_calls,0,0.00388,0.00747
tam,private_calls,0,0.00374,0.00589
tam,private_calls,0,0.00371,0.00634
tam,private_calls,1,0.96710,0.77562
tam,private_calls,0,0.99150,0.88177
tam,private_calls,1,0.99165,0.96855
tam,private_calls,0,0.72717,0.05178
tam,private_calls,0,0.01392,0.04559
tam,private_calls,1,0.99235,0.96501
tam,private_calls,0,0.03018,0.01997
tam,private_calls,0,0.00531,0.03880
tam,private_calls,0,0.36121,0.05162
tam,private_calls,0,0.02649,0.02517
tam,private_calls,0,0.00384,0.00979
tam,private_calls,0,0.92894,0.02508
tam,private_calls,0,0.98986,0.16756
tam,private_calls,0,0.00376,0.01810
tam,private_calls,0,0.03082,0.03491
tam,private_calls,0,0.00415,0.01056
tam,private_calls,0,0.98996,0.26611
tam,private_calls,0,0.02461,0.73423
tam,private_calls,0,0.02834,0.04328
tam,private_calls,0,0.83341,0.03503
tam,private_calls,0,0.00376,0.00992
tam,private_calls,1,0.97850,0.32347
tam,private_calls,0,0.99171,0.43372
tam,private_calls,0,0.09157,0.03716
tam,private_calls,0,0.00375,0.01350
tam,private_calls,0,0.98546,0.23562
tam,private_calls,1,0.98975,0.34366
tam,private_calls,0,0.01504,0.05765
tam,private_calls,0,0.38056,0.04087
tam,private_calls,0,0.97142,0.21563
tam,private_calls,0,0.00378,0.00684
tam,private_calls,0,0.00379,0.00767
tam,private_calls,0,0.99153,0.96667
tam,private_calls,0,0.00371,0.00765
tam,private_calls,0,0.00721,0.01346
tam,private_calls,0,0.87166,0.13292
tam,private_calls,0,0.00375,0.00708
tam,private_calls,0,0.04569,0.03429
tam,private_calls,0,0.17142,0.06637
tam,private_calls,0,0.00385,0.01666
tam,private_calls,1,0.99201,0.77363
tam,private_calls,0,0.00772,0.02348
tam,private_calls,0,0.00408,0.01226
tam,private_calls,0,0.00712,0.02012
tam,private_calls,1,0.98987,0.25615
tam,private_calls,0,0.00388,0.00901
tam,private_calls,0,0.06454,0.03041
tam,private_calls,0,0.02305,0.04812
tam,private_calls,0,0.98950,0.33891
tam,private_calls,0,0.00398,0.01729
tam,private_calls,1,0.99203,0.92911
tam,private_calls,0,0.00374,0.00694
tam,private_calls,0,0.99214,0.55059
tam,private_calls,1,0.99160,0.91888
tam,private_calls,0,0.01244,0.01779
tam,private_calls,0,0.00805,0.01187
tam,private_calls,1,0.99239,0.96501
tam,private_calls,0,0.00432,0.01052
tam,private_calls,0,0.00382,0.02688
tam,private_calls,0,0.00370,0.00621
tam,private_calls,0,0.00574,0.01070
tam,private_calls,0,0.98541,0.79510
tam,private_calls,1,0.99050,0.68158
tam,private_calls,0,0.73319,0.15256
tam,private_calls,0,0.17665,0.02201
tam,private_calls,0,0.49124,0.03120
tam,private_calls,0,0.63627,0.10398
tam,private_calls,0,0.21329,0.10055
tam,private_calls,0,0.00367,0.00679
tam,private_calls,0,0.99147,0.86943
tam,private_calls,0,0.00372,0.00683
tam,private_calls,1,0.98463,0.19239
tam,private_calls,1,0.44682,0.12165
tam,private_calls,0,0.00867,0.03026
tam,private_calls,0,0.00367,0.00761
tam,private_calls,0,0.00389,0.01010
tam,private_calls,0,0.00366,0.00826
tam,private_calls,1,0.99223,0.87473
tam,private_calls,0,0.00366,0.00616
tam,private_calls,0,0.00425,0.01541
tam,private_calls,0,0.98498,0.75940
tam,private_calls,0,0.00372,0.00885
tam,private_calls,0,0.00426,0.01282
tam,private_calls,0,0.00368,0.01172
tam,private_calls,0,0.00384,0.01228
tam,private_calls,0,0.00372,0.00644
tam,private_calls,0,0.00367,0.00844
tam,private_calls,0,0.00581,0.02055
tam,private_calls,1,0.99195,0.96154
tam,private_calls,0,0.00362,0.00736
tam,private_calls,0,0.01569,0.03163
tam,private_calls,0,0.00374,0.01176
tam,private_calls,0,0.04017,0.05567
tam,private_calls,0,0.01732,0.08731
tam,private_calls,0,0.00384,0.00830
tam,private_calls,1,0.97946,0.50961
tam,private_calls,1,0.99159,0.93053
tam,private_calls,1,0.99090,0.93321
tam,private_calls,0,0.01010,0.02701
tam,private_calls,0,0.00373,0.00870
tam,private_calls,0,0.00402,0.00632
tam,private_calls,1,0.99173,0.95530
tam,private_calls,0,0.00399,0.04138
tam,private_calls,0,0.99130,0.95783
tam,private_calls,1,0.88441,0.86770
tam,private_calls,0,0.00404,0.02130
tam,private_calls,0,0.36290,0.01824
tam,private_calls,0,0.02382,0.00708
tam,private_calls,1,0.99184,0.95511
tam,private_calls,0,0.00434,0.00819
tam,private_calls,0,0.00392,0.01847
tam,private_calls,0,0.00366,0.00968
tam,private_calls,1,0.98195,0.87882
tam,private_calls,0,0.00372,0.01352
tam,private_calls,0,0.93670,0.26158
tam,private_calls,1,0.98470,0.77776
tam,private_calls,1,0.99045,0.92709
tam,private_calls,1,0.99139,0.96250
tam,private_calls,0,0.00793,0.02699
tam,private_calls,1,0.90071,0.53541
tam,private_calls,1,0.99181,0.98658
tam,private_calls,0,0.00376,0.01740
tam,private_calls,1,0.99132,0.96011
tam,private_calls,0,0.95777,0.31656
tam,private_calls,0,0.00449,0.01172
tam,private_calls,1,0.99200,0.96900
tam,private_calls,0,0.98530,0.16773
tam,private_calls,1,0.96267,0.67360
tam,private_calls,0,0.00391,0.01976
tam,private_calls,0,0.00373,0.00798
tam,private_calls,0,0.00445,0.02353
tam,private_calls,0,0.00376,0.01440
tam,private_calls,0,0.00597,0.03582
tam,private_calls,1,0.98916,0.89739
tam,private_calls,0,0.01958,0.06304
tam,private_calls,1,0.98893,0.95327
tam,private_calls,0,0.00377,0.02669
tam,private_calls,0,0.98229,0.51639
tam,private_calls,1,0.99189,0.97479
tam,private_calls,0,0.00372,0.00705
tam,private_calls,0,0.97519,0.03269
tam,private_calls,0,0.10292,0.02546
tam,private_calls,0,0.00427,0.01964
tam,private_calls,1,0.99097,0.94497
tam,private_calls,0,0.00447,0.04735
tam,private_calls,0,0.00408,0.01013
tam,private_calls,0,0.00376,0.00559
tam,private_calls,1,0.96687,0.90016
tam,private_calls,1,0.99211,0.93478
tam,private_calls,0,0.00372,0.01793
tam,private_calls,0,0.00372,0.01987
tam,private_calls,0,0.00372,0.00699
tam,private_calls,0,0.00378,0.00613
tam,private_calls,0,0.00377,0.03681
tam,private_calls,0,0.98861,0.55392
tam,private_calls,1,0.98711,0.96771
tam,private_calls,1,0.99236,0.98374
tam,private_calls,0,0.98815,0.25141
tam,private_calls,0,0.00371,0.00646
tam,private_calls,1,0.99247,0.98747
tam,private_calls,1,0.98632,0.94036
tam,private_calls,0,0.00379,0.02065
tam,private_calls,1,0.98519,0.91796
tam,private_calls,0,0.00371,0.00685
tam,private_calls,1,0.99126,0.95587
tam,private_calls,1,0.99196,0.98206
tam,private_calls,1,0.99182,0.98503
tam,private_calls,1,0.98929,0.92298
tam,private_calls,0,0.00374,0.00766
tam,private_calls,0,0.00453,0.01602
tam,private_calls,1,0.99140,0.91601
tam,private_calls,0,0.99133,0.87909
tam,private_calls,1,0.98541,0.70577
tam,private_calls,0,0.00674,0.01945
tam,private_calls,0,0.99203,0.45653
tam,private_calls,1,0.98338,0.56054
tam,private_calls,0,0.00366,0.00663
tam,private_calls,0,0.00364,0.00645
tam,private_calls,1,0.98814,0.45380
tam,private_calls,0,0.00372,0.00718
tam,private_calls,0,0.00390,0.06793
tam,private_calls,1,0.99239,0.91536
tam,private_calls,0,0.00376,0.00565
tam,private_calls,0,0.54982,0.08553
tam,private_calls,1,0.99211,0.94492
tam,private_calls,1,0.98916,0.69330
tel,private_calls,0,0.00434,0.09594
tel,private_calls,1,0.98982,0.59725
tel,private_calls,0,0.99269,0.94932
tel,private_calls,0,0.00371,0.00744
tel,private_calls,0,0.32529,0.31765
tel,private_calls,0,0.00369,0.00595
tel,private_calls,1,0.00526,0.08341
tel,private_calls,0,0.00383,0.03212
tel,private_calls,0,0.00369,0.01398
tel,private_calls,1,0.88627,0.78296
tel,private_calls,0,0.00367,0.00976
tel,private_calls,1,0.99161,0.92317
tel,private_calls,0,0.98840,0.11816
tel,private_calls,1,0.99188,0.89795
tel,private_calls,0,0.00361,0.00797
tel,private_calls,1,0.98338,0.54414
tel,private_calls,0,0.01294,0.01052
tel,private_calls,1,0.98628,0.87121
tel,private_calls,0,0.00374,0.01581
tel,private_calls,0,0.00502,0.02132
tel,private_calls,1,0.99246,0.91709
tel,private_calls,0,0.97425,0.15562
tel,private_calls,1,0.87699,0.65484
tel,private_calls,0,0.98873,0.12201
tel,private_calls,0,0.00470,0.02665
tel,private_calls,1,0.99181,0.93553
tel,private_calls,0,0.89836,0.12462
tel,private_calls,0,0.11826,0.01655
tel,private_calls,0,0.01171,0.05242
tel,private_calls,1,0.98785,0.58707
tel,private_calls,0,0.00424,0.02943
tel,private_calls,0,0.96972,0.08221
tel,private_calls,0,0.99010,0.32948
tel,private_calls,0,0.29767,0.05101
tel,private_calls,0,0.89387,0.06522
tel,private_calls,0,0.02990,0.05379
tel,private_calls,0,0.00442,0.01891
tel,private_calls,0,0.99010,0.13803
tel,private_calls,0,0.98302,0.28411
tel,private_calls,1,0.99181,0.78046
tel,private_calls,0,0.98873,0.20319
tel,private_calls,1,0.99133,0.86095
tel,private_calls,0,0.00368,0.00695
tel,private_calls,0,0.99001,0.10107
tel,private_calls,0,0.00366,0.00654
tel,private_calls,1,0.99202,0.97023
tel,private_calls,0,0.00780,0.01859
tel,private_calls,0,0.00372,0.01071
tel,private_calls,0,0.02147,0.17427
tel,private_calls,1,0.99154,0.94474
tel,private_calls,0,0.00463,0.01473
tel,private_calls,0,0.67799,0.02432
tel,private_calls,0,0.00363,0.00696
tel,private_calls,0,0.00373,0.00700
tel,private_calls,0,0.00362,0.00952
tel,private_calls,1,0.99109,0.23697
tel,private_calls,0,0.00380,0.00548
tel,private_calls,0,0.99187,0.78785
tel,private_calls,1,0.00378,0.00567
tel,private_calls,0,0.36753,0.03343
tel,private_calls,0,0.00738,0.04159
tel,private_calls,0,0.00371,0.00598
tel,private_calls,0,0.00669,0.01068
tel,private_calls,0,0.00801,0.06078
tel,private_calls,0,0.58069,0.08727
tel,private_calls,0,0.00866,0.08903
tel,private_calls,1,0.97498,0.60739
tel,private_calls,0,0.00364,0.00956
tel,private_calls,0,0.00421,0.01922
tel,private_calls,1,0.99194,0.84484
tel,private_calls,0,0.00370,0.00731
tel,private_calls,1,0.96450,0.75560
tel,private_calls,0,0.00471,0.02823
tel,private_calls,0,0.00368,0.01433
tel,private_calls,0,0.00643,0.01537
tel,private_calls,0,0.00374,0.00745
tel,private_calls,0,0.00377,0.00722
tel,private_calls,0,0.00371,0.00594
tel,private_calls,1,0.00817,0.10985
tel,private_calls,0,0.98680,0.39316
tel,private_calls,0,0.00363,0.00694
tel,private_calls,0,0.01062,0.04465
tel,private_calls,0,0.00359,0.00988
tel,private_calls,1,0.99218,0.97011
tel,private_calls,0,0.00530,0.01541
tel,private_calls,0,0.00378,0.00633
tel,private_calls,0,0.98174,0.01466
tel,private_calls,0,0.00368,0.00876
tel,private_calls,0,0.58489,0.11532
tel,private_calls,0,0.00909,0.01857
tel,private_calls,0,0.00371,0.01024
tel,private_calls,0,0.00365,0.00719
tel,private_calls,0,0.00364,0.00787
tel,private_calls,0,0.00367,0.00626
tel,private_calls,1,0.98345,0.80004
tel,private_calls,0,0.99074,0.31327
tel,private_calls,0,0.00371,0.00779
tel,private_calls,0,0.00618,0.01568
tel,private_calls,0,0.00383,0.01128
tel,private_calls,0,0.00737,0.01170
tel,private_calls,0,0.00376,0.00693
tel,private_calls,0,0.00368,0.00821
tel,private_calls,1,0.98925,0.62092
tel,private_calls,0,0.00373,0.01003
tel,private_calls,1,0.99199,0.96968
tel,private_calls,0,0.98693,0.10822
tel,private_calls,0,0.02276,0.02293
tel,private_calls,1,0.98406,0.64888
tel,private_calls,0,0.00366,0.00675
tel,private_calls,1,0.87978,0.05570
tel,private_calls,0,0.00370,0.00625
tel,private_calls,0,0.00372,0.00686
tel,private_calls,0,0.00389,0.03736
tel,private_calls,0,0.00364,0.00747
tel,private_calls,0,0.00583,0.03783
tel,private_calls,0,0.00363,0.01093
tel,private_calls,1,0.00376,0.01232
tel,private_calls,1,0.98309,0.79750
tel,private_calls,0,0.58726,0.29847
tel,private_calls,0,0.00387,0.00844
tel,private_calls,0,0.00382,0.00930
tel,private_calls,0,0.00366,0.01479
tel,private_calls,0,0.95210,0.11108
tel,private_calls,0,0.00367,0.00809
tel,private_calls,0,0.73449,0.03532
tel,private_calls,0,0.00372,0.00899
tel,private_calls,0,0.98763,0.09462
tel,private_calls,0,0.00414,0.01245
tel,private_calls,1,0.99219,0.97142
tel,private_calls,1,0.00688,0.05771
tel,private_calls,0,0.00364,0.00821
tel,private_calls,0,0.00369,0.00708
tel,private_calls,0,0.00376,0.01330
tel,private_calls,1,0.99219,0.86943
tel,private_calls,1,0.95558,0.86699
tel,private_calls,0,0.80698,0.62680
tel,private_calls,1,0.99024,0.90113
tel,private_calls,0,0.99089,0.41859
tel,private_calls,1,0.99258,0.98485
tel,private_calls,0,0.00363,0.00787
tel,private_calls,0,0.00433,0.03181
tel,private_calls,0,0.98820,0.08004
tel,private_calls,1,0.99183,0.94195
tel,private_calls,0,0.00374,0.00653
tel,private_calls,0,0.00365,0.00712
tel,private_calls,0,0.00376,0.01285
tel,private_calls,0,0.00380,0.01384
tel,private_calls,0,0.00520,0.06306
tel,private_calls,1,0.98302,0.86617
tel,private_calls,1,0.99094,0.89309
tel,private_calls,0,0.00394,0.01931
tel,private_calls,0,0.00781,0.07383
tel,private_calls,0,0.00848,0.03365
tel,private_calls,0,0.00367,0.00746
tel,private_calls,1,0.99070,0.95399
tel,private_calls,0,0.00374,0.00737
tel,private_calls,0,0.00371,0.01411
tel,private_calls,1,0.99049,0.91594
tel,private_calls,0,0.00487,0.00824
tel,private_calls,0,0.00373,0.01019
tel,private_calls,0,0.00373,0.01212
tel,private_calls,0,0.00371,0.00768
tel,private_calls,0,0.00395,0.04337
tel,private_calls,1,0.99019,0.75205
tel,private_calls,0,0.97689,0.41294
tel,private_calls,0,0.00371,0.00724
tel,private_calls,0,0.00408,0.04018
tel,private_calls,0,0.01041,0.01952
tel,private_calls,0,0.00365,0.00983
tel,private_calls,0,0.06081,0.01705
tel,private_calls,0,0.00375,0.00855
tel,private_calls,1,0.98820,0.80644
tel,private_calls,0,0.01041,0.01326
tel,private_calls,0,0.45536,0.04413
tel,private_calls,0,0.04681,0.10442
tel,private_calls,0,0.00398,0.02163
tel,private_calls,0,0.00959,0.03966
tel,private_calls,0,0.00429,0.01223
tel,private_calls,0,0.00465,0.01519
tel,private_calls,1,0.99064,0.94459
tel,private_calls,0,0.21396,0.08147
tel,private_calls,0,0.01107,0.01541
tel,private_calls,1,0.99126,0.98526
tel,private_calls,1,0.99167,0.93653
tel,private_calls,1,0.78735,0.68507
tel,private_calls,0,0.00373,0.00788
tel,private_calls,0,0.00392,0.00826
tel,private_calls,0,0.00443,0.01251
tel,private_calls,0,0.00411,0.01030
tel,private_calls,1,0.00438,0.02820
tel,private_calls,0,0.00384,0.00734
tel,private_calls,0,0.24138,0.07133
tel,private_calls,0,0.98686,0.56102
tel,private_calls,1,0.99210,0.91332
tel,private_calls,0,0.00389,0.00773
tel,private_calls,1,0.10138,0.31513
tel,private_calls,1,0.99227,0.87682
tel,private_calls,1,0.99087,0.97730
tel,private_calls,1,0.99239,0.98954
tel,private_calls,0,0.07183,0.02852
tel,private_calls,0,0.00388,0.00644
tel,private_calls,0,0.00385,0.00721
tel,private_calls,0,0.00395,0.00945
tel,private_calls,1,0.99116,0.96987
tel,private_calls,1,0.36753,0.90304
tel,private_calls,1,0.97708,0.78119
tel,private_calls,1,0.98097,0.84309
tel,private_calls,1,0.96228,0.71009
tel,private_calls,0,0.00387,0.00866
tel,private_calls,0,0.00416,0.01301
tel,private_calls,0,0.00385,0.00838
tel,private_calls,1,0.42151,0.77433
tel,private_calls,1,0.99143,0.25096
tel,private_calls,0,0.83223,0.12854
tel,private_calls,1,0.98997,0.21888
tel,private_calls,1,0.98546,0.83836
tel,private_calls,1,0.99239,0.96226
tel,private_calls,1,0.99219,0.95520
tel,private_calls,0,0.71388,0.06469
tel,private_calls,0,0.06628,0.08113
tel,private_calls,0,0.02338,0.04746
tel,private_calls,1,0.00862,0.08666
tel,private_calls,0,0.56354,0.19595
tel,private_calls,1,0.98935,0.82439
tel,private_calls,1,0.99172,0.90645
tel,private_calls,0,0.00621,0.09854
tel,private_calls,1,0.99200,0.96729
tel,private_calls,1,0.97771,0.55332
tel,private_calls,0,0.96235,0.57629
tel,private_calls,0,0.00384,0.01379
tel,private_calls,1,0.99137,0.92468
tel,private_calls,0,0.96022,0.05519
tel,private_calls,0,0.97707,0.15118
tel,private_calls,0,0.00543,0.03063
tel,private_calls,0,0.88821,0.18574
tel,private_calls,1,0.99023,0.95238
tel,private_calls,0,0.51763,0.05865
tel,private_calls,0,0.02994,0.01813
tel,private_calls,1,0.99172,0.95370
tel,private_calls,1,0.96402,0.43313
tel,private_calls,0,0.00407,0.01319
tel,private_calls,0,0.00424,0.03179
tel,private_calls,1,0.99240,0.97632
tel,private_calls,1,0.99234,0.89696
tel,private_calls,1,0.99152,0.55441
tel,private_calls,0,0.00383,0.00714
tel,private_calls,1,0.99051,0.46828
tel,private_calls,1,0.99230,0.98725
tel,private_calls,1,0.98947,0.71911
tel,private_calls,0,0.00390,0.01046
tel,private_calls,0,0.96936,0.13092
tel,private_calls,0,0.00389,0.00982
tel,private_calls,0,0.00388,0.01277
tel,private_calls,0,0.00538,0.01204
tel,private_calls,0,0.98911,0.42204
tel,private_calls,1,0.99216,0.82819
tel,private_calls,1,0.99241,0.92352
tel,private_calls,1,0.94209,0.11581
tel,private_calls,1,0.11440,0.05129
tel,private_calls,0,0.00369,0.00694
tel,private_calls,0,0.95065,0.03008
tel,private_calls,0,0.83496,0.05579
tel,private_calls,0,0.00376,0.02060
tel,private_calls,0,0.00428,0.02480
tel,private_calls,0,0.99183,0.67724
tel,private_calls,0,0.00373,0.00927
tel,private_calls,0,0.00390,0.00884
tel,private_calls,0,0.00362,0.00653
tel,private_calls,1,0.98779,0.65669
tel,private_calls,0,0.00357,0.00664
tel,private_calls,0,0.00364,0.00664
tel,private_calls,0,0.00360,0.00699
tel,private_calls,0,0.00481,0.04524
tel,private_calls,1,0.99173,0.91804
tel,private_calls,0,0.98811,0.66448
tel,private_calls,0,0.00365,0.02541
tel,private_calls,1,0.99035,0.54608
tel,private_calls,0,0.00367,0.00618
tel,private_calls,0,0.98480,0.20685
tel,private_calls,0,0.00368,0.00940
tel,private_calls,0,0.00381,0.01496
tel,private_calls,1,0.98903,0.82733
tel,private_calls,0,0.83706,0.10457
tel,private_calls,0,0.00359,0.00864
tel,private_calls,0,0.00362,0.00668
tel,private_calls,0,0.00381,0.01308
tel,private_calls,0,0.00365,0.00683
tel,private_calls,1,0.23118,0.76130
tel,private_calls,0,0.00417,0.02065
tel,private_calls,0,0.00366,0.00731
tel,private_calls,0,0.00365,0.00704
tel,private_calls,0,0.00753,0.05668
tel,private_calls,0,0.00403,0.01769
tel,private_calls,0,0.98997,0.36287
tel,private_calls,1,0.99143,0.88323
tel,private_calls,0,0.91551,0.22993
tel,private_calls,0,0.95477,0.14745
tel,private_calls,0,0.00561,0.02730
tel,private_calls,0,0.98760,0.13908
tel,private_calls,0,0.99125,0.47079
tel,private_calls,1,0.97708,0.26743
tel,private_calls,0,0.98535,0.16893
tel,private_calls,0,0.00414,0.04996
tel,private_calls,0,0.99044,0.28444
tel,private_calls,0,0.01821,0.09836
tel,private_calls,1,0.99078,0.95653
tel,private_calls,1,0.99217,0.89263
tel,private_calls,0,0.02187,0.09725
tel,private_calls,0,0.00511,0.04134
tel,private_calls,0,0.00426,0.01280
tel,private_calls,0,0.71496,0.05304
tel,private_calls,0,0.01760,0.06347
tel,private_calls,0,0.95780,0.14973
tel,private_calls,1,0.45945,0.63365
tel,private_calls,0,0.39517,0.10127
tel,private_calls,0,0.99136,0.16812
tel,private_calls,0,0.00376,0.00902
tel,private_calls,0,0.42196,0.09954
tel,private_calls,0,0.96450,0.03300
tel,private_calls,0,0.98354,0.11159
tel,private_calls,0,0.01345,0.01673
tel,private_calls,0,0.97317,0.61461
tel,private_calls,0,0.00396,0.01095
tel,private_calls,1,0.94636,0.75938
tel,private_calls,0,0.00994,0.06078
tel,private_calls,0,0.28045,0.09557
tel,private_calls,0,0.97664,0.17774
tel,private_calls,0,0.00375,0.00704
tel,private_calls,0,0.98832,0.17996
tel,private_calls,0,0.12951,0.08394
tel,private_calls,1,0.99085,0.81767
tel,private_calls,0,0.00437,0.01712
tel,private_calls,0,0.99223,0.89507
tel,private_calls,1,0.99006,0.88924
tel,private_calls,0,0.00428,0.02308
tel,private_calls,0,0.97807,0.42259
tel,private_calls,0,0.98615,0.12777
tel,private_calls,1,0.99087,0.82962
tel,private_calls,1,0.99212,0.58780
tel,private_calls,0,0.00409,0.01750
tel,private_calls,1,0.97926,0.15769
tel,private_calls,0,0.00419,0.01251
tel,private_calls,1,0.99150,0.62826
tel,private_calls,0,0.00368,0.00827
tel,private_calls,0,0.00377,0.00758
tel,private_calls,0,0.00369,0.01205
tel,private_calls,1,0.99168,0.33820
tel,private_calls,0,0.00377,0.01317
tel,private_calls,0,0.00379,0.01030
tel,private_calls,0,0.79763,0.04277
tel,private_calls,0,0.00373,0.01380
tel,private_calls,0,0.00728,0.03001
tel,private_calls,0,0.08553,0.08153
tel,private_calls,0,0.00369,0.00713
tel,private_calls,0,0.07563,0.03834
tel,private_calls,0,0.00369,0.00706
tel,private_calls,0,0.00546,0.01425
tel,private_calls,1,0.98493,0.65941
tel,private_calls,0,0.95699,0.07052
tel,private_calls,0,0.00377,0.00710
tel,private_calls,0,0.00436,0.01681
tel,private_calls,0,0.00377,0.00723
tel,private_calls,0,0.00374,0.00709
tel,private_calls,0,0.01198,0.02198
tel,private_calls,0,0.00373,0.00697
tel,private_calls,0,0.00374,0.01222
tel,private_calls,0,0.00434,0.01799
tel,private_calls,0,0.00372,0.01105
tel,private_calls,1,0.98794,0.75245
tel,private_calls,0,0.00374,0.00838
tel,private_calls,0,0.00371,0.00842
tel,private_calls,0,0.00367,0.00699
tel,private_calls,0,0.00371,0.00642
tel,private_calls,0,0.00371,0.00768
tel,private_calls,0,0.00377,0.00700
tel,private_calls,0,0.00384,0.01592
tel,private_calls,1,0.99202,0.95162
tel,private_calls,0,0.00530,0.01602
tel,private_calls,0,0.00368,0.00842
tel,private_calls,0,0.00365,0.00736
tel,private_calls,0,0.98867,0.20391
tel,private_calls,0,0.00370,0.00847
tel,private_calls,0,0.00371,0.00676
tel,private_calls,0,0.00375,0.01573
tel,private_calls,0,0.00365,0.00698
tel,private_calls,0,0.85939,0.10770
tel,private_calls,0,0.00419,0.03627
tel,private_calls,0,0.00372,0.00606
tel,private_calls,0,0.00380,0.00926
tel,private_calls,0,0.00377,0.00879
tel,private_calls,0,0.97853,0.07692
tel,private_calls,1,0.99189,0.94495
tel,private_calls,0,0.97478,0.11447
tel,private_calls,0,0.00378,0.01000
tel,private_calls,0,0.97653,0.52150
tel,private_calls,0,0.00363,0.00912
tel,private_calls,0,0.00374,0.00665
tel,private_calls,0,0.00375,0.00576
tel,private_calls,0,0.00370,0.00632
tel,private_calls,1,0.97877,0.82453
tel,private_calls,0,0.00407,0.03169
tel,private_calls,0,0.00380,0.00606
tel,private_calls,0,0.00373,0.00700
tel,private_calls,0,0.00372,0.00685
tel,private_calls,0,0.00378,0.01685
tel,private_calls,1,0.99128,0.87317
tel,private_calls,0,0.00371,0.00695
tel,private_calls,0,0.02234,0.04532
tel,private_calls,0,0.89004,0.07938
tel,private_calls,0,0.00400,0.01597
tel,private_calls,0,0.00370,0.00729
tel,private_calls,0,0.00369,0.01213
tel,private_calls,1,0.98444,0.62309
tel,private_calls,0,0.00375,0.01643
tel,private_calls,0,0.00372,0.00908
tel,private_calls,0,0.00408,0.01464
tel,private_calls,0,0.00379,0.00772
tel,private_calls,0,0.00378,0.00819
tel,private_calls,1,0.99214,0.83100
tel,private_calls,0,0.00441,0.01402
tel,private_calls,0,0.00381,0.00979
tel,private_calls,0,0.89231,0.06086
tel,private_calls,0,0.00370,0.00749
tel,private_calls,0,0.00379,0.00831
tel,private_calls,0,0.00393,0.01122
tel,private_calls,0,0.00382,0.01033
tel,private_calls,0,0.00375,0.00749
tel,private_calls,0,0.00381,0.01081
tel,private_calls,1,0.99155,0.92971
tel,private_calls,0,0.00375,0.01426
tel,private_calls,0,0.00519,0.01470
tel,private_calls,0,0.00373,0.00697
tel,private_calls,0,0.00490,0.01290
tel,private_calls,0,0.00373,0.00784
tel,private_calls,0,0.00452,0.02325
tel,private_calls,0,0.00373,0.01491
tel,private_calls,0,0.00373,0.00861
tel,private_calls,0,0.00412,0.01223
tel,private_calls,1,0.23346,0.18743
tel,private_calls,0,0.00737,0.03993
tel,private_calls,1,0.99188,0.88411
tel,private_calls,0,0.01220,0.03158
tel,private_calls,0,0.72335,0.04558
tel,private_calls,0,0.00759,0.03233
tel,private_calls,0,0.12157,0.03896
tel,private_calls,0,0.00528,0.01262
tel,private_calls,0,0.00391,0.02429
tel,private_calls,0,0.00377,0.00814
tel,private_calls,1,0.98157,0.31994
tel,private_calls,0,0.00370,0.00746
tel,private_calls,0,0.00387,0.01345
tel,private_calls,0,0.00404,0.01094
tel,private_calls,1,0.98969,0.57166
tel,private_calls,0,0.00580,0.02672
tel,private_calls,0,0.99202,0.91726
tel,private_calls,0,0.00376,0.01085
tel,private_calls,0,0.98572,0.17168
tel,private_calls,0,0.98696,0.16385
tel,private_calls,1,0.97014,0.28563
tel,private_calls,1,0.96290,0.78362
tel,private_calls,0,0.00380,0.01050
tel,private_calls,0,0.00372,0.00895
tel,private_calls,1,0.99206,0.94924
tel,private_calls,0,0.00556,0.03139
tel,private_calls,1,0.98543,0.41229
tel,private_calls,0,0.89690,0.13230
tel,private_calls,0,0.96535,0.01359
tel,private_calls,0,0.00485,0.01843
tel,private_calls,1,0.99069,0.44155
tel,private_calls,0,0.00381,0.01024
tel,private_calls,0,0.03213,0.06122
tel,private_calls,0,0.00379,0.01060
tel,private_calls,0,0.00375,0.01387
tel,private_calls,0,0.00376,0.00832
tel,private_calls,0,0.01723,0.01370
tel,private_calls,0,0.91811,0.05117
tel,private_calls,0,0.00578,0.01306
tel,private_calls,0,0.01165,0.02729
tel,private_calls,0,0.00384,0.01510
tel,private_calls,0,0.00392,0.04529
tel,private_calls,0,0.99190,0.73793
tel,private_calls,1,0.99187,0.93023
tel,private_calls,1,0.99223,0.79682
tel,private_calls,1,0.00369,0.01210
tel,private_calls,0,0.97208,0.16747
tel,private_calls,0,0.00500,0.01867
tel,private_calls,1,0.19224,0.17900
tel,private_calls,0,0.00377,0.01095
tel,private_calls,0,0.00370,0.00765
tel,private_calls,1,0.01407,0.09375
tel,private_calls,0,0.12952,0.04950
tel,private_calls,0,0.96703,0.14948
tel,private_calls,0,0.00424,0.02362
tel,private_calls,0,0.00375,0.01559
tel,private_calls,0,0.00366,0.00816
tel,private_calls,0,0.00589,0.01872
tel,private_calls,0,0.62971,0.06640
tel,private_calls,0,0.00383,0.00879
tel,private_calls,0,0.93513,0.05704
tel,private_calls,0,0.01203,0.02362
tel,private_calls,1,0.99239,0.72738
tel,private_calls,1,0.99213,0.86901
tel,private_calls,0,0.98998,0.12041
tel,private_calls,0,0.06372,0.02373
tel,private_calls,0,0.98819,0.65652
tel,private_calls,1,0.99190,0.82714
tel,private_calls,0,0.00409,0.00949
tel,private_calls,0,0.00401,0.02617
tel,private_calls,0,0.00437,0.00728
tel,private_calls,0,0.98841,0.40020
tel,private_calls,0,0.00362,0.00570
tel,private_calls,0,0.00367,0.00615
tel,private_calls,0,0.97199,0.46309
tel,private_calls,0,0.00375,0.00772
tel,private_calls,0,0.00361,0.00636
tel,private_calls,0,0.00392,0.00832
tel,private_calls,0,0.00361,0.00929
tel,private_calls,0,0.98742,0.20330
tel,private_calls,0,0.00363,0.00954
tel,private_calls,0,0.00393,0.03191
tel,private_calls,1,0.98767,0.82019
tel,private_calls,0,0.00366,0.00583
tel,private_calls,0,0.00366,0.00715
tel,private_calls,0,0.00797,0.01572
tel,private_calls,0,0.00695,0.00782
tel,private_calls,0,0.00371,0.00727
tel,private_calls,0,0.98892,0.11935
tel,private_calls,0,0.00396,0.00936
tel,private_calls,0,0.01639,0.01007
tel,private_calls,0,0.00363,0.00618
tel,private_calls,0,0.00425,0.01829
tel,private_calls,1,0.96994,0.56095
tel,private_calls,0,0.00372,0.00564
tel,private_calls,1,0.99173,0.91719
tel,private_calls,0,0.00370,0.00582
tel,private_calls,0,0.00373,0.00600
tel,private_calls,0,0.00372,0.00573
tel,private_calls,0,0.01097,0.01655
tel,private_calls,1,0.98730,0.82129
tel,private_calls,0,0.99229,0.30214
tel,private_calls,0,0.00371,0.00610
tel,private_calls,0,0.98712,0.02897
tel,private_calls,1,0.99183,0.81961
tel,private_calls,0,0.19688,0.02345
tel,private_calls,0,0.03804,0.02686
tel,private_calls,1,0.99201,0.95985
tel,private_calls,1,0.02551,0.62120
tel,private_calls,1,0.99168,0.98587
tel,private_calls,1,0.99249,0.95617
tel,private_calls,0,0.99143,0.75573
tel,private_calls,0,0.05254,0.29213
tel,private_calls,0,0.98554,0.38647
tel,private_calls,0,0.01664,0.04256
tel,private_calls,0,0.00541,0.03301
tel,private_calls,0,0.98946,0.74163
tel,private_calls,0,0.98043,0.16597
tel,private_calls,0,0.00368,0.00940
tel,private_calls,0,0.00385,0.01733
tel,private_calls,0,0.00366,0.00690
tel,private_calls,0,0.99077,0.10517
tel,private_calls,1,0.99214,0.95106
tel,private_calls,0,0.00364,0.00535
tel,private_calls,0,0.98279,0.02156
tel,private_calls,0,0.95308,0.05787
tel,private_calls,0,0.99160,0.85566
tel,private_calls,0,0.00450,0.08132
tel,private_calls,0,0.98861,0.03484
tel,private_calls,0,0.00419,0.03077
tel,private_calls,0,0.00362,0.00772
tel,private_calls,0,0.00365,0.01795
tel,private_calls,0,0.00472,0.03495
tel,private_calls,0,0.99074,0.22847
tel,private_calls,1,0.99247,0.96786
tel,private_calls,0,0.93992,0.56445
tel,private_calls,1,0.98780,0.83969
tel,private_calls,1,0.98918,0.38513
tel,private_calls,0,0.99050,0.73312
tel,private_calls,0,0.00369,0.01446
tel,private_calls,0,0.00874,0.03200
tel,private_calls,0,0.00372,0.00883
tel,private_calls,0,0.93719,0.06892
tel,private_calls,1,0.41749,0.49121
tel,private_calls,0,0.74935,0.05094
tel,private_calls,0,0.00373,0.00860
tel,private_calls,1,0.00448,0.09049
tel,private_calls,0,0.00374,0.01173
tel,private_calls,0,0.00381,0.00938
tel,private_calls,0,0.00376,0.01127
tel,private_calls,0,0.98963,0.86919
tel,private_calls,0,0.95081,0.18967
tel,private_calls,0,0.00370,0.00776
tel,private_calls,1,0.98289,0.84100
tel,private_calls,0,0.00468,0.01859
tel,private_calls,0,0.00379,0.00826
tel,private_calls,1,0.00397,0.14076
tel,private_calls,0,0.95719,0.21644
tel,private_calls,0,0.00373,0.00614
tel,private_calls,0,0.93015,0.17785
tel,private_calls,0,0.93485,0.09570
tel,private_calls,0,0.98688,0.19949
tel,private_calls,0,0.00377,0.00648
tel,private_calls,1,0.98571,0.43780
tel,private_calls,0,0.98358,0.09067
tel,private_calls,0,0.00389,0.00991
tel,private_calls,0,0.00397,0.01363
tel,private_calls,1,0.99054,0.86847
tel,private_calls,0,0.00375,0.00663
tel,private_calls,0,0.01274,0.01497
tel,private_calls,0,0.00373,0.00969
tel,private_calls,0,0.00374,0.00614
tel,private_calls,0,0.00386,0.00799
tel,private_calls,1,0.99158,0.84320
tel,private_calls,0,0.00710,0.01960
tel,private_calls,0,0.98670,0.05460
tel,private_calls,0,0.00466,0.01710
tel,private_calls,0,0.37004,0.02665
tel,private_calls,0,0.87773,0.02249
tel,private_calls,0,0.00416,0.02637
tel,private_calls,0,0.88036,0.02131
tel,private_calls,0,0.00504,0.01031
tel,private_calls,1,0.99162,0.95201
tel,private_calls,0,0.00383,0.00738
tel,private_calls,0,0.89987,0.03747
tel,private_calls,0,0.00491,0.01192
tel,private_calls,0,0.00375,0.00596
tel,private_calls,0,0.00390,0.00773
tel,private_calls,0,0.00501,0.01234
tel,private_calls,0,0.00996,0.01480
tel,private_calls,0,0.00423,0.02472
tel,private_calls,0,0.98855,0.02534
tel,private_calls,0,0.98544,0.05937
tel,private_calls,0,0.00390,0.00780
tel,private_calls,1,0.99203,0.96698
tel,private_calls,0,0.99054,0.86496
tel,private_calls,0,0.00381,0.00793
tel,private_calls,0,0.00372,0.00611
tel,private_calls,0,0.00375,0.00659
tel,private_calls,0,0.00443,0.03832
tel,private_calls,0,0.00366,0.00702
tel,private_calls,0,0.99114,0.82665
tel,private_calls,0,0.00381,0.01201
tel,private_calls,0,0.03334,0.59831
tel,private_calls,0,0.99074,0.57136
tel,private_calls,0,0.00375,0.01364
tel,private_calls,0,0.00403,0.02984
tel,private_calls,0,0.00368,0.00613
tel,private_calls,0,0.00377,0.00599
tel,private_calls,0,0.00371,0.00668
tel,private_calls,0,0.00382,0.00705
tel,private_calls,0,0.01993,0.01043
tel,private_calls,0,0.00369,0.00583
tel,private_calls,0,0.00372,0.00619
tel,private_calls,0,0.00381,0.01001
tel,private_calls,0,0.00424,0.02534
tel,private_calls,0,0.00451,0.02131
tel,private_calls,0,0.00607,0.01486
tel,private_calls,1,0.99168,0.97658
tel,private_calls,0,0.44521,0.05167
tel,private_calls,0,0.01282,0.03840
tel,private_calls,0,0.00377,0.00650
tel,private_calls,0,0.00369,0.00628
tel,private_calls,0,0.01060,0.03084
tel,private_calls,0,0.00380,0.00949
tel,private_calls,0,0.00374,0.00565
tel,private_calls,0,0.97200,0.41017
tel,private_calls,0,0.75793,0.02796
tel,private_calls,0,0.00371,0.00633
tel,private_calls,1,0.86699,0.65279
tel,private_calls,0,0.00402,0.01507
tel,private_calls,0,0.06705,0.06461
tel,private_calls,0,0.00372,0.00687
tel,private_calls,0,0.00376,0.00793
tel,private_calls,0,0.99160,0.79495
tel,private_calls,1,0.99186,0.74350
tel,private_calls,0,0.00373,0.00617
tel,private_calls,0,0.00376,0.00599
tel,private_calls,1,0.99170,0.98093
tel,private_calls,1,0.99208,0.95021
tel,private_calls,0,0.96449,0.17326
tel,private_calls,0,0.98974,0.36099
tel,private_calls,0,0.00397,0.00967
tel,private_calls,0,0.00404,0.00941
tel,private_calls,0,0.99097,0.05780
tel,private_calls,1,0.00385,0.02262
tel,private_calls,1,0.10266,0.29557
tel,private_calls,1,0.06809,0.18032
tel,private_calls,0,0.99195,0.85537
tel,private_calls,1,0.01207,0.32469
tel,private_calls,1,0.99196,0.93434
tel,private_calls,0,0.13977,0.10364
tel,private_calls,0,0.00768,0.03663
tel,private_calls,0,0.00388,0.03014
tel,private_calls,0,0.00404,0.01205
tel,private_calls,0,0.00441,0.03377
tel,private_calls,1,0.99128,0.58975
tel,private_calls,0,0.00386,0.01589
tel,private_calls,0,0.00380,0.00683
tel,private_calls,0,0.00390,0.01122
tel,private_calls,0,0.00379,0.01044
tel,private_calls,0,0.00639,0.03776
tel,private_calls,0,0.02533,0.10191
tel,private_calls,1,0.00411,0.01731
tel,private_calls,0,0.98448,0.56836
tel,private_calls,0,0.98767,0.09598
tel,private_calls,0,0.97431,0.21698
tel,private_calls,0,0.00376,0.01129
tel,private_calls,1,0.00656,0.03647
tel,private_calls,0,0.36386,0.44920
tel,private_calls,1,0.94922,0.54468
tel,private_calls,0,0.00497,0.01777
tel,private_calls,0,0.00636,0.04452
tel,private_calls,0,0.02541,0.04572
tel,private_calls,0,0.02842,0.03377
tel,private_calls,0,0.45105,0.09267
tel,private_calls,0,0.69373,0.11471
tel,private_calls,0,0.00372,0.00898
tel,private_calls,0,0.00386,0.01459
tel,private_calls,0,0.67370,0.11412
tel,private_calls,0,0.98042,0.07308
tel,private_calls,1,0.13237,0.06962
tel,private_calls,0,0.00383,0.01575
tel,private_calls,0,0.06261,0.07263
tel,private_calls,0,0.00384,0.01490
tel,private_calls,0,0.00518,0.13895
tel,private_calls,0,0.00392,0.01637
tel,private_calls,0,0.00574,0.06190
tel,private_calls,0,0.98707,0.20459
tel,private_calls,1,0.99206,0.97030
tel,private_calls,0,0.00511,0.03035
tel,private_calls,0,0.00405,0.01010
tel,private_calls,0,0.00448,0.03146
tel,private_calls,0,0.00369,0.00717
tel,private_calls,0,0.00380,0.01230
tel,private_calls,0,0.00373,0.00699
tel,private_calls,0,0.00367,0.01152
tel,private_calls,1,0.99228,0.96694
tel,private_calls,0,0.00398,0.02486
tel,private_calls,0,0.17260,0.08672
tel,private_calls,0,0.00373,0.00722
tel,private_calls,0,0.00408,0.01412
tel,private_calls,0,0.00497,0.01571
tel,private_calls,0,0.00365,0.00740
tel,private_calls,1,0.99047,0.94969
tel,private_calls,0,0.96974,0.19122
tel,private_calls,0,0.00373,0.01549
tel,private_calls,1,0.78995,0.81976
tel,private_calls,0,0.00490,0.03718
tel,private_calls,0,0.00425,0.00935
tel,private_calls,0,0.00368,0.01374
tel,private_calls,0,0.00371,0.02779
tel,private_calls,0,0.00373,0.00902
tel,private_calls,0,0.00368,0.00852
tel,private_calls,1,0.74240,0.89269
tel,private_calls,1,0.94921,0.70268
tel,private_calls,1,0.99224,0.96583
tel,private_calls,0,0.00368,0.01064
tel,private_calls,0,0.00645,0.03730
tel,private_calls,0,0.89817,0.05564
tel,private_calls,0,0.00383,0.00898
tel,private_calls,0,0.00371,0.01110
tel,private_calls,1,0.98396,0.73497
tel,private_calls,0,0.96793,0.17055
tel,private_calls,0,0.01219,0.02894
tel,private_calls,0,0.00381,0.01183
tel,private_calls,1,0.00990,0.37336
tel,private_calls,0,0.00487,0.09077
tel,private_calls,0,0.00372,0.00858
tel,private_calls,1,0.99220,0.96234
tel,private_calls,0,0.00366,0.00706
tel,private_calls,1,0.98863,0.83792
tel,private_calls,0,0.00376,0.00642
tel,private_calls,0,0.00376,0.00916
tel,private_calls,0,0.00372,0.00597
tel,private_calls,0,0.00366,0.01072
tel,private_calls,0,0.00378,0.00745
tel,private_calls,0,0.00535,0.02362
tel,private_calls,0,0.00512,0.03386
tel,private_calls,0,0.99175,0.91038
tel,private_calls,0,0.00378,0.01712
tel,private_calls,0,0.00367,0.00733
tel,private_calls,0,0.95728,0.05479
tel,private_calls,0,0.00412,0.01064
tel,private_calls,1,0.98842,0.85400
tel,private_calls,1,0.98911,0.14667
tel,private_calls,0,0.05476,0.05034
tel,private_calls,0,0.00386,0.02526
tel,private_calls,0,0.96007,0.09357
tel,private_calls,0,0.00435,0.04153
tel,private_calls,0,0.03050,0.18988
tel,private_calls,0,0.00876,0.01434
tel,private_calls,0,0.00415,0.03328
tel,private_calls,0,0.00371,0.00963
tel,private_calls,0,0.00372,0.00705
tel,private_calls,0,0.01053,0.07071
tel,private_calls,0,0.00372,0.00887
tel,private_calls,1,0.00373,0.02786
tel,private_calls,0,0.00369,0.00554
tel,private_calls,0,0.00369,0.00630
tel,private_calls,0,0.00561,0.01730
tel,private_calls,0,0.59255,0.03964
tel,private_calls,1,0.00419,0.03077
tel,private_calls,1,0.00897,0.43821
tel,private_calls,0,0.00380,0.00623
tel,private_calls,1,0.05261,0.58762
tel,private_calls,0,0.01758,0.02961
tel,private_calls,1,0.99040,0.06746
tel,private_calls,0,0.99058,0.16211
tel,private_calls,0,0.00625,0.05922
tel,private_calls,0,0.00392,0.00941
tel,private_calls,0,0.01163,0.04522
tel,private_calls,1,0.96829,0.32685
tel,private_calls,0,0.99242,0.24849
tel,private_calls,0,0.00380,0.00745
tel,private_calls,0,0.00366,0.01091
tel,private_calls,0,0.00382,0.01708
tel,private_calls,0,0.94828,0.06856
tel,private_calls,0,0.00386,0.01449
tel,private_calls,0,0.00378,0.00609
tel,private_calls,0,0.00373,0.00725
tel,private_calls,0,0.02226,0.01646
tel,private_calls,0,0.01714,0.01290
tel,private_calls,1,0.99085,0.90654
tel,private_calls,0,0.00362,0.00696
tel,private_calls,0,0.00367,0.01208
tel,private_calls,0,0.98951,0.46414
tel,private_calls,0,0.00370,0.00777
tel,private_calls,0,0.00376,0.00863
tel,private_calls,0,0.00376,0.00744
tel,private_calls,0,0.00414,0.01384
tel,private_calls,0,0.05036,0.03466
tel,private_calls,0,0.00810,0.01482
tel,private_calls,1,0.99130,0.85502
tel,private_calls,0,0.00373,0.00860
tel,private_calls,0,0.00375,0.00675
tel,private_calls,0,0.99048,0.06295
tel,private_calls,0,0.00378,0.00827
tel,private_calls,0,0.00413,0.01379
tel,private_calls,0,0.00380,0.01379
tel,private_calls,0,0.00493,0.04644
tel,private_calls,0,0.00372,0.00835
tel,private_calls,0,0.00376,0.01153
tel,private_calls,0,0.97574,0.08655
tel,private_calls,0,0.00375,0.01002
tel,private_calls,0,0.00375,0.00827
tel,private_calls,1,0.99143,0.96273
tel,private_calls,0,0.00385,0.01203
tel,private_calls,0,0.08878,0.01300
tel,private_calls,0,0.00371,0.00791
tel,private_calls,0,0.00374,0.00901
tel,private_calls,1,0.98995,0.73924
tel,private_calls,0,0.06588,0.10608
tel,private_calls,0,0.00945,0.03782
tel,private_calls,0,0.00401,0.01575
tel,private_calls,0,0.00475,0.02905
tel,private_calls,0,0.00380,0.00780
tel,private_calls,1,0.99215,0.93668
tel,private_calls,0,0.00373,0.00972
tel,private_calls,0,0.00495,0.05370
tel,private_calls,0,0.04788,0.02642
tel,private_calls,0,0.00393,0.00860
tel,private_calls,0,0.91103,0.02648
tel,private_calls,0,0.00375,0.00815
tel,private_calls,0,0.00379,0.00734
tel,private_calls,1,0.98659,0.80072
tel,private_calls,0,0.00387,0.00748
tel,private_calls,0,0.00375,0.00858
tel,private_calls,0,0.56776,0.05964
tel,private_calls,0,0.00406,0.01808
tel,private_calls,0,0.98886,0.04927
tel,private_calls,1,0.96397,0.44875
tel,private_calls,0,0.00376,0.00698
tel,private_calls,0,0.00373,0.00892
tel,private_calls,0,0.00382,0.00927
tel,private_calls,1,0.99199,0.56220
tel,private_calls,0,0.19628,0.06909
tel,private_calls,0,0.00378,0.00760
tel,private_calls,1,0.41776,0.03235
tel,private_calls,1,0.99261,0.97141
tel,private_calls,0,0.00371,0.00721
tel,private_calls,0,0.98668,0.05382
tel,private_calls,0,0.00670,0.03427
tel,private_calls,0,0.00561,0.01702
tel,private_calls,1,0.97843,0.29991
tel,private_calls,0,0.00504,0.01116
tel,private_calls,0,0.00394,0.00961
tel,private_calls,1,0.99247,0.95765
tel,private_calls,0,0.00382,0.01277
tel,private_calls,0,0.95935,0.06695
tel,private_calls,1,0.00395,0.03945
tel,private_calls,0,0.00384,0.00794
tel,private_calls,0,0.43652,0.05706
tel,private_calls,0,0.00372,0.00685
tel,private_calls,0,0.99021,0.19729
tel,private_calls,0,0.98834,0.05305
tel,private_calls,0,0.84110,0.04800
tel,private_calls,0,0.98778,0.02265
tel,private_calls,1,0.99221,0.88713
tel,private_calls,1,0.98480,0.10794
tel,private_calls,0,0.98659,0.08144
tel,private_calls,1,0.99027,0.59505
tel,private_calls,0,0.00376,0.00912
tel,private_calls,0,0.00379,0.00742
tel,private_calls,0,0.00380,0.00693
tel,private_calls,1,0.99189,0.85815
tel,private_calls,0,0.97817,0.01598
tel,private_calls,0,0.00403,0.01677
tel,private_calls,0,0.98222,0.10269
tel,private_calls,1,0.99148,0.86775
tel,private_calls,1,0.99254,0.98188
tel,private_calls,1,0.99255,0.70354
tel,private_calls,0,0.98812,0.16097
tel,private_calls,0,0.88689,0.11011
tel,private_calls,0,0.00404,0.01042
tel,private_calls,1,0.99202,0.92828
tel,private_calls,0,0.00404,0.03079
tel,private_calls,0,0.01031,0.03336
tel,private_calls,0,0.00373,0.00790
tel,private_calls,0,0.00378,0.00848
tel,private_calls,0,0.00370,0.01852
tel,private_calls,1,0.00428,0.06560
tel,private_calls,0,0.00409,0.02103
tel,private_calls,0,0.00380,0.01353
tel,private_calls,0,0.32639,0.20208
tel,private_calls,0,0.10594,0.05467
tel,private_calls,0,0.00439,0.03473
tel,private_calls,0,0.00581,0.02173
tel,private_calls,0,0.34527,0.03205
tel,private_calls,0,0.00378,0.01129
tel,private_calls,0,0.00392,0.01506
tel,private_calls,1,0.01214,0.06900
tel,private_calls,0,0.97630,0.48519
tel,private_calls,0,0.00393,0.00947
tel,private_calls,0,0.00966,0.03362
tel,private_calls,0,0.08249,0.16203
tel,private_calls,0,0.00690,0.04881
tel,private_calls,0,0.00375,0.00938
tel,private_calls,0,0.00369,0.00986
tel,private_calls,0,0.00490,0.09411
tel,private_calls,0,0.05052,0.02554
tel,private_calls,1,0.99204,0.96841
tel,private_calls,0,0.97840,0.07604
tel,private_calls,0,0.96456,0.29794
tel,private_calls,0,0.01397,0.01695
tel,private_calls,0,0.00379,0.00744
tel,private_calls,1,0.00781,0.12354
tel,private_calls,0,0.96649,0.06658
tel,private_calls,0,0.00404,0.00765
tel,private_calls,0,0.88184,0.01706
tel,private_calls,0,0.00397,0.01133
tel,private_calls,0,0.92159,0.02482
tel,private_calls,0,0.00374,0.00663
tel,private_calls,0,0.00381,0.00669
tel,private_calls,1,0.00574,0.01990
tel,private_calls,0,0.00377,0.00655
tel,private_calls,0,0.98934,0.14143
tel,private_calls,0,0.00366,0.00833
tel,private_calls,0,0.00446,0.02243
tel,private_calls,0,0.70623,0.05535
tel,private_calls,0,0.00372,0.00646
tel,private_calls,0,0.00368,0.00872
tel,private_calls,0,0.00377,0.02775
tel,private_calls,0,0.00389,0.01244
tel,private_calls,0,0.00408,0.00692
tel,private_calls,0,0.01225,0.10149
tel,private_calls,1,0.97632,0.45864
tel,private_calls,0,0.00626,0.02447
tel,private_calls,0,0.95297,0.49330
tel,private_calls,0,0.28882,0.02531
tel,private_calls,0,0.00393,0.01846
tel,private_calls,0,0.27913,0.15199
tel,private_calls,1,0.99189,0.97234
tel,private_calls,0,0.00393,0.01176
tel,private_calls,0,0.00365,0.00657
tel,private_calls,0,0.00408,0.01668
tel,private_calls,0,0.98391,0.14228
tel,private_calls,0,0.41308,0.00707
tel,private_calls,0,0.01125,0.03656
tel,private_calls,0,0.98273,0.02509
tel,private_calls,0,0.83554,0.00928
tel,private_calls,0,0.98925,0.10704
tel,private_calls,0,0.00375,0.00619
tel,private_calls,0,0.00422,0.00789
tel,private_calls,0,0.11973,0.01696
tel,private_calls,0,0.00499,0.04251
tel,private_calls,0,0.98789,0.04546
tel,private_calls,0,0.99189,0.24792
tel,private_calls,1,0.99153,0.71621
tel,private_calls,0,0.00400,0.00747
tel,private_calls,0,0.00386,0.00603
tel,private_calls,0,0.33735,0.01440
tel,private_calls,0,0.00377,0.00580
tel,private_calls,0,0.49969,0.01078
tel,private_calls,0,0.00563,0.01257
tel,private_calls,1,0.97876,0.06549
tel,private_calls,0,0.49143,0.01400
tel,private_calls,0,0.99149,0.01668
tel,private_calls,0,0.94846,0.01725
tel,private_calls,0,0.00439,0.01404
tel,private_calls,0,0.01502,0.00878
tel,private_calls,0,0.00381,0.00922
tel,private_calls,0,0.98831,0.11210
tel,private_calls,0,0.98908,0.02437
tel,private_calls,0,0.00377,0.00537
tel,private_calls,0,0.94305,0.04474
tel,private_calls,0,0.00375,0.00635
tel,private_calls,0,0.00969,0.01198
tel,private_calls,0,0.00582,0.01384
tel,private_calls,0,0.76634,0.03627
tel,private_calls,0,0.00884,0.00879
tel,private_calls,0,0.47632,0.08810
tel,private_calls,0,0.03076,0.03055
tel,private_calls,1,0.99147,0.82447
tel,private_calls,0,0.00375,0.00874
tel,private_calls,0,0.00420,0.00967
tel,private_calls,0,0.00369,0.00594
tel,private_calls,0,0.45601,0.02229
tel,private_calls,0,0.00424,0.01534
tel,private_calls,0,0.99078,0.51770
tel,private_calls,0,0.12224,0.01960
tel,private_calls,0,0.00372,0.00651
tel,private_calls,1,0.93255,0.13806
tel,private_calls,0,0.26017,0.02504
tel,private_calls,0,0.95999,0.01227
tel,private_calls,0,0.00385,0.00554
tel,private_calls,0,0.96830,0.01420
tel,private_calls,0,0.99183,0.17123
tel,private_calls,0,0.00381,0.00560
tel,private_calls,0,0.00371,0.00610
tel,private_calls,0,0.00382,0.00609
tel,private_calls,1,0.03529,0.31242
tel,private_calls,0,0.94598,0.03805
tel,private_calls,0,0.98906,0.04621
tel,private_calls,0,0.00374,0.00849
tel,private_calls,0,0.98934,0.13255
tel,private_calls,0,0.99019,0.14984
tel,private_calls,0,0.00383,0.00606
tel,private_calls,0,0.04284,0.18836
tel,private_calls,0,0.00430,0.01713
tel,private_calls,0,0.19882,0.03532
tel,private_calls,0,0.00396,0.01439
tel,private_calls,0,0.75198,0.02147
tel,private_calls,0,0.00379,0.01170
tel,private_calls,0,0.00434,0.01039
tel,private_calls,0,0.00373,0.00544
tel,private_calls,0,0.00372,0.00574
tel,private_calls,0,0.00383,0.00558
tel,private_calls,1,0.99150,0.81483
tel,private_calls,0,0.98617,0.04624
tel,private_calls,0,0.00376,0.00575
tel,private_calls,1,0.99050,0.83462
tel,private_calls,1,0.99168,0.98399
tel,private_calls,0,0.24116,0.00897
tel,private_calls,0,0.98254,0.03815
tel,private_calls,0,0.86686,0.01404
tel,private_calls,0,0.99082,0.25247
tel,private_calls,0,0.00375,0.00721
tel,private_calls,0,0.00389,0.03343
tel,private_calls,0,0.00434,0.00633
tel,private_calls,0,0.00383,0.00553
tel,private_calls,0,0.00396,0.01080
tel,private_calls,0,0.00475,0.01218
tel,private_calls,0,0.00383,0.00847
tel,private_calls,0,0.99248,0.93631
tel,private_calls,0,0.99150,0.03805
tel,private_calls,0,0.00383,0.00631
tel,private_calls,1,0.99094,0.39986
tel,private_calls,0,0.00381,0.00543
tel,private_calls,0,0.01111,0.03091
tel,private_calls,0,0.48825,0.05182
tel,private_calls,0,0.00409,0.00807
tel,private_calls,1,0.99030,0.71140
tel,private_calls,0,0.00370,0.00602
tel,private_calls,0,0.96252,0.01337
tel,private_calls,0,0.00377,0.00954
tel,private_calls,0,0.00444,0.01085
tel,private_calls,0,0.00434,0.03192
tel,private_calls,0,0.00374,0.00811
tel,private_calls,0,0.00386,0.00604
tel,private_calls,0,0.27153,0.03556
tel,private_calls,0,0.14380,0.02451
tel,private_calls,0,0.00371,0.00596
tel,private_calls,1,0.98550,0.13644
tel,private_calls,0,0.02813,0.04841
tel,private_calls,0,0.05328,0.01625
tel,private_calls,0,0.00435,0.00623
tel,private_calls,0,0.64909,0.03730
tel,private_calls,0,0.98744,0.20558
tel,private_calls,0,0.98992,0.51147
tel,private_calls,0,0.33402,0.00814
tel,private_calls,0,0.78879,0.02997
tel,private_calls,0,0.00386,0.00566
tel,private_calls,0,0.00389,0.00519
tel,private_calls,0,0.00407,0.00653
tel,private_calls,1,0.99261,0.89083
tel,private_calls,0,0.00395,0.00542
tel,private_calls,0,0.98983,0.02586
tel,private_calls,0,0.00388,0.00584
tel,private_calls,0,0.00414,0.00647
tel,private_calls,0,0.00377,0.00776
tel,private_calls,0,0.00424,0.05148
tel,private_calls,0,0.00422,0.02079
tel,private_calls,0,0.00388,0.00583
tel,private_calls,0,0.97625,0.03124
tel,private_calls,0,0.94661,0.01870
tel,private_calls,0,0.00385,0.00633
tel,private_calls,0,0.97006,0.27280
tel,private_calls,0,0.91946,0.05125
tel,private_calls,0,0.01561,0.05623
tel,private_calls,0,0.00435,0.00803
tel,private_calls,0,0.98969,0.45131
tel,private_calls,0,0.00400,0.01647
tel,private_calls,0,0.02256,0.12263
tel,private_calls,0,0.02165,0.01923
tel,private_calls,0,0.98665,0.03780
tel,private_calls,0,0.00379,0.00710
tel,private_calls,0,0.00387,0.00821
tel,private_calls,0,0.00388,0.00777
tel,private_calls,0,0.98706,0.56271
tel,private_calls,0,0.00390,0.00965
tel,private_calls,0,0.76540,0.16794
tel,private_calls,0,0.00389,0.01673
tel,private_calls,0,0.00385,0.01183
tel,private_calls,0,0.00405,0.01068
tel,private_calls,0,0.77950,0.01932
tel,private_calls,0,0.98312,0.02254
tel,private_calls,0,0.00380,0.00582
tel,private_calls,0,0.00379,0.00669
tel,private_calls,0,0.98786,0.03873
tel,private_calls,0,0.47957,0.08853
tel,private_calls,0,0.00385,0.00642
tel,private_calls,0,0.90425,0.06331
tel,private_calls,0,0.99107,0.16949
tel,private_calls,0,0.00435,0.01053
tel,private_calls,0,0.13258,0.01991
tel,private_calls,0,0.98602,0.16788
tel,private_calls,0,0.00659,0.01739
tel,private_calls,0,0.00396,0.01829
tel,private_calls,0,0.00653,0.03541
tel,private_calls,0,0.01138,0.02419
tel,private_calls,1,0.05478,0.09746
tel,private_calls,0,0.98992,0.17638
tel,private_calls,0,0.00387,0.00761
tel,private_calls,0,0.98864,0.26108
tel,private_calls,0,0.00384,0.00854
tel,private_calls,0,0.00501,0.02544
tel,private_calls,0,0.00388,0.05046
tel,private_calls,1,0.98920,0.93040
tel,private_calls,1,0.97553,0.45887
tel,private_calls,1,0.99207,0.97671
tel,private_calls,0,0.01000,0.02816
tel,private_calls,0,0.00363,0.00819
tel,private_calls,0,0.97658,0.06219
tel,private_calls,0,0.00443,0.00972
tel,private_calls,0,0.00448,0.01266
tel,private_calls,0,0.00379,0.01999
tel,private_calls,0,0.01342,0.02091
tel,private_calls,0,0.01563,0.02570
tel,private_calls,0,0.00377,0.00994
tel,private_calls,0,0.00395,0.01289
tel,private_calls,0,0.99070,0.06605
tel,private_calls,0,0.84597,0.17581
tel,private_calls,0,0.00367,0.00900
tel,private_calls,0,0.03856,0.02590
tel,private_calls,0,0.99026,0.20094
tel,private_calls,0,0.00372,0.00687
tel,private_calls,0,0.00510,0.01564
tel,private_calls,1,0.99253,0.94526
tel,private_calls,0,0.00361,0.00571
tel,private_calls,0,0.99244,0.09620
tel,private_calls,1,0.24936,0.03523
tel,private_calls,0,0.00371,0.00544
tel,private_calls,0,0.89628,0.06265
tel,private_calls,0,0.00503,0.01636
tel,private_calls,0,0.00365,0.00703
tel,private_calls,1,0.98821,0.44335
tel,private_calls,0,0.82734,0.03540
tel,private_calls,0,0.00357,0.00670
tel,private_calls,0,0.99239,0.95702
tel,private_calls,1,0.99226,0.37954
tel,private_calls,0,0.00375,0.00732
tel,private_calls,0,0.00522,0.00752
tel,private_calls,0,0.00373,0.00878
tel,private_calls,0,0.00584,0.01782
tel,private_calls,0,0.99211,0.27335
tel,private_calls,0,0.95589,0.01434
tel,private_calls,0,0.00767,0.01652
tel,private_calls,0,0.00370,0.00609
tel,private_calls,0,0.00375,0.01521
tel,private_calls,0,0.00408,0.00823
tel,private_calls,0,0.98518,0.04639
tel,private_calls,0,0.00368,0.01013
tel,private_calls,0,0.98238,0.29494
tel,private_calls,0,0.87385,0.44449
tel,private_calls,0,0.51439,0.01708
tel,private_calls,0,0.95827,0.14177
tel,private_calls,0,0.00367,0.00655
tel,private_calls,1,0.99224,0.72674
tel,private_calls,0,0.00366,0.00677
tel,private_calls,0,0.99084,0.08655
tel,private_calls,0,0.00365,0.00781
tel,private_calls,0,0.99047,0.66743
tel,private_calls,0,0.00368,0.00554
tel,private_calls,0,0.00377,0.00539
tel,private_calls,0,0.00521,0.01324
tel,private_calls,0,0.00360,0.01544
tel,private_calls,0,0.00366,0.00599
tel,private_calls,0,0.96263,0.16390
tel,private_calls,0,0.00457,0.02023
tel,private_calls,0,0.00491,0.01865
tel,private_calls,1,0.99111,0.76716
tel,private_calls,0,0.00392,0.01293
tel,private_calls,0,0.96886,0.05537
tel,private_calls,0,0.03159,0.04223
tel,private_calls,0,0.48457,0.56150
tel,private_calls,1,0.99207,0.96885
tel,private_calls,0,0.00377,0.00813
tel,private_calls,0,0.48620,0.09007
tel,private_calls,0,0.00374,0.00635
tel,private_calls,0,0.00377,0.00652
tel,private_calls,0,0.04419,0.03409
tel,private_calls,0,0.00449,0.01069
tel,private_calls,0,0.99167,0.54720
tel,private_calls,1,0.99134,0.87699
tel,private_calls,0,0.00381,0.00590
tel,private_calls,0,0.00374,0.00692
tel,private_calls,0,0.00379,0.00581
tel,private_calls,1,0.99204,0.97421
tel,private_calls,0,0.00376,0.00580
tel,private_calls,0,0.77872,0.10513
tel,private_calls,0,0.00383,0.00682
tel,private_calls,0,0.00456,0.02237
tel,private_calls,0,0.00388,0.00865
tel,private_calls,1,0.99231,0.97149
tel,private_calls,1,0.99213,0.78117
tel,private_calls,0,0.00381,0.01293
tel,private_calls,0,0.00374,0.00783
tel,private_calls,1,0.99190,0.93996
tel,private_calls,1,0.99198,0.90019
tel,private_calls,0,0.00422,0.03579
tel,private_calls,0,0.00375,0.00649
tel,private_calls,0,0.00379,0.00601
tel,private_calls,0,0.00373,0.00835
tel,private_calls,0,0.00764,0.02200
tel,private_calls,0,0.99161,0.44746
tel,private_calls,0,0.02964,0.10013
tel,private_calls,0,0.00483,0.02108
tel,private_calls,1,0.02913,0.20040
tel,private_calls,0,0.00389,0.00891
tel,private_calls,0,0.00370,0.00627
tel,private_calls,0,0.00379,0.00590
tel,private_calls,1,0.99232,0.98348
tel,private_calls,0,0.00370,0.00770
tel,private_calls,0,0.00375,0.00816
tel,private_calls,0,0.00372,0.00647
tel,private_calls,0,0.00375,0.00880
tel,private_calls,0,0.00391,0.01448
tel,private_calls,0,0.99243,0.09384
tel,private_calls,1,0.99222,0.95159
tel,private_calls,0,0.00375,0.00581
tel,private_calls,0,0.99209,0.91986
tel,private_calls,0,0.00605,0.02281
tel,private_calls,0,0.07059,0.05839
tel,private_calls,0,0.99239,0.55988
tel,private_calls,0,0.01005,0.02845
tel,private_calls,0,0.01654,0.02668
tel,private_calls,0,0.00374,0.00789
tel,private_calls,0,0.00379,0.00659
tel,private_calls,0,0.72635,0.04126
tel,private_calls,1,0.85556,0.04767
tel,private_calls,1,0.00588,0.02652
tel,private_calls,0,0.98649,0.05276
tel,private_calls,0,0.00382,0.00740
tel,private_calls,0,0.00416,0.02178
tel,private_calls,0,0.01663,0.14563
tel,private_calls,0,0.98780,0.69178
tel,private_calls,0,0.00420,0.00957
tel,private_calls,0,0.98913,0.29343
tel,private_calls,1,0.99121,0.83171
tel,private_calls,0,0.00387,0.00648
tel,private_calls,0,0.00398,0.00824
tel,private_calls,0,0.00393,0.00813
tel,private_calls,0,0.96712,0.13162
tel,private_calls,0,0.98663,0.29762
tel,private_calls,0,0.99186,0.91181
tel,private_calls,1,0.99223,0.96878
tel,private_calls,0,0.49188,0.09413
tel,private_calls,0,0.00651,0.04704
tel,private_calls,0,0.00424,0.01358
tel,private_calls,0,0.00414,0.01334
tel,private_calls,0,0.41754,0.13605
tel,private_calls,0,0.00413,0.01016
tel,private_calls,0,0.00770,0.03131
tel,private_calls,0,0.00487,0.02084
tel,private_calls,0,0.00399,0.01214
tel,private_calls,0,0.98854,0.24616
tel,private_calls,0,0.05953,0.03112
tel,private_calls,1,0.98916,0.72212
tel,private_calls,0,0.00403,0.00803
tel,private_calls,0,0.00441,0.01007
tel,private_calls,0,0.98877,0.18507
tel,private_calls,0,0.00394,0.00650
tel,private_calls,0,0.02148,0.03017
tel,private_calls,0,0.00392,0.00749
tel,private_calls,0,0.00900,0.04022
tel,private_calls,0,0.00404,0.01145
tel,private_calls,0,0.97939,0.18610
tel,private_calls,1,0.98974,0.80266
tel,private_calls,0,0.97335,0.11350
tel,private_calls,0,0.99204,0.57175
tel,private_calls,0,0.03344,0.04154
tel,private_calls,0,0.36399,0.21493
tel,private_calls,0,0.98905,0.37537
tel,private_calls,0,0.02779,0.03812
tel,private_calls,0,0.99214,0.87887
tel,private_calls,0,0.99242,0.73122
tel,private_calls,1,0.98765,0.90632
tel,private_calls,0,0.99189,0.88993
tel,private_calls,0,0.00665,0.03265
tel,private_calls,1,0.99110,0.96790
tel,private_calls,1,0.95499,0.18675
tel,private_calls,0,0.00482,0.01155
tel,private_calls,0,0.06586,0.05172
tel,private_calls,1,0.97679,0.18324
tel,private_calls,0,0.01425,0.03312
tel,private_calls,1,0.99223,0.39371
tel,private_calls,1,0.13183,0.01843
tel,private_calls,0,0.00924,0.02187
tel,private_calls,0,0.00422,0.01151
tel,private_calls,0,0.03067,0.01835
tel,private_calls,0,0.00391,0.00809
tel,private_calls,0,0.00423,0.00956
tel,private_calls,0,0.00398,0.01211
tel,private_calls,0,0.00469,0.02318
tel,private_calls,0,0.00388,0.00884
tel,private_calls,0,0.02508,0.02566
tel,private_calls,0,0.00391,0.00764
tel,private_calls,0,0.00399,0.01334
tel,private_calls,1,0.99131,0.94455
tel,private_calls,1,0.03358,0.03801
tel,private_calls,0,0.00429,0.01030
tel,private_calls,1,0.00398,0.01830
tel,private_calls,0,0.00541,0.03293
tel,private_calls,0,0.02169,0.03936
tel,private_calls,1,0.80702,0.09495
tel,private_calls,1,0.98983,0.20588
tel,private_calls,0,0.00384,0.01072
tel,private_calls,0,0.79250,0.05145
tel,private_calls,0,0.00845,0.03107
tel,private_calls,0,0.00374,0.00955
tel,private_calls,1,0.01255,0.01594
tel,private_calls,1,0.72717,0.05828
tel,private_calls,0,0.00379,0.00757
tel,private_calls,0,0.02858,0.02848
tel,private_calls,0,0.00371,0.00715
tel,private_calls,0,0.00445,0.01264
tel,private_calls,0,0.00424,0.01177
tel,private_calls,0,0.83768,0.03488
tel,private_calls,0,0.00370,0.00713
tel,private_calls,0,0.00363,0.00627
tel,private_calls,0,0.04913,0.04292
tel,private_calls,0,0.00482,0.02054
tel,private_calls,0,0.02146,0.08879
tel,private_calls,0,0.00380,0.00553
tel,private_calls,0,0.00530,0.01793
tel,private_calls,0,0.00411,0.01016
tel,private_calls,0,0.00367,0.00875
tel,private_calls,0,0.00370,0.00666
tel,private_calls,0,0.00487,0.04974
tel,private_calls,0,0.94930,0.11387
tel,private_calls,0,0.01288,0.07767
tel,private_calls,0,0.00368,0.00900
tel,private_calls,1,0.83989,0.42664
tel,private_calls,0,0.00371,0.00730
tel,private_calls,0,0.00368,0.00886
tel,private_calls,0,0.00371,0.01047
tel,private_calls,0,0.00369,0.01072
tel,private_calls,0,0.00519,0.00888
tel,private_calls,0,0.00385,0.01124
tel,private_calls,0,0.00373,0.00871
tel,private_calls,0,0.42865,0.06560
tel,private_calls,0,0.00385,0.02560
tel,private_calls,0,0.00492,0.01744
tel,private_calls,0,0.00372,0.00969
tel,private_calls,0,0.00367,0.00695
tel,private_calls,0,0.11647,0.05613
tel,private_calls,0,0.98651,0.15181
tel,private_calls,0,0.00369,0.00893
tel,private_calls,0,0.00400,0.02805
tel,private_calls,0,0.00370,0.00626
tel,private_calls,0,0.00367,0.00667
tel,private_calls,0,0.00388,0.00889
tel,private_calls,0,0.00378,0.01095
tel,private_calls,0,0.98490,0.09162
tel,private_calls,0,0.00366,0.00952
tel,private_calls,0,0.00384,0.00970
tel,private_calls,0,0.00371,0.00668
tel,private_calls,0,0.00420,0.01240
tel,private_calls,0,0.89081,0.10417
tel,private_calls,0,0.00422,0.01758
tel,private_calls,0,0.91271,0.03189
tel,private_calls,0,0.00380,0.00812
tel,private_calls,0,0.00434,0.00828
tel,private_calls,0,0.00386,0.00648
tel,private_calls,0,0.01426,0.02188
tel,private_calls,0,0.00397,0.01090
tel,private_calls,0,0.00387,0.00676
tel,private_calls,1,0.98801,0.61490
tel,private_calls,1,0.99186,0.95175
tel,private_calls,0,0.00619,0.02585
tel,private_calls,0,0.39482,0.02950
tel,private_calls,1,0.99134,0.95114
tel,private_calls,1,0.93283,0.18114
tel,private_calls,0,0.94959,0.07922
tel,private_calls,1,0.99063,0.78595
tel,private_calls,0,0.00386,0.00606
tel,private_calls,0,0.00520,0.01226
tel,private_calls,0,0.00392,0.00825
tel,private_calls,0,0.98767,0.04776
tel,private_calls,0,0.00495,0.00813
tel,private_calls,0,0.00857,0.02781
tel,private_calls,0,0.01725,0.03134
tel,private_calls,0,0.00433,0.00850
tel,private_calls,0,0.00392,0.00674
tel,private_calls,0,0.04534,0.04691
tel,private_calls,0,0.00462,0.02996
tel,private_calls,0,0.00390,0.00860
tel,private_calls,0,0.00392,0.00552
tel,private_calls,0,0.00479,0.00907
tel,private_calls,1,0.99179,0.98636
tel,private_calls,0,0.00510,0.00691
tel,private_calls,0,0.00388,0.01045
tel,private_calls,0,0.00392,0.00587
tel,private_calls,1,0.99144,0.98489
tel,private_calls,0,0.99014,0.48111
tel,private_calls,0,0.08327,0.01518
tel,private_calls,0,0.31969,0.40395
tel,private_calls,0,0.00410,0.03688
tel,private_calls,0,0.13071,0.07940
tel,private_calls,0,0.98614,0.18533
tel,private_calls,1,0.98970,0.85081
tel,private_calls,0,0.00387,0.00727
tel,private_calls,1,0.99009,0.89336
tel,private_calls,0,0.12689,0.07783
tel,private_calls,0,0.00387,0.00823
tel,private_calls,0,0.00538,0.03535
tel,private_calls,0,0.94874,0.30053
tel,private_calls,0,0.41402,0.02190
tel,private_calls,0,0.59680,0.50853
tel,private_calls,0,0.98693,0.08898
tel,private_calls,0,0.20510,0.02082
tel,private_calls,0,0.99099,0.35000
tel,private_calls,0,0.13963,0.04015
tel,private_calls,0,0.00405,0.00774
tel,private_calls,0,0.27472,0.08665
tel,private_calls,0,0.26552,0.03608
tel,private_calls,0,0.99001,0.08826
tel,private_calls,0,0.44068,0.03592
tel,private_calls,0,0.99172,0.19893
tel,private_calls,0,0.98928,0.10348
tel,private_calls,0,0.99186,0.67338
tel,private_calls,0,0.96594,0.65159
tel,private_calls,0,0.01036,0.03169
tel,private_calls,1,0.99153,0.62102
tel,private_calls,0,0.00394,0.00607
tel,private_calls,0,0.14390,0.07847
tel,private_calls,1,0.99140,0.97709
tel,private_calls,1,0.98992,0.90670
tel,private_calls,0,0.00482,0.04246
tel,private_calls,0,0.01044,0.04338
tel,private_calls,0,0.00637,0.03831
tel,private_calls,0,0.01792,0.11186
tel,private_calls,0,0.00392,0.02160
tel,private_calls,0,0.98804,0.40652
tel,private_calls,0,0.01674,0.01508
tel,private_calls,0,0.95823,0.02205
tel,private_calls,0,0.98863,0.04977
tel,private_calls,0,0.03259,0.08775
tel,private_calls,0,0.00471,0.01345
tel,private_calls,0,0.00406,0.03379
tel,private_calls,0,0.00856,0.01462
tel,private_calls,1,0.99129,0.90844
tel,private_calls,0,0.00394,0.02341
tel,private_calls,0,0.00376,0.00617
tel,private_calls,1,0.99157,0.91293
tel,private_calls,0,0.96264,0.09626
tel,private_calls,0,0.00374,0.00687
tel,private_calls,0,0.00374,0.00612
tel,private_calls,0,0.00366,0.00617
tel,private_calls,0,0.09869,0.05404
tel,private_calls,0,0.00372,0.00665
tel,private_calls,0,0.00444,0.04340
tel,private_calls,0,0.00366,0.00660
tel,private_calls,0,0.00369,0.00591
tel,private_calls,0,0.00373,0.00516
tel,private_calls,0,0.00369,0.00571
tel,private_calls,0,0.00376,0.00511
tel,private_calls,1,0.99147,0.92512
tel,private_calls,0,0.00426,0.01867
tel,private_calls,0,0.00375,0.00620
tel,private_calls,0,0.00369,0.00610
tel,private_calls,0,0.00370,0.00590
tel,private_calls,0,0.00379,0.00564
tel,private_calls,0,0.02287,0.02069
tel,private_calls,0,0.00468,0.02104
tel,private_calls,0,0.00368,0.00696
tel,private_calls,0,0.00372,0.01150
tel,private_calls,0,0.00371,0.00666
tel,private_calls,0,0.00372,0.02375
tel,private_calls,0,0.99123,0.54602
tel,private_calls,1,0.99181,0.97666
tel,private_calls,0,0.00373,0.00628
tel,private_calls,0,0.00369,0.01073
tel,private_calls,0,0.00774,0.04449
tel,private_calls,0,0.00367,0.00997
tel,private_calls,0,0.00379,0.01037
tel,private_calls,0,0.81845,0.08067
tel,private_calls,0,0.00377,0.00736
tel,private_calls,0,0.00368,0.00609
tel,private_calls,0,0.00375,0.00691
tel,private_calls,0,0.00378,0.00603
tel,private_calls,0,0.00369,0.00621
tel,private_calls,1,0.99119,0.58027
tel,private_calls,0,0.00379,0.02311
tel,private_calls,0,0.00433,0.03039
tel,private_calls,0,0.00375,0.00599
tel,private_calls,0,0.00374,0.00598
tel,private_calls,0,0.00370,0.00887
tel,private_calls,0,0.00381,0.00595
tel,private_calls,0,0.00377,0.02381
tel,private_calls,0,0.00382,0.00624
tel,private_calls,1,0.99201,0.94178
tel,private_calls,1,0.99259,0.98032
tel,private_calls,1,0.99142,0.16350
tel,private_calls,0,0.00367,0.00774
tel,private_calls,1,0.99243,0.97688
tel,private_calls,1,0.99222,0.89332
tel,private_calls,0,0.00373,0.01495
tel,private_calls,1,0.99241,0.87602
tel,private_calls,0,0.00387,0.01355
tel,private_calls,0,0.00367,0.00759
tel,private_calls,0,0.99182,0.03484
tel,private_calls,1,0.99243,0.97474
tel,private_calls,1,0.99186,0.75824
tel,private_calls,1,0.99253,0.98022
tel,private_calls,0,0.01086,0.04687
tel,private_calls,0,0.00451,0.01443
tel,private_calls,0,0.00654,0.02950
tel,private_calls,1,0.99243,0.97120
tel,private_calls,0,0.00819,0.08297
tel,private_calls,0,0.04038,0.03036
tel,private_calls,0,0.22286,0.04735
tel,private_calls,1,0.99250,0.96297
tel,private_calls,0,0.00968,0.00888
tel,private_calls,0,0.00751,0.00901
tel,private_calls,0,0.00589,0.02027
tel,private_calls,0,0.99145,0.31844
tel,private_calls,0,0.50266,0.02990
tel,private_calls,0,0.99231,0.92526
tel,private_calls,0,0.01385,0.02914
tel,private_calls,0,0.00680,0.02286
tel,private_calls,1,0.99250,0.96721
tel,private_calls,0,0.00476,0.03663
tel,private_calls,0,0.98905,0.20599
tel,private_calls,0,0.00363,0.01074
tel,private_calls,1,0.99236,0.97236
tel,private_calls,0,0.12037,0.06191
tel,private_calls,0,0.00509,0.01464
tel,private_calls,0,0.97833,0.18994
tel,private_calls,0,0.00843,0.01526
tel,private_calls,0,0.00370,0.01084
tel,private_calls,0,0.00370,0.00866
tel,private_calls,1,0.99201,0.93515
tel,private_calls,0,0.00370,0.00918
tel,private_calls,0,0.06891,0.03286
tel,private_calls,0,0.98164,0.04357
tel,private_calls,0,0.00362,0.00792
tel,private_calls,0,0.99214,0.66700
tel,private_calls,0,0.00432,0.00831
tel,private_calls,1,0.98376,0.74264
tel,private_calls,0,0.99169,0.14611
tel,private_calls,0,0.00434,0.01395
tel,private_calls,1,0.99253,0.97675
tel,private_calls,0,0.01043,0.02905
tel,private_calls,0,0.00417,0.02782
tel,private_calls,0,0.22512,0.03671
tel,private_calls,1,0.99214,0.95379
tel,private_calls,0,0.87536,0.14331
tel,private_calls,0,0.98967,0.17180
tel,private_calls,0,0.02102,0.07585
tel,private_calls,0,0.99197,0.56142
tel,private_calls,0,0.01368,0.02193
tel,private_calls,0,0.98502,0.03276
tel,private_calls,0,0.00561,0.00955
tel,private_calls,0,0.00776,0.02159
tel,private_calls,1,0.99268,0.92919
tel,private_calls,0,0.08709,0.01643
tel,private_calls,0,0.00940,0.01293
tel,private_calls,0,0.99218,0.50568
tel,private_calls,0,0.00385,0.01161
tel,private_calls,0,0.00655,0.02418
tel,private_calls,0,0.00373,0.00809
tel,private_calls,0,0.01858,0.02905
tel,private_calls,0,0.37391,0.00953
tel,private_calls,1,0.98742,0.90335
tel,private_calls,0,0.07601,0.02116
tel,private_calls,0,0.99176,0.81117
tel,private_calls,1,0.99170,0.97835
tel,private_calls,0,0.00392,0.01096
tel,private_calls,0,0.00389,0.00813
tel,private_calls,0,0.99202,0.52296
tel,private_calls,0,0.97752,0.03088
tel,private_calls,0,0.98598,0.24717
tel,private_calls,1,0.99172,0.94792
tel,private_calls,0,0.99238,0.58559
tel,private_calls,0,0.00396,0.01154
tel,private_calls,0,0.98391,0.06205
tel,private_calls,0,0.00393,0.01006
tel,private_calls,0,0.00477,0.02246
tel,private_calls,0,0.98770,0.20139
tel,private_calls,1,0.99096,0.91836
tel,private_calls,0,0.02482,0.03346
tel,private_calls,0,0.93819,0.08729
tel,private_calls,1,0.99174,0.97252
tel,private_calls,0,0.03257,0.01727
tel,private_calls,0,0.99258,0.91579
tel,private_calls,0,0.00786,0.02573
tel,private_calls,0,0.02535,0.02341
tel,private_calls,0,0.89831,0.05053
tel,private_calls,0,0.00714,0.04827
tel,private_calls,0,0.99073,0.16267
tel,private_calls,1,0.99214,0.98469
tel,private_calls,0,0.00369,0.00750
tel,private_calls,0,0.00382,0.00861
tel,private_calls,0,0.06920,0.07825
tel,private_calls,0,0.01342,0.04328
tel,private_calls,1,0.99261,0.98119
tel,private_calls,0,0.99190,0.12569
tel,private_calls,0,0.79549,0.05225
tel,private_calls,0,0.00412,0.01450
tel,private_calls,0,0.90962,0.08709
tel,private_calls,0,0.03616,0.03359
tel,private_calls,0,0.00373,0.00728
tel,private_calls,1,0.99253,0.97330
tel,private_calls,0,0.03034,0.04981
tel,private_calls,0,0.98333,0.02674
tel,private_calls,1,0.12948,0.02163
tel,private_calls,0,0.00530,0.05344
tel,private_calls,0,0.98645,0.24479
tel,private_calls,0,0.03809,0.04083
tel,private_calls,0,0.00386,0.00661
tel,private_calls,0,0.99178,0.34461
tel,private_calls,0,0.00384,0.01930
tel,private_calls,0,0.88217,0.06050
tel,private_calls,1,0.99233,0.97769
tel,private_calls,1,0.99241,0.99074
tel,private_calls,0,0.31698,0.18891
tel,private_calls,1,0.99231,0.94420
tel,private_calls,0,0.98638,0.16184
tel,private_calls,0,0.00421,0.01628
tel,private_calls,1,0.98854,0.06728
tel,private_calls,0,0.00687,0.01673
tel,private_calls,0,0.98589,0.09798
tel,private_calls,0,0.99157,0.40165
tel,private_calls,0,0.00435,0.01412
tel,private_calls,1,0.99199,0.92254
tel,private_calls,0,0.98997,0.25940
tel,private_calls,0,0.98818,0.24794
tel,private_calls,0,0.98037,0.10726
tel,private_calls,0,0.00406,0.01267
tel,private_calls,1,0.99076,0.86838
tel,private_calls,0,0.98126,0.03536
tel,private_calls,1,0.99237,0.93217
tel,private_calls,0,0.21926,0.06303
tel,private_calls,0,0.00372,0.00918
tel,private_calls,0,0.00416,0.01683
tel,private_calls,0,0.99069,0.29045
tel,private_calls,0,0.01197,0.08244
tel,private_calls,0,0.00484,0.01977
tel,private_calls,0,0.22936,0.07503
tel,private_calls,0,0.98332,0.60805
tel,private_calls,0,0.01885,0.07420
tel,private_calls,0,0.96337,0.11108
tel,private_calls,0,0.00403,0.01346
tel,private_calls,0,0.01391,0.05537
tel,private_calls,0,0.00377,0.00739
tel,private_calls,0,0.99235,0.90497
tel,private_calls,0,0.00490,0.04225
tel,private_calls,0,0.00396,0.01254
tel,private_calls,0,0.00374,0.01023
tel,private_calls,0,0.00391,0.00971
tel,private_calls,0,0.98910,0.31988
tel,private_calls,1,0.98629,0.48903
tel,private_calls,0,0.98182,0.41970
tel,private_calls,0,0.99223,0.23510
tel,private_calls,0,0.00405,0.00727
tel,private_calls,0,0.00549,0.01971
tel,private_calls,0,0.97964,0.12443
tel,private_calls,1,0.99163,0.75603
tel,private_calls,0,0.99102,0.21567
tel,private_calls,0,0.97993,0.15875
tel,private_calls,0,0.00375,0.00831
tel,private_calls,0,0.00376,0.00631
tel,private_calls,0,0.00464,0.01879
tel,private_calls,0,0.00426,0.03064
tel,private_calls,0,0.00446,0.06692
tel,private_calls,0,0.00381,0.00706
tel,private_calls,0,0.20979,0.08438
tel,private_calls,0,0.98918,0.02805
tel,private_calls,1,0.81444,0.38301
tel,private_calls,0,0.98307,0.17645
tel,private_calls,0,0.97703,0.16539
tel,private_calls,0,0.00407,0.02406
tel,private_calls,0,0.00383,0.00649
tel,private_calls,0,0.98590,0.01391
tel,private_calls,0,0.97549,0.31257
tel,private_calls,0,0.94462,0.03611
tel,private_calls,0,0.86021,0.05901
tel,private_calls,1,0.99114,0.71454
tel,private_calls,0,0.00374,0.00844
tel,private_calls,0,0.00388,0.01232
tel,private_calls,0,0.00383,0.00758
tel,private_calls,0,0.00386,0.01101
tel,private_calls,0,0.00380,0.00617
tel,private_calls,1,0.99054,0.93332
tel,private_calls,0,0.00656,0.04676
tel,private_calls,1,0.96837,0.52656
tel,private_calls,1,0.99098,0.89496
tel,private_calls,0,0.50263,0.08265
tel,private_calls,1,0.99054,0.85457
tel,private_calls,0,0.98933,0.03682
tel,private_calls,1,0.99164,0.95984
tel,private_calls,0,0.00397,0.01738
tel,private_calls,0,0.00375,0.01237
tel,private_calls,0,0.00377,0.00576
tel,private_calls,0,0.00369,0.00779
tel,private_calls,0,0.98869,0.21479
tel,private_calls,0,0.00373,0.00669
tel,private_calls,0,0.00374,0.00853
tel,private_calls,1,0.99216,0.93597
tel,private_calls,0,0.00372,0.00711
tel,private_calls,0,0.00410,0.01334
tel,private_calls,0,0.00377,0.00601
tel,private_calls,0,0.00378,0.00639
tel,private_calls,1,0.99103,0.94554
tel,private_calls,0,0.00380,0.01695
tel,private_calls,0,0.92952,0.14152
tel,private_calls,1,0.99124,0.88701
tel,private_calls,0,0.00372,0.00624
tel,private_calls,0,0.98294,0.12302
tel,private_calls,0,0.00381,0.00648
tel,private_calls,0,0.07085,0.06986
tel,private_calls,1,0.97300,0.69215
tel,private_calls,0,0.01794,0.01862
tel,private_calls,0,0.00642,0.03928
tel,private_calls,0,0.01111,0.01065
tel,private_calls,0,0.00389,0.00749
tel,private_calls,0,0.98849,0.34192
tel,private_calls,0,0.24777,0.03308
tel,private_calls,0,0.65725,0.22566
tel,private_calls,0,0.00872,0.01143
tel,private_calls,1,0.98932,0.86110
tel,private_calls,1,0.99246,0.95363
tel,private_calls,0,0.94725,0.00732
tel,private_calls,0,0.98968,0.32087
tel,private_calls,0,0.01811,0.06101
tel,private_calls,0,0.98621,0.14232
tel,private_calls,0,0.00454,0.01065
tel,private_calls,0,0.00388,0.00727
tel,private_calls,0,0.00378,0.00665
tel,private_calls,1,0.99039,0.91726
tel,private_calls,0,0.00559,0.00900
tel,private_calls,0,0.00687,0.06449
tel,private_calls,0,0.18779,0.03836
tel,private_calls,0,0.00395,0.01256
tel,private_calls,0,0.00476,0.05308
tel,private_calls,1,0.99135,0.79458
tel,private_calls,0,0.98532,0.10923
tel,private_calls,0,0.96639,0.11079
tel,private_calls,1,0.99154,0.93216
tel,private_calls,0,0.00411,0.03532
tel,private_calls,1,0.04599,0.13968
tel,private_calls,0,0.00468,0.01349
tel,private_calls,0,0.98279,0.13420
tel,private_calls,0,0.99188,0.83993
tel,private_calls,0,0.68944,0.04534
tel,private_calls,0,0.36208,0.11167
tel,private_calls,0,0.00748,0.05604
tel,private_calls,1,0.99195,0.84507
tel,private_calls,0,0.98638,0.83868
tel,private_calls,0,0.00377,0.00943
tel,private_calls,0,0.95362,0.04859
tel,private_calls,0,0.00383,0.00816
tel,private_calls,0,0.00387,0.02630
tel,private_calls,1,0.99176,0.88200
tel,private_calls,0,0.24052,0.28096
tel,private_calls,0,0.95747,0.05616
tel,private_calls,1,0.98505,0.37481
tel,private_calls,0,0.75545,0.11956
tel,private_calls,0,0.01654,0.09159
tel,private_calls,0,0.98877,0.08286
tel,private_calls,0,0.00496,0.01817
tel,private_calls,0,0.91369,0.07063
tel,private_calls,0,0.00386,0.00974
tel,private_calls,0,0.00425,0.02871
tel,private_calls,0,0.00379,0.00826
tel,private_calls,0,0.00373,0.00829
tel,private_calls,0,0.99190,0.70688
tel,private_calls,0,0.00937,0.01680
tel,private_calls,1,0.99167,0.88708
tel,private_calls,1,0.99218,0.95922
tel,private_calls,0,0.00378,0.00879
tel,private_calls,0,0.00377,0.01096
tel,private_calls,0,0.00408,0.01072
tel,private_calls,0,0.00379,0.00781
tel,private_calls,1,0.99229,0.97197
tel,private_calls,0,0.98699,0.13476
tel,private_calls,0,0.00410,0.03918
tel,private_calls,0,0.00374,0.00790
tel,private_calls,0,0.00371,0.00953
tel,private_calls,0,0.15100,0.05532
tel,private_calls,0,0.90694,0.05025
tel,private_calls,0,0.00369,0.00986
tel,private_calls,0,0.00373,0.00989
tel,private_calls,0,0.00389,0.00895
tel,private_calls,0,0.00370,0.00852
tel,private_calls,1,0.98947,0.56169
tel,private_calls,0,0.01177,0.02226
tel,private_calls,0,0.00374,0.00877
tel,private_calls,0,0.00395,0.01494
tel,private_calls,1,0.99216,0.95766
tel,private_calls,0,0.00368,0.00823
tel,private_calls,0,0.00371,0.00913
tel,private_calls,0,0.96120,0.35831
tel,private_calls,0,0.00385,0.01751
tel,private_calls,0,0.00374,0.00927
tel,private_calls,0,0.00495,0.01326
tel,private_calls,0,0.00394,0.01077
tel,private_calls,0,0.00372,0.00995
tel,private_calls,1,0.98939,0.91593
tel,private_calls,0,0.00376,0.01116
tel,private_calls,0,0.00376,0.01052
tel,private_calls,0,0.00402,0.01412
tel,private_calls,0,0.00424,0.01614
tel,private_calls,0,0.00393,0.01770
tel,private_calls,0,0.84109,0.03720
tel,private_calls,0,0.00417,0.02714
tel,private_calls,0,0.03175,0.04766
tel,private_calls,0,0.00397,0.01736
tel,private_calls,0,0.53265,0.39959
tel,private_calls,1,0.51676,0.09133
tel,private_calls,0,0.00388,0.00977
tel,private_calls,0,0.00377,0.00633
tel,private_calls,0,0.00372,0.00650
tel,private_calls,0,0.00377,0.00873
tel,private_calls,0,0.00367,0.00749
tel,private_calls,0,0.00372,0.00745
tel,private_calls,0,0.00368,0.00795
tel,private_calls,0,0.00409,0.02504
tel,private_calls,0,0.61462,0.10355
tel,private_calls,0,0.00366,0.00653
tel,private_calls,0,0.00367,0.00677
tel,private_calls,0,0.00373,0.00699
tel,private_calls,0,0.00416,0.01672
tel,private_calls,0,0.00366,0.00768
tel,private_calls,0,0.00361,0.00850
tel,private_calls,0,0.00496,0.01790
tel,private_calls,0,0.92423,0.01982
tel,private_calls,0,0.74990,0.20746
tel,private_calls,0,0.01115,0.00792
tel,private_calls,1,0.99220,0.84987
tel,private_calls,1,0.98239,0.34063
tel,private_calls,0,0.99075,0.01178
tel,private_calls,0,0.00719,0.02285
tel,private_calls,0,0.00368,0.00705
tel,private_calls,0,0.00436,0.01459
tel,private_calls,1,0.98713,0.64774
tel,private_calls,0,0.74905,0.01494
tel,private_calls,1,0.00486,0.03260
tel,private_calls,0,0.00393,0.01902
tel,private_calls,0,0.16444,0.00884
tel,private_calls,0,0.00400,0.02199
tel,private_calls,0,0.98908,0.17698
tel,private_calls,0,0.00457,0.01389
tel,private_calls,1,0.99198,0.56729
tel,private_calls,0,0.00383,0.00723
tel,private_calls,0,0.00376,0.00905
tel,private_calls,1,0.99208,0.80064
tel,private_calls,0,0.94206,0.42900
tel,private_calls,0,0.00444,0.01523
tel,private_calls,0,0.00369,0.00840
tel,private_calls,0,0.00387,0.01906
tel,private_calls,1,0.06706,0.13170
tel,private_calls,0,0.98747,0.17108
tel,private_calls,1,0.99200,0.79302
tel,private_calls,0,0.00383,0.02596
tel,private_calls,0,0.00368,0.00928
tel,private_calls,0,0.92272,0.19282
tel,private_calls,0,0.06406,0.15013
tel,private_calls,0,0.00368,0.00873
tel,private_calls,0,0.98090,0.34271
tel,private_calls,0,0.00379,0.01595
tel,private_calls,0,0.97253,0.31986
tel,private_calls,0,0.00370,0.01957
tel,private_calls,1,0.99217,0.95995
tel,private_calls,0,0.91350,0.29757
tel,private_calls,0,0.00370,0.00661
tel,private_calls,1,0.98919,0.93259
tel,private_calls,0,0.00371,0.00675
tel,private_calls,0,0.00373,0.00716
tel,private_calls,0,0.00373,0.00662
tel,private_calls,0,0.00366,0.00899
tel,private_calls,0,0.00370,0.00788
tel,private_calls,0,0.70770,0.02677
tel,private_calls,0,0.00370,0.00719
tel,private_calls,0,0.00369,0.00728
tel,private_calls,0,0.00374,0.00833
tel,private_calls,0,0.98421,0.11405
tel,private_calls,1,0.00501,0.10077
tel,private_calls,0,0.07592,0.07297
tel,private_calls,0,0.00373,0.00700
tel,private_calls,0,0.00409,0.03620
tel,private_calls,0,0.02360,0.06729
tel,private_calls,0,0.00898,0.05619
tel,private_calls,1,0.98780,0.46184
tel,private_calls,0,0.00366,0.00630
tel,private_calls,0,0.98605,0.16441
tel,private_calls,0,0.98634,0.03253
tel,private_calls,0,0.57591,0.07512
tel,private_calls,1,0.96116,0.85137
tel,private_calls,0,0.00427,0.03042
tel,private_calls,0,0.00372,0.00722
tel,private_calls,1,0.69742,0.24289
tel,private_calls,0,0.98607,0.46684
tel,private_calls,0,0.00363,0.00670
tel,private_calls,0,0.97950,0.20944
tel,private_calls,0,0.92329,0.11464
tel,private_calls,0,0.00370,0.01016
tel,private_calls,0,0.96322,0.12622
tel,private_calls,0,0.00368,0.01024
tel,private_calls,0,0.00367,0.01269
tel,private_calls,0,0.00481,0.03073
tel,private_calls,0,0.00372,0.01144
tel,private_calls,0,0.00368,0.00645
tel,private_calls,0,0.00366,0.00846
tel,private_calls,0,0.00373,0.00756
tel,private_calls,0,0.00369,0.00658
tel,private_calls,1,0.99220,0.93228
tel,private_calls,0,0.98318,0.72025
tel,private_calls,1,0.99101,0.76969
tel,private_calls,0,0.00377,0.00645
tel,private_calls,1,0.00415,0.72629
tel,private_calls,0,0.00372,0.00722
tel,private_calls,0,0.00373,0.01224
tel,private_calls,0,0.00367,0.00835
tel,private_calls,0,0.00383,0.01343
tel,private_calls,0,0.00368,0.00900
tel,private_calls,0,0.00371,0.00737
tel,private_calls,0,0.99106,0.58796
tel,private_calls,0,0.97927,0.06447
tel,private_calls,0,0.00626,0.02246
tel,private_calls,0,0.98672,0.18986
tel,private_calls,0,0.01323,0.04929
tel,private_calls,0,0.00367,0.01324
tel,private_calls,1,0.99161,0.88434
tel,private_calls,0,0.99147,0.12576
tel,private_calls,0,0.98460,0.10509
tel,private_calls,0,0.00380,0.00823
tel,private_calls,1,0.99241,0.96987
tel,private_calls,0,0.00394,0.01033
tel,private_calls,0,0.00372,0.00630
tel,private_calls,0,0.01227,0.04903
tel,private_calls,0,0.00548,0.04921
tel,private_calls,0,0.00374,0.01435
tel,private_calls,0,0.00415,0.02696
tel,private_calls,0,0.00369,0.00678
tel,private_calls,0,0.00365,0.00852
tel,private_calls,0,0.00370,0.01149
tel,private_calls,1,0.98620,0.45649
tel,private_calls,0,0.04888,0.04362
tel,private_calls,0,0.88156,0.01887
tel,private_calls,0,0.00415,0.00942
tel,private_calls,0,0.00385,0.01777
tel,private_calls,0,0.99150,0.87132
tel,private_calls,0,0.10022,0.01367
tel,private_calls,0,0.95837,0.09933
tel,private_calls,0,0.00362,0.00762
tel,private_calls,0,0.00411,0.01381
tel,private_calls,0,0.00367,0.00641
tel,private_calls,0,0.99213,0.14928
tel,private_calls,0,0.00379,0.01399
tel,private_calls,0,0.00375,0.00607
tel,private_calls,0,0.00376,0.00623
tel,private_calls,0,0.00394,0.00564
tel,private_calls,0,0.00581,0.06664
tel,private_calls,1,0.99177,0.98102
tel,private_calls,1,0.99206,0.98628
tel,private_calls,0,0.01110,0.02385
tel,private_calls,0,0.00752,0.01877
tel,private_calls,0,0.00388,0.01143
tel,private_calls,1,0.99047,0.84412
tel,private_calls,0,0.01305,0.13523
tel,private_calls,0,0.00631,0.01796
tel,private_calls,0,0.98771,0.02057
tel,private_calls,0,0.75251,0.14652
tel,private_calls,1,0.99210,0.95449
tel,private_calls,0,0.00365,0.00698
tel,private_calls,0,0.00370,0.00776
tel,private_calls,0,0.00363,0.00618
tel,private_calls,0,0.00370,0.00550
tel,private_calls,0,0.00367,0.00618
tel,private_calls,0,0.00386,0.00860
tel,private_calls,0,0.57699,0.04033
tel,private_calls,0,0.00368,0.00599
tel,private_calls,0,0.32134,0.08683
tel,private_calls,0,0.03880,0.09171
tel,private_calls,0,0.94055,0.14707
tel,private_calls,1,0.98814,0.71656
tel,private_calls,0,0.00437,0.00596
tel,private_calls,1,0.99061,0.51469
tel,private_calls,0,0.00365,0.00679
tel,private_calls,0,0.00535,0.02585
tel,private_calls,0,0.00373,0.00872
tel,private_calls,0,0.00412,0.01998
tel,private_calls,0,0.00365,0.00898
tel,private_calls,0,0.99120,0.09392
tel,private_calls,0,0.00367,0.00636
tel,private_calls,0,0.00405,0.00708
tel,private_calls,0,0.97201,0.03774
tel,private_calls,0,0.02649,0.02012
tel,private_calls,1,0.99252,0.98104
tel,private_calls,0,0.00365,0.00630
tel,private_calls,0,0.94851,0.44210
tel,private_calls,0,0.00367,0.00644
tel,private_calls,0,0.00368,0.01030
tel,private_calls,0,0.72629,0.01413
tel,private_calls,0,0.00369,0.00610
tel,private_calls,0,0.01030,0.02304
tel,private_calls,1,0.98679,0.75116
tel,private_calls,0,0.01793,0.05560
tel,private_calls,0,0.00377,0.00598
tel,private_calls,0,0.09376,0.05646
tel,private_calls,0,0.00362,0.00952
tel,private_calls,0,0.00466,0.01430
tel,private_calls,0,0.00394,0.00969
tel,private_calls,1,0.63257,0.75739
tel,private_calls,0,0.98822,0.06219
tel,private_calls,0,0.00424,0.01707
tel,private_calls,0,0.00378,0.00617
tel,private_calls,0,0.00371,0.00653
tel,private_calls,0,0.00419,0.01005
tel,private_calls,0,0.00396,0.03299
tel,private_calls,0,0.98993,0.68645
tel,private_calls,0,0.09175,0.01809
tel,private_calls,0,0.00372,0.00792
tel,private_calls,0,0.00401,0.01669
tel,private_calls,0,0.98708,0.13049
tel,private_calls,0,0.00381,0.00602
tel,private_calls,0,0.96644,0.73434
tel,private_calls,0,0.21475,0.38464
tel,private_calls,0,0.00950,0.00689
tel,private_calls,0,0.00372,0.00561
tel,private_calls,0,0.01712,0.01364
tel,private_calls,0,0.98075,0.02043
tel,private_calls,0,0.11198,0.02958
tel,private_calls,1,0.98913,0.91594
tel,private_calls,0,0.00391,0.01685
tel,private_calls,0,0.00371,0.00630
tel,private_calls,1,0.98809,0.80377
tel,private_calls,0,0.00376,0.00738
tel,private_calls,0,0.99235,0.95010
tel,private_calls,0,0.00391,0.00911
tel,private_calls,1,0.99051,0.67258
tel,private_calls,1,0.99211,0.97515
tel,private_calls,0,0.56087,0.20054
tel,private_calls,0,0.00382,0.00690
tel,private_calls,1,0.99207,0.96738
tel,private_calls,0,0.00407,0.01379
tel,private_calls,0,0.00370,0.00780
tel,private_calls,0,0.12766,0.02668
tel,private_calls,0,0.00372,0.00583
tel,private_calls,1,0.99154,0.92064
tel,private_calls,0,0.00395,0.00941
tel,private_calls,1,0.99227,0.95665
tel,private_calls,0,0.00372,0.00742
tel,private_calls,0,0.99125,0.12143
tel,private_calls,1,0.99243,0.95499
tel,private_calls,0,0.99197,0.10171
tel,private_calls,0,0.98125,0.07528
tel,private_calls,0,0.98895,0.02574
tel,private_calls,1,0.99237,0.95967
tel,private_calls,0,0.98860,0.20409
tel,private_calls,1,0.98641,0.39612
tel,private_calls,0,0.00393,0.01098
tel,private_calls,0,0.99229,0.23927
tel,private_calls,0,0.63179,0.07559
tel,private_calls,0,0.98973,0.14892
tel,private_calls,0,0.99023,0.09939
tel,private_calls,0,0.96120,0.03451
tel,private_calls,1,0.99113,0.90753
tel,private_calls,0,0.01131,0.01503
tel,private_calls,0,0.01797,0.04913
tel,private_calls,0,0.99092,0.05914
tel,private_calls,0,0.00377,0.00750
tel,private_calls,0,0.00549,0.01421
tel,private_calls,0,0.94593,0.08111
tel,private_calls,0,0.01604,0.02428
tel,private_calls,0,0.00361,0.00711
tel,private_calls,0,0.00378,0.00606
tel,private_calls,1,0.99148,0.95938
tel,private_calls,1,0.99205,0.91915
tel,private_calls,0,0.03291,0.02220
tel,private_calls,0,0.00391,0.00825
tel,private_calls,0,0.97634,0.02098
tel,private_calls,0,0.00385,0.01002
tel,private_calls,0,0.00400,0.01098
tel,private_calls,0,0.00532,0.01030
tel,private_calls,1,0.04330,0.76422
tel,private_calls,0,0.97963,0.12586
tel,private_calls,1,0.99219,0.97467
tel,private_calls,0,0.99214,0.95399
tel,private_calls,1,0.99191,0.96475
tel,private_calls,0,0.99214,0.31159
tel,private_calls,0,0.89074,0.01140
tel,private_calls,0,0.77377,0.03099
tel,private_calls,0,0.00386,0.01059
tel,private_calls,1,0.98978,0.92329
tel,private_calls,0,0.98291,0.09093
tel,private_calls,0,0.00378,0.01327
tel,private_calls,0,0.00378,0.01272
tel,private_calls,0,0.00568,0.02770
tel,private_calls,0,0.00420,0.04574
tel,private_calls,0,0.00622,0.12842
tel,private_calls,1,0.98857,0.69155
tel,private_calls,0,0.00374,0.00589
tel,private_calls,1,0.99161,0.97872
tel,private_calls,0,0.00399,0.01909
tel,private_calls,0,0.00372,0.00827
tel,private_calls,0,0.00378,0.00579
tel,private_calls,1,0.97155,0.44921
tel,private_calls,1,0.99136,0.90288
tel,private_calls,0,0.00744,0.08406
tel,private_calls,1,0.98553,0.54213
tel,private_calls,1,0.98799,0.55985
tel,private_calls,1,0.99234,0.95988
tel,private_calls,1,0.99172,0.95767
tel,private_calls,0,0.99254,0.34216
tel,private_calls,0,0.00395,0.00995
