language,dataset,label,smartturn_v3.2,base_int8_current,ft_int8,ft_fp32
ben,private_calls,0,0.33859,0.98956,0.26174,0.38425
ben,private_calls,1,0.88576,0.99165,0.91334,0.93116
ben,private_calls,0,0.59721,0.00406,0.03032,0.03757
ben,private_calls,1,0.95573,0.98966,0.17586,0.12425
ben,private_calls,1,0.44119,0.99242,0.42350,0.43787
ben,private_calls,0,0.40279,0.93321,0.08057,0.10480
ben,private_calls,1,0.95403,0.99049,0.62111,0.58699
ben,private_calls,1,0.27196,0.00413,0.01532,0.01950
ben,private_calls,1,0.94857,0.00531,0.02414,0.02713
ben,private_calls,0,0.88576,0.98954,0.73017,0.75345
ben,private_calls,0,0.17710,0.98289,0.02707,0.02269
ben,private_calls,0,0.92559,0.99180,0.18131,0.22383
ben,private_calls,0,0.97401,0.88397,0.28556,0.47466
ben,private_calls,1,0.87754,0.94766,0.15841,0.18087
ben,private_calls,1,0.54908,0.99114,0.88940,0.95926
ben,private_calls,0,0.23476,0.00389,0.01735,0.02632
ben,private_calls,0,0.80502,0.00378,0.00734,0.00704
ben,private_calls,1,0.97771,0.99191,0.77439,0.77803
ben,private_calls,0,0.94458,0.68326,0.10411,0.19106
ben,private_calls,0,0.30425,0.00397,0.02012,0.01985
ben,private_calls,0,0.06194,0.00510,0.02293,0.02897
ben,private_calls,0,0.86427,0.00380,0.01370,0.01793
ben,private_calls,1,0.43151,0.98504,0.47899,0.47207
ben,private_calls,1,0.89349,0.00518,0.03712,0.04561
ben,private_calls,0,0.02407,0.00381,0.00847,0.00873
ben,private_calls,1,0.16053,0.98554,0.43549,0.57414
ben,private_calls,1,0.97194,0.99061,0.82042,0.77966
ben,private_calls,0,0.75079,0.99216,0.42616,0.36636
ben,private_calls,0,0.38399,0.00445,0.01870,0.02142
ben,private_calls,1,0.98486,0.96905,0.11751,0.17020
ben,private_calls,1,0.51968,0.92270,0.35227,0.58565
ben,private_calls,0,0.29598,0.00385,0.00715,0.00575
ben,private_calls,1,0.73576,0.27560,0.23244,0.19596
ben,private_calls,0,0.01457,0.00366,0.00961,0.01111
ben,private_calls,0,0.13118,0.00391,0.02530,0.02425
ben,private_calls,0,0.01574,0.00412,0.01805,0.02681
ben,private_calls,0,0.82290,0.03888,0.03445,0.06640
ben,private_calls,1,0.96194,0.99102,0.54136,0.80189
ben,private_calls,0,0.02806,0.00376,0.00872,0.01151
ben,private_calls,0,0.85958,0.00394,0.01891,0.03563
ben,private_calls,0,0.06194,0.00413,0.03972,0.06733
ben,private_calls,0,0.20124,0.00381,0.02027,0.02084
ben,private_calls,1,0.95737,0.94993,0.20054,0.24152
ben,private_calls,0,0.08602,0.00380,0.05750,0.08460
ben,private_calls,1,0.93083,0.00521,0.01476,0.01537
ben,private_calls,0,0.59721,0.00376,0.00911,0.01043
ben,private_calls,1,0.96731,0.99220,0.91885,0.93546
ben,private_calls,0,0.98162,0.00932,0.02449,0.06310
ben,private_calls,0,0.95895,0.00506,0.08083,0.12028
ben,private_calls,0,0.86427,0.00421,0.01556,0.02997
ben,private_calls,0,0.01067,0.00371,0.00781,0.00645
ben,private_calls,0,0.02599,0.00368,0.00694,0.00552
ben,private_calls,1,0.92825,0.99177,0.94786,0.97064
ben,private_calls,1,0.96853,0.99111,0.57061,0.59898
ben,private_calls,1,0.33859,0.98610,0.24407,0.24526
ben,private_calls,0,0.96335,0.97147,0.37889,0.51961
ben,private_calls,0,0.90758,0.00882,0.14060,0.13722
ben,private_calls,0,0.22776,0.00379,0.01185,0.01579
ben,private_calls,1,0.97499,0.99171,0.56659,0.89932
ben,private_calls,0,0.65253,0.00379,0.01317,0.01460
ben,private_calls,1,0.59721,0.99205,0.72701,0.76176
ben,private_calls,0,0.64355,0.00424,0.02422,0.03876
ben,private_calls,0,0.00694,0.00372,0.00734,0.00727
ben,private_calls,0,0.94249,0.99238,0.97135,0.97036
ben,private_calls,0,0.31265,0.00385,0.00899,0.01103
ben,private_calls,1,0.87325,0.24350,0.03749,0.05965
ben,private_calls,0,0.07175,0.00373,0.00756,0.01068
ben,private_calls,1,0.98162,0.99006,0.17230,0.23016
ben,private_calls,0,0.02806,0.00424,0.02137,0.02534
ben,private_calls,0,0.07717,0.01118,0.01057,0.01452
ben,private_calls,0,0.42187,0.14438,0.13222,0.14913
ben,private_calls,0,0.22776,0.00374,0.00763,0.00797
ben,private_calls,1,0.92825,0.97709,0.26164,0.69574
ben,private_calls,0,0.63447,0.00377,0.00582,0.00461
ben,private_calls,1,0.46069,0.99170,0.97550,0.98576
ben,private_calls,0,0.94031,0.03761,0.08269,0.09230
ben,private_calls,0,0.08917,0.00375,0.00642,0.00563
ben,private_calls,0,0.00913,0.00373,0.00657,0.00579
ben,private_calls,0,0.95403,0.98510,0.05347,0.05835
ben,private_calls,1,0.04263,0.99027,0.72972,0.92521
ben,private_calls,1,0.97401,0.99254,0.98860,0.98960
ben,private_calls,0,0.95403,0.99164,0.40673,0.48510
ben,private_calls,0,0.98543,0.04313,0.08589,0.09822
ben,private_calls,1,0.97855,0.99042,0.66761,0.85265
ben,private_calls,1,0.97299,0.99145,0.93482,0.94618
ben,private_calls,0,0.32983,0.00373,0.00693,0.00582
ben,private_calls,1,0.98015,0.99211,0.96202,0.97449
ben,private_calls,1,0.97855,0.99242,0.79234,0.93175
ben,private_calls,0,0.98090,0.99252,0.68925,0.84048
ben,private_calls,0,0.88576,0.00368,0.01290,0.01462
ben,private_calls,1,0.45092,0.95198,0.25112,0.68735
ben,private_calls,0,0.65253,0.00754,0.11710,0.34125
ben,private_calls,0,0.00668,0.00367,0.00630,0.00633
ben,private_calls,0,0.96731,0.01835,0.13873,0.17708
ben,private_calls,0,0.92825,0.98685,0.86909,0.95205
ben,private_calls,0,0.67882,0.00369,0.01358,0.01290
ben,private_calls,1,0.45092,0.00572,0.01939,0.03220
ben,private_calls,0,0.09924,0.00393,0.01523,0.01723
ben,private_calls,0,0.51968,0.00516,0.01985,0.02142
ben,private_calls,1,0.97499,0.97690,0.49043,0.80080
ben,private_calls,0,0.89349,0.00372,0.00851,0.01324
ben,private_calls,1,0.98015,0.98452,0.46625,0.70783
ben,private_calls,1,0.98232,0.50270,0.31912,0.70930
ben,private_calls,1,0.98299,0.01114,0.09921,0.16312
ben,private_calls,0,0.79876,0.00425,0.03292,0.03068
ben,private_calls,0,0.04105,0.00369,0.00929,0.01174
ben,private_calls,0,0.00987,0.00369,0.02577,0.04857
ben,private_calls,1,0.91703,0.98588,0.86969,0.95815
ben,private_calls,1,0.65253,0.97768,0.91005,0.97747
ben,private_calls,1,0.62528,0.92440,0.79736,0.90664
ben,private_calls,1,0.96731,0.98897,0.96156,0.97766
ben,private_calls,1,0.79876,0.00588,0.09530,0.09239
ben,private_calls,1,0.96971,0.99123,0.97596,0.98186
ben,private_calls,0,0.06667,0.00371,0.00760,0.00787
ben,private_calls,0,0.21420,0.00373,0.00776,0.00728
ben,private_calls,0,0.05542,0.00376,0.02041,0.03263
ben,private_calls,0,0.94031,0.00367,0.00660,0.00663
ben,private_calls,0,0.77224,0.00366,0.00721,0.00740
ben,private_calls,0,0.32118,0.00373,0.01160,0.01059
ben,private_calls,0,0.03953,0.00373,0.00740,0.01114
ben,private_calls,1,0.97499,0.97150,0.51488,0.70391
ben,private_calls,0,0.02316,0.00377,0.00560,0.00382
ben,private_calls,1,0.62528,0.36370,0.11403,0.10689
ben,private_calls,1,0.69575,0.98936,0.35877,0.44430
ben,private_calls,0,0.35645,0.02496,0.10498,0.25261
ben,private_calls,1,0.61601,0.98124,0.88713,0.94288
ben,private_calls,1,0.95045,0.97639,0.57845,0.83626
ben,private_calls,1,0.92283,0.99004,0.57727,0.71383
ben,private_calls,0,0.31265,0.00382,0.00724,0.00810
ben,private_calls,1,0.96047,0.99005,0.86807,0.95803
ben,private_calls,1,0.97593,0.97627,0.55384,0.50584
ben,private_calls,0,0.97771,0.00384,0.00664,0.00717
ben,private_calls,1,0.97684,0.98679,0.57003,0.62122
ben,private_calls,0,0.55881,0.00417,0.02719,0.02943
ben,private_calls,1,0.97084,0.34479,0.14079,0.20998
ben,private_calls,1,0.97684,0.98227,0.19795,0.27055
ben,private_calls,0,0.55881,0.00381,0.00959,0.02957
ben,private_calls,0,0.51968,0.00379,0.00746,0.01946
ben,private_calls,1,0.82856,0.96858,0.42171,0.63717
ben,private_calls,1,0.91083,0.97585,0.90002,0.96043
ben,private_calls,0,0.00594,0.00383,0.00576,0.00445
ben,private_calls,0,0.78580,0.00438,0.02016,0.11794
ben,private_calls,1,0.85476,0.98019,0.77688,0.85746
ben,private_calls,1,0.97401,0.99089,0.34411,0.23918
ben,private_calls,1,0.98015,0.98382,0.67281,0.82492
ben,private_calls,0,0.00694,0.00384,0.00606,0.00571
ben,private_calls,1,0.94249,0.98797,0.57771,0.88138
ben,private_calls,0,0.65253,0.41236,0.07060,0.10678
ben,private_calls,0,0.90422,0.94737,0.11261,0.11242
ben,private_calls,0,0.61601,0.00427,0.03660,0.11644
ben,private_calls,0,0.29598,0.00380,0.00736,0.00849
ben,private_calls,0,0.95737,0.97746,0.39760,0.84277
ben,private_calls,1,0.96731,0.98865,0.44626,0.48308
ben,private_calls,1,0.98299,0.99177,0.87895,0.93794
ben,private_calls,1,0.95737,0.94652,0.26120,0.46336
ben,private_calls,0,0.98090,0.98815,0.12899,0.27865
ben,private_calls,1,0.90422,0.95946,0.15761,0.22730
ben,private_calls,0,0.34747,0.00457,0.02377,0.05174
ben,private_calls,0,0.97593,0.20705,0.10467,0.13874
ben,private_calls,0,0.93806,0.12875,0.31187,0.61093
ben,private_calls,0,0.95228,0.91660,0.17930,0.32042
ben,private_calls,1,0.97299,0.98685,0.85454,0.96111
ben,private_calls,1,0.92825,0.99165,0.94105,0.95356
ben,private_calls,1,0.96853,0.99159,0.80495,0.92699
ben,private_calls,0,0.97855,0.98824,0.51375,0.62571
ben,private_calls,0,0.15020,0.00417,0.02194,0.03719
ben,private_calls,0,0.94857,0.99161,0.93753,0.94592
ben,private_calls,0,0.00549,0.00383,0.00656,0.00692
ben,private_calls,1,0.98704,0.98647,0.08800,0.25285
ben,private_calls,1,0.98704,0.98932,0.88450,0.97442
ben,private_calls,1,0.97771,0.99160,0.97687,0.98858
ben,private_calls,0,0.72804,0.01015,0.04598,0.14014
ben,private_calls,0,0.00949,0.00388,0.00573,0.00425
ben,private_calls,1,0.98090,0.99106,0.90853,0.95644
ben,private_calls,1,0.42187,0.99220,0.93804,0.94879
ben,private_calls,0,0.95737,0.00404,0.01490,0.01814
ben,private_calls,1,0.95403,0.98033,0.42372,0.62341
ben,private_calls,1,0.94249,0.99235,0.93763,0.96400
ben,private_calls,1,0.98364,0.99205,0.96872,0.97423
ben,private_calls,0,0.17710,0.00447,0.04055,0.07498
ben,private_calls,0,0.92559,0.00380,0.00935,0.01036
ben,private_calls,0,0.34747,0.00385,0.00812,0.00963
ben,private_calls,0,0.73576,0.00421,0.02753,0.08155
ben,private_calls,1,0.97299,0.99229,0.90222,0.91867
ben,private_calls,1,0.97401,0.98706,0.76314,0.86398
ben,private_calls,1,0.98299,0.99019,0.92903,0.96143
ben,private_calls,0,0.91083,0.99101,0.80777,0.86777
ben,private_calls,0,0.87325,0.98108,0.09426,0.19689
ben,private_calls,1,0.98426,0.99218,0.95674,0.95990
ben,private_calls,1,0.97937,0.98528,0.87090,0.92948
ben,private_calls,1,0.75809,0.98647,0.74641,0.94563
ben,private_calls,0,0.70402,0.00382,0.01221,0.01999
ben,private_calls,1,0.97771,0.98579,0.80059,0.74497
ben,private_calls,0,0.36553,0.00399,0.02012,0.03910
ben,private_calls,0,0.07717,0.00417,0.01220,0.01317
ben,private_calls,1,0.97771,0.98692,0.46890,0.72646
ben,private_calls,1,0.75079,0.02277,0.20080,0.32267
ben,private_calls,0,0.50985,0.00373,0.01138,0.01133
ben,private_calls,0,0.64355,0.00376,0.01015,0.01485
ben,private_calls,0,0.75079,0.00442,0.03657,0.05083
ben,private_calls,1,0.91083,0.94709,0.46403,0.77441
ben,private_calls,1,0.96472,0.99209,0.89273,0.95872
ben,private_calls,1,0.97084,0.99231,0.56821,0.50631
ben,private_calls,0,0.65253,0.00479,0.01953,0.03462
ben,private_calls,0,0.98015,0.99138,0.10056,0.24415
ben,private_calls,1,0.96604,0.99068,0.59890,0.81705
ben,private_calls,0,0.98162,0.00395,0.00933,0.00684
ben,private_calls,1,0.65253,0.00527,0.02053,0.01858
ben,private_calls,0,0.95045,0.98895,0.27058,0.32159
ben,private_calls,1,0.97194,0.39793,0.06169,0.05282
ben,private_calls,0,0.82856,0.00579,0.05576,0.07775
ben,private_calls,1,0.94857,0.99195,0.93182,0.94417
ben,private_calls,1,0.94458,0.99232,0.96012,0.97837
ben,private_calls,0,0.96971,0.95196,0.17887,0.35962
ben,private_calls,0,0.95045,0.98877,0.85155,0.82691
ben,private_calls,0,0.96335,0.48639,0.05490,0.07106
ben,private_calls,0,0.98933,0.99252,0.89739,0.87041
ben,private_calls,0,0.97593,0.98992,0.69956,0.52129
ben,private_calls,1,0.98232,0.99239,0.95758,0.97683
ben,private_calls,1,0.98543,0.99132,0.73309,0.83476
ben,private_calls,1,0.94661,0.90610,0.25227,0.34130
ben,private_calls,0,0.98015,0.31379,0.08957,0.09177
ben,private_calls,0,0.79235,0.01495,0.03861,0.04555
ben,private_calls,0,0.95737,0.99115,0.32921,0.56165
ben,private_calls,1,0.97299,0.99238,0.98625,0.98737
ben,private_calls,0,0.81112,0.00397,0.01165,0.01192
ben,private_calls,0,0.93806,0.16217,0.13480,0.13713
ben,private_calls,1,0.95895,0.98985,0.93393,0.95997
ben,private_calls,1,0.98299,0.98707,0.77988,0.94790
ben,private_calls,1,0.97684,0.01442,0.01969,0.02076
ben,private_calls,0,0.96472,0.96990,0.37579,0.46184
ben,private_calls,1,0.92283,0.98035,0.11487,0.15373
ben,private_calls,0,0.97684,0.00385,0.01471,0.01762
ben,private_calls,1,0.98652,0.99211,0.97872,0.98476
ben,private_calls,1,0.94857,0.98076,0.96290,0.98386
ben,private_calls,0,0.22091,0.00380,0.01933,0.03088
ben,private_calls,0,0.18292,0.00377,0.01217,0.01348
ben,private_calls,0,0.54908,0.00385,0.01328,0.02321
ben,private_calls,1,0.96194,0.96856,0.39676,0.48474
ben,private_calls,1,0.97771,0.98872,0.96266,0.97920
ben,private_calls,0,0.96194,0.00421,0.01455,0.01881
ben,private_calls,0,0.45092,0.00378,0.00732,0.00666
ben,private_calls,1,0.98232,0.99183,0.98632,0.98907
ben,private_calls,0,0.11424,0.00399,0.01509,0.02162
ben,private_calls,0,0.15530,0.00371,0.00992,0.01352
ben,private_calls,1,0.93574,0.99142,0.74832,0.83872
ben,private_calls,0,0.13118,0.00377,0.01075,0.01225
ben,private_calls,0,0.05143,0.00379,0.01635,0.02218
ben,private_calls,0,0.17710,0.01204,0.15712,0.22458
ben,private_calls,0,0.51968,0.02499,0.04810,0.05154
ben,private_calls,1,0.98015,0.99184,0.97360,0.97892
ben,private_calls,0,0.81708,0.00381,0.01268,0.01492
ben,private_calls,0,0.89349,0.04410,0.09825,0.13361
ben,private_calls,0,0.96472,0.70224,0.07473,0.07541
ben,private_calls,0,0.58770,0.00411,0.03421,0.02738
ben,private_calls,0,0.00913,0.00371,0.00948,0.01062
ben,private_calls,0,0.71216,0.00374,0.00718,0.00548
ben,private_calls,1,0.94458,0.99040,0.94382,0.94497
ben,private_calls,1,0.98426,0.99249,0.69467,0.89518
ben,private_calls,1,0.95228,0.98966,0.58337,0.69436
ben,private_calls,0,0.95228,0.99159,0.07861,0.11437
ben,private_calls,1,0.98232,0.99214,0.95734,0.96127
ben,private_calls,1,0.97593,0.99200,0.98667,0.98923
ben,private_calls,0,0.95573,0.85252,0.13639,0.28741
ben,private_calls,1,0.87754,0.98100,0.16379,0.14288
ben,private_calls,0,0.95737,0.00404,0.00756,0.00746
ben,private_calls,0,0.98364,0.99057,0.61285,0.69542
ben,private_calls,0,0.95228,0.00375,0.00925,0.01054
ben,private_calls,0,0.54908,0.00371,0.00812,0.00710
ben,private_calls,0,0.79235,0.00374,0.01133,0.01761
ben,private_calls,0,0.96853,0.00385,0.01845,0.02865
ben,private_calls,0,0.95403,0.02173,0.06505,0.04215
ben,private_calls,0,0.17710,0.00375,0.01000,0.01098
ben,private_calls,0,0.87325,0.00377,0.01366,0.02253
ben,private_calls,0,0.64355,0.21934,0.09659,0.16187
ben,private_calls,0,0.97401,0.95012,0.45664,0.26739
ben,private_calls,0,0.98704,0.00372,0.00889,0.00855
ben,private_calls,0,0.77224,0.00414,0.03448,0.04414
ben,private_calls,1,0.97855,0.99199,0.98151,0.98630
ben,private_calls,0,0.94458,0.00386,0.02423,0.03455
ben,private_calls,0,0.44119,0.00383,0.01444,0.01486
ben,private_calls,0,0.91703,0.98742,0.50350,0.55244
ben,private_calls,1,0.98162,0.98710,0.94450,0.97275
ben,private_calls,1,0.97401,0.43854,0.02917,0.02700
ben,private_calls,0,0.97194,0.83979,0.03832,0.07870
ben,private_calls,0,0.13573,0.00381,0.00726,0.00595
ben,private_calls,1,0.93806,0.98762,0.07875,0.10620
ben,private_calls,0,0.84470,0.00548,0.00873,0.01253
ben,private_calls,0,0.96604,0.99130,0.25412,0.53275
ben,private_calls,0,0.84470,0.02144,0.01735,0.01943
ben,private_calls,0,0.66141,0.00374,0.00690,0.00550
ben,private_calls,1,0.96731,0.01814,0.06078,0.09976
ben,private_calls,0,0.74335,0.98715,0.31873,0.31115
ben,private_calls,0,0.93083,0.98001,0.14703,0.12005
ben,private_calls,0,0.48032,0.00390,0.01617,0.01575
ben,private_calls,1,0.98015,0.99223,0.96830,0.97618
ben,private_calls,1,0.92825,0.98420,0.45503,0.49361
ben,private_calls,1,0.84470,0.00752,0.02393,0.02843
ben,private_calls,0,0.93574,0.04057,0.07131,0.07084
ben,private_calls,1,0.96047,0.97094,0.61002,0.85898
ben,private_calls,1,0.83947,0.19578,0.27046,0.44952
ben,private_calls,0,0.45092,0.01423,0.04990,0.03900
ben,private_calls,1,0.98162,0.99192,0.97756,0.98414
ben,private_calls,0,0.93333,0.00431,0.03344,0.04594
ben,private_calls,1,0.98364,0.99211,0.97525,0.97719
ben,private_calls,1,0.96971,0.98251,0.11036,0.16876
ben,private_calls,1,0.94661,0.00584,0.01732,0.01896
ben,private_calls,1,0.95403,0.99025,0.84546,0.92664
ben,private_calls,1,0.95228,0.98983,0.54403,0.73929
ben,private_calls,0,0.96194,0.00928,0.02533,0.02543
ben,private_calls,1,0.70402,0.62047,0.05375,0.05953
ben,private_calls,0,0.46069,0.41382,0.07329,0.07022
ben,private_calls,0,0.93083,0.00372,0.00956,0.00768
ben,private_calls,1,0.96971,0.28723,0.16821,0.22220
ben,private_calls,1,0.91398,0.99094,0.18941,0.23295
ben,private_calls,0,0.05751,0.00372,0.00735,0.00739
ben,private_calls,0,0.97499,0.01275,0.18535,0.42830
ben,private_calls,1,0.96853,0.99213,0.30184,0.40767
ben,private_calls,1,0.98364,0.99126,0.58889,0.74458
ben,private_calls,0,0.94661,0.00492,0.03336,0.03694
ben,private_calls,0,0.97299,0.98573,0.72563,0.85957
ben,private_calls,0,0.04772,0.00369,0.00739,0.00548
ben,private_calls,0,0.89349,0.00369,0.00805,0.00735
ben,private_calls,0,0.72017,0.00365,0.00730,0.00769
ben,private_calls,1,0.97499,0.99175,0.81508,0.87766
ben,private_calls,1,0.97593,0.97446,0.62117,0.86319
ben,private_calls,1,0.97401,0.54616,0.40086,0.58513
ben,private_calls,0,0.97084,0.00430,0.02833,0.05193
ben,private_calls,0,0.94458,0.93659,0.50086,0.60651
ben,private_calls,1,0.97499,0.98912,0.92139,0.93361
ben,private_calls,0,0.95403,0.00545,0.02189,0.03178
ben,private_calls,1,0.98090,0.99162,0.96381,0.96758
ben,private_calls,1,0.96335,0.99197,0.71885,0.88894
ben,private_calls,0,0.74335,0.00531,0.06210,0.06821
ben,private_calls,0,0.95228,0.00912,0.01841,0.02104
ben,private_calls,1,0.88171,0.98975,0.29642,0.42167
ben,private_calls,0,0.92559,0.98703,0.64620,0.89889
ben,private_calls,1,0.96047,0.99191,0.96723,0.98347
ben,private_calls,0,0.97084,0.98999,0.13716,0.25479
ben,private_calls,0,0.87325,0.00369,0.01186,0.01204
ben,private_calls,0,0.83947,0.00443,0.01626,0.02314
ben,private_calls,0,0.97194,0.11377,0.02192,0.02474
ben,private_calls,1,0.96971,0.98940,0.92094,0.97002
ben,private_calls,1,0.97499,0.99145,0.92810,0.93458
ben,private_calls,0,0.88968,0.00375,0.01041,0.01441
ben,private_calls,1,0.94857,0.97614,0.78134,0.68952
ben,private_calls,0,0.98543,0.98464,0.74641,0.82497
ben,private_calls,1,0.67882,0.00380,0.00868,0.01254
ben,private_calls,0,0.04427,0.00392,0.00830,0.01044
ben,private_calls,0,0.47049,0.00886,0.06570,0.03869
ben,private_calls,1,0.98299,0.99082,0.72731,0.85839
ben,private_calls,0,0.95228,0.98657,0.11685,0.15948
ben,private_calls,0,0.98162,0.98928,0.86695,0.92459
ben,private_calls,0,0.96731,0.01697,0.02377,0.03445
ben,private_calls,1,0.97855,0.99217,0.97744,0.98146
ben,private_calls,1,0.97299,0.99054,0.91068,0.92977
ben,private_calls,0,0.97194,0.02161,0.10088,0.19820
ben,private_calls,1,0.96472,0.99175,0.91596,0.95342
ben,private_calls,1,0.95228,0.99050,0.70805,0.90158
ben,private_calls,1,0.98299,0.98543,0.23007,0.15010
ben,private_calls,0,0.33859,0.00382,0.02694,0.02200
ben,private_calls,1,0.27196,0.98591,0.08192,0.14957
ben,private_calls,1,0.92559,0.92729,0.66703,0.84185
ben,private_calls,0,0.98801,0.98703,0.96907,0.98077
ben,private_calls,0,0.92559,0.99101,0.96490,0.97080
ben,private_calls,0,0.10651,0.00450,0.01083,0.01940
ben,private_calls,0,0.96472,0.14380,0.09355,0.13673
ben,private_calls,0,0.98090,0.16948,0.08199,0.10671
ben,private_calls,0,0.54908,0.98080,0.92925,0.97607
ben,private_calls,1,0.96604,0.90139,0.36580,0.38603
ben,private_calls,0,0.04427,0.00367,0.00844,0.00732
ben,private_calls,0,0.84980,0.98751,0.49423,0.78329
ben,private_calls,0,0.27983,0.00362,0.00882,0.00817
ben,private_calls,1,0.95895,0.98486,0.22781,0.19354
ben,private_calls,0,0.08003,0.00362,0.00995,0.01260
ben,private_calls,1,0.86882,0.96778,0.16480,0.27517
ben,private_calls,1,0.96971,0.97509,0.87804,0.91824
ben,private_calls,0,0.88576,0.00376,0.00783,0.01068
ben,private_calls,0,0.35645,0.00490,0.01565,0.02401
ben,private_calls,1,0.90422,0.96256,0.49231,0.88210
ben,private_calls,0,0.89718,0.00624,0.10520,0.21698
ben,private_calls,1,0.97855,0.99230,0.97762,0.98224
ben,private_calls,0,0.96335,0.92431,0.32263,0.47606
ben,private_calls,0,0.94249,0.99104,0.93841,0.97730
ben,private_calls,0,0.15020,0.00373,0.00836,0.00836
ben,private_calls,1,0.97299,0.99206,0.96878,0.97910
ben,private_calls,0,0.97771,0.98974,0.50675,0.79510
ben,private_calls,0,0.95228,0.15913,0.16247,0.30460
ben,private_calls,0,0.01247,0.00375,0.00814,0.00833
ben,private_calls,0,0.96047,0.98892,0.26543,0.40940
ben,private_calls,1,0.96731,0.99185,0.96808,0.98541
ben,private_calls,0,0.98426,0.99145,0.97215,0.98432
ben,private_calls,0,0.98232,0.98353,0.18047,0.50453
ben,private_calls,0,0.96335,0.01040,0.01032,0.01729
ben,private_calls,1,0.96047,0.99191,0.94839,0.89603
ben,private_calls,0,0.33859,0.00368,0.00816,0.00844
ben,private_calls,0,0.98232,0.98427,0.80505,0.85030
ben,private_calls,0,0.03147,0.00374,0.00829,0.00870
ben,private_calls,1,0.95403,0.98902,0.87644,0.86474
ben,private_calls,0,0.75079,0.00378,0.00863,0.01168
ben,private_calls,1,0.96731,0.98311,0.72679,0.89883
ben,private_calls,0,0.90758,0.99031,0.77942,0.52465
ben,private_calls,1,0.97684,0.99132,0.97314,0.97263
ben,private_calls,0,0.36553,0.10095,0.04990,0.16960
ben,private_calls,0,0.00571,0.00368,0.00720,0.00630
ben,private_calls,1,0.96971,0.00407,0.01794,0.02256
ben,private_calls,1,0.98364,0.98853,0.85802,0.76033
ben,private_calls,1,0.96971,0.99121,0.95875,0.93825
ben,private_calls,1,0.90758,0.99088,0.98343,0.98868
ben,private_calls,0,0.73576,0.00383,0.01025,0.01478
ben,private_calls,1,0.95737,0.99190,0.54163,0.63432
ben,private_calls,0,0.07441,0.00375,0.00718,0.00565
ben,private_calls,1,0.94249,0.00813,0.23236,0.21488
ben,private_calls,1,0.98015,0.99236,0.72795,0.75549
ben,private_calls,1,0.96472,0.00416,0.01606,0.02422
ben,private_calls,1,0.97499,0.99037,0.60704,0.87826
ben,private_calls,0,0.00812,0.00375,0.00691,0.00525
ben,private_calls,1,0.47049,0.62714,0.02561,0.04313
ben,private_calls,1,0.84980,0.98829,0.14432,0.15944
ben,private_calls,1,0.94661,0.99192,0.31845,0.39030
ben,private_calls,0,0.90076,0.01433,0.04375,0.06944
ben,private_calls,1,0.97593,0.98978,0.08991,0.12901
ben,private_calls,1,0.95573,0.99230,0.92645,0.95696
ben,private_calls,1,0.98015,0.99161,0.54198,0.71152
ben,private_calls,1,0.91083,0.10842,0.07024,0.11147
ben,private_calls,1,0.97499,0.99249,0.93109,0.94951
ben,private_calls,0,0.56849,0.00530,0.01641,0.01864
ben,private_calls,1,0.18888,0.00575,0.02378,0.02503
ben,private_calls,0,0.91398,0.00378,0.01367,0.02010
ben,private_calls,0,0.81708,0.00412,0.02350,0.02401
ben,private_calls,0,0.70402,0.00541,0.02157,0.03121
ben,private_calls,1,0.96194,0.10407,0.14478,0.22037
ben,private_calls,0,0.77224,0.00587,0.01881,0.01840
ben,private_calls,1,0.88968,0.00874,0.01218,0.02910
ben,private_calls,0,0.72017,0.31126,0.03573,0.05164
ben,private_calls,0,0.90076,0.99109,0.41305,0.50972
ben,private_calls,0,0.95573,0.99125,0.72686,0.87097
ben,private_calls,1,0.95573,0.00670,0.10196,0.10863
ben,private_calls,1,0.88968,0.00370,0.01256,0.02726
ben,private_calls,0,0.95403,0.00369,0.00823,0.00855
ben,private_calls,0,0.95573,0.38865,0.02239,0.05285
ben,private_calls,1,0.96731,0.99183,0.92390,0.97051
ben,private_calls,1,0.89718,0.00416,0.01532,0.02361
ben,private_calls,0,0.07717,0.01324,0.07305,0.12427
ben,private_calls,0,0.94031,0.00380,0.01196,0.01306
ben,private_calls,1,0.77224,0.64444,0.19625,0.27576
ben,private_calls,1,0.98299,0.00394,0.01584,0.02314
ben,private_calls,1,0.96194,0.99233,0.94078,0.96715
ben,private_calls,0,0.16591,0.00367,0.01082,0.01119
ben,private_calls,0,0.02316,0.00374,0.00787,0.00786
ben,private_calls,1,0.91703,0.98670,0.27983,0.60456
ben,private_calls,0,0.67017,0.00367,0.02120,0.03316
ben,private_calls,0,0.97684,0.98868,0.10336,0.19106
ben,private_calls,0,0.95228,0.00475,0.02791,0.04671
ben,private_calls,0,0.00751,0.00388,0.00852,0.00885
ben,private_calls,1,0.75079,0.00373,0.00916,0.01267
ben,private_calls,0,0.57813,0.00370,0.01349,0.02482
ben,private_calls,1,0.96335,0.80773,0.31614,0.50755
ben,private_calls,1,0.94458,0.99180,0.94820,0.98480
ben,private_calls,0,0.37472,0.00377,0.01615,0.02192
ben,private_calls,0,0.90422,0.04221,0.07090,0.18471
ben,private_calls,0,0.19498,0.92456,0.50658,0.46662
ben,private_calls,0,0.58770,0.00410,0.02865,0.03170
ben,private_calls,1,0.93574,0.99198,0.83897,0.84003
ben,private_calls,0,0.82290,0.00391,0.02017,0.03260
ben,private_calls,0,0.95573,0.12222,0.21940,0.60051
ben,private_calls,0,0.98015,0.00711,0.01509,0.02103
ben,private_calls,0,0.02063,0.00378,0.00660,0.00602
ben,private_calls,1,0.94249,0.96977,0.34087,0.54158
ben,private_calls,1,0.91398,0.99214,0.56102,0.73195
ben,private_calls,0,0.08297,0.00381,0.00738,0.00895
ben,private_calls,1,0.93333,0.98561,0.18757,0.36483
ben,private_calls,1,0.08602,0.97887,0.52186,0.78430
ben,private_calls,0,0.00618,0.00384,0.00914,0.01846
ben,private_calls,0,0.00781,0.00952,0.06101,0.32507
ben,private_calls,1,0.41230,0.47223,0.09264,0.11637
ben,private_calls,1,0.96604,0.99176,0.66686,0.96421
ben,private_calls,1,0.97084,0.78560,0.28689,0.78532
ben,private_calls,0,0.22776,0.00399,0.01462,0.01673
ben,private_calls,1,0.75809,0.98250,0.19047,0.52253
ben,private_calls,0,0.06426,0.00376,0.00825,0.00759
ben,private_calls,0,0.61601,0.84647,0.24563,0.64030
ben,private_calls,0,0.80502,0.03152,0.02904,0.05843
ben,private_calls,0,0.31265,0.04551,0.04734,0.18570
ben,private_calls,0,0.10282,0.27797,0.07941,0.09062
ben,private_calls,0,0.94031,0.78196,0.50729,0.96150
ben,private_calls,1,0.88576,0.99068,0.96992,0.98214
ben,private_calls,1,0.98232,0.99194,0.98219,0.98556
ben,private_calls,1,0.85476,0.01703,0.09838,0.21023
ben,private_calls,0,0.97499,0.00426,0.02901,0.18372
ben,private_calls,1,0.95737,0.63500,0.16003,0.35024
ben,private_calls,1,0.66141,0.92542,0.59400,0.95131
ben,private_calls,1,0.95573,0.98917,0.35869,0.58171
ben,private_calls,0,0.27983,0.00383,0.01255,0.01942
ben,private_calls,1,0.95403,0.99045,0.65224,0.87209
ben,private_calls,1,0.96731,0.98555,0.93108,0.97941
ben,private_calls,0,0.94249,0.97819,0.55925,0.96370
ben,private_calls,0,0.07717,0.00371,0.00670,0.00557
ben,private_calls,1,0.97401,0.98993,0.95860,0.98059
ben,private_calls,1,0.95045,0.95531,0.87989,0.93807
ben,private_calls,1,0.98162,0.98945,0.95861,0.97087
ben,private_calls,0,0.62528,0.00611,0.09131,0.19067
ben,private_calls,0,0.97401,0.97860,0.53644,0.86113
ben,private_calls,1,0.76524,0.95837,0.51355,0.90220
ben,private_calls,1,0.87754,0.96432,0.88280,0.95205
ben,private_calls,1,0.68735,0.99253,0.94748,0.98419
ben,private_calls,0,0.61601,0.30388,0.34958,0.54517
ben,private_calls,0,0.88576,0.96936,0.64032,0.91723
ben,private_calls,1,0.86882,0.99241,0.98721,0.99016
ben,private_calls,0,0.90422,0.01336,0.06490,0.08881
ben,private_calls,0,0.91703,0.97313,0.69162,0.91362
ben,private_calls,1,0.96335,0.94156,0.35364,0.55854
ben,private_calls,0,0.74335,0.02360,0.05424,0.22319
ben,private_calls,0,0.91083,0.96980,0.46676,0.63016
ben,private_calls,0,0.62528,0.00387,0.00895,0.01702
ben,private_calls,0,0.98232,0.86120,0.22577,0.26098
ben,private_calls,1,0.69575,0.99081,0.95119,0.97131
ben,private_calls,0,0.84980,0.99069,0.90251,0.93065
ben,private_calls,1,0.90422,0.99012,0.85770,0.92327
ben,private_calls,0,0.77224,0.00385,0.01104,0.01922
ben,private_calls,0,0.73576,0.00386,0.00896,0.01400
ben,private_calls,1,0.86427,0.99179,0.97527,0.98008
ben,private_calls,1,0.98015,0.99170,0.87506,0.91664
ben,private_calls,0,0.52951,0.00381,0.00588,0.00566
ben,private_calls,0,0.07717,0.08332,0.08824,0.12947
ben,private_calls,0,0.01574,0.00384,0.00643,0.00719
ben,private_calls,1,0.92559,0.98771,0.96173,0.97009
ben,private_calls,0,0.03396,0.00386,0.00523,0.00396
ben,private_calls,0,0.77909,0.00388,0.01187,0.03084
ben,private_calls,0,0.93574,0.00437,0.05215,0.12444
ben,private_calls,0,0.93083,0.97839,0.62854,0.78574
ben,private_calls,1,0.52951,0.00458,0.03368,0.19441
ben,private_calls,0,0.62528,0.99083,0.95190,0.96805
ben,private_calls,1,0.73576,0.00499,0.01586,0.03553
ben,private_calls,1,0.38399,0.02104,0.05383,0.13662
ben,private_calls,0,0.03665,0.00385,0.00909,0.00944
ben,private_calls,1,0.94857,0.98980,0.76204,0.91411
ben,private_calls,0,0.02145,0.00381,0.00665,0.00896
ben,private_calls,0,0.01701,0.00381,0.00664,0.01088
ben,private_calls,0,0.22776,0.98074,0.18938,0.25304
ben,private_calls,0,0.02145,0.00388,0.00851,0.00901
ben,private_calls,0,0.94857,0.00386,0.00777,0.01445
ben,private_calls,0,0.04263,0.00387,0.00668,0.01170
ben,private_calls,1,0.90076,0.60494,0.22073,0.59514
ben,private_calls,0,0.01067,0.00400,0.00709,0.01250
ben,private_calls,0,0.88576,0.97889,0.39527,0.48624
ben,private_calls,0,0.01574,0.00382,0.00595,0.00711
ben,private_calls,0,0.95228,0.96944,0.43235,0.78846
ben,private_calls,1,0.97084,0.96061,0.27277,0.51664
ben,private_calls,0,0.02501,0.00797,0.02275,0.04145
ben,private_calls,0,0.00722,0.00390,0.00600,0.00574
ben,private_calls,0,0.04105,0.70819,0.02376,0.02561
ben,private_calls,1,0.38399,0.02016,0.07002,0.21887
ben,private_calls,0,0.79876,0.00391,0.00547,0.00557
ben,private_calls,1,0.82290,0.99215,0.91596,0.96414
ben,private_calls,0,0.02916,0.10281,0.05488,0.09928
ben,private_calls,1,0.20124,0.99080,0.32097,0.36816
ben,private_calls,1,0.96335,0.00385,0.00898,0.01536
ben,private_calls,1,0.84470,0.04164,0.09218,0.18087
ben,private_calls,0,0.98162,0.99190,0.96287,0.97701
ben,private_calls,0,0.00781,0.00387,0.00581,0.00415
ben,private_calls,1,0.90758,0.98933,0.81975,0.85599
ben,private_calls,1,0.95228,0.54902,0.46168,0.79035
ben,private_calls,0,0.05542,0.00383,0.00723,0.00916
ben,private_calls,0,0.90758,0.01216,0.08225,0.17652
ben,private_calls,0,0.32983,0.00401,0.03202,0.05840
ben,private_calls,0,0.75809,0.00386,0.00552,0.00594
ben,private_calls,1,0.96194,0.99197,0.97332,0.98137
ben,private_calls,0,0.91703,0.00770,0.02653,0.04219
ben,private_calls,1,0.95573,0.00404,0.01854,0.02410
ben,private_calls,0,0.18888,0.00419,0.01267,0.01052
ben,private_calls,0,0.87325,0.00414,0.01856,0.02652
ben,private_calls,0,0.03953,0.00382,0.01328,0.02523
ben,private_calls,0,0.04105,0.00386,0.00612,0.00522
ben,private_calls,1,0.18292,0.98706,0.57805,0.88709
ben,private_calls,1,0.91997,0.73982,0.18229,0.37891
ben,private_calls,0,0.85958,0.00376,0.00650,0.00436
ben,private_calls,0,0.00781,0.00370,0.00918,0.01001
ben,private_calls,0,0.02407,0.00366,0.00777,0.01116
ben,private_calls,0,0.96047,0.99116,0.85064,0.87621
ben,private_calls,0,0.02063,0.00364,0.00697,0.00740
ben,private_calls,0,0.23476,0.00364,0.00813,0.01709
ben,private_calls,0,0.03665,0.00377,0.00620,0.00622
ben,private_calls,0,0.91398,0.00389,0.01545,0.01868
ben,private_calls,1,0.61601,0.85087,0.07701,0.09805
ben,private_calls,1,0.51968,0.98585,0.46103,0.70611
ben,private_calls,0,0.67882,0.99065,0.53952,0.61076
ben,private_calls,1,0.96731,0.02098,0.02054,0.03289
ben,private_calls,1,0.53931,0.99104,0.18960,0.33596
ben,private_calls,1,0.81112,0.99165,0.52267,0.53573
ben,private_calls,0,0.00694,0.00366,0.00600,0.00446
ben,private_calls,1,0.93083,0.99223,0.97200,0.97798
ben,private_calls,1,0.85476,0.83346,0.38143,0.65486
ben,private_calls,1,0.76524,0.99232,0.23762,0.44482
ben,private_calls,1,0.96853,0.99186,0.96850,0.97662
ben,private_calls,1,0.96335,0.99202,0.89976,0.91946
ben,private_calls,0,0.02701,0.00380,0.00762,0.01067
ben,private_calls,0,0.84470,0.00368,0.00723,0.01097
ben,private_calls,1,0.84980,0.52516,0.09093,0.17917
ben,private_calls,1,0.79235,0.00369,0.00905,0.02702
ben,private_calls,1,0.97937,0.99178,0.96770,0.97770
ben,private_calls,1,0.92283,0.99220,0.97357,0.98104
ben,private_calls,0,0.96472,0.99168,0.89569,0.68594
ben,private_calls,1,0.97499,0.98757,0.47373,0.57099
ben,private_calls,0,0.31265,0.00368,0.00702,0.01039
ben,private_calls,1,0.04772,0.98834,0.62562,0.85917
ben,private_calls,1,0.97194,0.99047,0.94821,0.97116
ben,private_calls,1,0.97401,0.98905,0.87570,0.82984
ben,private_calls,1,0.41230,0.99152,0.83238,0.75397
ben,private_calls,0,0.01247,0.00363,0.00753,0.00761
ben,private_calls,0,0.65253,0.98803,0.23527,0.20426
ben,private_calls,0,0.02501,0.00468,0.06256,0.11892
ben,private_calls,1,0.91703,0.00376,0.01157,0.01811
ben,private_calls,1,0.98015,0.98168,0.41375,0.64681
ben,private_calls,1,0.98232,0.99211,0.87204,0.84916
ben,private_calls,0,0.00618,0.00367,0.00602,0.00460
ben,private_calls,1,0.96472,0.99182,0.98597,0.98898
ben,private_calls,1,0.97084,0.99207,0.96288,0.96089
ben,private_calls,1,0.92559,0.99153,0.81784,0.95800
ben,private_calls,1,0.88576,0.60774,0.17305,0.24277
ben,private_calls,1,0.96731,0.99170,0.98610,0.98920
ben,private_calls,0,0.93574,0.00409,0.01709,0.04446
ben,private_calls,1,0.96335,0.96886,0.50027,0.79398
ben,private_calls,1,0.94857,0.98822,0.68688,0.90138
ben,private_calls,0,0.91997,0.17448,0.13356,0.16328
ben,private_calls,0,0.22776,0.00368,0.00714,0.00748
ben,private_calls,0,0.76524,0.00674,0.02661,0.07364
ben,private_calls,0,0.96335,0.00370,0.01046,0.01301
ben,private_calls,0,0.94249,0.99091,0.37436,0.62639
ben,private_calls,0,0.08602,0.00498,0.03098,0.03666
ben,private_calls,0,0.92283,0.98361,0.42035,0.56716
ben,private_calls,0,0.93806,0.96416,0.20478,0.33165
ben,private_calls,1,0.96971,0.96900,0.69915,0.88510
ben,private_calls,0,0.75809,0.00369,0.01045,0.01397
ben,private_calls,1,0.82290,0.98999,0.89550,0.96602
ben,private_calls,1,0.97684,0.65916,0.07721,0.11284
ben,private_calls,0,0.32983,0.00369,0.00651,0.00548
ben,private_calls,1,0.90758,0.99215,0.96236,0.96257
ben,private_calls,1,0.98426,0.99009,0.26375,0.21556
ben,private_calls,0,0.07441,0.00372,0.00639,0.00530
ben,private_calls,0,0.02063,0.00374,0.00628,0.00546
ben,private_calls,1,0.98543,0.99194,0.17764,0.30515
ben,private_calls,0,0.17710,0.00392,0.01377,0.01728
ben,private_calls,0,0.67017,0.09655,0.01522,0.02086
ben,private_calls,1,0.97684,0.99199,0.97480,0.97750
ben,private_calls,1,0.96472,0.70427,0.31761,0.59568
ben,private_calls,0,0.94249,0.01424,0.02360,0.01990
ben,private_calls,0,0.11424,0.00413,0.01583,0.02256
ben,private_calls,1,0.96335,0.98921,0.40626,0.62435
ben,private_calls,1,0.85476,0.29742,0.04006,0.05503
ben,private_calls,0,0.85958,0.04225,0.12216,0.22805
ben,private_calls,1,0.88576,0.98992,0.79080,0.92097
ben,private_calls,0,0.94031,0.02495,0.01625,0.01571
ben,private_calls,1,0.95737,0.18459,0.13249,0.24088
ben,private_calls,0,0.96731,0.00498,0.01112,0.01803
ben,private_calls,0,0.96335,0.99086,0.24189,0.29957
ben,private_calls,1,0.92825,0.98773,0.22162,0.27030
ben,private_calls,1,0.92559,0.99191,0.85881,0.89187
ben,private_calls,1,0.96604,0.98740,0.80956,0.94003
ben,private_calls,0,0.97401,0.00373,0.00839,0.01132
ben,private_calls,0,0.75079,0.07593,0.02311,0.03077
ben,private_calls,0,0.90076,0.00376,0.02367,0.03206
ben,private_calls,0,0.96604,0.00392,0.01123,0.01125
ben,private_calls,1,0.05969,0.88427,0.20445,0.38647
ben,private_calls,0,0.91083,0.00519,0.02593,0.03098
ben,private_calls,1,0.96335,0.99138,0.66816,0.70972
ben,private_calls,0,0.84980,0.99094,0.91462,0.94713
ben,private_calls,0,0.94031,0.00375,0.00924,0.01151
ben,private_calls,0,0.01247,0.00373,0.00875,0.01003
ben,private_calls,0,0.05751,0.00391,0.01546,0.02719
ben,private_calls,1,0.96472,0.99168,0.63055,0.80767
ben,private_calls,1,0.95573,0.99250,0.95697,0.95261
ben,private_calls,1,0.96971,0.98765,0.61165,0.75499
ben,private_calls,0,0.76524,0.00364,0.00735,0.00832
ben,private_calls,1,0.97771,0.95150,0.08909,0.10280
ben,private_calls,0,0.04597,0.00417,0.03513,0.06114
ben,private_calls,0,0.00642,0.00368,0.00662,0.00616
ben,private_calls,0,0.76524,0.99158,0.10561,0.17013
ben,private_calls,0,0.98090,0.99155,0.69837,0.74025
ben,private_calls,0,0.84980,0.00384,0.01493,0.01169
ben,private_calls,0,0.83409,0.00377,0.00824,0.01137
ben,private_calls,1,0.97194,0.99092,0.92652,0.93790
ben,private_calls,1,0.98364,0.99231,0.75751,0.86184
ben,private_calls,1,0.94249,0.96909,0.75136,0.87979
ben,private_calls,1,0.92825,0.99216,0.94337,0.96392
ben,private_calls,1,0.56849,0.98396,0.53446,0.54401
ben,private_calls,0,0.92825,0.92073,0.03732,0.06824
ben,private_calls,1,0.94458,0.99116,0.54198,0.81947
ben,private_calls,1,0.19498,0.99148,0.97430,0.97887
ben,private_calls,1,0.63447,0.98476,0.48023,0.52484
ben,private_calls,1,0.97771,0.99001,0.90096,0.95903
ben,private_calls,1,0.67017,0.66026,0.06595,0.13042
ben,private_calls,1,0.88968,0.01191,0.03541,0.04138
ben,private_calls,1,0.52951,0.00690,0.12465,0.16923
ben,private_calls,1,0.90758,0.72709,0.19701,0.35143
ben,private_calls,0,0.95045,0.00953,0.03926,0.11900
ben,private_calls,0,0.88968,0.99140,0.96591,0.95130
ben,private_calls,0,0.09242,0.00369,0.00745,0.00724
ben,private_calls,1,0.94458,0.99207,0.96880,0.97131
ben,private_calls,1,0.71216,0.04078,0.10030,0.41844
ben,private_calls,1,0.98162,0.97669,0.18383,0.25234
ben,private_calls,0,0.00594,0.00373,0.00627,0.00522
ben,private_calls,1,0.93574,0.98979,0.62887,0.69948
ben,private_calls,1,0.92825,0.97374,0.77315,0.85701
ben,private_calls,0,0.69575,0.00375,0.00735,0.00979
ben,private_calls,1,0.89349,0.40521,0.09255,0.31159
ben,private_calls,1,0.84470,0.00723,0.06205,0.51212
ben,private_calls,0,0.68735,0.00370,0.00627,0.01451
ben,private_calls,0,0.04427,0.00375,0.00819,0.01220
ben,private_calls,1,0.71216,0.98998,0.86955,0.94100
ben,private_calls,1,0.85958,0.99185,0.81132,0.93110
ben,private_calls,0,0.62528,0.88433,0.63018,0.69857
ben,private_calls,0,0.68735,0.99140,0.95265,0.95868
ben,private_calls,1,0.91398,0.98171,0.13096,0.11510
ben,private_calls,0,0.88576,0.00384,0.01336,0.03139
ben,private_calls,1,0.96194,0.98899,0.89570,0.97107
ben,private_calls,1,0.94031,0.99149,0.95670,0.97861
ben,private_calls,0,0.00642,0.00379,0.00562,0.00418
ben,private_calls,1,0.95737,0.99126,0.83674,0.91973
ben,private_calls,0,0.97771,0.98457,0.96852,0.98223
ben,private_calls,0,0.95573,0.00377,0.00604,0.00574
ben,private_calls,0,0.74335,0.98747,0.77811,0.86339
ben,private_calls,0,0.47049,0.00371,0.00744,0.00882
ben,private_calls,0,0.94031,0.01789,0.06711,0.10989
ben,private_calls,1,0.97937,0.99221,0.97041,0.98176
ben,private_calls,0,0.89718,0.64652,0.24817,0.28033
ben,private_calls,0,0.00949,0.00385,0.00559,0.00489
ben,private_calls,1,0.96604,0.01720,0.13101,0.15910
ben,private_calls,0,0.90076,0.98366,0.83305,0.95174
ben,private_calls,1,0.89349,0.98665,0.94157,0.98145
ben,private_calls,0,0.97194,0.00453,0.02107,0.02839
ben,private_calls,0,0.34747,0.00373,0.00829,0.01600
ben,private_calls,0,0.02316,0.00382,0.00581,0.00469
ben,private_calls,0,0.18292,0.00375,0.00658,0.00727
ben,private_calls,0,0.92825,0.00383,0.00607,0.00662
ben,private_calls,0,0.60665,0.00377,0.00722,0.01051
ben,private_calls,1,0.94249,0.02732,0.09589,0.18810
ben,private_calls,0,0.00549,0.00376,0.00528,0.00362
ben,private_calls,1,0.97684,0.99120,0.95580,0.96985
ben,private_calls,0,0.68735,0.00386,0.01407,0.01590
ben,private_calls,1,0.97499,0.98889,0.10966,0.10469
ben,private_calls,1,0.98299,0.99062,0.79262,0.88549
ben,private_calls,1,0.89718,0.95700,0.05834,0.08059
ben,private_calls,0,0.97194,0.00691,0.01917,0.01306
ben,private_calls,1,0.96047,0.50826,0.13712,0.12217
ben,private_calls,1,0.97937,0.98615,0.71739,0.82526
ben,private_calls,1,0.98486,0.98880,0.69682,0.76475
ben,private_calls,1,0.98299,0.99150,0.35436,0.31479
ben,private_calls,1,0.98753,0.99189,0.87905,0.87495
ben,private_calls,1,0.98846,0.99234,0.96655,0.97097
ben,private_calls,0,0.08297,0.00370,0.00719,0.00720
ben,private_calls,0,0.93574,0.99113,0.45581,0.68047
ben,private_calls,0,0.93333,0.00385,0.01014,0.01782
ben,private_calls,0,0.84980,0.00400,0.03449,0.03634
ben,private_calls,0,0.13118,0.28555,0.23299,0.35260
ben,private_calls,0,0.89349,0.04357,0.06545,0.08659
ben,private_calls,1,0.97401,0.99139,0.94297,0.97579
ben,private_calls,0,0.95403,0.98829,0.33543,0.54892
ben,private_calls,0,0.28784,0.00372,0.00728,0.00779
ben,private_calls,1,0.97937,0.98727,0.62716,0.52221
ben,private_calls,0,0.96971,0.00407,0.01790,0.02209
ben,private_calls,1,0.96472,0.99127,0.78989,0.79379
ben,private_calls,1,0.86882,0.98744,0.44866,0.32788
ben,private_calls,1,0.96604,0.99117,0.93396,0.95095
ben,private_calls,0,0.25665,0.00377,0.00615,0.00542
ben,private_calls,1,0.64355,0.48136,0.01738,0.01978
ben,private_calls,0,0.01401,0.00372,0.00564,0.00467
ben,private_calls,0,0.96853,0.00763,0.07129,0.07161
ben,private_calls,1,0.98753,0.99111,0.62102,0.79408
ben,private_calls,1,0.96335,0.99067,0.96134,0.96953
ben,private_calls,1,0.94458,0.99220,0.97644,0.97491
ben,private_calls,1,0.95045,0.98435,0.70091,0.79960
ben,private_calls,0,0.38399,0.00396,0.01836,0.02513
ben,private_calls,1,0.94458,0.99130,0.93393,0.96313
ben,private_calls,1,0.81708,0.99133,0.95878,0.96547
ben,private_calls,0,0.94249,0.00502,0.02023,0.02297
ben,private_calls,0,0.06917,0.00380,0.01349,0.01120
ben,private_calls,0,0.95737,0.98430,0.70462,0.64549
ben,private_calls,1,0.97593,0.99181,0.94324,0.96755
ben,private_calls,1,0.97499,0.98383,0.80682,0.96755
ben,private_calls,1,0.98162,0.99203,0.57080,0.52610
ben,private_calls,1,0.97084,0.99176,0.94840,0.96834
ben,private_calls,0,0.38399,0.98401,0.03955,0.05182
ben,private_calls,0,0.96472,0.99093,0.32038,0.23072
ben,private_calls,1,0.98015,0.99217,0.87654,0.89710
ben,private_calls,0,0.90758,0.00438,0.01237,0.01326
ben,private_calls,0,0.92825,0.99224,0.96751,0.95907
ben,private_calls,0,0.53931,0.00406,0.03308,0.06301
ben,private_calls,0,0.92825,0.99184,0.81119,0.79634
ben,private_calls,1,0.96472,0.99212,0.97789,0.98189
ben,private_calls,0,0.98299,0.00440,0.02787,0.04073
ben,private_calls,0,0.20765,0.00391,0.01984,0.01957
ben,private_calls,1,0.96472,0.98742,0.76430,0.86356
ben,private_calls,0,0.84980,0.00366,0.00961,0.01243
ben,private_calls,0,0.89718,0.00457,0.01525,0.02324
ben,private_calls,1,0.98090,0.99173,0.74501,0.80170
ben,private_calls,0,0.94661,0.94947,0.56973,0.78475
ben,private_calls,1,0.96731,0.99172,0.61017,0.79843
ben,private_calls,1,0.96335,0.99128,0.71504,0.83048
ben,private_calls,0,0.67017,0.00382,0.01071,0.01493
ben,private_calls,1,0.97084,0.99150,0.90177,0.96743
ben,private_calls,1,0.98364,0.99235,0.98179,0.98632
ben,private_calls,0,0.94661,0.00596,0.02184,0.02495
ben,private_calls,0,0.15530,0.00367,0.00903,0.00906
ben,private_calls,1,0.88968,0.89461,0.08577,0.14520
ben,private_calls,0,0.96047,0.00372,0.01216,0.01660
ben,private_calls,0,0.94031,0.00385,0.00968,0.01032
ben,private_calls,0,0.77909,0.00429,0.01802,0.04064
ben,private_calls,0,0.62528,0.00429,0.02793,0.04502
ben,private_calls,1,0.97684,0.98812,0.72859,0.73554
ben,private_calls,0,0.56849,0.00383,0.01171,0.01593
ben,private_calls,0,0.02407,0.00379,0.01403,0.03895
ben,private_calls,0,0.48032,0.03643,0.05144,0.10470
ben,private_calls,1,0.97194,0.99156,0.82962,0.94277
ben,private_calls,0,0.96971,0.97140,0.27869,0.43116
ben,private_calls,1,0.97299,0.99064,0.86376,0.91951
ben,private_calls,0,0.97084,0.97360,0.03355,0.05816
ben,private_calls,1,0.95045,0.98667,0.64313,0.68208
ben,private_calls,1,0.96731,0.99054,0.79221,0.91616
ben,private_calls,0,0.96335,0.00844,0.01634,0.04435
ben,private_calls,1,0.98015,0.99112,0.90642,0.96786
ben,private_calls,1,0.56849,0.98622,0.36908,0.71253
ben,private_calls,1,0.96194,0.99113,0.65341,0.60993
ben,private_calls,0,0.98299,0.99199,0.22452,0.36343
ben,private_calls,1,0.96731,0.99001,0.76671,0.79144
ben,private_calls,1,0.97937,0.99127,0.94706,0.96100
ben,private_calls,1,0.96604,0.99046,0.64954,0.94215
ben,private_calls,1,0.67017,0.77790,0.15477,0.16129
ben,private_calls,1,0.98162,0.99198,0.97957,0.98629
ben,private_calls,1,0.98162,0.98784,0.31258,0.35500
ben,private_calls,1,0.37472,0.00892,0.10161,0.10560
ben,private_calls,0,0.55881,0.00591,0.05731,0.12680
ben,private_calls,1,0.97593,0.95784,0.47777,0.88877
ben,private_calls,1,0.96731,0.98475,0.15394,0.18804
ben,private_calls,1,0.83947,0.00463,0.01325,0.01609
ben,private_calls,1,0.96971,0.97904,0.26105,0.31462
ben,private_calls,1,0.98599,0.99154,0.75986,0.91651
ben,private_calls,1,0.94458,0.98353,0.87675,0.92804
ben,private_calls,0,0.89349,0.00373,0.01259,0.01137
ben,private_calls,0,0.93806,0.00610,0.03470,0.05415
ben,private_calls,0,0.82856,0.00393,0.01264,0.01165
ben,private_calls,1,0.98090,0.99059,0.45471,0.64666
ben,private_calls,1,0.96335,0.99141,0.78301,0.88475
ben,private_calls,1,0.95895,0.98999,0.52316,0.79420
ben,private_calls,0,0.97684,0.04122,0.02930,0.05617
ben,private_calls,1,0.97937,0.99176,0.93555,0.96193
ben,private_calls,1,0.96604,0.85445,0.59108,0.62489
ben,private_calls,1,0.95737,0.98559,0.10389,0.22010
ben,private_calls,1,0.98801,0.99193,0.95056,0.96757
ben,private_calls,0,0.00549,0.00369,0.00633,0.00453
ben,private_calls,0,0.20124,0.00429,0.01106,0.01404
ben,private_calls,1,0.95895,0.99148,0.93114,0.96507
ben,private_calls,1,0.97084,0.99240,0.93612,0.97011
ben,private_calls,1,0.97299,0.99127,0.33468,0.47037
ben,private_calls,1,0.19498,0.00467,0.01867,0.03036
ben,private_calls,0,0.97299,0.95678,0.03618,0.04435
ben,private_calls,0,0.02701,0.00395,0.01123,0.01585
ben,private_calls,0,0.87754,0.00398,0.00729,0.01089
ben,private_calls,1,0.95228,0.98862,0.66076,0.89038
ben,private_calls,0,0.88171,0.64652,0.19189,0.39884
ben,private_calls,1,0.97299,0.99043,0.77987,0.85691
ben,private_calls,1,0.93083,0.99113,0.46320,0.78682
ben,private_calls,0,0.96047,0.96974,0.44448,0.78174
ben,private_calls,1,0.92825,0.05798,0.04518,0.07507
ben,private_calls,1,0.98232,0.97948,0.22741,0.25120
ben,private_calls,1,0.97937,0.98441,0.63692,0.84948
ben,private_calls,1,0.92825,0.96343,0.27632,0.47235
ben,private_calls,1,0.38399,0.99047,0.90056,0.87940
ben,private_calls,1,0.96047,0.98753,0.68341,0.78726
ben,private_calls,0,0.98846,0.99101,0.18060,0.32701
ben,private_calls,0,0.04263,0.00440,0.01214,0.01590
ben,private_calls,1,0.04597,0.98936,0.79869,0.92008
ben,private_calls,0,0.01768,0.00375,0.00667,0.01205
ben,private_calls,1,0.11424,0.02636,0.03671,0.03329
ben,private_calls,1,0.85476,0.98748,0.49593,0.56533
ben,private_calls,0,0.87754,0.90969,0.15603,0.12274
ben,private_calls,1,0.98162,0.99195,0.97752,0.98441
ben,private_calls,0,0.63447,0.99239,0.97238,0.98207
ben,private_calls,0,0.44119,0.99202,0.15076,0.16637
ben,private_calls,0,0.03269,0.00376,0.00683,0.00634
ben,private_calls,0,0.97771,0.98952,0.87160,0.96474
ben,private_calls,0,0.01247,0.00604,0.02895,0.11281
ben,private_calls,1,0.67882,0.98932,0.68389,0.89331
ben,private_calls,0,0.15530,0.00368,0.00752,0.00732
ben,private_calls,1,0.79235,0.99192,0.67671,0.80993
ben,private_calls,1,0.94458,0.99042,0.84001,0.86221
ben,private_calls,0,0.86882,0.75853,0.21041,0.22238
ben,private_calls,0,0.67017,0.00381,0.00809,0.00783
ben,private_calls,1,0.18888,0.00402,0.01858,0.02130
ben,private_calls,1,0.95895,0.99079,0.87373,0.96264
ben,private_calls,1,0.43151,0.98588,0.22751,0.78686
ben,private_calls,1,0.96604,0.99220,0.98258,0.98730
ben,private_calls,1,0.88171,0.99191,0.96151,0.97710
ben,private_calls,0,0.93083,0.00747,0.01968,0.03156
ben,private_calls,0,0.72804,0.70489,0.02868,0.06475
ben,private_calls,1,0.95895,0.99173,0.82199,0.94325
ben,private_calls,0,0.94857,0.93664,0.13075,0.15890
ben,private_calls,1,0.96047,0.99189,0.86670,0.94606
ben,private_calls,0,0.02599,0.00361,0.00625,0.00783
ben,private_calls,1,0.67017,0.00366,0.01923,0.14544
ben,private_calls,0,0.00571,0.00359,0.00527,0.00458
ben,private_calls,0,0.00694,0.00359,0.00582,0.00709
ben,private_calls,1,0.95737,0.98785,0.76179,0.88352
ben,private_calls,0,0.00571,0.00387,0.01083,0.01086
ben,private_calls,1,0.95228,0.98572,0.41442,0.40685
ben,private_calls,0,0.00618,0.00382,0.00943,0.01185
ben,private_calls,1,0.98426,0.99094,0.93661,0.95916
ben,private_calls,1,0.97855,0.95414,0.88289,0.94313
ben,private_calls,1,0.98364,0.99235,0.96996,0.97672
ben,private_calls,1,0.98090,0.99208,0.93502,0.95095
ben,private_calls,1,0.98426,0.98363,0.30919,0.60993
ben,private_calls,1,0.09924,0.00512,0.00674,0.00666
ben,private_calls,0,0.00594,0.00364,0.00520,0.00362
ben,private_calls,0,0.79876,0.98726,0.19560,0.28560
ben,private_calls,0,0.01026,0.00350,0.00703,0.00715
ben,private_calls,0,0.01701,0.00369,0.00616,0.00707
ben,private_calls,0,0.45092,0.00929,0.03360,0.08450
ben,private_calls,1,0.22091,0.98955,0.14000,0.11735
ben,private_calls,0,0.95895,0.96295,0.06094,0.05829
ben,private_calls,1,0.83409,0.97726,0.09561,0.10714
ben,private_calls,0,0.00987,0.00368,0.00728,0.00895
ben,private_calls,0,0.07717,0.00365,0.00539,0.00450
ben,private_calls,0,0.01154,0.00364,0.01115,0.01461
ben,private_calls,0,0.40279,0.08002,0.02614,0.04304
ben,private_calls,0,0.97401,0.96447,0.55452,0.65787
ben,private_calls,0,0.33859,0.99031,0.09565,0.11621
ben,private_calls,0,0.00571,0.00359,0.00894,0.01194
ben,private_calls,1,0.84980,0.99180,0.95864,0.96605
ben,private_calls,0,0.06194,0.00369,0.00596,0.00550
ben,private_calls,0,0.95737,0.00401,0.01876,0.02914
ben,private_calls,0,0.02229,0.00441,0.03255,0.05829
ben,private_calls,0,0.02063,0.00364,0.01017,0.01399
ben,private_calls,0,0.02063,0.00374,0.01413,0.01738
ben,private_calls,1,0.97401,0.98204,0.50279,0.62477
ben,private_calls,1,0.94458,0.99177,0.67427,0.55460
ben,private_calls,0,0.04772,0.00411,0.01064,0.01707
ben,private_calls,0,0.19498,0.70174,0.28743,0.47222
ben,private_calls,0,0.05751,0.00376,0.02383,0.02513
ben,private_calls,0,0.78580,0.98968,0.20526,0.20109
ben,private_calls,0,0.00781,0.00374,0.01513,0.01942
ben,private_calls,1,0.97593,0.99242,0.97802,0.98024
ben,private_calls,0,0.00987,0.00361,0.00620,0.00548
ben,private_calls,1,0.90422,0.29588,0.03280,0.07767
ben,private_calls,1,0.94249,0.99192,0.96714,0.97529
ben,private_calls,1,0.97684,0.44515,0.38233,0.66927
ben,private_calls,0,0.82856,0.35723,0.04604,0.06785
ben,private_calls,0,0.01026,0.00365,0.00561,0.00446
ben,private_calls,1,0.98426,0.99124,0.95274,0.97587
ben,private_calls,1,0.94249,0.99033,0.94757,0.97425
ben,private_calls,0,0.97499,0.98710,0.21756,0.27871
ben,private_calls,0,0.05751,0.00384,0.01541,0.02930
ben,private_calls,1,0.86882,0.98832,0.66278,0.74984
ben,private_calls,0,0.95045,0.00711,0.03543,0.03768
ben,private_calls,1,0.94661,0.98858,0.16200,0.22173
ben,private_calls,0,0.63447,0.14198,0.06748,0.07850
ben,private_calls,1,0.96731,0.99191,0.95174,0.96821
ben,private_calls,0,0.98090,0.04817,0.01657,0.02293
ben,private_calls,0,0.23476,0.98003,0.10468,0.19833
ben,private_calls,0,0.96731,0.99044,0.67872,0.88884
ben,private_calls,1,0.97684,0.99041,0.93313,0.95684
ben,private_calls,1,0.94857,0.01341,0.08698,0.07686
ben,private_calls,1,0.82856,0.98933,0.24627,0.40762
ben,private_calls,1,0.96194,0.98991,0.23992,0.50217
ben,private_calls,0,0.83409,0.00390,0.00724,0.01133
ben,private_calls,0,0.94857,0.00386,0.00677,0.02161
ben,private_calls,1,0.93083,0.00534,0.05798,0.08410
ben,private_calls,0,0.05969,0.00394,0.00796,0.00937
ben,private_calls,1,0.90758,0.93952,0.28177,0.27311
ben,private_calls,0,0.23476,0.00383,0.00725,0.00723
ben,private_calls,1,0.97684,0.04346,0.21435,0.63554
ben,private_calls,0,0.98364,0.94643,0.53885,0.60740
ben,private_calls,1,0.98090,0.98466,0.78802,0.86668
ben,private_calls,0,0.70402,0.00384,0.00633,0.00653
ben,private_calls,0,0.01514,0.00392,0.00627,0.00971
ben,private_calls,1,0.95573,0.98898,0.90029,0.92891
ben,private_calls,1,0.97084,0.98947,0.74896,0.86022
ben,private_calls,1,0.98162,0.98949,0.49318,0.87053
ben,private_calls,1,0.97684,0.99227,0.95759,0.97153
ben,private_calls,1,0.97771,0.00709,0.40052,0.82124
ben,private_calls,0,0.95737,0.96170,0.45046,0.57646
ben,private_calls,0,0.97937,0.00394,0.00943,0.01201
ben,private_calls,0,0.88968,0.24976,0.03136,0.04058
ben,private_calls,1,0.95573,0.99148,0.98206,0.98708
ben,private_calls,1,0.97194,0.98953,0.97207,0.98173
ben,private_calls,1,0.98704,0.99138,0.92594,0.91716
ben,private_calls,0,0.74335,0.00566,0.02112,0.01519
ben,private_calls,1,0.98015,0.92447,0.60649,0.83739
ben,private_calls,0,0.88171,0.97350,0.06677,0.33838
ben,private_calls,1,0.93333,0.98058,0.20455,0.20337
ben,private_calls,0,0.05143,0.00393,0.00760,0.00907
ben,private_calls,0,0.96472,0.99163,0.77874,0.81181
ben,private_calls,0,0.97771,0.21453,0.02541,0.04113
ben,private_calls,1,0.68735,0.97972,0.23837,0.50181
ben,private_calls,0,0.95573,0.00441,0.04619,0.05542
ben,private_calls,0,0.83409,0.00392,0.00815,0.00953
ben,private_calls,0,0.98426,0.59405,0.03633,0.04767
ben,private_calls,0,0.77224,0.06666,0.01709,0.02365
ben,private_calls,0,0.94458,0.96491,0.27105,0.53027
ben,private_calls,1,0.98299,0.00545,0.06097,0.05127
ben,private_calls,0,0.91703,0.00964,0.02122,0.03191
ben,private_calls,0,0.00694,0.00389,0.00685,0.00603
ben,private_calls,1,0.97593,0.99079,0.92925,0.96667
ben,private_calls,0,0.01838,0.00383,0.00682,0.00659
ben,private_calls,1,0.98090,0.99225,0.95218,0.97551
ben,private_calls,0,0.97194,0.00399,0.01016,0.01526
ben,private_calls,0,0.09242,0.00387,0.01096,0.02590
ben,private_calls,0,0.90076,0.00617,0.03751,0.04913
ben,private_calls,0,0.13118,0.00395,0.00561,0.00406
ben,private_calls,1,0.97194,0.01246,0.03718,0.08040
ben,private_calls,0,0.84980,0.97939,0.45802,0.65930
ben,private_calls,1,0.94458,0.99203,0.97497,0.98351
ben,private_calls,0,0.36553,0.00388,0.00669,0.00673
ben,private_calls,0,0.08917,0.00389,0.01840,0.02940
ben,private_calls,1,0.91703,0.76769,0.59010,0.68872
ben,private_calls,0,0.67017,0.00387,0.01005,0.01583
ben,private_calls,1,0.92825,0.90972,0.15682,0.39072
ben,private_calls,0,0.04772,0.00385,0.00856,0.01536
ben,private_calls,1,0.97771,0.98981,0.94657,0.97670
ben,private_calls,1,0.98426,0.99156,0.95225,0.96996
ben,private_calls,1,0.84470,0.10082,0.24035,0.74939
ben,private_calls,1,0.84470,0.10082,0.24035,0.74939
ben,private_calls,1,0.22091,0.04110,0.13509,0.32735
ben,private_calls,1,0.84470,0.46216,0.53800,0.70514
ben,private_calls,1,0.97684,0.99167,0.77588,0.73945
ben,private_calls,0,0.95895,0.00380,0.01422,0.01720
ben,private_calls,1,0.98486,0.99237,0.95074,0.86663
ben,private_calls,0,0.02599,0.00391,0.00738,0.00755
ben,private_calls,0,0.00642,0.00391,0.00542,0.00397
ben,private_calls,0,0.11032,0.00386,0.00694,0.01166
ben,private_calls,0,0.59721,0.01745,0.04920,0.33077
ben,private_calls,0,0.96731,0.17743,0.14289,0.44804
ben,private_calls,0,0.00594,0.00387,0.00592,0.00486
ben,private_calls,1,0.94031,0.99209,0.96533,0.97357
ben,private_calls,0,0.34747,0.00388,0.00777,0.01222
ben,private_calls,0,0.08297,0.00429,0.01766,0.02073
ben,private_calls,1,0.97194,0.00395,0.04766,0.02984
ben,private_calls,0,0.76524,0.90549,0.35298,0.33994
ben,private_calls,0,0.95573,0.44921,0.01960,0.04201
ben,private_calls,1,0.17710,0.98805,0.97588,0.98644
ben,private_calls,1,0.96853,0.98267,0.92730,0.97775
ben,private_calls,1,0.96472,0.99198,0.95397,0.96914
ben,private_calls,1,0.97299,0.99119,0.85516,0.89596
ben,private_calls,0,0.19498,0.00381,0.00736,0.00778
ben,private_calls,1,0.96731,0.98736,0.78215,0.88511
ben,private_calls,1,0.96971,0.00649,0.05790,0.06832
ben,private_calls,1,0.97771,0.98851,0.90855,0.97236
ben,private_calls,0,0.91083,0.00411,0.02422,0.04626
ben,private_calls,1,0.96604,0.98967,0.94965,0.96762
ben,private_calls,1,0.89349,0.65708,0.21913,0.31438
ben,private_calls,1,0.97937,0.99123,0.97091,0.98240
ben,private_calls,1,0.97937,0.99017,0.89813,0.96527
ben,private_calls,1,0.95228,0.99114,0.28664,0.29027
ben,private_calls,1,0.98599,0.91835,0.15602,0.42609
ben,private_calls,1,0.98426,0.96656,0.36403,0.48190
ben,private_calls,0,0.96853,0.00391,0.01669,0.03217
ben,private_calls,1,0.94458,0.99224,0.82827,0.87802
ben,private_calls,0,0.89349,0.00648,0.01142,0.01115
ben,private_calls,0,0.97084,0.98953,0.04380,0.11175
ben,private_calls,0,0.72804,0.99041,0.14122,0.14194
ben,private_calls,0,0.96335,0.00417,0.03809,0.13024
ben,private_calls,0,0.09924,0.13549,0.02484,0.06230
ben,private_calls,1,0.98426,0.99140,0.96685,0.98347
ben,private_calls,1,0.98090,0.99155,0.81582,0.93432
ben,private_calls,0,0.98162,0.99155,0.93773,0.96933
ben,private_calls,0,0.96472,0.99169,0.94143,0.95475
ben,private_calls,0,0.98090,0.99092,0.31566,0.26164
ben,private_calls,0,0.93806,0.09002,0.02077,0.01246
ben,private_calls,0,0.97684,0.98903,0.45967,0.78674
ben,private_calls,0,0.72804,0.00429,0.01302,0.01441
ben,private_calls,0,0.82856,0.01216,0.02069,0.02116
ben,private_calls,1,0.90076,0.00457,0.01344,0.01884
ben,private_calls,0,0.97194,0.03085,0.02234,0.03978
ben,private_calls,1,0.97684,0.99131,0.82300,0.90556
ben,private_calls,0,0.14524,0.01418,0.01123,0.01896
ben,private_calls,1,0.91997,0.99201,0.98313,0.98800
ben,private_calls,1,0.97593,0.99149,0.56694,0.59799
ben,private_calls,0,0.95403,0.99118,0.88639,0.92682
ben,private_calls,0,0.85476,0.97436,0.03014,0.03166
ben,private_calls,0,0.97299,0.99173,0.83676,0.89419
ben,private_calls,0,0.55881,0.25909,0.04438,0.06372
ben,private_calls,1,0.92283,0.88957,0.21894,0.32793
ben,private_calls,1,0.94857,0.99041,0.42878,0.61654
ben,private_calls,0,0.90076,0.00411,0.03938,0.04646
ben,private_calls,0,0.96853,0.05294,0.05868,0.10531
ben,private_calls,0,0.98232,0.10180,0.07434,0.34916
ben,private_calls,1,0.96604,0.99139,0.66624,0.80684
ben,private_calls,0,0.97299,0.00390,0.04518,0.11310
ben,private_calls,0,0.98090,0.99085,0.74588,0.72369
ben,private_calls,1,0.98486,0.99085,0.88348,0.92230
ben,private_calls,1,0.97084,0.11491,0.02613,0.02987
ben,private_calls,0,0.31265,0.00376,0.00790,0.01505
ben,private_calls,1,0.97937,0.98511,0.83659,0.94362
ben,private_calls,0,0.40279,0.01874,0.06129,0.08163
ben,private_calls,0,0.98299,0.00411,0.01292,0.02621
ben,private_calls,0,0.92825,0.00372,0.00579,0.00450
ben,private_calls,1,0.94661,0.95545,0.39051,0.66393
ben,private_calls,0,0.12246,0.00375,0.00672,0.00589
ben,private_calls,0,0.77909,0.99165,0.63963,0.79853
ben,private_calls,0,0.05542,0.00367,0.00833,0.01441
ben,private_calls,0,0.64355,0.20521,0.03032,0.06862
ben,private_calls,1,0.97855,0.99209,0.92388,0.96419
ben,private_calls,1,0.96731,0.99244,0.21308,0.34782
ben,private_calls,1,0.96194,0.98173,0.05260,0.07130
ben,private_calls,1,0.98364,0.98334,0.30853,0.30451
ben,private_calls,0,0.98090,0.98823,0.20959,0.40316
ben,private_calls,0,0.98704,0.98874,0.14112,0.23463
ben,private_calls,0,0.54908,0.00374,0.01100,0.01574
ben,private_calls,0,0.71216,0.00393,0.02729,0.03988
ben,private_calls,1,0.94031,0.98685,0.61682,0.65160
ben,private_calls,1,0.95228,0.99245,0.36202,0.41931
ben,private_calls,1,0.98543,0.98809,0.56486,0.77418
ben,private_calls,1,0.88171,0.99223,0.95059,0.97058
ben,private_calls,0,0.97084,0.97397,0.06517,0.07680
ben,private_calls,0,0.45092,0.00371,0.00947,0.01028
ben,private_calls,1,0.97684,0.99235,0.77834,0.81737
ben,private_calls,0,0.94249,0.89597,0.08010,0.09789
ben,private_calls,1,0.98704,0.99149,0.46156,0.45862
ben,private_calls,1,0.98162,0.99208,0.97671,0.98102
ben,private_calls,0,0.97593,0.98984,0.03066,0.06260
ben,private_calls,0,0.05969,0.00368,0.00929,0.01141
ben,private_calls,1,0.83409,0.00391,0.01172,0.02100
ben,private_calls,0,0.93574,0.98294,0.14601,0.26904
ben,private_calls,1,0.98015,0.94761,0.35373,0.63326
ben,private_calls,0,0.98486,0.99227,0.77545,0.63813
ben,private_calls,1,0.98162,0.99025,0.78828,0.91062
ben,private_calls,1,0.98652,0.99220,0.51435,0.55831
ben,private_calls,1,0.94249,0.99172,0.32265,0.57157
ben,private_calls,0,0.22776,0.96509,0.20096,0.34613
ben,private_calls,0,0.87325,0.99097,0.18253,0.28740
ben,private_calls,0,0.00878,0.00470,0.06470,0.17532
ben,private_calls,1,0.27983,0.98713,0.35972,0.41692
ben,private_calls,0,0.44119,0.00420,0.01442,0.01703
ben,private_calls,0,0.93574,0.97154,0.01806,0.05216
ben,private_calls,1,0.98364,0.99123,0.52467,0.71600
ben,private_calls,0,0.21420,0.00380,0.01190,0.02035
ben,private_calls,0,0.75079,0.00414,0.01032,0.01391
ben,private_calls,0,0.24921,0.02257,0.01604,0.03518
ben,private_calls,0,0.78580,0.00753,0.03245,0.05380
ben,private_calls,0,0.82290,0.00370,0.00881,0.00822
ben,private_calls,1,0.97401,0.99190,0.74597,0.80745
ben,private_calls,0,0.66141,0.00479,0.02461,0.04101
ben,private_calls,1,0.07717,0.00520,0.07713,0.15187
ben,private_calls,0,0.91398,0.00370,0.01199,0.02122
ben,private_calls,0,0.60665,0.00386,0.02372,0.03659
ben,private_calls,0,0.85476,0.00374,0.01749,0.04134
ben,private_calls,1,0.95045,0.99109,0.16759,0.23279
ben,private_calls,0,0.77224,0.00404,0.01686,0.03740
ben,private_calls,0,0.55881,0.84615,0.06931,0.08733
ben,private_calls,0,0.06194,0.00368,0.00587,0.00531
ben,private_calls,1,0.98299,0.98731,0.91184,0.97001
ben,private_calls,1,0.98426,0.08028,0.04961,0.37093
ben,private_calls,0,0.16053,0.00412,0.01785,0.03478
ben,private_calls,1,0.98704,0.99189,0.83940,0.87306
ben,private_calls,0,0.57813,0.00394,0.00886,0.01203
ben,private_calls,0,0.97299,0.00639,0.05564,0.06151
ben,private_calls,0,0.04597,0.00393,0.00683,0.00569
ben,private_calls,1,0.78580,0.45543,0.09479,0.10033
ben,private_calls,1,0.95228,0.99229,0.61695,0.69832
ben,private_calls,1,0.85476,0.00401,0.01861,0.03281
ben,private_calls,0,0.01514,0.00387,0.00810,0.00987
ben,private_calls,0,0.01247,0.00413,0.02097,0.02530
ben,private_calls,1,0.97299,0.00398,0.02201,0.04012
ben,private_calls,1,0.76524,0.98043,0.39414,0.46246
ben,private_calls,0,0.96472,0.96032,0.09628,0.14292
ben,private_calls,0,0.87754,0.36841,0.11148,0.19926
ben,private_calls,0,0.85958,0.00387,0.02747,0.07346
ben,private_calls,0,0.36553,0.00398,0.02742,0.07305
ben,private_calls,1,0.91997,0.98223,0.05278,0.12045
ben,private_calls,0,0.95737,0.99170,0.50126,0.60794
ben,private_calls,0,0.06917,0.00394,0.00765,0.00669
ben,private_calls,0,0.86882,0.54913,0.05393,0.07072
ben,private_calls,1,0.96853,0.99169,0.88436,0.94904
ben,private_calls,0,0.96971,0.99146,0.62449,0.77452
ben,private_calls,0,0.01457,0.00391,0.01098,0.01407
ben,private_calls,0,0.80502,0.48581,0.07035,0.07969
ben,private_calls,1,0.97194,0.99207,0.43164,0.45477
ben,private_calls,1,0.77909,0.99085,0.10897,0.13012
ben,private_calls,0,0.78580,0.00398,0.01793,0.02933
ben,private_calls,1,0.77224,0.03267,0.02007,0.05321
ben,private_calls,1,0.05542,0.00443,0.01463,0.02089
ben,private_calls,0,0.11032,0.00400,0.00851,0.00853
ben,private_calls,0,0.55881,0.00395,0.01286,0.01767
ben,private_calls,0,0.62528,0.00389,0.01003,0.01184
ben,private_calls,1,0.82856,0.98952,0.44003,0.61143
ben,private_calls,0,0.94857,0.00391,0.01599,0.02336
ben,private_calls,1,0.79876,0.86847,0.23063,0.19971
ben,private_calls,0,0.17144,0.00426,0.00908,0.00757
ben,private_calls,0,0.96472,0.00602,0.10361,0.16876
ben,private_calls,0,0.50985,0.00385,0.00959,0.01067
ben,private_calls,0,0.00913,0.00387,0.00802,0.00786
ben,private_calls,0,0.00987,0.00393,0.00915,0.01356
ben,private_calls,0,0.87325,0.04340,0.14613,0.14995
ben,private_calls,0,0.97593,0.98989,0.09233,0.14570
ben,private_calls,1,0.97084,0.99223,0.74050,0.86940
ben,private_calls,1,0.97299,0.99224,0.98429,0.98557
ben,private_calls,0,0.11424,0.00384,0.00726,0.00656
ben,private_calls,0,0.95737,0.00407,0.01102,0.01359
ben,private_calls,0,0.77224,0.00386,0.01185,0.01951
ben,private_calls,0,0.00618,0.00382,0.00730,0.00702
ben,private_calls,0,0.94857,0.97710,0.18020,0.23692
ben,private_calls,0,0.94458,0.97513,0.06392,0.08590
ben,private_calls,0,0.98652,0.01155,0.09018,0.08361
ben,private_calls,1,0.96971,0.99235,0.88399,0.94868
ben,private_calls,0,0.97684,0.00610,0.03999,0.04590
ben,private_calls,0,0.91083,0.99120,0.60712,0.67811
ben,private_calls,0,0.16591,0.41543,0.02862,0.03782
ben,private_calls,0,0.12675,0.00552,0.03123,0.06111
ben,private_calls,1,0.86427,0.97220,0.45065,0.67721
ben,private_calls,0,0.79235,0.00389,0.00956,0.01257
ben,private_calls,0,0.93333,0.28495,0.15803,0.31357
ben,private_calls,1,0.97299,0.99212,0.52493,0.62109
ben,private_calls,0,0.72804,0.00391,0.01030,0.01118
ben,private_calls,0,0.98232,0.99174,0.77412,0.90012
ben,private_calls,1,0.97401,0.99071,0.43836,0.53614
ben,private_calls,1,0.88171,0.95546,0.14257,0.21584
ben,private_calls,1,0.87754,0.99213,0.98425,0.98857
ben,private_calls,0,0.00642,0.00374,0.00510,0.00341
ben,private_calls,0,0.02806,0.00383,0.00536,0.00414
ben,private_calls,1,0.55881,0.02087,0.02276,0.05411
ben,private_calls,1,0.97194,0.99172,0.89760,0.91692
ben,private_calls,0,0.04955,0.00380,0.00526,0.00379
ben,private_calls,0,0.91083,0.99227,0.98684,0.98930
ben,private_calls,0,0.03147,0.00375,0.00608,0.00648
ben,private_calls,0,0.09578,0.98653,0.82337,0.87271
ben,private_calls,1,0.96194,0.99224,0.98701,0.98908
ben,private_calls,1,0.96971,0.98062,0.73756,0.75768
ben,private_calls,1,0.97684,0.99161,0.96800,0.97913
ben,private_calls,1,0.96604,0.99220,0.96966,0.97117
ben,private_calls,0,0.77909,0.00520,0.04855,0.04054
ben,private_calls,0,0.97299,0.99166,0.94006,0.95826
ben,private_calls,1,0.97499,0.99217,0.98136,0.98143
ben,private_calls,1,0.93806,0.99106,0.94403,0.95041
ben,private_calls,0,0.00949,0.00378,0.00623,0.00732
ben,private_calls,0,0.81112,0.98548,0.80693,0.93594
ben,private_calls,1,0.60665,0.99102,0.95466,0.95726
ben,private_calls,0,0.86882,0.97901,0.81528,0.88437
ben,private_calls,1,0.96194,0.03230,0.12304,0.25478
ben,private_calls,0,0.00694,0.00376,0.00517,0.00377
ben,private_calls,0,0.92283,0.00399,0.05622,0.22610
ben,private_calls,1,0.66141,0.99014,0.66761,0.77542
ben,private_calls,1,0.94661,0.99239,0.97090,0.98551
ben,private_calls,1,0.97401,0.99210,0.97829,0.98505
ben,private_calls,0,0.17710,0.00380,0.00613,0.00561
ben,private_calls,0,0.01247,0.00382,0.00547,0.00433
ben,private_calls,0,0.87754,0.96780,0.78499,0.84726
ben,private_calls,0,0.82290,0.00485,0.02860,0.02577
ben,private_calls,0,0.88576,0.01025,0.02060,0.02596
ben,private_calls,1,0.94249,0.99084,0.92934,0.94047
ben,private_calls,0,0.43151,0.00381,0.00930,0.01241
ben,private_calls,0,0.24921,0.00457,0.01563,0.01469
ben,private_calls,1,0.76524,0.01244,0.10163,0.28763
ben,private_calls,0,0.08917,0.00379,0.00823,0.01119
ben,private_calls,0,0.81112,0.03353,0.07379,0.22530
ben,private_calls,0,0.04263,0.00368,0.00574,0.00482
ben,private_calls,0,0.04597,0.00378,0.00561,0.00480
ben,private_calls,0,0.50000,0.00488,0.01825,0.03027
ben,private_calls,0,0.34747,0.88532,0.09464,0.20852
ben,private_calls,1,0.96971,0.99053,0.93637,0.95670
ben,private_calls,0,0.62528,0.00470,0.02763,0.04711
ben,private_calls,0,0.14524,0.00376,0.00567,0.00495
ben,private_calls,0,0.80502,0.99124,0.93805,0.83598
ben,private_calls,1,0.96853,0.98932,0.65659,0.89774
ben,private_calls,0,0.13573,0.00369,0.00625,0.00566
ben,private_calls,0,0.94031,0.98765,0.78711,0.86477
ben,private_calls,0,0.59721,0.99092,0.94374,0.95927
ben,private_calls,0,0.94661,0.98867,0.90653,0.93613
ben,private_calls,1,0.05751,0.99180,0.98472,0.99047
ben,private_calls,1,0.93806,0.99263,0.98746,0.98985
ben,private_calls,0,0.93574,0.92158,0.37011,0.90587
ben,private_calls,0,0.95228,0.98935,0.84128,0.94415
ben,private_calls,1,0.91083,0.51124,0.25024,0.43508
ben,private_calls,0,0.81112,0.98485,0.10840,0.11464
ben,private_calls,1,0.80502,0.98272,0.20276,0.40880
ben,private_calls,0,0.83409,0.00375,0.00862,0.00824
ben,private_calls,1,0.26424,0.00462,0.05126,0.05679
ben,private_calls,0,0.96604,0.04231,0.13537,0.47234
ben,private_calls,0,0.00751,0.00369,0.00677,0.00794
ben,private_calls,0,0.93574,0.00872,0.03821,0.11161
ben,private_calls,1,0.96731,0.00465,0.02053,0.02677
ben,private_calls,1,0.98364,0.99231,0.52808,0.49679
ben,private_calls,0,0.82856,0.00393,0.01298,0.02089
ben,private_calls,0,0.42187,0.00386,0.01027,0.01583
ben,private_calls,1,0.97084,0.99205,0.93960,0.94128
ben,private_calls,1,0.91997,0.98963,0.82973,0.88556
ben,private_calls,1,0.96731,0.97883,0.39518,0.53104
ben,private_calls,1,0.04427,0.98986,0.77316,0.90874
ben,private_calls,0,0.90758,0.00483,0.02871,0.05976
ben,private_calls,1,0.97684,0.01613,0.02551,0.03520
ben,private_calls,0,0.74335,0.00382,0.00660,0.00555
ben,private_calls,1,0.98015,0.99062,0.60813,0.82931
ben,private_calls,1,0.98486,0.99047,0.61109,0.75421
ben,private_calls,0,0.62528,0.89072,0.29228,0.41268
ben,private_calls,0,0.98090,0.05897,0.07952,0.19709
ben,private_calls,1,0.96194,0.98777,0.68968,0.88840
ben,private_calls,0,0.95573,0.98924,0.95596,0.98554
ben,private_calls,1,0.97401,0.99192,0.94023,0.95987
ben,private_calls,0,0.00642,0.00374,0.00620,0.00428
ben,private_calls,0,0.11032,0.00373,0.00670,0.00653
ben,private_calls,0,0.90422,0.93084,0.28291,0.53375
ben,private_calls,1,0.91083,0.99153,0.88816,0.93245
ben,private_calls,0,0.96335,0.02287,0.06759,0.07578
ben,private_calls,1,0.92283,0.24800,0.15486,0.22313
ben,private_calls,0,0.10651,0.00376,0.00628,0.00553
ben,private_calls,1,0.98801,0.98961,0.56849,0.75259
ben,private_calls,1,0.98090,0.98838,0.88716,0.96131
ben,private_calls,1,0.94661,0.02545,0.10501,0.31005
ben,private_calls,0,0.88576,0.99229,0.97684,0.98011
ben,private_calls,0,0.91703,0.00399,0.02174,0.06571
ben,private_calls,1,0.91398,0.98412,0.14863,0.13818
ben,private_calls,1,0.68735,0.99201,0.92055,0.94005
ben,private_calls,0,0.43151,0.00402,0.01792,0.02003
ben,private_calls,0,0.94458,0.00795,0.01669,0.02584
ben,private_calls,1,0.94458,0.98799,0.76504,0.94294
ben,private_calls,0,0.50000,0.00385,0.02262,0.02833
ben,private_calls,0,0.02701,0.00389,0.01082,0.01234
ben,private_calls,0,0.38399,0.00379,0.00764,0.01015
ben,private_calls,0,0.48032,0.01760,0.02439,0.01771
ben,private_calls,0,0.04772,0.00377,0.00712,0.00980
ben,private_calls,0,0.01701,0.00376,0.00654,0.00740
ben,private_calls,0,0.08003,0.00381,0.01255,0.01858
ben,private_calls,1,0.91398,0.98786,0.20999,0.32713
ben,private_calls,0,0.63447,0.00393,0.00624,0.00710
ben,private_calls,0,0.61601,0.00812,0.22978,0.37062
ben,private_calls,0,0.09578,0.00377,0.00739,0.00741
ben,private_calls,0,0.46069,0.00802,0.02412,0.03716
ben,private_calls,1,0.89349,0.99180,0.39997,0.56172
ben,private_calls,0,0.02229,0.00378,0.00650,0.00574
ben,private_calls,0,0.11424,0.00368,0.00732,0.00748
ben,private_calls,0,0.66141,0.00373,0.00790,0.00918
ben,private_calls,0,0.09924,0.00403,0.01201,0.01284
ben,private_calls,1,0.97194,0.99047,0.98316,0.98832
ben,private_calls,1,0.94249,0.99203,0.92403,0.88386
ben,private_calls,0,0.82856,0.00377,0.00810,0.00847
ben,private_calls,1,0.97593,0.99253,0.98342,0.98783
ben,private_calls,0,0.90758,0.00626,0.04432,0.11066
ben,private_calls,0,0.84980,0.00372,0.00750,0.00911
ben,private_calls,1,0.96472,0.98996,0.49629,0.65055
ben,private_calls,0,0.06426,0.96839,0.06099,0.07701
ben,private_calls,1,0.49015,0.01028,0.01710,0.02871
ben,private_calls,1,0.90758,0.98872,0.25737,0.40892
ben,private_calls,0,0.42187,0.99128,0.24760,0.32192
ben,private_calls,1,0.17144,0.02437,0.01819,0.02482
ben,private_calls,0,0.03147,0.00367,0.00980,0.01202
ben,private_calls,1,0.94458,0.99208,0.93742,0.97118
ben,private_calls,0,0.63447,0.99226,0.90445,0.95018
ben,private_calls,0,0.09578,0.16868,0.03354,0.04918
ben,private_calls,0,0.75809,0.93783,0.02851,0.05999
ben,private_calls,0,0.93806,0.94504,0.16337,0.45354
ben,private_calls,1,0.87754,0.99005,0.28565,0.19434
ben,private_calls,0,0.67882,0.96501,0.16731,0.12600
ben,private_calls,0,0.29598,0.02683,0.02736,0.02933
ben,private_calls,0,0.95737,0.00411,0.02961,0.06819
ben,private_calls,0,0.97855,0.98849,0.89302,0.92755
ben,private_calls,0,0.08297,0.92779,0.05494,0.08837
ben,private_calls,1,0.44119,0.99079,0.88597,0.94993
ben,private_calls,1,0.96971,0.99245,0.93962,0.95429
ben,private_calls,0,0.05339,0.00427,0.00630,0.00414
ben,private_calls,0,0.44119,0.00378,0.00940,0.01271
ben,private_calls,0,0.02599,0.00379,0.00794,0.01204
ben,private_calls,0,0.68735,0.00401,0.00863,0.01978
ben,private_calls,1,0.89718,0.98660,0.79812,0.93241
ben,private_calls,1,0.03029,0.00642,0.03057,0.04692
ben,private_calls,1,0.69575,0.96565,0.34369,0.51764
ben,private_calls,0,0.00844,0.00374,0.00761,0.00809
ben,private_calls,0,0.01348,0.00385,0.01801,0.02755
ben,private_calls,1,0.01514,0.98491,0.47555,0.61019
ben,private_calls,0,0.89349,0.00371,0.02294,0.01632
ben,private_calls,1,0.93574,0.99175,0.92752,0.96726
ben,private_calls,0,0.93574,0.00464,0.00679,0.00925
ben,private_calls,0,0.08602,0.00373,0.00545,0.00432
ben,private_calls,0,0.01768,0.00386,0.01502,0.01871
ben,private_calls,0,0.02916,0.00372,0.00792,0.01119
ben,private_calls,0,0.88171,0.00370,0.00808,0.01302
ben,private_calls,0,0.44119,0.00453,0.01483,0.04986
ben,private_calls,0,0.72804,0.82846,0.03158,0.11601
ben,private_calls,0,0.65253,0.00380,0.00936,0.01505
ben,private_calls,1,0.97299,0.99236,0.80553,0.88195
ben,private_calls,1,0.97684,0.99130,0.89855,0.94475
ben,private_calls,1,0.97401,0.93901,0.11289,0.17221
ben,private_calls,0,0.58770,0.00382,0.00583,0.00569
ben,private_calls,0,0.25665,0.00374,0.01307,0.01996
ben,private_calls,0,0.73576,0.00378,0.00740,0.01028
ben,private_calls,0,0.66141,0.00372,0.00901,0.01789
ben,private_calls,0,0.35645,0.00404,0.00740,0.01365
ben,private_calls,1,0.97771,0.92093,0.46072,0.50349
ben,private_calls,1,0.82290,0.99243,0.62073,0.77801
ben,private_calls,1,0.03528,0.00378,0.00721,0.00959
ben,private_calls,0,0.97684,0.99100,0.89748,0.96709
ben,private_calls,1,0.96971,0.00484,0.05154,0.06119
ben,private_calls,1,0.84470,0.17998,0.20168,0.72439
ben,private_calls,1,0.98486,0.98847,0.84232,0.91701
ben,private_calls,0,0.32118,0.00400,0.02899,0.04782
ben,private_calls,1,0.98364,0.99219,0.43651,0.45018
ben,private_calls,1,0.84470,0.99196,0.88497,0.95281
ben,private_calls,0,0.98090,0.89633,0.15328,0.29207
ben,private_calls,1,0.90076,0.98919,0.68768,0.91306
ben,private_calls,1,0.98426,0.00454,0.02010,0.04320
ben,private_calls,0,0.92559,0.00377,0.01699,0.02862
ben,private_calls,0,0.90758,0.00374,0.00889,0.01426
ben,private_calls,0,0.96472,0.00375,0.00786,0.00848
ben,private_calls,0,0.97593,0.00735,0.03049,0.11381
ben,private_calls,0,0.95895,0.00381,0.01877,0.03322
ben,private_calls,0,0.20124,0.03466,0.17849,0.33523
ben,private_calls,0,0.97684,0.99128,0.85656,0.94736
ben,private_calls,0,0.98232,0.06080,0.32198,0.34141
ben,private_calls,0,0.81112,0.97565,0.30844,0.26034
ben,private_calls,1,0.92825,0.99052,0.92344,0.96285
ben,private_calls,0,0.23476,0.00379,0.00705,0.00807
ben,private_calls,0,0.95737,0.50927,0.03776,0.09566
ben,private_calls,0,0.94031,0.08956,0.16268,0.22252
ben,private_calls,1,0.97499,0.99205,0.95976,0.97131
ben,private_calls,0,0.54908,0.00392,0.00688,0.00812
ben,private_calls,0,0.95403,0.98055,0.08966,0.16782
ben,private_calls,0,0.75809,0.00375,0.00702,0.00613
ben,private_calls,0,0.81708,0.00376,0.00711,0.00785
ben,private_calls,1,0.86427,0.98396,0.28430,0.26382
ben,private_calls,0,0.04955,0.00391,0.01139,0.01760
ben,private_calls,0,0.74335,0.00436,0.01777,0.02221
ben,private_calls,0,0.16591,0.16853,0.03629,0.02248
ben,private_calls,0,0.96472,0.00584,0.03153,0.04752
ben,private_calls,1,0.87325,0.00542,0.04832,0.08405
ben,private_calls,0,0.88968,0.00418,0.01715,0.03357
ben,private_calls,0,0.62528,0.73915,0.00951,0.02491
ben,private_calls,0,0.81708,0.00371,0.00721,0.00586
ben,private_calls,0,0.67017,0.00376,0.00612,0.00616
ben,private_calls,1,0.98162,0.98946,0.76972,0.86109
ben,private_calls,1,0.92559,0.98721,0.61110,0.62541
ben,private_calls,0,0.28784,0.00508,0.03615,0.03423
ben,private_calls,1,0.86882,0.41638,0.03993,0.03306
ben,private_calls,0,0.77909,0.01594,0.11354,0.12788
ben,private_calls,1,0.96731,0.99124,0.43336,0.43977
ben,private_calls,0,0.90422,0.00383,0.01410,0.01830
ben,private_calls,0,0.96472,0.98341,0.22612,0.19406
ben,private_calls,0,0.95895,0.98835,0.44042,0.53623
ben,private_calls,0,0.97194,0.95368,0.29674,0.54176
ben,private_calls,1,0.98364,0.98562,0.23325,0.19407
ben,private_calls,0,0.76524,0.00401,0.01120,0.02246
ben,private_calls,0,0.53931,0.00602,0.02183,0.03187
ben,private_calls,0,0.95045,0.00468,0.03744,0.04158
ben,private_calls,0,0.02407,0.00381,0.00607,0.00512
ben,private_calls,0,0.78580,0.00381,0.00931,0.01250
ben,private_calls,1,0.98090,0.99219,0.93891,0.95625
ben,private_calls,0,0.97593,0.99060,0.41762,0.34303
ben,private_calls,0,0.94031,0.00423,0.02063,0.03933
ben,private_calls,0,0.97937,0.37251,0.04852,0.06523
ben,private_calls,0,0.96472,0.00375,0.00695,0.00610
ben,private_calls,1,0.98232,0.99101,0.69477,0.73064
ben,private_calls,0,0.97084,0.98251,0.19129,0.20739
ben,private_calls,0,0.62528,0.00619,0.04014,0.05296
ben,private_calls,0,0.48032,0.00531,0.02149,0.01669
ben,private_calls,0,0.95228,0.99240,0.97494,0.98433
ben,private_calls,0,0.96335,0.98221,0.14727,0.14148
ben,private_calls,0,0.83409,0.02897,0.05925,0.07112
ben,private_calls,0,0.93574,0.00832,0.06695,0.07780
ben,private_calls,1,0.98015,0.98257,0.85856,0.92275
ben,private_calls,0,0.98704,0.99188,0.47849,0.53268
ben,private_calls,0,0.96194,0.00370,0.00646,0.00696
ben,private_calls,0,0.91398,0.00418,0.01422,0.01343
ben,private_calls,0,0.01910,0.00381,0.00576,0.00481
ben,private_calls,0,0.95045,0.00380,0.00713,0.00665
ben,private_calls,0,0.94458,0.00424,0.01101,0.01081
ben,private_calls,0,0.97401,0.90275,0.15428,0.14886
ben,private_calls,1,0.95737,0.98724,0.30915,0.35119
ben,private_calls,0,0.06917,0.00388,0.02720,0.03030
ben,private_calls,0,0.88968,0.00515,0.07918,0.14057
ben,private_calls,1,0.96731,0.94196,0.36828,0.30940
ben,private_calls,1,0.96335,0.98271,0.13874,0.37053
ben,private_calls,0,0.91398,0.91839,0.08440,0.08566
ben,private_calls,0,0.93083,0.06623,0.02576,0.04271
ben,private_calls,0,0.98090,0.02214,0.02041,0.03590
ben,private_calls,0,0.96194,0.61233,0.06342,0.07098
ben,private_calls,0,0.97299,0.00378,0.01818,0.01822
ben,private_calls,0,0.28784,0.00391,0.00630,0.00634
ben,private_calls,0,0.62528,0.00404,0.00825,0.00895
ben,private_calls,0,0.10282,0.00401,0.00959,0.01870
ben,private_calls,0,0.86882,0.93394,0.26433,0.32571
ben,private_calls,1,0.96604,0.99190,0.78999,0.85996
ben,private_calls,0,0.17710,0.98815,0.04365,0.10171
ben,private_calls,0,0.93574,0.98341,0.18385,0.24194
ben,private_calls,0,0.98426,0.00394,0.00726,0.00836
ben,private_calls,0,0.96604,0.02115,0.04873,0.11663
ben,private_calls,1,0.97855,0.99173,0.94453,0.96737
ben,private_calls,0,0.92559,0.99077,0.72551,0.79045
ben,private_calls,0,0.97084,0.98823,0.27209,0.20468
ben,private_calls,1,0.98486,0.98250,0.87799,0.90863
ben,private_calls,0,0.83409,0.00671,0.02946,0.10187
ben,private_calls,0,0.22776,0.00397,0.01728,0.02476
ben,private_calls,1,0.97593,0.99192,0.98021,0.98250
ben,private_calls,1,0.73576,0.00675,0.15214,0.43357
ben,private_calls,1,0.97771,0.00390,0.00571,0.00410
ben,private_calls,1,0.96472,0.99137,0.97680,0.98521
ben,private_calls,0,0.01636,0.00397,0.00553,0.00414
ben,private_calls,1,0.97084,0.99187,0.98406,0.98842
ben,private_calls,0,0.77224,0.98549,0.37839,0.27186
ben,private_calls,1,0.97771,0.63622,0.48115,0.64101
ben,private_calls,1,0.98426,0.99130,0.97075,0.97812
ben,private_calls,1,0.46069,0.04643,0.07827,0.18118
ben,private_calls,0,0.43151,0.00421,0.02093,0.02811
ben,private_calls,0,0.05542,0.00408,0.01997,0.01860
ben,private_calls,0,0.02316,0.00399,0.01180,0.01520
ben,private_calls,1,0.95228,0.98388,0.92511,0.95168
ben,private_calls,1,0.94661,0.99088,0.95208,0.98155
ben,private_calls,1,0.98599,0.99212,0.98271,0.98640
ben,private_calls,0,0.14524,0.00754,0.04926,0.02666
ben,private_calls,1,0.97401,0.99186,0.96574,0.94551
ben,private_calls,0,0.61601,0.01961,0.03612,0.04635
ben,private_calls,1,0.97084,0.99073,0.86855,0.91348
ben,private_calls,0,0.96853,0.05551,0.05097,0.07536
ben,private_calls,0,0.60665,0.00642,0.02511,0.07802
ben,private_calls,1,0.69575,0.99179,0.95814,0.96214
ben,private_calls,1,0.97593,0.98988,0.97366,0.98301
ben,private_calls,0,0.97684,0.19066,0.02345,0.03912
ben,private_calls,1,0.97937,0.99050,0.76164,0.85718
ben,private_calls,1,0.96335,0.99219,0.98234,0.98738
ben,private_calls,0,0.94249,0.76417,0.03935,0.07837
ben,private_calls,0,0.98015,0.00424,0.02545,0.04091
ben,private_calls,1,0.97937,0.99236,0.98134,0.98479
ben,private_calls,0,0.51968,0.00419,0.01569,0.02291
ben,private_calls,0,0.62528,0.00395,0.01400,0.02046
ben,private_calls,1,0.92559,0.99011,0.93739,0.92239
ben,private_calls,1,0.93806,0.98645,0.91951,0.91677
ben,private_calls,1,0.05542,0.93732,0.16650,0.13571
ben,private_calls,1,0.04772,0.00662,0.07196,0.18716
ben,private_calls,0,0.98426,0.99179,0.95526,0.96171
ben,private_calls,0,0.96731,0.18031,0.94641,0.96453
ben,private_calls,0,0.95573,0.42235,0.09108,0.18827
ben,private_calls,0,0.96335,0.97692,0.03798,0.12024
ben,private_calls,1,0.74335,0.00427,0.00831,0.02071
ben,private_calls,1,0.94458,0.99123,0.05885,0.13711
ben,private_calls,1,0.96335,0.99251,0.98764,0.98705
ben,private_calls,0,0.85476,0.73769,0.03185,0.05501
ben,private_calls,1,0.87754,0.36669,0.11813,0.10782
ben,private_calls,0,0.89718,0.00432,0.02034,0.03535
ben,private_calls,1,0.95573,0.98149,0.75281,0.90659
ben,private_calls,1,0.86882,0.99174,0.93383,0.95428
ben,private_calls,0,0.53931,0.00433,0.01593,0.01895
ben,private_calls,0,0.95895,0.99005,0.26893,0.41571
ben,private_calls,0,0.00642,0.00366,0.00780,0.00735
ben,private_calls,1,0.97937,0.99244,0.89364,0.94021
ben,private_calls,0,0.02599,0.00370,0.00856,0.00989
ben,private_calls,0,0.77224,0.75910,0.02008,0.02929
ben,private_calls,1,0.92559,0.89219,0.03237,0.03214
ben,private_calls,0,0.90422,0.00402,0.02975,0.03166
ben,private_calls,0,0.38399,0.00373,0.00939,0.01144
ben,private_calls,0,0.90076,0.88087,0.07111,0.09542
ben,private_calls,1,0.44119,0.00526,0.01514,0.02474
ben,private_calls,0,0.10282,0.98964,0.40342,0.57825
ben,private_calls,0,0.02806,0.39258,0.02699,0.02863
ben,private_calls,0,0.49015,0.00379,0.01072,0.01149
ben,private_calls,0,0.07175,0.00441,0.01549,0.02378
ben,private_calls,0,0.11424,0.00825,0.09513,0.14841
ben,private_calls,0,0.61601,0.00753,0.04006,0.05259
ben,private_calls,1,0.98364,0.97805,0.37049,0.56944
ben,private_calls,0,0.21420,0.00485,0.01361,0.01560
ben,private_calls,1,0.42187,0.00740,0.03878,0.03437
ben,private_calls,0,0.00694,0.00374,0.00661,0.00560
ben,private_calls,1,0.77224,0.99204,0.46418,0.50359
ben,private_calls,0,0.54908,0.98813,0.13100,0.20825
ben,private_calls,0,0.76524,0.69104,0.08279,0.07067
ben,private_calls,0,0.16053,0.00411,0.02461,0.02525
ben,private_calls,1,0.94031,0.99199,0.94909,0.97249
ben,private_calls,1,0.84470,0.00432,0.03526,0.04560
ben,private_calls,0,0.00913,0.00389,0.00962,0.01181
ben,private_calls,0,0.96853,0.98289,0.44269,0.54785
ben,private_calls,0,0.01401,0.00368,0.00797,0.00970
ben,private_calls,0,0.00722,0.00376,0.00743,0.00613
ben,private_calls,0,0.28784,0.00382,0.00788,0.00821
ben,private_calls,0,0.00722,0.00382,0.01618,0.01592
ben,private_calls,1,0.58770,0.99134,0.27301,0.33554
ben,private_calls,0,0.98704,0.99239,0.97477,0.97773
ben,private_calls,0,0.78580,0.00384,0.00878,0.00882
ben,private_calls,1,0.82856,0.00432,0.02245,0.02400
ben,private_calls,1,0.97855,0.99254,0.90146,0.91022
ben,private_calls,0,0.90076,0.00874,0.01712,0.02691
ben,private_calls,0,0.47049,0.00388,0.00841,0.00962
ben,private_calls,0,0.73576,0.00373,0.02614,0.03141
ben,private_calls,1,0.96604,0.97788,0.18799,0.25676
ben,private_calls,1,0.96731,0.99225,0.95578,0.97792
ben,private_calls,0,0.46069,0.00383,0.01072,0.01014
ben,private_calls,0,0.01154,0.00379,0.00828,0.00943
ben,private_calls,0,0.87325,0.00382,0.00758,0.00734
ben,private_calls,0,0.03528,0.00385,0.01644,0.02704
ben,private_calls,1,0.13573,0.51884,0.05647,0.06972
ben,private_calls,0,0.04427,0.00383,0.01076,0.01444
ben,private_calls,0,0.01910,0.00384,0.00726,0.00682
ben,private_calls,1,0.32983,0.98771,0.72266,0.88406
ben,private_calls,0,0.38399,0.00389,0.01129,0.01479
ben,private_calls,1,0.91398,0.39109,0.10725,0.18403
ben,private_calls,1,0.96971,0.98992,0.95292,0.96699
ben,private_calls,1,0.77909,0.00453,0.06858,0.06990
ben,private_calls,0,0.95737,0.00554,0.01679,0.02058
ben,private_calls,0,0.01348,0.00371,0.00905,0.00990
ben,private_calls,1,0.83947,0.99183,0.28134,0.30686
ben,private_calls,0,0.01401,0.02928,0.03633,0.03512
ben,private_calls,0,0.95573,0.98875,0.10445,0.15731
ben,private_calls,0,0.54908,0.00424,0.02888,0.02718
ben,private_calls,1,0.85958,0.53823,0.14861,0.28145
ben,private_calls,0,0.27196,0.97877,0.01700,0.03626
ben,private_calls,1,0.96971,0.99173,0.84680,0.91785
ben,private_calls,1,0.82290,0.99135,0.09982,0.11642
ben,private_calls,0,0.01154,0.99101,0.16394,0.42728
ben,private_calls,1,0.98015,0.99190,0.96472,0.97800
ben,private_calls,1,0.91997,0.98530,0.83134,0.92609
ben,private_calls,0,0.35645,0.00391,0.01407,0.01953
ben,private_calls,0,0.40279,0.00420,0.01168,0.01445
ben,private_calls,0,0.60665,0.00440,0.02228,0.02526
ben,private_calls,0,0.15020,0.00398,0.02288,0.02105
ben,private_calls,1,0.96731,0.99223,0.83801,0.88453
ben,private_calls,0,0.04772,0.00409,0.00870,0.00970
ben,private_calls,0,0.69575,0.99200,0.57668,0.54975
ben,private_calls,1,0.77909,0.99093,0.94293,0.97264
ben,private_calls,1,0.88968,0.98965,0.96843,0.98659
ben,private_calls,1,0.76524,0.22144,0.54717,0.68955
ben,private_calls,1,0.97401,0.99253,0.92067,0.90113
ben,private_calls,0,0.94031,0.58308,0.07953,0.07144
ben,private_calls,0,0.02407,0.00392,0.00647,0.00480
ben,private_calls,0,0.75079,0.00520,0.03518,0.05666
ben,private_calls,0,0.34747,0.00388,0.00934,0.01058
ben,private_calls,0,0.10651,0.00394,0.02522,0.02524
ben,private_calls,0,0.05969,0.00409,0.02531,0.02649
ben,private_calls,1,0.59721,0.04752,0.15299,0.16634
ben,private_calls,1,0.80502,0.99114,0.58879,0.66675
ben,private_calls,0,0.78580,0.04325,0.07023,0.08754
ben,private_calls,0,0.96335,0.99025,0.28567,0.37137
ben,private_calls,0,0.01701,0.00404,0.01111,0.01470
ben,private_calls,1,0.97771,0.89165,0.15053,0.19230
ben,private_calls,1,0.98652,0.99214,0.96452,0.96720
ben,private_calls,0,0.01109,0.99104,0.78298,0.89553
ben,private_calls,0,0.47049,0.00399,0.01197,0.01531
ben,private_calls,1,0.92559,0.00885,0.02132,0.04660
ben,private_calls,0,0.97771,0.98529,0.20199,0.26639
ben,private_calls,1,0.86882,0.99183,0.96977,0.98160
ben,private_calls,1,0.07441,0.00399,0.01224,0.01354
ben,private_calls,0,0.97194,0.99083,0.47529,0.82786
ben,private_calls,0,0.96971,0.01300,0.07711,0.15931
ben,private_calls,1,0.93083,0.57997,0.22439,0.30466
ben,private_calls,0,0.95737,0.00436,0.02906,0.02825
ben,private_calls,0,0.85958,0.00387,0.00770,0.00803
ben,private_calls,0,0.24921,0.00395,0.01776,0.02543
ben,private_calls,1,0.80502,0.61126,0.06208,0.07444
ben,private_calls,0,0.04597,0.00388,0.00792,0.00920
ben,private_calls,0,0.78580,0.00435,0.01888,0.02720
ben,private_calls,0,0.97499,0.17528,0.18032,0.26797
ben,private_calls,1,0.78580,0.02020,0.07123,0.11412
ben,private_calls,1,0.97937,0.99244,0.98301,0.98706
ben,private_calls,0,0.94249,0.78524,0.14047,0.08395
ben,private_calls,0,0.08003,0.00382,0.01433,0.01855
ben,private_calls,0,0.29598,0.00470,0.02119,0.02453
ben,private_calls,0,0.93806,0.98778,0.61853,0.74457
ben,private_calls,0,0.20124,0.00421,0.01885,0.02204
ben,private_calls,0,0.97771,0.99234,0.94820,0.95804
ben,private_calls,1,0.78580,0.98016,0.79116,0.82621
ben,private_calls,0,0.96047,0.96376,0.35224,0.52967
ben,private_calls,1,0.96604,0.99191,0.87375,0.91251
ben,private_calls,1,0.97299,0.99229,0.96337,0.97000
ben,private_calls,0,0.01838,0.00386,0.00754,0.00729
ben,private_calls,0,0.01838,0.00386,0.00754,0.00729
ben,private_calls,0,0.03806,0.00393,0.01585,0.01963
ben,private_calls,0,0.71216,0.00460,0.01734,0.02495
ben,private_calls,0,0.83409,0.00386,0.00748,0.00852
ben,private_calls,1,0.97299,0.98862,0.66819,0.82065
ben,private_calls,1,0.36553,0.90477,0.20359,0.12921
ben,private_calls,0,0.95895,0.00399,0.03181,0.06408
ben,private_calls,0,0.16053,0.00399,0.01260,0.01963
ben,private_calls,1,0.98015,0.99074,0.66582,0.56417
ben,private_calls,0,0.01457,0.00369,0.00860,0.01058
ben,private_calls,0,0.02063,0.00376,0.01304,0.01403
ben,private_calls,1,0.83947,0.99148,0.94326,0.96553
ben,private_calls,1,0.85958,0.99183,0.53449,0.68013
ben,private_calls,0,0.00812,0.00375,0.00649,0.00578
ben,private_calls,0,0.24191,0.00497,0.01022,0.01125
ben,private_calls,1,0.19498,0.00382,0.00855,0.00888
ben,private_calls,0,0.12246,0.00373,0.01589,0.02055
ben,private_calls,1,0.98299,0.99023,0.76400,0.71468
ben,private_calls,0,0.01514,0.00372,0.01006,0.01057
ben,private_calls,0,0.01348,0.00379,0.00928,0.00994
ben,private_calls,0,0.29598,0.00375,0.01028,0.01416
ben,private_calls,0,0.93333,0.00539,0.03608,0.07568
ben,private_calls,1,0.96335,0.65363,0.03452,0.03101
ben,private_calls,0,0.05969,0.00374,0.01054,0.01033
ben,private_calls,0,0.01838,0.00379,0.00959,0.01539
ben,private_calls,0,0.97194,0.98411,0.09039,0.16005
ben,private_calls,0,0.00571,0.00371,0.01069,0.01312
ben,private_calls,0,0.06426,0.00371,0.01568,0.03849
ben,private_calls,1,0.87754,0.99157,0.97089,0.98263
ben,private_calls,1,0.91398,0.99246,0.98207,0.98665
ben,private_calls,1,0.96335,0.90694,0.25219,0.29799
ben,private_calls,1,0.97299,0.99021,0.66201,0.69136
ben,private_calls,0,0.97084,0.99225,0.71505,0.77131
ben,private_calls,1,0.94031,0.98346,0.67299,0.82749
ben,private_calls,1,0.97084,0.98969,0.93262,0.95057
ben,private_calls,1,0.96731,0.99107,0.18296,0.34636
ben,private_calls,1,0.96047,0.98971,0.19014,0.28522
ben,private_calls,0,0.15020,0.01360,0.02148,0.02388
ben,private_calls,1,0.96194,0.99230,0.96481,0.96876
ben,private_calls,1,0.77224,0.44604,0.06607,0.06461
ben,private_calls,0,0.02407,0.00378,0.00874,0.00871
ben,private_calls,0,0.32983,0.00383,0.00921,0.00972
ben,private_calls,1,0.96047,0.98917,0.82057,0.85389
ben,private_calls,1,0.98426,0.99209,0.26059,0.47814
ben,private_calls,1,0.96335,0.98891,0.64199,0.77642
ben,private_calls,1,0.97401,0.99245,0.95099,0.97227
ben,private_calls,1,0.98090,0.99172,0.12099,0.13670
ben,private_calls,1,0.96853,0.98787,0.49544,0.64898
ben,private_calls,1,0.95737,0.95274,0.32852,0.43582
ben,private_calls,0,0.00571,0.00370,0.00576,0.00418
ben,private_calls,1,0.97194,0.94748,0.07645,0.11481
ben,private_calls,1,0.96853,0.99174,0.91593,0.91167
ben,private_calls,1,0.60665,0.99175,0.33913,0.35744
ben,private_calls,0,0.63447,0.03360,0.02126,0.02565
ben,private_calls,0,0.03528,0.00509,0.02039,0.03222
ben,private_calls,1,0.94857,0.58394,0.20477,0.31915
ben,private_calls,0,0.97084,0.98457,0.69117,0.90841
ben,private_calls,0,0.81708,0.00405,0.00725,0.00841
ben,private_calls,0,0.63447,0.00667,0.04649,0.06418
ben,private_calls,0,0.86427,0.77317,0.01392,0.01570
ben,private_calls,1,0.95045,0.98530,0.51410,0.70342
ben,private_calls,0,0.20765,0.98006,0.17205,0.28483
ben,private_calls,0,0.78580,0.01187,0.02869,0.03507
ben,private_calls,1,0.79235,0.00446,0.01360,0.02139
ben,private_calls,1,0.02701,0.00383,0.00725,0.00766
ben,private_calls,1,0.93806,0.21954,0.07407,0.11394
ben,private_calls,0,0.15020,0.12381,0.04161,0.05139
ben,private_calls,0,0.91083,0.00379,0.01479,0.01856
ben,private_calls,1,0.92559,0.99089,0.49966,0.70574
ben,private_calls,0,0.04597,0.00363,0.00726,0.00731
ben,private_calls,0,0.82856,0.99213,0.83266,0.89334
ben,private_calls,1,0.97194,0.98776,0.82405,0.90434
ben,private_calls,0,0.94857,0.98861,0.46105,0.61556
ben,private_calls,1,0.97194,0.99207,0.91273,0.94122
ben,private_calls,0,0.84470,0.00382,0.00974,0.01104
ben,private_calls,0,0.13573,0.00379,0.00838,0.00830
ben,private_calls,0,0.93083,0.99176,0.89927,0.97069
ben,private_calls,1,0.96335,0.99151,0.87821,0.90946
ben,private_calls,0,0.77224,0.00390,0.00788,0.01129
ben,private_calls,1,0.95403,0.98767,0.55090,0.65980
ben,private_calls,0,0.06667,0.00395,0.00996,0.01150
ben,private_calls,0,0.95895,0.55931,0.27831,0.69076
ben,private_calls,0,0.96604,0.96947,0.37645,0.53226
ben,private_calls,1,0.97299,0.98199,0.11252,0.15637
ben,private_calls,0,0.95228,0.99011,0.22280,0.29571
ben,private_calls,0,0.57813,0.98952,0.18035,0.23928
ben,private_calls,1,0.93574,0.01669,0.14100,0.24712
ben,private_calls,1,0.78580,0.45586,0.28849,0.50749
ben,private_calls,0,0.98015,0.98548,0.48083,0.62214
ben,private_calls,1,0.98299,0.98767,0.77274,0.94508
ben,private_calls,1,0.92283,0.87522,0.11026,0.17391
ben,private_calls,1,0.77909,0.49603,0.18343,0.31635
ben,private_calls,0,0.27196,0.98521,0.06814,0.07824
ben,private_calls,1,0.95573,0.00456,0.01373,0.01600
ben,private_calls,1,0.98015,0.98508,0.71250,0.95930
ben,private_calls,1,0.98652,0.98111,0.33736,0.38849
ben,private_calls,1,0.87325,0.99235,0.97469,0.97506
ben,private_calls,1,0.97401,0.98475,0.65995,0.67905
ben,private_calls,1,0.66141,0.97992,0.73239,0.87361
ben,private_calls,0,0.09242,0.00381,0.01612,0.02366
ben,private_calls,0,0.96335,0.00367,0.00972,0.00931
ben,private_calls,0,0.28784,0.00376,0.01219,0.02678
ben,private_calls,1,0.98162,0.99089,0.89945,0.94235
ben,private_calls,0,0.13118,0.00372,0.01004,0.01814
ben,private_calls,0,0.00722,0.00373,0.00685,0.00506
ben,private_calls,1,0.94857,0.04412,0.23649,0.51471
ben,private_calls,0,0.75079,0.86864,0.65935,0.81777
ben,private_calls,0,0.92825,0.81493,0.59275,0.81687
ben,private_calls,1,0.93806,0.48918,0.12177,0.23204
ben,private_calls,1,0.96731,0.98448,0.57448,0.67067
ben,private_calls,1,0.40279,0.05655,0.07299,0.09957
ben,private_calls,1,0.13573,0.99091,0.87751,0.94197
ben,private_calls,0,0.41230,0.00379,0.01085,0.01575
ben,private_calls,0,0.71216,0.59793,0.36088,0.55695
ben,private_calls,1,0.85476,0.97728,0.56914,0.72401
ben,private_calls,0,0.12675,0.00370,0.00934,0.01368
ben,private_calls,0,0.96971,0.19369,0.20033,0.31067
ben,private_calls,0,0.97499,0.00831,0.10075,0.09813
ben,private_calls,0,0.95737,0.01968,0.09099,0.45399
ben,private_calls,0,0.96047,0.97265,0.60624,0.65208
ben,private_calls,0,0.95573,0.00650,0.11584,0.11422
ben,private_calls,0,0.73576,0.90874,0.42347,0.29305
ben,private_calls,1,0.86882,0.98824,0.83578,0.92815
ben,private_calls,0,0.96194,0.02166,0.08097,0.16045
ben,private_calls,0,0.41230,0.00376,0.02534,0.04704
ben,private_calls,0,0.96853,0.95689,0.39089,0.65342
ben,private_calls,1,0.86427,0.97516,0.46258,0.31459
ben,private_calls,0,0.95403,0.97825,0.32782,0.46077
ben,private_calls,1,0.90076,0.02992,0.03698,0.03642
ben,private_calls,1,0.97084,0.99061,0.92816,0.96712
ben,private_calls,0,0.94458,0.00412,0.01693,0.02456
ben,private_calls,0,0.97084,0.02244,0.06153,0.19210
ben,private_calls,0,0.95403,0.99063,0.90005,0.95551
ben,private_calls,0,0.48032,0.00385,0.01109,0.01052
ben,private_calls,1,0.95895,0.92140,0.53141,0.90616
ben,private_calls,0,0.96472,0.05368,0.26753,0.47010
ben,private_calls,0,0.86882,0.99205,0.97455,0.98038
ben,private_calls,1,0.92283,0.99041,0.80304,0.77419
ben,private_calls,0,0.02501,0.00539,0.03123,0.02353
ben,private_calls,1,0.96472,0.99158,0.95175,0.92193
ben,private_calls,0,0.98015,0.86702,0.29240,0.74191
ben,private_calls,0,0.22776,0.00382,0.01479,0.01692
ben,private_calls,0,0.92559,0.00482,0.04080,0.07044
ben,private_calls,1,0.98426,0.99140,0.96370,0.96737
ben,private_calls,1,0.97194,0.44585,0.44406,0.71748
ben,private_calls,0,0.95403,0.00792,0.08178,0.08796
ben,private_calls,0,0.94661,0.00391,0.01202,0.01127
ben,private_calls,0,0.72017,0.00391,0.00920,0.00841
ben,private_calls,1,0.85476,0.89911,0.24249,0.30335
ben,private_calls,1,0.97593,0.98861,0.72726,0.86760
ben,private_calls,0,0.95573,0.00423,0.07711,0.15504
ben,private_calls,1,0.98426,0.98999,0.95755,0.98524
ben,private_calls,0,0.77224,0.00415,0.01222,0.01844
ben,private_calls,0,0.96971,0.00405,0.02907,0.04410
ben,private_calls,0,0.82290,0.00400,0.01385,0.02159
ben,private_calls,0,0.97299,0.98122,0.76997,0.92679
ben,private_calls,0,0.96731,0.99063,0.95454,0.96830
ben,private_calls,1,0.62528,0.94996,0.20848,0.34503
ben,private_calls,1,0.96971,0.97221,0.77938,0.78439
ben,private_calls,1,0.98299,0.99236,0.98841,0.99120
ben,private_calls,1,0.98599,0.99199,0.98291,0.98600
ben,private_calls,1,0.74335,0.53500,0.10472,0.35847
ben,private_calls,1,0.96472,0.99040,0.98221,0.98913
ben,private_calls,0,0.80502,0.99101,0.58650,0.71794
ben,private_calls,1,0.98232,0.99200,0.84793,0.84792
ben,private_calls,1,0.97593,0.99182,0.98254,0.98911
ben,private_calls,1,0.86427,0.97348,0.18341,0.17887
ben,private_calls,0,0.65253,0.00485,0.03416,0.04401
ben,private_calls,0,0.69575,0.62679,0.09343,0.08793
ben,private_calls,0,0.96194,0.00540,0.03538,0.05179
ben,private_calls,1,0.94249,0.98360,0.91028,0.93511
ben,private_calls,1,0.98090,0.99084,0.06265,0.11038
ben,private_calls,1,0.09578,0.25074,0.04441,0.10663
ben,private_calls,1,0.91997,0.98874,0.33946,0.41285
ben,private_calls,1,0.83947,0.00397,0.01366,0.02177
ben,private_calls,1,0.96853,0.99082,0.80928,0.87156
ben,private_calls,0,0.94661,0.00387,0.01027,0.01089
ben,private_calls,1,0.96971,0.98125,0.34479,0.59833
ben,private_calls,1,0.97771,0.99101,0.98296,0.98732
ben,private_calls,1,0.76524,0.00535,0.02121,0.02425
ben,private_calls,1,0.78580,0.96400,0.67781,0.85904
ben,private_calls,1,0.96194,0.98645,0.37173,0.65950
ben,private_calls,0,0.86427,0.00389,0.00970,0.00829
ben,private_calls,0,0.08602,0.00994,0.01192,0.01795
ben,private_calls,0,0.94857,0.99080,0.70797,0.72494
ben,private_calls,0,0.85958,0.00396,0.01460,0.01303
ben,private_calls,0,0.97299,0.93431,0.25021,0.38886
ben,private_calls,1,0.86882,0.02700,0.05548,0.06406
ben,private_calls,0,0.22091,0.00383,0.01511,0.01492
ben,private_calls,1,0.96335,0.99216,0.94933,0.97890
ben,private_calls,0,0.80502,0.00678,0.04562,0.04770
ben,private_calls,0,0.85476,0.00392,0.00987,0.01408
ben,private_calls,0,0.98364,0.98302,0.32447,0.41017
ben,private_calls,0,0.97194,0.08618,0.03874,0.06817
ben,private_calls,0,0.01574,0.00386,0.00832,0.00942
ben,private_calls,1,0.91703,0.98777,0.41522,0.58417
ben,private_calls,1,0.98162,0.99125,0.66739,0.90444
ben,private_calls,1,0.94458,0.98811,0.40682,0.65659
ben,private_calls,0,0.94661,0.00423,0.03216,0.03187
ben,private_calls,1,0.98162,0.99228,0.90934,0.96289
ben,private_calls,1,0.98090,0.99201,0.97801,0.98633
ben,private_calls,0,0.94661,0.54823,0.10675,0.20708
ben,private_calls,1,0.95228,0.99218,0.97396,0.98045
ben,private_calls,1,0.96971,0.99114,0.93734,0.96283
ben,private_calls,1,0.98704,0.15630,0.38957,0.39217
ben,private_calls,1,0.97084,0.99197,0.92075,0.90162
ben,private_calls,1,0.98364,0.99217,0.93162,0.95682
ben,private_calls,1,0.97299,0.98739,0.90032,0.94481
ben,private_calls,1,0.97855,0.98078,0.85745,0.92226
ben,private_calls,1,0.97593,0.86759,0.29540,0.34577
ben,private_calls,0,0.87754,0.00372,0.00920,0.00952
ben,private_calls,1,0.98299,0.98097,0.55468,0.50578
ben,private_calls,1,0.97401,0.98937,0.85938,0.92237
ben,private_calls,0,0.92283,0.01903,0.03709,0.03887
ben,private_calls,0,0.49015,0.00651,0.09449,0.10861
ben,private_calls,1,0.98486,0.99214,0.94692,0.96711
ben,private_calls,0,0.47049,0.00372,0.01156,0.01070
ben,private_calls,1,0.95045,0.99163,0.98351,0.98728
ben,private_calls,1,0.93333,0.42284,0.10717,0.07006
ben,private_calls,0,0.26424,0.00377,0.00687,0.00488
ben,private_calls,1,0.98543,0.99186,0.93635,0.93133
ben,private_calls,1,0.98543,0.99237,0.96448,0.97479
ben,private_calls,0,0.98232,0.00993,0.01787,0.02628
ben,private_calls,0,0.89349,0.00492,0.02984,0.04883
ben,private_calls,1,0.91083,0.00474,0.04688,0.03691
ben,private_calls,1,0.97084,0.99146,0.95172,0.94146
ben,private_calls,0,0.55881,0.00371,0.00671,0.00507
ben,private_calls,0,0.96047,0.00371,0.00802,0.00741
ben,private_calls,1,0.93333,0.01986,0.07250,0.08346
ben,private_calls,0,0.09924,0.00375,0.01494,0.01714
ben,private_calls,1,0.91997,0.94598,0.36134,0.46191
ben,private_calls,0,0.02229,0.00376,0.00763,0.00844
ben,private_calls,0,0.57813,0.00384,0.00796,0.00734
ben,private_calls,0,0.87325,0.00384,0.01667,0.03147
ben,private_calls,0,0.85476,0.92600,0.09453,0.12534
ben,private_calls,0,0.39335,0.00377,0.01047,0.01092
ben,private_calls,0,0.82290,0.97785,0.13667,0.13554
ben,private_calls,1,0.94661,0.99211,0.90819,0.94276
ben,private_calls,0,0.48032,0.00370,0.01048,0.01170
ben,private_calls,0,0.33859,0.81582,0.03634,0.04637
ben,private_calls,0,0.15530,0.00571,0.02857,0.03443
ben,private_calls,1,0.43151,0.00462,0.03192,0.03565
ben,private_calls,1,0.97401,0.99037,0.69992,0.86309
ben,private_calls,0,0.41230,0.99226,0.37013,0.30309
ben,private_calls,0,0.14042,0.01798,0.02780,0.04002
ben,private_calls,0,0.86882,0.01985,0.01992,0.02955
ben,private_calls,0,0.88968,0.00556,0.01015,0.01158
ben,private_calls,1,0.97937,0.99167,0.87910,0.94248
ben,private_calls,1,0.81708,0.98874,0.47468,0.88669
ben,private_calls,0,0.91083,0.00376,0.00770,0.00957
ben,private_calls,1,0.98364,0.99136,0.91237,0.93359
ben,private_calls,0,0.04597,0.00370,0.00766,0.00677
ben,private_calls,0,0.03806,0.00374,0.00910,0.01090
ben,private_calls,0,0.90758,0.97761,0.18673,0.25454
ben,private_calls,0,0.95403,0.77549,0.11690,0.16884
ben,private_calls,0,0.27196,0.00371,0.00828,0.01066
ben,private_calls,0,0.96472,0.00435,0.02468,0.05456
ben,private_calls,1,0.73576,0.98314,0.92229,0.94235
ben,private_calls,1,0.88171,0.99224,0.13930,0.19382
ben,private_calls,0,0.97771,0.00389,0.00764,0.01136
ben,private_calls,1,0.94458,0.94878,0.48156,0.41788
ben,private_calls,0,0.93333,0.00392,0.01566,0.01321
ben,private_calls,0,0.62528,0.00963,0.05790,0.07783
ben,private_calls,0,0.84470,0.03030,0.02952,0.03879
ben,private_calls,0,0.47049,0.06708,0.07091,0.06094
ben,private_calls,0,0.79876,0.07818,0.04998,0.11555
ben,private_calls,1,0.97194,0.00460,0.03055,0.03747
ben,private_calls,1,0.98753,0.99200,0.97240,0.98088
ben,private_calls,0,0.96604,0.00578,0.03702,0.03419
ben,private_calls,1,0.98846,0.88455,0.83861,0.92037
ben,private_calls,0,0.00878,0.00387,0.00632,0.00569
ben,private_calls,0,0.18292,0.00424,0.01736,0.01939
ben,private_calls,1,0.98364,0.99112,0.94004,0.96932
ben,private_calls,0,0.15020,0.00388,0.00890,0.00881
ben,private_calls,1,0.98801,0.99123,0.93464,0.95509
ben,private_calls,1,0.98299,0.99147,0.17276,0.20032
ben,private_calls,0,0.01401,0.00391,0.00642,0.00481
ben,private_calls,1,0.96335,0.99243,0.98333,0.98236
ben,private_calls,0,0.98426,0.00387,0.01352,0.01804
ben,private_calls,0,0.94249,0.97956,0.15848,0.27127
ben,private_calls,1,0.97401,0.99147,0.89201,0.94848
ben,private_calls,0,0.96472,0.99108,0.92735,0.90006
ben,private_calls,1,0.98426,0.99187,0.95915,0.96675
ben,private_calls,1,0.98232,0.98838,0.87625,0.92126
ben,private_calls,0,0.00812,0.00389,0.00552,0.00447
ben,private_calls,1,0.95737,0.98975,0.26550,0.44356
ben,private_calls,1,0.91703,0.00711,0.07696,0.36402
ben,private_calls,1,0.96047,0.99158,0.93955,0.93183
ben,private_calls,0,0.98090,0.99124,0.23308,0.68795
ben,private_calls,1,0.98232,0.99150,0.68200,0.57761
ben,private_calls,0,0.97299,0.99137,0.86532,0.74151
ben,private_calls,0,0.86882,0.00392,0.00679,0.00627
ben,private_calls,0,0.29598,0.00895,0.05811,0.07724
ben,private_calls,1,0.98015,0.99235,0.97634,0.98442
ben,private_calls,1,0.98599,0.99156,0.95472,0.96940
ben,private_calls,1,0.95045,0.99061,0.54153,0.77498
ben,private_calls,0,0.75809,0.00395,0.02384,0.03107
ben,private_calls,0,0.95228,0.86793,0.16690,0.37797
ben,private_calls,0,0.01514,0.00384,0.00600,0.00470
ben,private_calls,1,0.91997,0.89027,0.13797,0.26168
ben,private_calls,0,0.87754,0.98135,0.24022,0.71367
ben,private_calls,0,0.71216,0.00395,0.01785,0.02440
ben,private_calls,0,0.23476,0.00385,0.00935,0.01420
ben,private_calls,0,0.56849,0.94187,0.39943,0.33860
ben,private_calls,1,0.90758,0.98969,0.59655,0.78053
ben,private_calls,1,0.95403,0.99122,0.69285,0.82837
ben,private_calls,1,0.93806,0.96196,0.07069,0.06424
ben,private_calls,0,0.75079,0.00383,0.00749,0.00714
ben,private_calls,1,0.98652,0.99166,0.97726,0.98444
ben,private_calls,0,0.97593,0.99191,0.93488,0.96637
ben,private_calls,0,0.92559,0.00409,0.00861,0.00951
ben,private_calls,0,0.20124,0.00423,0.00732,0.00949
ben,private_calls,0,0.43151,0.00406,0.00891,0.01453
ben,private_calls,0,0.97084,0.99042,0.64474,0.90367
ben,private_calls,0,0.79235,0.00509,0.02201,0.03470
ben,private_calls,0,0.97684,0.98615,0.58746,0.62887
ben,private_calls,0,0.34747,0.00392,0.01317,0.01339
ben,private_calls,0,0.91398,0.00524,0.01289,0.01223
ben,private_calls,0,0.01067,0.00383,0.00730,0.00766
ben,private_calls,1,0.95573,0.99215,0.92954,0.95925
ben,private_calls,0,0.09578,0.00409,0.01486,0.01552
ben,private_calls,0,0.18888,0.00382,0.01112,0.01360
ben,private_calls,0,0.61601,0.00390,0.00656,0.00851
ben,private_calls,0,0.60665,0.00393,0.01569,0.02939
ben,private_calls,0,0.01457,0.00484,0.02096,0.06291
ben,private_calls,1,0.24921,0.00429,0.01953,0.05183
ben,private_calls,1,0.97299,0.99146,0.85614,0.89067
ben,private_calls,0,0.78580,0.00387,0.00759,0.00907
ben,private_calls,0,0.72017,0.00374,0.01370,0.01829
ben,private_calls,1,0.94031,0.99022,0.80637,0.87965
ben,private_calls,0,0.35645,0.00377,0.00784,0.00802
ben,private_calls,0,0.94249,0.94201,0.01254,0.01838
ben,private_calls,0,0.34747,0.95018,0.45564,0.61791
ben,private_calls,1,0.45092,0.99067,0.69038,0.81182
ben,private_calls,0,0.31265,0.00510,0.05502,0.09938
ben,private_calls,0,0.88171,0.00445,0.01370,0.02468
ben,private_calls,0,0.31265,0.00457,0.14981,0.25880
ben,private_calls,0,0.27196,0.00377,0.00904,0.01557
ben,private_calls,0,0.28784,0.00496,0.04459,0.09163
ben,private_calls,0,0.35645,0.00381,0.01601,0.02149
ben,private_calls,0,0.35645,0.00381,0.01601,0.02149
ben,private_calls,1,0.94857,0.99070,0.71173,0.80523
ben,private_calls,0,0.47049,0.00379,0.00694,0.00521
ben,private_calls,0,0.05542,0.00374,0.00644,0.00464
ben,private_calls,0,0.96047,0.12877,0.04820,0.06603
ben,private_calls,0,0.65253,0.02215,0.15083,0.27633
ben,private_calls,0,0.35645,0.00824,0.09687,0.15386
ben,private_calls,1,0.96472,0.90435,0.36800,0.38653
ben,private_calls,0,0.05542,0.00436,0.04990,0.06069
ben,private_calls,1,0.10282,0.93783,0.10251,0.23098
ben,private_calls,0,0.01296,0.00378,0.00806,0.00889
ben,private_calls,0,0.01985,0.07980,0.04814,0.09830
ben,private_calls,0,0.77224,0.00382,0.01171,0.01252
ben,private_calls,0,0.90076,0.12509,0.09659,0.43425
ben,private_calls,1,0.96335,0.98928,0.93699,0.96120
ben,private_calls,0,0.95573,0.99002,0.73670,0.61037
ben,private_calls,0,0.96335,0.68950,0.16569,0.58776
ben,private_calls,0,0.63447,0.00415,0.00809,0.00794
ben,private_calls,0,0.89349,0.47666,0.05352,0.05173
ben,private_calls,0,0.02599,0.00373,0.01242,0.01629
ben,private_calls,0,0.61601,0.07336,0.02829,0.07300
ben,private_calls,0,0.94249,0.05735,0.22327,0.71891
ben,private_calls,0,0.01296,0.00367,0.00694,0.00607
ben,private_calls,0,0.20124,0.06934,0.02659,0.03846
ben,private_calls,0,0.48032,0.98844,0.38459,0.75804
ben,private_calls,1,0.38399,0.00503,0.05777,0.17659
ben,private_calls,0,0.95045,0.00429,0.02872,0.04807
ben,private_calls,0,0.96047,0.98904,0.13021,0.12203
ben,private_calls,1,0.97855,0.99205,0.90742,0.93462
ben,private_calls,0,0.97937,0.99178,0.91066,0.93888
ben,private_calls,0,0.96853,0.00612,0.02309,0.02301
ben,private_calls,1,0.17144,0.99199,0.78833,0.89188
ben,private_calls,1,0.90422,0.98971,0.31128,0.34576
ben,private_calls,0,0.88576,0.99030,0.47372,0.57632
ben,private_calls,1,0.95573,0.99192,0.94714,0.96739
ben,private_calls,0,0.24921,0.00376,0.00704,0.00700
ben,private_calls,0,0.92825,0.00378,0.02102,0.02416
ben,private_calls,1,0.72804,0.05902,0.03451,0.05967
ben,private_calls,0,0.74335,0.00616,0.02457,0.05592
ben,private_calls,0,0.90076,0.00397,0.01228,0.01352
ben,private_calls,0,0.50000,0.00388,0.01173,0.01481
ben,private_calls,0,0.01247,0.00494,0.02766,0.03356
ben,private_calls,1,0.78580,0.99253,0.94707,0.97437
ben,private_calls,0,0.32983,0.00494,0.02270,0.03197
ben,private_calls,1,0.96604,0.99233,0.96851,0.98219
ben,private_calls,1,0.96472,0.99228,0.77810,0.85105
ben,private_calls,1,0.96472,0.98150,0.13650,0.15055
ben,private_calls,1,0.82856,0.98412,0.36723,0.44169
ben,private_calls,1,0.28784,0.15428,0.04611,0.05085
ben,private_calls,0,0.67882,0.00443,0.01779,0.02533
ben,private_calls,0,0.01514,0.00366,0.01917,0.01461
ben,private_calls,1,0.90076,0.99177,0.91412,0.94159
ben,private_calls,1,0.94857,0.98938,0.45950,0.42555
ben,private_calls,1,0.93806,0.99125,0.63335,0.81840
ben,private_calls,0,0.98232,0.00391,0.01112,0.01749
ben,private_calls,1,0.98162,0.88264,0.37738,0.42514
ben,private_calls,0,0.44119,0.01066,0.05027,0.06242
ben,private_calls,0,0.94661,0.99179,0.92957,0.95948
ben,private_calls,1,0.05751,0.01300,0.09663,0.18504
ben,private_calls,0,0.91997,0.29035,0.19196,0.23923
ben,private_calls,0,0.56849,0.00371,0.00855,0.01676
ben,private_calls,1,0.92559,0.98920,0.71892,0.84923
ben,private_calls,1,0.95228,0.45766,0.04231,0.07441
ben,private_calls,0,0.16591,0.00365,0.00888,0.01111
ben,private_calls,1,0.96853,0.99223,0.97942,0.98239
ben,private_calls,1,0.91398,0.03050,0.16437,0.16998
ben,private_calls,1,0.97855,0.99161,0.81438,0.92582
ben,private_calls,0,0.01296,0.00379,0.00548,0.00405
ben,private_calls,0,0.13573,0.03729,0.04014,0.09638
ben,private_calls,1,0.98599,0.99220,0.88310,0.96272
ben,private_calls,0,0.32983,0.00365,0.00855,0.00985
ben,private_calls,0,0.94857,0.00368,0.01242,0.02282
ben,private_calls,0,0.00594,0.00369,0.00579,0.00448
ben,private_calls,0,0.44119,0.00372,0.01054,0.01082
ben,private_calls,1,0.88171,0.00572,0.03642,0.03300
ben,private_calls,0,0.79235,0.50389,0.03283,0.04829
ben,private_calls,0,0.62528,0.00369,0.00627,0.00625
ben,private_calls,0,0.00722,0.00368,0.00736,0.00904
ben,private_calls,1,0.95895,0.98843,0.75593,0.78905
ben,private_calls,1,0.98299,0.99196,0.47003,0.47981
ben,private_calls,1,0.38399,0.06088,0.16257,0.25652
ben,private_calls,0,0.01457,0.00388,0.01083,0.02031
ben,private_calls,1,0.97084,0.99209,0.95883,0.97666
ben,private_calls,0,0.01067,0.00374,0.01401,0.03352
ben,private_calls,1,0.98232,0.98763,0.35515,0.40814
ben,private_calls,1,0.97299,0.77473,0.31630,0.44597
ben,private_calls,1,0.84470,0.00592,0.07843,0.70093
ben,private_calls,1,0.23476,0.97896,0.36849,0.95434
ben,private_calls,1,0.75809,0.13379,0.07190,0.70298
ben,private_calls,0,0.54908,0.99042,0.97390,0.98372
ben,private_calls,0,0.67017,0.01347,0.12189,0.11853
ben,private_calls,1,0.23476,0.00475,0.01342,0.03194
ben,private_calls,1,0.95573,0.00389,0.02456,0.03937
ben,private_calls,0,0.41230,0.00403,0.01608,0.02511
ben,private_calls,0,0.01838,0.00372,0.00922,0.01783
ben,private_calls,0,0.83409,0.00368,0.00856,0.01256
ben,private_calls,0,0.10282,0.01235,0.05616,0.09261
ben,private_calls,0,0.08602,0.00408,0.04114,0.06653
ben,private_calls,0,0.72017,0.01947,0.04596,0.05579
ben,private_calls,1,0.42187,0.98487,0.56193,0.86852
ben,private_calls,1,0.96853,0.51900,0.04355,0.09899
ben,private_calls,1,0.95228,0.95442,0.06119,0.04197
ben,private_calls,1,0.95737,0.98778,0.73408,0.88195
ben,private_calls,1,0.97084,0.98325,0.58593,0.55772
ben,private_calls,0,0.80502,0.02051,0.03915,0.07340
ben,private_calls,0,0.93083,0.96338,0.07320,0.10069
ben,private_calls,0,0.87754,0.97767,0.66763,0.74729
ben,private_calls,1,0.96335,0.98919,0.71105,0.80357
ben,private_calls,1,0.86427,0.99116,0.97970,0.98695
ben,private_calls,0,0.95573,0.00378,0.00785,0.00752
ben,private_calls,0,0.88576,0.00378,0.00864,0.01275
ben,private_calls,0,0.92559,0.00388,0.02190,0.05012
ben,private_calls,0,0.95228,0.01257,0.06384,0.10008
ben,private_calls,1,0.84470,0.06245,0.03855,0.09872
ben,private_calls,1,0.93574,0.97644,0.70680,0.95862
ben,private_calls,1,0.77224,0.44027,0.08005,0.10024
ben,private_calls,1,0.97593,0.99184,0.90797,0.95891
ben,private_calls,1,0.96194,0.99190,0.96485,0.97413
ben,private_calls,0,0.93083,0.00375,0.00983,0.01337
ben,private_calls,0,0.95573,0.03352,0.03225,0.06928
eng,private_calls,1,0.98599,0.93019,0.44815,0.49150
eng,private_calls,0,0.71216,0.84684,0.52699,0.64421
eng,private_calls,0,0.00987,0.00369,0.01292,0.04604
eng,private_calls,1,0.87325,0.00446,0.05080,0.07738
eng,private_calls,1,0.79235,0.97966,0.20884,0.27247
eng,private_calls,0,0.09242,0.00402,0.02671,0.03216
eng,private_calls,1,0.38399,0.00527,0.04528,0.06653
eng,private_calls,1,0.88171,0.96623,0.40903,0.58310
eng,private_calls,1,0.85476,0.01859,0.10016,0.15153
eng,private_calls,0,0.18292,0.00410,0.02849,0.03084
eng,private_calls,0,0.77909,0.88375,0.22292,0.23868
eng,private_calls,0,0.44119,0.00401,0.02175,0.03006
eng,private_calls,1,0.92283,0.99066,0.90289,0.94706
eng,private_calls,1,0.86882,0.98757,0.72926,0.86068
eng,private_calls,0,0.66141,0.00367,0.00983,0.01082
eng,private_calls,0,0.53931,0.00418,0.01978,0.03229
eng,private_calls,0,0.95403,0.75732,0.13945,0.20104
eng,private_calls,0,0.24921,0.00570,0.02393,0.02608
eng,private_calls,0,0.02407,0.00366,0.01152,0.02222
eng,private_calls,1,0.13573,0.00467,0.05305,0.05638
eng,private_calls,1,0.51968,0.00469,0.04067,0.03398
eng,private_calls,1,0.05969,0.01868,0.15085,0.14368
eng,private_calls,0,0.01574,0.00367,0.00960,0.01134
eng,private_calls,1,0.89349,0.00512,0.03195,0.04185
eng,private_calls,0,0.01910,0.00380,0.01510,0.01708
eng,private_calls,0,0.06667,0.00497,0.01956,0.02182
eng,private_calls,0,0.86882,0.86849,0.29806,0.33876
eng,private_calls,0,0.03528,0.00416,0.03848,0.05109
eng,private_calls,0,0.01985,0.00379,0.01118,0.01543
eng,private_calls,1,0.98486,0.99105,0.80845,0.90556
eng,private_calls,0,0.02916,0.00443,0.02452,0.04607
eng,private_calls,0,0.10282,0.05412,0.13222,0.19593
eng,private_calls,0,0.00949,0.00369,0.00891,0.01193
eng,private_calls,0,0.02145,0.00386,0.01997,0.02670
eng,private_calls,0,0.32983,0.44540,0.37246,0.59039
eng,private_calls,0,0.00913,0.00368,0.00830,0.00720
eng,private_calls,0,0.02916,0.00415,0.02052,0.02843
eng,private_calls,0,0.96853,0.00552,0.02039,0.02393
eng,private_calls,0,0.04955,0.04014,0.05445,0.11605
eng,private_calls,0,0.43151,0.00509,0.04985,0.05849
eng,private_calls,0,0.12675,0.00379,0.01018,0.02420
eng,private_calls,0,0.84470,0.00414,0.02365,0.02233
eng,private_calls,1,0.64355,0.01142,0.05229,0.04968
eng,private_calls,0,0.98364,0.93522,0.69050,0.75309
eng,private_calls,0,0.01247,0.00383,0.01406,0.01649
eng,private_calls,1,0.04597,0.64816,0.19397,0.27393
eng,private_calls,0,0.02599,0.00394,0.01318,0.02544
eng,private_calls,0,0.05339,0.00367,0.01057,0.01365
eng,private_calls,0,0.00642,0.00366,0.00809,0.00811
eng,private_calls,1,0.97401,0.99124,0.93139,0.95323
eng,private_calls,1,0.94661,0.02897,0.07402,0.08226
eng,private_calls,1,0.96731,0.98452,0.61094,0.83140
eng,private_calls,0,0.03953,0.00382,0.01358,0.02431
eng,private_calls,0,0.02599,0.00366,0.00787,0.00717
eng,private_calls,0,0.04955,0.08423,0.14990,0.16878
eng,private_calls,0,0.33859,0.01620,0.14854,0.16759
eng,private_calls,0,0.01985,0.00368,0.01794,0.02223
eng,private_calls,1,0.04772,0.00407,0.03214,0.05167
eng,private_calls,0,0.19498,0.00513,0.03312,0.04882
eng,private_calls,0,0.03147,0.00395,0.03159,0.03021
eng,private_calls,0,0.89718,0.96211,0.49560,0.55878
eng,private_calls,0,0.01154,0.00377,0.00758,0.00670
eng,private_calls,0,0.06194,0.01111,0.02720,0.03772
eng,private_calls,1,0.96731,0.01014,0.06944,0.08586
eng,private_calls,0,0.00781,0.00361,0.00894,0.01058
eng,private_calls,1,0.81112,0.85888,0.34319,0.41867
eng,private_calls,0,0.01768,0.03264,0.05707,0.10450
eng,private_calls,0,0.04597,0.00355,0.01175,0.01485
eng,private_calls,0,0.03269,0.00355,0.01198,0.01211
eng,private_calls,0,0.00668,0.00366,0.00653,0.00527
eng,private_calls,0,0.00694,0.00366,0.00683,0.00640
eng,private_calls,1,0.69575,0.01375,0.03487,0.05735
eng,private_calls,0,0.01026,0.00376,0.01625,0.02308
eng,private_calls,0,0.04263,0.00364,0.00645,0.00576
eng,private_calls,1,0.96971,0.97268,0.64040,0.69261
eng,private_calls,1,0.98015,0.99127,0.84382,0.84304
eng,private_calls,0,0.00571,0.00359,0.00657,0.00502
eng,private_calls,0,0.65253,0.00417,0.02799,0.03287
eng,private_calls,1,0.97771,0.98827,0.88915,0.94833
eng,private_calls,1,0.95895,0.98672,0.65801,0.66028
eng,private_calls,1,0.87754,0.00720,0.14464,0.11524
eng,private_calls,0,0.61601,0.00373,0.01117,0.01584
eng,private_calls,1,0.97771,0.99186,0.96566,0.97819
eng,private_calls,1,0.75809,0.99127,0.54000,0.57399
eng,private_calls,1,0.24191,0.99110,0.85382,0.90528
eng,private_calls,1,0.50000,0.92555,0.48997,0.75070
eng,private_calls,1,0.40279,0.99062,0.84478,0.90497
eng,private_calls,1,0.37472,0.81376,0.59020,0.70450
eng,private_calls,0,0.96731,0.00679,0.12628,0.17823
eng,private_calls,1,0.97684,0.98776,0.90890,0.93576
eng,private_calls,1,0.76524,0.98867,0.96699,0.98658
eng,private_calls,1,0.90422,0.98791,0.87464,0.95036
eng,private_calls,1,0.93333,0.99131,0.94072,0.93715
eng,private_calls,0,0.00642,0.00361,0.00716,0.00748
eng,private_calls,0,0.22776,0.98768,0.77935,0.78164
eng,private_calls,0,0.34747,0.99129,0.89412,0.89883
eng,private_calls,1,0.93333,0.02482,0.12041,0.18442
eng,private_calls,1,0.85476,0.98135,0.56137,0.67292
eng,private_calls,1,0.95895,0.98430,0.71372,0.82217
eng,private_calls,1,0.94661,0.99117,0.96413,0.98112
eng,private_calls,1,0.97684,0.99210,0.97836,0.98276
eng,private_calls,1,0.30425,0.99007,0.95224,0.93622
eng,private_calls,1,0.98599,0.99149,0.73834,0.77133
eng,private_calls,0,0.91703,0.99095,0.42642,0.49238
eng,private_calls,1,0.72017,0.98000,0.14598,0.20692
eng,private_calls,0,0.05339,0.00741,0.05779,0.06341
eng,private_calls,1,0.08003,0.21854,0.04541,0.07503
eng,private_calls,0,0.04427,0.00400,0.01921,0.02693
eng,private_calls,0,0.03396,0.00368,0.00903,0.01192
eng,private_calls,0,0.01247,0.00359,0.01014,0.01323
eng,private_calls,1,0.70402,0.64802,0.46368,0.74555
eng,private_calls,1,0.58770,0.96996,0.36870,0.55920
eng,private_calls,0,0.61601,0.00367,0.00996,0.01343
eng,private_calls,0,0.95403,0.00413,0.01183,0.02741
eng,private_calls,0,0.09242,0.00383,0.02162,0.03806
eng,private_calls,1,0.97684,0.99032,0.60831,0.74469
eng,private_calls,1,0.03147,0.00358,0.00883,0.01121
eng,private_calls,0,0.05969,0.00360,0.00760,0.00849
eng,private_calls,0,0.16591,0.00358,0.01182,0.01548
eng,private_calls,1,0.75079,0.68040,0.39940,0.47912
eng,private_calls,1,0.64355,0.98957,0.75637,0.91140
eng,private_calls,1,0.96472,0.99214,0.83760,0.90647
eng,private_calls,0,0.33859,0.00370,0.02305,0.03817
eng,private_calls,0,0.78580,0.00368,0.00655,0.00540
eng,private_calls,0,0.17710,0.00364,0.00801,0.01101
eng,private_calls,1,0.16591,0.00364,0.00659,0.00766
eng,private_calls,1,0.79235,0.02295,0.08018,0.10004
eng,private_calls,0,0.95403,0.99011,0.04985,0.09295
eng,private_calls,0,0.24191,0.00368,0.02006,0.03350
eng,private_calls,0,0.35645,0.00386,0.01478,0.02135
eng,private_calls,1,0.08297,0.97760,0.40570,0.57884
eng,private_calls,0,0.20765,0.71630,0.07538,0.12124
eng,private_calls,0,0.11829,0.00379,0.02310,0.02937
eng,private_calls,0,0.04597,0.00359,0.01116,0.01751
eng,private_calls,1,0.84980,0.05902,0.18572,0.32779
eng,private_calls,0,0.97684,0.02454,0.04081,0.05607
eng,private_calls,0,0.27983,0.00364,0.00867,0.01066
eng,private_calls,0,0.95403,0.01345,0.15958,0.32563
eng,private_calls,0,0.06194,0.00364,0.00662,0.00660
eng,private_calls,0,0.47049,0.00388,0.01250,0.01523
eng,private_calls,1,0.94857,0.98253,0.52497,0.71622
eng,private_calls,0,0.02145,0.00371,0.00601,0.00568
eng,private_calls,0,0.06667,0.00368,0.00715,0.01053
eng,private_calls,1,0.50000,0.97231,0.26292,0.43156
eng,private_calls,0,0.02145,0.00385,0.01962,0.02764
eng,private_calls,0,0.01457,0.00430,0.01629,0.02582
eng,private_calls,1,0.58770,0.95895,0.22722,0.46440
eng,private_calls,0,0.73576,0.00361,0.01025,0.01498
eng,private_calls,0,0.36553,0.00406,0.01939,0.02549
eng,private_calls,1,0.03528,0.00367,0.01310,0.02572
eng,private_calls,0,0.06194,0.00362,0.00737,0.00953
eng,private_calls,0,0.05542,0.00982,0.04512,0.11275
eng,private_calls,1,0.49015,0.81056,0.29641,0.53416
eng,private_calls,1,0.75809,0.98913,0.72430,0.81261
eng,private_calls,0,0.05339,0.00366,0.00656,0.00769
eng,private_calls,1,0.92559,0.00664,0.05556,0.07649
eng,private_calls,1,0.49015,0.05383,0.26279,0.50981
eng,private_calls,1,0.90422,0.28260,0.11181,0.10208
eng,private_calls,0,0.96194,0.57212,0.13182,0.14287
eng,private_calls,1,0.92283,0.98491,0.43130,0.44831
eng,private_calls,1,0.97771,0.00440,0.16061,0.29031
eng,private_calls,0,0.90758,0.02314,0.12486,0.20598
eng,private_calls,1,0.21420,0.00358,0.00945,0.01015
eng,private_calls,0,0.94857,0.92305,0.14340,0.12789
eng,private_calls,1,0.92825,0.00430,0.01653,0.04810
eng,private_calls,0,0.84980,0.01204,0.06339,0.08598
eng,private_calls,0,0.03147,0.00372,0.00598,0.00570
eng,private_calls,1,0.09924,0.99163,0.83999,0.93912
eng,private_calls,1,0.73576,0.85209,0.03379,0.07163
eng,private_calls,1,0.92559,0.04040,0.03820,0.06284
eng,private_calls,1,0.97499,0.97469,0.08404,0.09275
eng,private_calls,1,0.94857,0.95958,0.59051,0.84438
eng,private_calls,1,0.89718,0.99024,0.94270,0.96082
eng,private_calls,0,0.08602,0.00361,0.00596,0.00599
eng,private_calls,0,0.00694,0.00362,0.00675,0.01103
eng,private_calls,1,0.87325,0.93021,0.55614,0.72773
eng,private_calls,1,0.70402,0.00834,0.04379,0.08189
eng,private_calls,1,0.98364,0.98153,0.50659,0.65000
eng,private_calls,0,0.67017,0.72349,0.29894,0.34678
eng,private_calls,1,0.03953,0.06147,0.20205,0.55431
eng,private_calls,0,0.00878,0.00366,0.00525,0.00379
eng,private_calls,0,0.00694,0.00371,0.00522,0.00413
eng,private_calls,0,0.04263,0.00416,0.03857,0.06255
eng,private_calls,1,0.44119,0.45090,0.15026,0.21750
eng,private_calls,1,0.85958,0.13847,0.23818,0.74659
eng,private_calls,1,0.93083,0.39012,0.37808,0.60364
eng,private_calls,0,0.07175,0.00360,0.00915,0.01204
eng,private_calls,0,0.43151,0.00365,0.01150,0.01430
eng,private_calls,1,0.90758,0.97086,0.55290,0.72856
eng,private_calls,1,0.77224,0.00883,0.04895,0.11414
eng,private_calls,0,0.12675,0.00373,0.00858,0.01163
eng,private_calls,0,0.98162,0.98082,0.66886,0.76631
eng,private_calls,0,0.01985,0.00489,0.03127,0.05221
eng,private_calls,0,0.01247,0.00410,0.01274,0.01422
eng,private_calls,0,0.02407,0.00606,0.02076,0.05455
eng,private_calls,1,0.89718,0.01750,0.02182,0.02547
eng,private_calls,1,0.97937,0.80902,0.24909,0.31848
eng,private_calls,1,0.79235,0.59356,0.22783,0.57262
eng,private_calls,1,0.89349,0.98634,0.81651,0.94585
eng,private_calls,1,0.79235,0.66464,0.03599,0.07016
eng,private_calls,1,0.97194,0.46998,0.11257,0.14743
eng,private_calls,0,0.69575,0.97601,0.35613,0.48048
eng,private_calls,0,0.17710,0.00463,0.02989,0.03814
eng,private_calls,0,0.95895,0.94190,0.72724,0.84993
eng,private_calls,0,0.12675,0.02470,0.11070,0.12597
eng,private_calls,0,0.00878,0.00365,0.00710,0.00806
eng,private_calls,0,0.08297,0.00426,0.02637,0.05444
eng,private_calls,0,0.02407,0.00693,0.01872,0.03880
eng,private_calls,0,0.00668,0.00369,0.00585,0.00462
eng,private_calls,0,0.01574,0.00366,0.00722,0.00877
eng,private_calls,1,0.20765,0.97173,0.39264,0.37697
eng,private_calls,1,0.34747,0.11662,0.15289,0.20544
eng,private_calls,1,0.93574,0.98937,0.84270,0.91276
eng,private_calls,0,0.00844,0.00370,0.00636,0.00544
eng,private_calls,1,0.32983,0.51228,0.08851,0.17817
eng,private_calls,1,0.97299,0.99003,0.72896,0.87577
eng,private_calls,1,0.97684,0.84567,0.23964,0.39522
eng,private_calls,1,0.96971,0.15479,0.05660,0.13658
eng,private_calls,0,0.01154,0.00371,0.01578,0.03175
eng,private_calls,0,0.01514,0.00479,0.02413,0.04604
eng,private_calls,1,0.67882,0.93776,0.46102,0.65275
eng,private_calls,1,0.26424,0.68461,0.19386,0.34426
eng,private_calls,1,0.96971,0.99205,0.95199,0.96881
eng,private_calls,0,0.06194,0.00888,0.03770,0.07006
eng,private_calls,1,0.09242,0.01423,0.07310,0.15564
eng,private_calls,0,0.79235,0.02769,0.07065,0.07709
eng,private_calls,0,0.80502,0.00693,0.03466,0.05316
eng,private_calls,0,0.26424,0.00389,0.01255,0.01654
eng,private_calls,0,0.95228,0.98511,0.81556,0.87907
eng,private_calls,0,0.01296,0.00371,0.00671,0.00602
eng,private_calls,0,0.03665,0.00457,0.03572,0.04777
eng,private_calls,0,0.83947,0.97118,0.47071,0.52844
eng,private_calls,0,0.91997,0.00391,0.01716,0.02616
eng,private_calls,1,0.97593,0.93852,0.62267,0.75550
eng,private_calls,0,0.09578,0.04020,0.03672,0.05536
eng,private_calls,0,0.45092,0.00376,0.01463,0.02110
eng,private_calls,0,0.04772,0.00418,0.01300,0.01842
eng,private_calls,1,0.20765,0.99007,0.94121,0.96232
eng,private_calls,1,0.10282,0.01341,0.08423,0.20700
eng,private_calls,0,0.20124,0.00378,0.01061,0.01029
eng,private_calls,0,0.04955,0.00389,0.01702,0.02035
eng,private_calls,0,0.79876,0.81115,0.13913,0.16966
eng,private_calls,0,0.61601,0.98837,0.85841,0.95733
eng,private_calls,1,0.07441,0.24930,0.39632,0.54970
eng,private_calls,1,0.11424,0.49546,0.08819,0.21807
eng,private_calls,0,0.14042,0.01391,0.05633,0.08967
eng,private_calls,1,0.34747,0.00756,0.07576,0.11654
eng,private_calls,0,0.71216,0.00576,0.04673,0.09054
eng,private_calls,1,0.94458,0.99104,0.96791,0.98107
eng,private_calls,0,0.95573,0.00375,0.02049,0.03099
eng,private_calls,1,0.95045,0.50341,0.11234,0.10534
eng,private_calls,0,0.00618,0.00371,0.00634,0.00495
eng,private_calls,0,0.03269,0.00371,0.01153,0.01993
eng,private_calls,0,0.68735,0.00400,0.01485,0.02421
eng,private_calls,1,0.95403,0.98710,0.49586,0.48738
eng,private_calls,0,0.92283,0.08934,0.21527,0.34697
eng,private_calls,0,0.25665,0.00383,0.00937,0.02250
eng,private_calls,0,0.00722,0.00370,0.01333,0.01309
eng,private_calls,1,0.43151,0.98285,0.76360,0.84070
eng,private_calls,0,0.97499,0.00459,0.06753,0.07696
eng,private_calls,0,0.83947,0.98014,0.10687,0.13011
eng,private_calls,1,0.32983,0.00398,0.01702,0.02438
eng,private_calls,0,0.97401,0.00396,0.04787,0.06933
eng,private_calls,1,0.97299,0.98889,0.78119,0.84086
eng,private_calls,1,0.89718,0.00365,0.01113,0.01859
eng,private_calls,0,0.88576,0.00385,0.01365,0.02184
eng,private_calls,1,0.85958,0.98749,0.72055,0.83797
eng,private_calls,0,0.92283,0.00458,0.03246,0.05105
eng,private_calls,0,0.56849,0.94680,0.16929,0.13865
eng,private_calls,1,0.25665,0.59157,0.17541,0.31665
eng,private_calls,0,0.91703,0.00370,0.01204,0.01628
eng,private_calls,0,0.97194,0.24216,0.05189,0.06633
eng,private_calls,0,0.88171,0.00376,0.01336,0.01507
eng,private_calls,0,0.97084,0.98575,0.76829,0.84680
eng,private_calls,1,0.82290,0.51266,0.06390,0.06679
eng,private_calls,0,0.00812,0.00373,0.00636,0.00645
eng,private_calls,0,0.84470,0.97930,0.70275,0.85420
eng,private_calls,0,0.02599,0.00368,0.00727,0.00738
eng,private_calls,0,0.04772,0.00371,0.01652,0.04503
eng,private_calls,0,0.64355,0.01549,0.10458,0.16312
eng,private_calls,0,0.01199,0.00368,0.00696,0.00769
eng,private_calls,0,0.06194,0.00369,0.01456,0.02108
eng,private_calls,1,0.94661,0.00566,0.04276,0.06198
eng,private_calls,0,0.98232,0.99265,0.97642,0.98350
eng,private_calls,0,0.90758,0.00382,0.01899,0.03653
eng,private_calls,1,0.97499,0.99159,0.97760,0.98390
eng,private_calls,1,0.98090,0.99155,0.98629,0.98802
eng,private_calls,1,0.96971,0.99152,0.86778,0.93427
eng,private_calls,1,0.97937,0.97987,0.60704,0.72554
eng,private_calls,1,0.17710,0.97681,0.78432,0.87253
eng,private_calls,1,0.97401,0.21223,0.04073,0.04566
eng,private_calls,1,0.22091,0.00392,0.01428,0.01797
eng,private_calls,1,0.98232,0.27414,0.34886,0.48023
eng,private_calls,1,0.94857,0.93469,0.05121,0.06241
eng,private_calls,0,0.00812,0.00373,0.00761,0.00850
eng,private_calls,1,0.86882,0.97487,0.11983,0.18349
eng,private_calls,1,0.41230,0.95112,0.27887,0.38853
eng,private_calls,0,0.00987,0.00363,0.00684,0.00602
eng,private_calls,0,0.02916,0.00377,0.02107,0.01628
eng,private_calls,0,0.94458,0.98325,0.46107,0.55002
eng,private_calls,0,0.48032,0.00372,0.01347,0.01918
eng,private_calls,0,0.66141,0.01256,0.03469,0.04352
eng,private_calls,0,0.81708,0.00456,0.01765,0.02108
eng,private_calls,1,0.94857,0.98562,0.46708,0.52047
eng,private_calls,0,0.19498,0.00378,0.01585,0.02007
eng,private_calls,0,0.15020,0.00569,0.04538,0.04975
eng,private_calls,1,0.94458,0.98203,0.53310,0.57757
eng,private_calls,0,0.01985,0.00365,0.00706,0.00725
eng,private_calls,1,0.94857,0.24738,0.12830,0.40777
eng,private_calls,0,0.11032,0.00363,0.00771,0.00810
eng,private_calls,1,0.32118,0.86334,0.24278,0.30634
eng,private_calls,0,0.67882,0.00372,0.01284,0.01502
eng,private_calls,1,0.05542,0.00366,0.01283,0.01768
eng,private_calls,0,0.03269,0.00400,0.01615,0.01680
eng,private_calls,1,0.85476,0.98972,0.80496,0.79604
eng,private_calls,0,0.98299,0.98835,0.06967,0.11512
eng,private_calls,0,0.98299,0.95223,0.17627,0.32493
eng,private_calls,0,0.75809,0.00395,0.01926,0.02676
eng,private_calls,0,0.95895,0.00384,0.01933,0.01928
eng,private_calls,0,0.55881,0.00375,0.01321,0.01432
eng,private_calls,0,0.04427,0.00375,0.01395,0.01565
eng,private_calls,1,0.15530,0.02100,0.02418,0.02669
eng,private_calls,0,0.02316,0.00397,0.01993,0.01887
eng,private_calls,1,0.92283,0.98760,0.55087,0.54949
eng,private_calls,0,0.07175,0.00382,0.01169,0.01137
eng,private_calls,0,0.06426,0.00371,0.01303,0.01340
eng,private_calls,0,0.02501,0.00393,0.01788,0.03874
eng,private_calls,1,0.92825,0.77253,0.14603,0.22900
eng,private_calls,0,0.02599,0.00375,0.01054,0.01748
eng,private_calls,1,0.85476,0.70772,0.30625,0.47089
eng,private_calls,1,0.70402,0.94906,0.35582,0.42372
eng,private_calls,1,0.93083,0.01052,0.03500,0.05257
eng,private_calls,1,0.97593,0.99084,0.74780,0.82394
eng,private_calls,0,0.24191,0.00378,0.01274,0.02560
eng,private_calls,0,0.98364,0.00460,0.01884,0.05994
eng,private_calls,0,0.93083,0.97570,0.43506,0.64367
eng,private_calls,1,0.97401,0.92834,0.34074,0.40586
eng,private_calls,1,0.44119,0.97895,0.46019,0.65866
eng,private_calls,0,0.01348,0.00370,0.00713,0.00963
eng,private_calls,1,0.79235,0.85724,0.73099,0.88941
eng,private_calls,0,0.97194,0.04718,0.04748,0.06132
eng,private_calls,1,0.86882,0.98580,0.18683,0.22840
eng,private_calls,0,0.02063,0.00407,0.01700,0.02668
eng,private_calls,1,0.18888,0.88125,0.44980,0.61564
eng,private_calls,1,0.97499,0.88485,0.24148,0.46382
eng,private_calls,0,0.95228,0.00383,0.01364,0.02256
eng,private_calls,0,0.57813,0.03858,0.08200,0.32130
eng,private_calls,1,0.96971,0.88465,0.46698,0.44658
eng,private_calls,1,0.93083,0.94895,0.27204,0.27035
eng,private_calls,0,0.06917,0.00394,0.01664,0.01884
eng,private_calls,0,0.09242,0.00377,0.01985,0.02301
eng,private_calls,1,0.84980,0.97485,0.16057,0.20149
eng,private_calls,1,0.96853,0.96371,0.46406,0.53156
eng,private_calls,0,0.95573,0.95606,0.29679,0.20900
eng,private_calls,0,0.32983,0.05340,0.04091,0.04613
eng,private_calls,0,0.10282,0.00375,0.00957,0.01140
eng,private_calls,1,0.96472,0.03639,0.34689,0.49672
eng,private_calls,0,0.00878,0.00376,0.00618,0.00453
eng,private_calls,1,0.32983,0.00380,0.02203,0.02601
eng,private_calls,0,0.09924,0.00375,0.00974,0.01273
eng,private_calls,0,0.15020,0.00375,0.00927,0.01300
eng,private_calls,1,0.97194,0.97631,0.73259,0.86444
eng,private_calls,0,0.01199,0.00382,0.00861,0.01289
eng,private_calls,0,0.01768,0.00370,0.01455,0.01626
eng,private_calls,1,0.48032,0.13423,0.17517,0.19135
eng,private_calls,0,0.01296,0.00374,0.00718,0.00810
eng,private_calls,1,0.77909,0.00612,0.10534,0.09379
eng,private_calls,0,0.01768,0.00375,0.00781,0.00958
eng,private_calls,0,0.01838,0.00380,0.01757,0.03298
eng,private_calls,1,0.50985,0.64339,0.40486,0.54190
eng,private_calls,0,0.01514,0.00386,0.01237,0.01611
eng,private_calls,1,0.09924,0.08845,0.03652,0.04380
eng,private_calls,1,0.97937,0.98207,0.85016,0.93875
eng,private_calls,1,0.40279,0.00568,0.03312,0.06325
eng,private_calls,0,0.94031,0.00384,0.01429,0.09867
eng,private_calls,0,0.91703,0.00393,0.03766,0.06196
eng,private_calls,1,0.44119,0.29745,0.60150,0.76698
eng,private_calls,0,0.92559,0.03783,0.11011,0.27897
eng,private_calls,1,0.11829,0.00390,0.03410,0.08599
eng,private_calls,0,0.01199,0.00372,0.00738,0.01147
eng,private_calls,0,0.00549,0.00367,0.00653,0.00678
eng,private_calls,1,0.97771,0.99162,0.94157,0.96157
eng,private_calls,1,0.95228,0.08786,0.36142,0.49409
eng,private_calls,0,0.08297,0.00474,0.02961,0.03694
eng,private_calls,1,0.95573,0.00432,0.03316,0.05056
eng,private_calls,0,0.92283,0.00395,0.02884,0.04228
eng,private_calls,0,0.81708,0.00373,0.02015,0.04146
eng,private_calls,1,0.93806,0.96926,0.56130,0.88050
eng,private_calls,1,0.97684,0.98713,0.67751,0.81718
eng,private_calls,0,0.06194,0.00386,0.02938,0.04234
eng,private_calls,0,0.11829,0.00379,0.00876,0.01459
eng,private_calls,1,0.97299,0.96969,0.58645,0.91880
eng,private_calls,0,0.15020,0.00419,0.01287,0.01246
eng,private_calls,1,0.94249,0.91881,0.64572,0.76891
eng,private_calls,1,0.07717,0.00391,0.01715,0.04926
eng,private_calls,0,0.03528,0.00387,0.03091,0.04458
eng,private_calls,1,0.85958,0.92861,0.64786,0.82851
eng,private_calls,1,0.01985,0.00367,0.01448,0.02654
eng,private_calls,1,0.93574,0.78042,0.53016,0.68121
eng,private_calls,0,0.28784,0.00488,0.01355,0.03071
eng,private_calls,1,0.98090,0.96939,0.66820,0.80637
eng,private_calls,0,0.34747,0.02293,0.03739,0.04753
eng,private_calls,0,0.97401,0.16154,0.31643,0.51212
eng,private_calls,1,0.96472,0.99023,0.95267,0.97343
eng,private_calls,0,0.87754,0.00373,0.00635,0.00597
eng,private_calls,0,0.94661,0.75177,0.40741,0.55187
eng,private_calls,1,0.97855,0.99172,0.96602,0.97739
eng,private_calls,0,0.96194,0.00443,0.05450,0.05427
eng,private_calls,0,0.82856,0.00406,0.06619,0.08895
eng,private_calls,1,0.97299,0.98039,0.87228,0.95322
eng,private_calls,1,0.98232,0.98313,0.89779,0.93407
eng,private_calls,1,0.82290,0.99056,0.95614,0.97514
eng,private_calls,0,0.00751,0.00369,0.00982,0.02423
eng,private_calls,1,0.97855,0.03496,0.17199,0.53394
eng,private_calls,0,0.03806,0.00422,0.03391,0.06258
eng,private_calls,1,0.95045,0.98537,0.58595,0.59236
eng,private_calls,1,0.94249,0.92757,0.15560,0.17220
eng,private_calls,1,0.97499,0.01664,0.06766,0.06443
eng,private_calls,1,0.05542,0.00377,0.01896,0.02415
eng,private_calls,0,0.86427,0.98013,0.74114,0.81240
eng,private_calls,0,0.28784,0.00376,0.00676,0.00734
eng,private_calls,1,0.14042,0.00470,0.03959,0.09439
eng,private_calls,0,0.00781,0.00367,0.00716,0.00799
eng,private_calls,0,0.74335,0.04083,0.04979,0.06714
eng,private_calls,0,0.53931,0.96214,0.77765,0.92410
eng,private_calls,0,0.00668,0.00365,0.00550,0.00410
eng,private_calls,1,0.10651,0.00831,0.05550,0.07488
eng,private_calls,0,0.49015,0.00393,0.03176,0.06825
eng,private_calls,1,0.58770,0.98115,0.82484,0.90664
eng,private_calls,0,0.22091,0.00364,0.00679,0.00565
eng,private_calls,0,0.04105,0.00366,0.00974,0.01035
eng,private_calls,1,0.95045,0.01696,0.03535,0.05127
eng,private_calls,0,0.90758,0.03139,0.13285,0.17856
eng,private_calls,1,0.92559,0.99027,0.94735,0.97056
eng,private_calls,0,0.08917,0.00398,0.00999,0.01777
eng,private_calls,0,0.12246,0.00371,0.00600,0.00578
eng,private_calls,1,0.04772,0.98689,0.92749,0.95401
eng,private_calls,0,0.69575,0.00372,0.00839,0.01516
eng,private_calls,0,0.86882,0.96716,0.63045,0.72981
eng,private_calls,0,0.24191,0.00995,0.06269,0.10152
eng,private_calls,0,0.09924,0.00371,0.01022,0.01228
eng,private_calls,1,0.97499,0.98811,0.91712,0.94843
eng,private_calls,0,0.84470,0.00378,0.01262,0.02284
eng,private_calls,0,0.98486,0.95799,0.18142,0.18880
eng,private_calls,0,0.00812,0.00376,0.00487,0.00359
eng,private_calls,0,0.79876,0.45055,0.10644,0.23740
eng,private_calls,1,0.28784,0.99162,0.97404,0.98572
eng,private_calls,0,0.53931,0.99246,0.97817,0.98822
eng,private_calls,1,0.98652,0.99192,0.85666,0.90910
eng,private_calls,1,0.94661,0.97519,0.39061,0.68498
eng,private_calls,0,0.11829,0.00376,0.01475,0.02544
eng,private_calls,0,0.00571,0.00374,0.00540,0.00485
eng,private_calls,1,0.90076,0.02525,0.05873,0.10582
eng,private_calls,1,0.94661,0.97783,0.25516,0.68718
eng,private_calls,1,0.50000,0.01970,0.05911,0.14302
eng,private_calls,1,0.16591,0.00392,0.01559,0.05003
eng,private_calls,0,0.27983,0.00378,0.00775,0.01856
eng,private_calls,0,0.95573,0.00413,0.01267,0.02020
eng,private_calls,1,0.82856,0.98812,0.55304,0.71877
eng,private_calls,0,0.38399,0.86582,0.03105,0.06940
eng,private_calls,1,0.31265,0.93055,0.19227,0.39532
eng,private_calls,0,0.01514,0.00383,0.00781,0.01248
eng,private_calls,0,0.00594,0.00373,0.00520,0.00439
eng,private_calls,1,0.09578,0.99165,0.91531,0.96835
eng,private_calls,0,0.01348,0.00406,0.01004,0.01299
eng,private_calls,0,0.86882,0.00373,0.00709,0.00881
eng,private_calls,1,0.08297,0.99233,0.86966,0.93978
eng,private_calls,0,0.04263,0.00380,0.00562,0.00532
eng,private_calls,1,0.29598,0.97281,0.37134,0.45649
eng,private_calls,0,0.04772,0.00386,0.02207,0.02829
eng,private_calls,0,0.02407,0.00382,0.01700,0.02126
eng,private_calls,1,0.01636,0.00777,0.03515,0.04833
eng,private_calls,0,0.09924,0.00373,0.00637,0.00939
eng,private_calls,1,0.89349,0.07966,0.15098,0.28994
eng,private_calls,1,0.01636,0.97712,0.35551,0.48911
eng,private_calls,1,0.89349,0.89481,0.52042,0.75056
eng,private_calls,0,0.89349,0.00379,0.01986,0.02224
eng,private_calls,1,0.05339,0.98397,0.27616,0.54164
eng,private_calls,1,0.65253,0.98886,0.89202,0.97290
eng,private_calls,0,0.32118,0.00373,0.00554,0.00506
eng,private_calls,1,0.10282,0.99130,0.73564,0.93830
eng,private_calls,0,0.70402,0.00410,0.05364,0.08153
eng,private_calls,1,0.06426,0.96183,0.11570,0.37375
eng,private_calls,0,0.55881,0.11136,0.02470,0.04187
eng,private_calls,0,0.18292,0.00381,0.00910,0.01349
eng,private_calls,0,0.02407,0.00392,0.01199,0.01216
eng,private_calls,0,0.60665,0.01069,0.02591,0.04139
eng,private_calls,0,0.00594,0.00371,0.00555,0.00515
eng,private_calls,0,0.01985,0.00379,0.00661,0.01044
eng,private_calls,0,0.02407,0.00383,0.01099,0.01587
eng,private_calls,1,0.95228,0.99134,0.52588,0.61227
eng,private_calls,1,0.98426,0.92987,0.51254,0.95896
eng,private_calls,0,0.14042,0.00425,0.00669,0.01361
eng,private_calls,0,0.90076,0.00460,0.02103,0.03746
eng,private_calls,0,0.97855,0.96303,0.41452,0.76819
eng,private_calls,0,0.13118,0.10998,0.04223,0.18410
eng,private_calls,0,0.95573,0.02335,0.07207,0.13905
eng,private_calls,0,0.03953,0.00371,0.00932,0.02231
eng,private_calls,1,0.90758,0.98141,0.73359,0.91134
eng,private_calls,0,0.93083,0.00407,0.01432,0.02008
eng,private_calls,0,0.92283,0.01303,0.04135,0.18290
eng,private_calls,0,0.95573,0.97856,0.10387,0.22610
eng,private_calls,1,0.94857,0.99215,0.85653,0.93569
eng,private_calls,0,0.07441,0.00377,0.00685,0.00731
eng,private_calls,0,0.77909,0.00491,0.03064,0.02705
eng,private_calls,0,0.91997,0.00399,0.01238,0.02333
eng,private_calls,1,0.86882,0.99018,0.80041,0.91789
eng,private_calls,0,0.89718,0.98806,0.17914,0.23221
eng,private_calls,0,0.81708,0.00369,0.02659,0.03695
eng,private_calls,0,0.93083,0.87279,0.09325,0.22352
eng,private_calls,1,0.96731,0.99154,0.85025,0.90234
eng,private_calls,0,0.82290,0.00453,0.01380,0.02135
eng,private_calls,1,0.86427,0.00407,0.02792,0.03591
eng,private_calls,0,0.97194,0.07637,0.04046,0.05228
eng,private_calls,1,0.91083,0.99100,0.87440,0.93429
eng,private_calls,1,0.98232,0.99160,0.85838,0.95421
eng,private_calls,0,0.91703,0.00748,0.01678,0.02063
eng,private_calls,0,0.25665,0.00368,0.00800,0.01660
eng,private_calls,1,0.98232,0.99188,0.93940,0.96869
eng,private_calls,0,0.15530,0.00370,0.00781,0.00910
eng,private_calls,0,0.02316,0.00388,0.00938,0.02318
eng,private_calls,0,0.79235,0.00372,0.01291,0.03514
eng,private_calls,0,0.00913,0.00391,0.01570,0.04051
eng,private_calls,0,0.75079,0.04486,0.07487,0.08421
eng,private_calls,0,0.22776,0.00628,0.02707,0.02808
eng,private_calls,0,0.00781,0.00366,0.01056,0.01915
eng,private_calls,1,0.27196,0.00627,0.10220,0.27346
eng,private_calls,0,0.93806,0.00461,0.02994,0.03445
eng,private_calls,0,0.10282,0.00374,0.00731,0.00862
eng,private_calls,0,0.48032,0.00546,0.01783,0.02957
eng,private_calls,0,0.94031,0.91662,0.17266,0.33329
eng,private_calls,0,0.88171,0.00461,0.02134,0.03976
eng,private_calls,1,0.85476,0.99132,0.70380,0.77019
eng,private_calls,0,0.02063,0.00405,0.03416,0.03581
eng,private_calls,0,0.27983,0.00365,0.01215,0.01898
eng,private_calls,0,0.45092,0.06351,0.14177,0.40885
eng,private_calls,1,0.95895,0.99109,0.89559,0.94218
eng,private_calls,0,0.03806,0.00367,0.00766,0.00801
eng,private_calls,0,0.52951,0.00364,0.01019,0.01618
eng,private_calls,0,0.05339,0.00370,0.01118,0.01734
eng,private_calls,0,0.41230,0.00477,0.02619,0.03381
eng,private_calls,1,0.92283,0.98394,0.36383,0.48261
eng,private_calls,0,0.98299,0.00461,0.03877,0.05393
eng,private_calls,1,0.77224,0.11362,0.22285,0.26110
eng,private_calls,0,0.02599,0.00367,0.01089,0.01517
eng,private_calls,1,0.51968,0.00362,0.01471,0.01666
eng,private_calls,1,0.97299,0.96644,0.27134,0.65274
eng,private_calls,1,0.07175,0.00365,0.00895,0.00875
eng,private_calls,0,0.02599,0.00364,0.00736,0.00970
eng,private_calls,1,0.16053,0.00424,0.01741,0.02633
eng,private_calls,0,0.02701,0.00370,0.00918,0.01290
eng,private_calls,0,0.07441,0.00377,0.01000,0.01317
eng,private_calls,0,0.65253,0.93122,0.22343,0.34918
eng,private_calls,1,0.97855,0.98740,0.57821,0.40528
eng,private_calls,0,0.00781,0.00369,0.01049,0.01174
eng,private_calls,0,0.44119,0.00373,0.00651,0.00540
eng,private_calls,1,0.96472,0.96872,0.31687,0.43596
eng,private_calls,0,0.78580,0.00369,0.01495,0.01349
eng,private_calls,0,0.78580,0.00446,0.02062,0.02259
eng,private_calls,1,0.90076,0.01259,0.04084,0.06152
eng,private_calls,0,0.48032,0.99028,0.60536,0.72852
eng,private_calls,0,0.01636,0.00371,0.00681,0.00544
eng,private_calls,0,0.47049,0.00557,0.05238,0.05663
eng,private_calls,0,0.14524,0.00506,0.04054,0.04868
eng,private_calls,0,0.97684,0.00429,0.03457,0.04922
eng,private_calls,0,0.95573,0.16578,0.14777,0.21099
eng,private_calls,0,0.77909,0.96761,0.16849,0.18602
eng,private_calls,0,0.02063,0.00572,0.01141,0.01600
eng,private_calls,0,0.16591,0.00360,0.00984,0.01102
eng,private_calls,0,0.14524,0.00386,0.01397,0.01799
eng,private_calls,1,0.87325,0.89718,0.61181,0.60929
eng,private_calls,1,0.95228,0.80575,0.30782,0.36297
eng,private_calls,1,0.11424,0.01586,0.09601,0.09770
eng,private_calls,0,0.77224,0.00446,0.02960,0.03864
eng,private_calls,1,0.97593,0.99134,0.87405,0.91994
eng,private_calls,0,0.87325,0.00369,0.00544,0.00421
eng,private_calls,0,0.05969,0.00384,0.01109,0.01653
eng,private_calls,1,0.96731,0.75680,0.27303,0.20291
eng,private_calls,0,0.11829,0.00379,0.00793,0.01463
eng,private_calls,0,0.20124,0.00375,0.00709,0.00848
eng,private_calls,1,0.97593,0.96106,0.54503,0.58249
eng,private_calls,1,0.08917,0.00757,0.05244,0.06611
eng,private_calls,0,0.05751,0.00379,0.01117,0.01329
eng,private_calls,0,0.28784,0.00393,0.01376,0.01980
eng,private_calls,0,0.00571,0.00375,0.00556,0.00451
eng,private_calls,0,0.88968,0.00375,0.01129,0.02106
eng,private_calls,0,0.05751,0.00998,0.06059,0.08059
eng,private_calls,0,0.18292,0.00753,0.03982,0.04327
eng,private_calls,1,0.96472,0.98582,0.71414,0.70802
eng,private_calls,0,0.22091,0.00377,0.00688,0.00716
eng,private_calls,0,0.56849,0.04827,0.08634,0.24837
eng,private_calls,0,0.00987,0.00372,0.00622,0.00799
eng,private_calls,0,0.00987,0.00378,0.00661,0.01258
eng,private_calls,1,0.97855,0.97839,0.59161,0.83521
eng,private_calls,0,0.12675,0.00377,0.00786,0.01276
eng,private_calls,0,0.03029,0.00372,0.00691,0.00981
eng,private_calls,0,0.23476,0.00376,0.00652,0.01158
eng,private_calls,0,0.69575,0.00748,0.04975,0.12569
eng,private_calls,0,0.89718,0.67265,0.15684,0.13893
eng,private_calls,0,0.01838,0.00375,0.00864,0.00971
eng,private_calls,1,0.97194,0.98655,0.63378,0.73855
eng,private_calls,0,0.06426,0.00370,0.00955,0.02240
eng,private_calls,0,0.01247,0.00371,0.01114,0.02156
eng,private_calls,1,0.37472,0.55339,0.32487,0.43330
eng,private_calls,0,0.93574,0.00615,0.04553,0.04686
eng,private_calls,0,0.67882,0.00422,0.01901,0.04071
eng,private_calls,0,0.04263,0.00380,0.00872,0.00950
eng,private_calls,0,0.75809,0.22401,0.08508,0.09801
eng,private_calls,0,0.63447,0.00889,0.04945,0.07933
eng,private_calls,1,0.97084,0.79403,0.47196,0.45305
eng,private_calls,1,0.04263,0.29594,0.23159,0.34287
eng,private_calls,1,0.73576,0.99212,0.57402,0.77939
eng,private_calls,1,0.98090,0.99219,0.92428,0.96736
eng,private_calls,0,0.02599,0.00397,0.00632,0.00953
eng,private_calls,0,0.24921,0.00411,0.01803,0.03276
eng,private_calls,1,0.24191,0.00372,0.01265,0.02392
eng,private_calls,0,0.70402,0.19208,0.04527,0.08807
eng,private_calls,1,0.92283,0.99226,0.82957,0.85461
eng,private_calls,0,0.25665,0.00374,0.00779,0.00864
eng,private_calls,0,0.01348,0.00378,0.00553,0.00544
eng,private_calls,0,0.11829,0.00382,0.00561,0.00470
eng,private_calls,1,0.95228,0.89517,0.42421,0.60677
eng,private_calls,0,0.95737,0.98650,0.61996,0.72327
eng,private_calls,1,0.96971,0.93861,0.42858,0.58536
eng,private_calls,1,0.88576,0.99119,0.98837,0.98918
eng,private_calls,0,0.02806,0.98860,0.53916,0.60292
eng,private_calls,0,0.01910,0.00417,0.01910,0.02187
eng,private_calls,0,0.22776,0.04750,0.10125,0.18256
eng,private_calls,0,0.00844,0.00373,0.00600,0.00707
eng,private_calls,1,0.70402,0.01546,0.06048,0.12569
eng,private_calls,1,0.06667,0.98604,0.92450,0.89940
eng,private_calls,0,0.79235,0.01017,0.03084,0.11807
eng,private_calls,0,0.90076,0.00369,0.01827,0.02093
eng,private_calls,1,0.97299,0.99149,0.96025,0.97776
eng,private_calls,0,0.88171,0.00396,0.00899,0.01166
eng,private_calls,0,0.89718,0.00402,0.03536,0.04473
eng,private_calls,0,0.08297,0.08078,0.03615,0.05468
eng,private_calls,1,0.45092,0.95943,0.10398,0.13191
eng,private_calls,0,0.32118,0.97582,0.06625,0.10209
eng,private_calls,0,0.02501,0.00377,0.01041,0.01460
eng,private_calls,1,0.06667,0.00368,0.01636,0.02059
eng,private_calls,1,0.06667,0.00368,0.01636,0.02059
eng,private_calls,0,0.01296,0.00500,0.01752,0.02610
eng,private_calls,0,0.01701,0.98742,0.76241,0.86493
eng,private_calls,0,0.97937,0.99259,0.98612,0.98927
eng,private_calls,0,0.06917,0.12351,0.37149,0.39237
eng,private_calls,0,0.16053,0.25732,0.13859,0.16563
eng,private_calls,0,0.24921,0.00370,0.00993,0.00985
eng,private_calls,0,0.12246,0.00640,0.01292,0.01737
eng,private_calls,0,0.51968,0.00504,0.06513,0.08451
eng,private_calls,1,0.94458,0.94672,0.53483,0.73226
eng,private_calls,0,0.01067,0.00419,0.02691,0.03904
eng,private_calls,0,0.60665,0.06948,0.04657,0.06943
eng,private_calls,0,0.12675,0.00403,0.03012,0.04759
eng,private_calls,1,0.50000,0.00724,0.14910,0.31911
eng,private_calls,0,0.09924,0.00392,0.01544,0.02484
eng,private_calls,0,0.32983,0.03569,0.03881,0.05237
eng,private_calls,1,0.11829,0.00397,0.02262,0.02700
eng,private_calls,1,0.21420,0.78946,0.37064,0.47114
eng,private_calls,1,0.77909,0.00886,0.02422,0.02938
eng,private_calls,0,0.03396,0.00383,0.00976,0.00800
eng,private_calls,0,0.03806,0.00592,0.02049,0.02480
eng,private_calls,0,0.92283,0.00466,0.02981,0.03110
eng,private_calls,1,0.04263,0.02424,0.03451,0.03438
eng,private_calls,0,0.29598,0.07101,0.05589,0.04203
eng,private_calls,1,0.94031,0.99075,0.92703,0.93131
eng,private_calls,0,0.85476,0.00462,0.02727,0.06257
eng,private_calls,0,0.93333,0.00376,0.01680,0.02921
eng,private_calls,0,0.93333,0.00523,0.03097,0.03199
eng,private_calls,0,0.02229,0.00374,0.00918,0.00919
eng,private_calls,0,0.01067,0.00383,0.01345,0.02320
eng,private_calls,1,0.20124,0.96827,0.33294,0.47844
eng,private_calls,0,0.02063,0.00389,0.01297,0.02018
eng,private_calls,1,0.20765,0.00678,0.02074,0.02085
eng,private_calls,0,0.04597,0.11801,0.16795,0.29171
eng,private_calls,1,0.09924,0.82716,0.21435,0.25894
eng,private_calls,0,0.67882,0.02837,0.04568,0.06872
eng,private_calls,1,0.89349,0.98556,0.65131,0.71621
eng,private_calls,1,0.04597,0.00370,0.00935,0.00814
eng,private_calls,0,0.05969,0.00929,0.08255,0.10931
eng,private_calls,0,0.21420,0.00853,0.03484,0.06052
eng,private_calls,1,0.01348,0.03765,0.02561,0.03931
eng,private_calls,0,0.18888,0.92918,0.27603,0.33706
eng,private_calls,1,0.44119,0.99222,0.90254,0.94692
eng,private_calls,0,0.01574,0.00378,0.00868,0.01085
eng,private_calls,0,0.00812,0.00372,0.00869,0.01060
eng,private_calls,0,0.29598,0.49703,0.11466,0.11649
eng,private_calls,0,0.25665,0.00484,0.01748,0.02753
eng,private_calls,0,0.86882,0.00381,0.03096,0.04032
eng,private_calls,0,0.00878,0.00388,0.01958,0.02602
eng,private_calls,0,0.01348,0.94723,0.02323,0.05186
eng,private_calls,0,0.01067,0.02757,0.06769,0.10177
eng,private_calls,0,0.95573,0.98321,0.44478,0.56271
eng,private_calls,1,0.67017,0.92427,0.02999,0.03484
eng,private_calls,0,0.21420,0.00402,0.01835,0.02086
eng,private_calls,0,0.46069,0.00483,0.01852,0.02329
eng,private_calls,1,0.87754,0.98107,0.76646,0.81061
eng,private_calls,0,0.01067,0.00497,0.02503,0.02406
eng,private_calls,0,0.02229,0.00388,0.01490,0.01978
eng,private_calls,0,0.00913,0.00429,0.01252,0.01365
eng,private_calls,0,0.03269,0.94739,0.31786,0.49262
eng,private_calls,0,0.13573,0.95177,0.26379,0.26726
eng,private_calls,0,0.01838,0.00371,0.00691,0.00704
eng,private_calls,1,0.38399,0.97363,0.52226,0.57854
eng,private_calls,0,0.88171,0.00658,0.03116,0.03709
eng,private_calls,0,0.14042,0.21116,0.02574,0.05233
eng,private_calls,0,0.02229,0.00387,0.01827,0.03673
eng,private_calls,0,0.01574,0.00402,0.01708,0.02655
eng,private_calls,1,0.92559,0.98869,0.74253,0.81585
eng,private_calls,0,0.39335,0.07832,0.05540,0.07765
eng,private_calls,0,0.29598,0.00431,0.07556,0.12499
eng,private_calls,0,0.90076,0.00377,0.00915,0.01067
eng,private_calls,1,0.67017,0.56395,0.12925,0.19028
eng,private_calls,1,0.27983,0.01221,0.08987,0.11314
eng,private_calls,0,0.14042,0.00417,0.03463,0.03601
eng,private_calls,0,0.21420,0.91639,0.26235,0.60272
eng,private_calls,0,0.01985,0.00372,0.00873,0.01017
eng,private_calls,0,0.45092,0.00559,0.04004,0.05363
eng,private_calls,1,0.05542,0.04268,0.15847,0.35970
eng,private_calls,0,0.00949,0.00377,0.00619,0.00565
eng,private_calls,0,0.01109,0.00382,0.00613,0.00513
eng,private_calls,0,0.02701,0.00615,0.07685,0.10154
eng,private_calls,1,0.04955,0.00393,0.02716,0.02970
eng,private_calls,0,0.01768,0.00377,0.00834,0.01008
eng,private_calls,0,0.65253,0.00432,0.03535,0.03845
eng,private_calls,0,0.12675,0.16271,0.20383,0.30292
eng,private_calls,0,0.85958,0.00370,0.02805,0.02746
eng,private_calls,1,0.43151,0.87419,0.31565,0.42390
eng,private_calls,1,0.32118,0.99138,0.93623,0.95868
eng,private_calls,0,0.82856,0.95185,0.07576,0.06720
eng,private_calls,1,0.34747,0.98666,0.63830,0.61252
eng,private_calls,1,0.87754,0.99099,0.75291,0.75108
eng,private_calls,1,0.90758,0.99181,0.60300,0.58595
eng,private_calls,1,0.94249,0.98429,0.69269,0.77559
eng,private_calls,1,0.47049,0.97768,0.32827,0.41391
eng,private_calls,0,0.22776,0.00369,0.00990,0.01341
eng,private_calls,1,0.63447,0.99000,0.52519,0.60856
eng,private_calls,1,0.92825,0.99127,0.97388,0.98355
eng,private_calls,0,0.05339,0.00909,0.02737,0.03532
eng,private_calls,0,0.00618,0.00370,0.00656,0.00549
eng,private_calls,0,0.03396,0.00375,0.01062,0.01131
eng,private_calls,1,0.75809,0.99145,0.90624,0.95833
eng,private_calls,1,0.93806,0.96966,0.41750,0.58102
eng,private_calls,0,0.42187,0.03819,0.05680,0.06411
eng,private_calls,0,0.12246,0.00699,0.01031,0.01289
eng,private_calls,0,0.70402,0.96520,0.05532,0.06951
eng,private_calls,0,0.73576,0.06529,0.09514,0.10829
eng,private_calls,0,0.53931,0.00404,0.03716,0.05214
eng,private_calls,0,0.97084,0.98934,0.66356,0.63781
eng,private_calls,0,0.00642,0.00379,0.00609,0.00486
eng,private_calls,0,0.01348,0.00376,0.01166,0.01755
eng,private_calls,0,0.54908,0.94400,0.13127,0.25529
eng,private_calls,0,0.72017,0.98981,0.59823,0.86918
eng,private_calls,1,0.92283,0.00696,0.01722,0.03133
eng,private_calls,0,0.87325,0.00699,0.00710,0.00622
eng,private_calls,1,0.32118,0.36026,0.07300,0.07298
eng,private_calls,0,0.00642,0.00422,0.02130,0.02680
eng,private_calls,0,0.12675,0.00655,0.04968,0.07439
eng,private_calls,0,0.20124,0.01528,0.11214,0.19717
eng,private_calls,0,0.00618,0.00365,0.00699,0.00826
eng,private_calls,0,0.02316,0.00374,0.00772,0.00808
eng,private_calls,0,0.00594,0.00373,0.00647,0.00608
eng,private_calls,1,0.68735,0.02886,0.18542,0.31096
eng,private_calls,1,0.95403,0.01367,0.25940,0.38275
eng,private_calls,0,0.40279,0.00372,0.00836,0.01217
eng,private_calls,0,0.02916,0.00376,0.00985,0.02168
eng,private_calls,1,0.01026,0.00496,0.05731,0.14355
eng,private_calls,0,0.04427,0.00369,0.00686,0.00791
eng,private_calls,0,0.00571,0.00371,0.00596,0.00474
eng,private_calls,1,0.29598,0.03601,0.18040,0.29157
eng,private_calls,1,0.87325,0.69829,0.35355,0.69545
eng,private_calls,0,0.09242,0.00369,0.01027,0.01367
eng,private_calls,1,0.24191,0.90342,0.16273,0.23878
eng,private_calls,1,0.83947,0.59167,0.20729,0.21606
eng,private_calls,1,0.35645,0.10575,0.36016,0.43977
eng,private_calls,0,0.85476,0.00475,0.02076,0.03560
eng,private_calls,0,0.77224,0.98714,0.79863,0.83736
eng,private_calls,1,0.40279,0.98176,0.22998,0.33081
eng,private_calls,1,0.81708,0.00401,0.02158,0.04613
eng,private_calls,0,0.00571,0.00366,0.00619,0.00669
eng,private_calls,1,0.32118,0.90006,0.32300,0.86992
eng,private_calls,1,0.97684,0.04062,0.17340,0.37233
eng,private_calls,0,0.01026,0.01483,0.03759,0.35054
eng,private_calls,1,0.98426,0.98624,0.69951,0.82875
eng,private_calls,1,0.74335,0.12860,0.35604,0.58442
eng,private_calls,0,0.98543,0.78228,0.52578,0.58516
eng,private_calls,1,0.96047,0.99031,0.82097,0.88879
eng,private_calls,0,0.68735,0.02473,0.04174,0.07847
eng,private_calls,0,0.83409,0.61212,0.01316,0.02608
eng,private_calls,0,0.20765,0.01360,0.02211,0.04747
eng,private_calls,0,0.16591,0.00476,0.04194,0.04595
eng,private_calls,1,0.94249,0.03166,0.09569,0.25293
eng,private_calls,0,0.93574,0.00434,0.04821,0.16279
eng,private_calls,0,0.82856,0.01349,0.04399,0.07899
eng,private_calls,0,0.88576,0.02709,0.02603,0.03445
eng,private_calls,1,0.92825,0.09516,0.07149,0.43627
eng,private_calls,0,0.59721,0.00419,0.01473,0.03034
eng,private_calls,0,0.86882,0.76523,0.12882,0.29554
eng,private_calls,0,0.81708,0.01167,0.02545,0.04450
eng,private_calls,0,0.49015,0.96987,0.31859,0.45575
eng,private_calls,0,0.28784,0.04086,0.07605,0.09299
eng,private_calls,1,0.93806,0.99252,0.98481,0.98913
eng,private_calls,0,0.97401,0.97505,0.20853,0.50820
eng,private_calls,1,0.98364,0.86291,0.32564,0.46535
eng,private_calls,0,0.91398,0.92769,0.14895,0.24094
eng,private_calls,1,0.75079,0.98859,0.67995,0.79944
eng,private_calls,0,0.86427,0.99052,0.12860,0.12591
eng,private_calls,0,0.58770,0.98733,0.24139,0.19347
eng,private_calls,0,0.95228,0.42932,0.17377,0.30634
eng,private_calls,0,0.58770,0.00373,0.01237,0.01431
eng,private_calls,0,0.88576,0.00436,0.01352,0.03502
eng,private_calls,0,0.97499,0.55931,0.16927,0.16497
eng,private_calls,0,0.96853,0.99167,0.84526,0.91492
eng,private_calls,1,0.95045,0.99247,0.96370,0.97370
eng,private_calls,0,0.91703,0.00368,0.01127,0.01979
eng,private_calls,1,0.35645,0.99213,0.92102,0.95082
eng,private_calls,0,0.98232,0.96709,0.12800,0.13733
eng,private_calls,0,0.82856,0.99039,0.27681,0.36689
eng,private_calls,0,0.66141,0.95796,0.59530,0.68853
eng,private_calls,1,0.29598,0.99241,0.98342,0.98794
eng,private_calls,0,0.37472,0.00831,0.01417,0.02514
eng,private_calls,0,0.97084,0.83396,0.14604,0.14104
eng,private_calls,1,0.95045,0.81704,0.21606,0.28441
eng,private_calls,0,0.77224,0.00384,0.01195,0.01548
eng,private_calls,1,0.97593,0.94043,0.12124,0.11808
eng,private_calls,0,0.36553,0.00377,0.00568,0.00452
eng,private_calls,0,0.95228,0.22348,0.02665,0.04004
eng,private_calls,1,0.87754,0.69437,0.19636,0.32665
eng,private_calls,1,0.96472,0.99212,0.80469,0.90649
eng,private_calls,1,0.95228,0.96809,0.38125,0.63548
eng,private_calls,0,0.49015,0.00388,0.00715,0.00691
eng,private_calls,1,0.77909,0.98357,0.57929,0.77045
eng,private_calls,1,0.89718,0.03275,0.12829,0.34911
eng,private_calls,1,0.93806,0.88090,0.29700,0.56050
eng,private_calls,1,0.90422,0.00474,0.02823,0.12606
eng,private_calls,0,0.90076,0.00385,0.00743,0.00715
eng,private_calls,0,0.93083,0.01008,0.03459,0.09204
eng,private_calls,1,0.93806,0.96045,0.58178,0.85854
eng,private_calls,0,0.96047,0.00434,0.01883,0.06726
eng,private_calls,0,0.96335,0.99175,0.42666,0.60508
eng,private_calls,1,0.36553,0.78565,0.09065,0.12850
eng,private_calls,1,0.68735,0.78616,0.21169,0.35787
eng,private_calls,0,0.92559,0.00385,0.00653,0.00622
eng,private_calls,0,0.87325,0.05539,0.09749,0.19895
eng,private_calls,0,0.54908,0.00433,0.01795,0.03032
eng,private_calls,1,0.95737,0.99226,0.86007,0.95201
eng,private_calls,0,0.75809,0.22932,0.07197,0.12738
eng,private_calls,1,0.49015,0.98434,0.56222,0.75961
eng,private_calls,1,0.69575,0.98347,0.75665,0.89783
eng,private_calls,0,0.96194,0.96742,0.09933,0.11106
eng,private_calls,1,0.87325,0.98626,0.39135,0.55654
eng,private_calls,1,0.31265,0.00693,0.03365,0.05843
eng,private_calls,0,0.65253,0.91199,0.60940,0.87367
eng,private_calls,0,0.08003,0.00448,0.01717,0.02508
eng,private_calls,1,0.92825,0.95858,0.15713,0.31006
eng,private_calls,0,0.09242,0.02027,0.03123,0.06501
eng,private_calls,1,0.91083,0.23020,0.17324,0.60146
eng,private_calls,1,0.97771,0.98960,0.88272,0.95783
eng,private_calls,0,0.39335,0.00447,0.03052,0.05902
eng,private_calls,1,0.95403,0.94153,0.49707,0.74894
eng,private_calls,1,0.97855,0.14051,0.07219,0.14875
eng,private_calls,0,0.40279,0.00394,0.00758,0.01192
eng,private_calls,1,0.04263,0.58368,0.34354,0.64801
eng,private_calls,0,0.96731,0.13316,0.07182,0.13739
eng,private_calls,0,0.00781,0.00381,0.00635,0.00567
eng,private_calls,1,0.93806,0.91683,0.35187,0.61730
eng,private_calls,1,0.94031,0.76308,0.28268,0.47445
eng,private_calls,1,0.78580,0.90367,0.17298,0.26947
eng,private_calls,1,0.97299,0.97667,0.55307,0.79891
eng,private_calls,1,0.94458,0.92710,0.21138,0.47947
eng,private_calls,1,0.93574,0.83162,0.37254,0.73387
eng,private_calls,0,0.00618,0.00383,0.00764,0.00806
eng,private_calls,1,0.97855,0.98911,0.76095,0.79228
eng,private_calls,1,0.80502,0.99000,0.74344,0.79391
eng,private_calls,0,0.52951,0.00428,0.03244,0.05359
eng,private_calls,1,0.93333,0.98535,0.56472,0.72110
eng,private_calls,0,0.55881,0.93152,0.04731,0.06025
eng,private_calls,0,0.02916,0.00384,0.00631,0.00574
eng,private_calls,0,0.95228,0.00383,0.00804,0.01098
eng,private_calls,1,0.81112,0.97715,0.66586,0.83521
eng,private_calls,0,0.75809,0.01713,0.03735,0.04477
eng,private_calls,1,0.65253,0.98143,0.45360,0.54657
eng,private_calls,1,0.96335,0.99029,0.89387,0.94019
eng,private_calls,1,0.93574,0.98618,0.67261,0.86203
eng,private_calls,1,0.94458,0.98825,0.69170,0.88477
eng,private_calls,1,0.96853,0.98732,0.53596,0.73767
eng,private_calls,0,0.89349,0.00394,0.00617,0.00477
eng,private_calls,1,0.97593,0.38193,0.43190,0.74148
eng,private_calls,0,0.98599,0.55426,0.07159,0.10158
eng,private_calls,1,0.96194,0.37009,0.15072,0.16270
eng,private_calls,1,0.70402,0.91699,0.54633,0.80531
eng,private_calls,0,0.17710,0.00631,0.01163,0.02410
eng,private_calls,0,0.91398,0.23656,0.08054,0.11616
eng,private_calls,1,0.94249,0.97896,0.19597,0.29716
eng,private_calls,0,0.63447,0.00406,0.04473,0.06879
eng,private_calls,1,0.23476,0.97477,0.37410,0.57469
eng,private_calls,1,0.98426,0.99238,0.67673,0.88017
eng,private_calls,1,0.60665,0.98323,0.78904,0.90281
eng,private_calls,1,0.97194,0.00413,0.05238,0.10533
eng,private_calls,1,0.27983,0.98748,0.80908,0.90774
eng,private_calls,1,0.98426,0.21989,0.03058,0.09617
eng,private_calls,1,0.54908,0.99053,0.84573,0.93122
eng,private_calls,0,0.01910,0.00380,0.00824,0.00842
eng,private_calls,1,0.03806,0.98731,0.82129,0.89348
eng,private_calls,0,0.89349,0.88456,0.15131,0.38319
eng,private_calls,1,0.59721,0.98393,0.95275,0.97072
eng,private_calls,1,0.97401,0.99184,0.94728,0.96137
eng,private_calls,1,0.56849,0.99103,0.98616,0.98864
eng,private_calls,1,0.00844,0.00375,0.00986,0.01876
eng,private_calls,0,0.08003,0.00378,0.01133,0.01793
eng,private_calls,0,0.66141,0.48511,0.17619,0.51365
eng,private_calls,1,0.63447,0.95296,0.46191,0.74188
eng,private_calls,1,0.96335,0.97976,0.45444,0.69805
eng,private_calls,0,0.96604,0.00598,0.03896,0.07157
eng,private_calls,0,0.12246,0.00393,0.01076,0.01519
eng,private_calls,0,0.05542,0.00426,0.01932,0.02403
eng,private_calls,0,0.03528,0.00376,0.02169,0.02871
eng,private_calls,1,0.05339,0.97543,0.53873,0.63528
eng,private_calls,0,0.41230,0.92665,0.23149,0.16875
eng,private_calls,0,0.37472,0.50009,0.13336,0.17218
eng,private_calls,0,0.25665,0.00410,0.02130,0.02975
eng,private_calls,1,0.12675,0.00834,0.03734,0.07735
eng,private_calls,0,0.84980,0.96935,0.27964,0.57496
eng,private_calls,0,0.95045,0.99192,0.11193,0.26325
eng,private_calls,0,0.05969,0.00428,0.04736,0.06127
eng,private_calls,0,0.78580,0.00402,0.01395,0.01838
eng,private_calls,0,0.96194,0.00563,0.03110,0.04014
eng,private_calls,0,0.14042,0.91909,0.04593,0.09152
eng,private_calls,0,0.49015,0.95152,0.08446,0.12578
eng,private_calls,0,0.05143,0.00382,0.01448,0.01817
eng,private_calls,0,0.93333,0.95759,0.61023,0.64267
eng,private_calls,0,0.93333,0.98324,0.50822,0.66568
eng,private_calls,1,0.15530,0.00496,0.02464,0.04702
eng,private_calls,0,0.21420,0.03433,0.06284,0.06836
eng,private_calls,0,0.32983,0.00385,0.01157,0.01279
eng,private_calls,1,0.24191,0.17596,0.29718,0.50931
eng,private_calls,0,0.94031,0.99228,0.95388,0.98299
eng,private_calls,0,0.46069,0.05388,0.04786,0.10501
eng,private_calls,1,0.06426,0.10889,0.18680,0.32169
eng,private_calls,1,0.08602,0.01505,0.03928,0.03671
eng,private_calls,0,0.01574,0.00373,0.00788,0.00978
eng,private_calls,1,0.19498,0.98482,0.48939,0.71386
eng,private_calls,0,0.06667,0.00593,0.03573,0.07205
eng,private_calls,0,0.01154,0.00373,0.01061,0.01578
eng,private_calls,1,0.29598,0.00373,0.01038,0.01306
eng,private_calls,1,0.97194,0.96816,0.31400,0.40388
eng,private_calls,1,0.95403,0.98878,0.75486,0.83956
eng,private_calls,0,0.00694,0.00373,0.00657,0.00569
eng,private_calls,1,0.15530,0.07741,0.10909,0.21597
eng,private_calls,1,0.97937,0.99233,0.98185,0.98568
eng,private_calls,0,0.93806,0.98483,0.82058,0.86470
eng,private_calls,0,0.56849,0.98716,0.82107,0.92841
eng,private_calls,1,0.97855,0.98858,0.92555,0.96050
eng,private_calls,0,0.97593,0.99236,0.80865,0.86441
eng,private_calls,0,0.87754,0.94422,0.41186,0.41999
eng,private_calls,1,0.95737,0.96480,0.31135,0.52088
eng,private_calls,0,0.93333,0.05231,0.18162,0.17312
eng,private_calls,1,0.94249,0.00719,0.06920,0.08103
eng,private_calls,0,0.33859,0.00396,0.01677,0.03945
eng,private_calls,0,0.92283,0.00374,0.01040,0.00989
eng,private_calls,0,0.90422,0.00440,0.03103,0.03636
eng,private_calls,1,0.97684,0.96611,0.82788,0.90283
eng,private_calls,1,0.96853,0.98259,0.12302,0.30008
eng,private_calls,1,0.77224,0.01233,0.07884,0.10089
eng,private_calls,0,0.55881,0.00369,0.01474,0.01621
eng,private_calls,0,0.83409,0.00376,0.01652,0.02007
eng,private_calls,0,0.91997,0.01108,0.12347,0.12523
eng,private_calls,0,0.91997,0.00410,0.02645,0.04785
eng,private_calls,0,0.70402,0.00364,0.01061,0.01558
eng,private_calls,0,0.68735,0.00409,0.02327,0.03475
eng,private_calls,0,0.91398,0.00377,0.01649,0.01902
eng,private_calls,0,0.12675,0.00364,0.01071,0.00985
eng,private_calls,1,0.54908,0.01589,0.04634,0.05216
eng,private_calls,1,0.92283,0.98443,0.81174,0.91625
eng,private_calls,0,0.06917,0.00461,0.04934,0.06630
eng,private_calls,0,0.31265,0.00576,0.09778,0.12313
eng,private_calls,0,0.22091,0.00366,0.01273,0.01673
eng,private_calls,0,0.93333,0.97439,0.83720,0.92715
eng,private_calls,0,0.92559,0.40612,0.20956,0.21915
eng,private_calls,0,0.94031,0.96985,0.51763,0.69677
eng,private_calls,1,0.91083,0.02221,0.06050,0.07157
eng,private_calls,0,0.02599,0.00360,0.01123,0.01979
eng,private_calls,0,0.47049,0.00370,0.01084,0.01035
eng,private_calls,0,0.85958,0.00384,0.05032,0.05918
eng,private_calls,0,0.62528,0.00389,0.01758,0.02058
eng,private_calls,1,0.04263,0.15740,0.16117,0.30153
eng,private_calls,0,0.98543,0.98977,0.65113,0.62374
eng,private_calls,0,0.04772,0.00378,0.02673,0.03368
eng,private_calls,1,0.94249,0.98610,0.68023,0.77862
eng,private_calls,0,0.95737,0.68490,0.09796,0.08749
eng,private_calls,0,0.93333,0.08573,0.24385,0.31407
eng,private_calls,0,0.69575,0.03417,0.04218,0.06862
eng,private_calls,1,0.96604,0.97982,0.69970,0.80235
eng,private_calls,1,0.49015,0.00400,0.03607,0.04969
eng,private_calls,1,0.97771,0.98879,0.86394,0.93223
eng,private_calls,1,0.98162,0.98581,0.90481,0.95971
eng,private_calls,0,0.94031,0.00646,0.03862,0.03260
eng,private_calls,0,0.01348,0.00394,0.03829,0.05558
eng,private_calls,0,0.44119,0.04896,0.09684,0.20724
eng,private_calls,0,0.82290,0.00441,0.03654,0.04440
eng,private_calls,1,0.65253,0.00458,0.02345,0.02496
eng,private_calls,1,0.96971,0.95723,0.58976,0.82348
eng,private_calls,0,0.98232,0.92011,0.18273,0.34934
eng,private_calls,0,0.88171,0.00377,0.01660,0.01315
eng,private_calls,0,0.35645,0.00539,0.08895,0.09183
eng,private_calls,0,0.96731,0.10011,0.37909,0.41326
eng,private_calls,0,0.95403,0.25841,0.20225,0.16970
eng,private_calls,1,0.79876,0.01817,0.13273,0.18875
eng,private_calls,1,0.94661,0.13325,0.04982,0.05538
eng,private_calls,1,0.97401,0.97958,0.58425,0.76083
eng,private_calls,0,0.97499,0.28178,0.10067,0.15634
eng,private_calls,1,0.88576,0.00818,0.06620,0.14549
eng,private_calls,1,0.95403,0.97279,0.87084,0.94936
eng,private_calls,1,0.97855,0.99260,0.97634,0.98416
eng,private_calls,0,0.98426,0.79187,0.22504,0.29207
eng,private_calls,1,0.98015,0.97665,0.80079,0.88318
eng,private_calls,0,0.97194,0.69035,0.13487,0.12968
eng,private_calls,0,0.00594,0.00363,0.01087,0.00924
eng,private_calls,1,0.98426,0.99218,0.97098,0.97639
eng,private_calls,0,0.96194,0.96663,0.08472,0.08162
eng,private_calls,0,0.79235,0.00527,0.04017,0.07874
eng,private_calls,0,0.01636,0.00363,0.00720,0.00857
eng,private_calls,0,0.94249,0.76863,0.44985,0.55371
eng,private_calls,1,0.97684,0.51173,0.48813,0.58723
eng,private_calls,0,0.41230,0.00390,0.02282,0.03260
eng,private_calls,1,0.57813,0.00529,0.02601,0.04546
eng,private_calls,0,0.05339,0.00375,0.01247,0.01666
eng,private_calls,1,0.93333,0.98942,0.86351,0.90325
eng,private_calls,0,0.96472,0.97097,0.09807,0.09588
eng,private_calls,0,0.96472,0.98708,0.35149,0.50535
eng,private_calls,1,0.98232,0.96560,0.57264,0.51421
eng,private_calls,0,0.91703,0.00517,0.02341,0.04927
eng,private_calls,1,0.30425,0.96635,0.47298,0.61726
eng,private_calls,0,0.00549,0.00372,0.00595,0.00503
eng,private_calls,1,0.78580,0.03410,0.27180,0.43174
eng,private_calls,0,0.75079,0.99081,0.97989,0.98702
eng,private_calls,1,0.27196,0.98670,0.81712,0.94276
eng,private_calls,1,0.97401,0.98259,0.84606,0.87516
eng,private_calls,1,0.97299,0.07535,0.35891,0.59316
eng,private_calls,1,0.98299,0.98854,0.88459,0.94317
eng,private_calls,1,0.97401,0.98288,0.11367,0.20931
eng,private_calls,0,0.00751,0.00361,0.00625,0.00561
eng,private_calls,1,0.95895,0.97042,0.26904,0.71172
eng,private_calls,1,0.10282,0.00482,0.01694,0.02424
eng,private_calls,0,0.01910,0.00364,0.01177,0.02013
eng,private_calls,1,0.69575,0.12804,0.40651,0.55947
eng,private_calls,0,0.92825,0.00404,0.01919,0.03476
eng,private_calls,0,0.48032,0.01071,0.06835,0.09680
eng,private_calls,1,0.73576,0.97513,0.66793,0.79821
eng,private_calls,0,0.05143,0.02580,0.01506,0.02120
eng,private_calls,1,0.84470,0.98920,0.85557,0.92478
eng,private_calls,1,0.12675,0.65483,0.24063,0.59389
eng,private_calls,1,0.03396,0.04186,0.25142,0.54105
eng,private_calls,0,0.03029,0.00373,0.01490,0.02032
eng,private_calls,0,0.96604,0.01649,0.08362,0.07223
eng,private_calls,0,0.01026,0.00367,0.00679,0.00898
eng,private_calls,0,0.09924,0.00364,0.00695,0.00850
eng,private_calls,1,0.94031,0.98279,0.66091,0.76338
eng,private_calls,0,0.90758,0.00393,0.01794,0.02926
eng,private_calls,1,0.96194,0.98488,0.90122,0.96069
eng,private_calls,1,0.96047,0.00524,0.07139,0.06031
eng,private_calls,1,0.58770,0.31652,0.10411,0.25638
eng,private_calls,1,0.86882,0.90048,0.18369,0.19208
eng,private_calls,0,0.97194,0.98473,0.37276,0.59030
eng,private_calls,1,0.94458,0.13293,0.06301,0.11446
eng,private_calls,0,0.93083,0.69931,0.08238,0.11475
eng,private_calls,1,0.24921,0.14484,0.19542,0.33677
eng,private_calls,0,0.23476,0.00486,0.02547,0.03642
eng,private_calls,0,0.35645,0.00389,0.01027,0.01662
eng,private_calls,0,0.07717,0.03089,0.04323,0.13331
eng,private_calls,1,0.37472,0.30115,0.13580,0.20571
eng,private_calls,0,0.61601,0.97555,0.08727,0.06724
eng,private_calls,0,0.96971,0.98949,0.36471,0.34683
eng,private_calls,0,0.03269,0.73645,0.05773,0.04832
eng,private_calls,0,0.01701,0.00364,0.01290,0.00857
eng,private_calls,1,0.97401,0.97837,0.63692,0.80254
eng,private_calls,0,0.74335,0.00453,0.01966,0.02402
eng,private_calls,1,0.96971,0.40969,0.29213,0.48316
eng,private_calls,0,0.06917,0.00370,0.00817,0.01058
eng,private_calls,0,0.72804,0.00377,0.01278,0.02050
eng,private_calls,1,0.38399,0.97900,0.76145,0.89230
eng,private_calls,1,0.85476,0.99042,0.94275,0.98425
eng,private_calls,0,0.05542,0.00363,0.01014,0.01682
eng,private_calls,0,0.94249,0.98574,0.82347,0.92129
eng,private_calls,0,0.01985,0.00370,0.00790,0.00723
eng,private_calls,1,0.97684,0.98700,0.80653,0.89238
eng,private_calls,0,0.87325,0.00542,0.03072,0.04041
eng,private_calls,0,0.93083,0.00515,0.08686,0.10498
eng,private_calls,0,0.93083,0.13642,0.04208,0.04930
eng,private_calls,0,0.50985,0.00361,0.01063,0.01233
eng,private_calls,1,0.96971,0.95627,0.57372,0.81657
eng,private_calls,1,0.95228,0.91910,0.03858,0.05605
eng,private_calls,0,0.82290,0.00370,0.01578,0.01639
eng,private_calls,1,0.88171,0.00377,0.01438,0.02467
eng,private_calls,0,0.32983,0.01516,0.02505,0.02459
eng,private_calls,1,0.96731,0.98417,0.75959,0.80885
eng,private_calls,1,0.97855,0.87912,0.86767,0.90895
eng,private_calls,1,0.91703,0.92748,0.41130,0.54282
eng,private_calls,1,0.55881,0.00619,0.03441,0.03711
eng,private_calls,0,0.05143,0.00366,0.01512,0.02027
eng,private_calls,0,0.03269,0.00366,0.00993,0.01179
eng,private_calls,0,0.67017,0.00441,0.03037,0.04713
eng,private_calls,1,0.92825,0.37166,0.17809,0.16404
eng,private_calls,1,0.97771,0.95129,0.42974,0.55848
eng,private_calls,1,0.11032,0.00411,0.01217,0.01155
eng,private_calls,1,0.78580,0.01625,0.28454,0.51597
eng,private_calls,0,0.08003,0.01055,0.02002,0.02798
eng,private_calls,1,0.97499,0.99015,0.64160,0.72455
eng,private_calls,1,0.75809,0.98478,0.29796,0.30911
eng,private_calls,0,0.07717,0.00366,0.00784,0.00726
eng,private_calls,1,0.96971,0.54643,0.13244,0.17067
eng,private_calls,0,0.88576,0.15493,0.07091,0.09953
eng,private_calls,0,0.09578,0.00411,0.00836,0.01123
eng,private_calls,0,0.66141,0.96693,0.57561,0.67480
eng,private_calls,0,0.65253,0.00362,0.01452,0.01474
eng,private_calls,0,0.05969,0.00412,0.03122,0.04729
eng,private_calls,0,0.06194,0.01156,0.02472,0.02763
eng,private_calls,1,0.60665,0.20604,0.35182,0.54114
eng,private_calls,0,0.26424,0.00368,0.00809,0.00746
eng,private_calls,1,0.55881,0.81861,0.46384,0.53931
eng,private_calls,0,0.51968,0.02490,0.11767,0.13119
eng,private_calls,1,0.03806,0.00420,0.01189,0.01592
eng,private_calls,1,0.61601,0.24383,0.20183,0.38033
eng,private_calls,0,0.60665,0.09458,0.17308,0.15785
eng,private_calls,0,0.00949,0.00389,0.00877,0.01007
eng,private_calls,0,0.58770,0.17858,0.03617,0.04195
eng,private_calls,0,0.03269,0.00502,0.00992,0.00903
eng,private_calls,1,0.97401,0.98368,0.54519,0.61021
eng,private_calls,0,0.56849,0.00386,0.01221,0.01365
eng,private_calls,0,0.96472,0.98335,0.75245,0.77136
eng,private_calls,1,0.88171,0.01344,0.12013,0.14031
eng,private_calls,0,0.85476,0.00380,0.01345,0.02535
eng,private_calls,1,0.80502,0.01297,0.15493,0.57245
eng,private_calls,1,0.97684,0.98827,0.71314,0.80724
eng,private_calls,0,0.88968,0.00365,0.01202,0.01214
eng,private_calls,1,0.71216,0.88355,0.07671,0.06985
eng,private_calls,1,0.97499,0.99183,0.97702,0.97840
eng,private_calls,0,0.27983,0.00362,0.00989,0.01142
eng,private_calls,1,0.96194,0.98764,0.70756,0.90933
eng,private_calls,0,0.01701,0.00372,0.00753,0.00609
eng,private_calls,1,0.84470,0.99202,0.94205,0.96088
eng,private_calls,0,0.43151,0.00362,0.00990,0.01163
eng,private_calls,0,0.96604,0.00366,0.01572,0.02474
eng,private_calls,0,0.06667,0.00364,0.00879,0.00842
eng,private_calls,1,0.65253,0.00475,0.01119,0.01239
eng,private_calls,1,0.97684,0.98719,0.75483,0.84164
eng,private_calls,0,0.86882,0.00377,0.01904,0.02663
eng,private_calls,1,0.98162,0.98074,0.78178,0.80846
eng,private_calls,1,0.94249,0.00727,0.30323,0.42192
eng,private_calls,1,0.91398,0.01820,0.35997,0.58868
eng,private_calls,1,0.97684,0.03124,0.16917,0.18944
eng,private_calls,0,0.01701,0.00367,0.00637,0.00628
eng,private_calls,1,0.38399,0.00360,0.00749,0.00757
eng,private_calls,0,0.04427,0.00363,0.01353,0.01816
eng,private_calls,1,0.95045,0.99228,0.96442,0.97531
eng,private_calls,0,0.26424,0.00518,0.02612,0.03813
eng,private_calls,0,0.00571,0.00349,0.00708,0.00820
eng,private_calls,1,0.32983,0.00362,0.01325,0.01434
eng,private_calls,0,0.97771,0.94548,0.72145,0.81481
eng,private_calls,1,0.83409,0.10344,0.40865,0.48281
eng,private_calls,0,0.04597,0.00368,0.00562,0.00494
eng,private_calls,1,0.62528,0.02612,0.19231,0.35925
eng,private_calls,0,0.03665,0.00356,0.00876,0.00994
eng,private_calls,0,0.95737,0.96390,0.77380,0.79778
eng,private_calls,1,0.96472,0.99264,0.98722,0.98764
eng,private_calls,1,0.98704,0.99257,0.98730,0.98835
eng,private_calls,0,0.83409,0.55704,0.05135,0.04509
eng,private_calls,1,0.91083,0.96152,0.49302,0.72915
eng,private_calls,1,0.96335,0.97848,0.67060,0.77478
eng,private_calls,1,0.94249,0.99257,0.97778,0.98080
eng,private_calls,1,0.23476,0.09570,0.27148,0.47056
eng,private_calls,1,0.44119,0.63629,0.74353,0.86545
eng,private_calls,1,0.94661,0.92206,0.63240,0.75675
eng,private_calls,1,0.91398,0.86749,0.80053,0.86491
eng,private_calls,1,0.61601,0.84372,0.61018,0.86342
eng,private_calls,1,0.57813,0.01571,0.13417,0.15115
eng,private_calls,0,0.90758,0.03531,0.04138,0.05638
eng,private_calls,0,0.48032,0.00806,0.05941,0.06891
eng,private_calls,1,0.96604,0.95036,0.67789,0.79129
eng,private_calls,0,0.87754,0.39846,0.09678,0.10526
eng,private_calls,0,0.91398,0.79808,0.44979,0.60809
eng,private_calls,0,0.94031,0.98168,0.72039,0.86883
eng,private_calls,1,0.02316,0.00357,0.00637,0.00720
eng,private_calls,1,0.82856,0.04533,0.11023,0.42583
eng,private_calls,0,0.00642,0.00363,0.00559,0.00426
eng,private_calls,0,0.06426,0.00618,0.07146,0.08640
eng,private_calls,0,0.12246,0.22962,0.08392,0.06398
eng,private_calls,0,0.04772,0.32018,0.15138,0.22294
eng,private_calls,1,0.74335,0.99031,0.83284,0.91444
eng,private_calls,0,0.00694,0.00357,0.00838,0.01354
eng,private_calls,0,0.64355,0.97605,0.15017,0.16760
eng,private_calls,0,0.75079,0.98416,0.23860,0.20544
eng,private_calls,0,0.86427,0.90916,0.10773,0.17262
eng,private_calls,0,0.01348,0.00357,0.00787,0.00872
eng,private_calls,0,0.00781,0.00354,0.01055,0.01373
eng,private_calls,1,0.88576,0.98086,0.69375,0.72765
eng,private_calls,0,0.01401,0.00361,0.00691,0.00741
eng,private_calls,1,0.40279,0.00408,0.01221,0.01673
eng,private_calls,1,0.18292,0.96286,0.60338,0.71045
eng,private_calls,0,0.00668,0.00356,0.01247,0.02384
eng,private_calls,1,0.50985,0.00654,0.05834,0.04466
eng,private_calls,1,0.97771,0.98406,0.76109,0.87022
eng,private_calls,0,0.61601,0.93046,0.09223,0.21429
eng,private_calls,0,0.00844,0.00358,0.00665,0.00621
eng,private_calls,1,0.95403,0.99010,0.87632,0.91342
eng,private_calls,0,0.00594,0.00354,0.00594,0.00513
eng,private_calls,0,0.73576,0.37241,0.03963,0.04372
eng,private_calls,1,0.01701,0.00415,0.01422,0.02500
eng,private_calls,0,0.31265,0.00448,0.03109,0.06537
eng,private_calls,0,0.87325,0.00939,0.08954,0.16903
eng,private_calls,0,0.03396,0.00543,0.03228,0.07872
eng,private_calls,0,0.01636,0.00357,0.00617,0.00634
eng,private_calls,0,0.00812,0.00417,0.01480,0.01465
eng,private_calls,1,0.88968,0.97151,0.31174,0.40754
eng,private_calls,1,0.84470,0.97469,0.08999,0.11827
eng,private_calls,0,0.20124,0.00395,0.01227,0.01902
eng,private_calls,0,0.01296,0.00368,0.00643,0.00595
eng,private_calls,0,0.92825,0.00422,0.02049,0.03077
eng,private_calls,0,0.84470,0.94571,0.61184,0.85373
eng,private_calls,0,0.22776,0.01200,0.03022,0.33390
eng,private_calls,0,0.00594,0.00370,0.00700,0.00780
eng,private_calls,0,0.02501,0.01020,0.04115,0.06426
eng,private_calls,1,0.96472,0.30729,0.23803,0.50425
eng,private_calls,0,0.32118,0.03154,0.07611,0.22958
eng,private_calls,0,0.94857,0.00398,0.01402,0.02120
eng,private_calls,0,0.01636,0.00365,0.00620,0.00464
eng,private_calls,1,0.93333,0.32047,0.36581,0.54892
eng,private_calls,0,0.00642,0.00364,0.00608,0.00467
eng,private_calls,0,0.01985,0.00367,0.00753,0.00864
eng,private_calls,1,0.55881,0.96691,0.49006,0.72429
eng,private_calls,0,0.78580,0.98961,0.52918,0.36984
eng,private_calls,0,0.92825,0.01579,0.05985,0.08604
eng,private_calls,1,0.95573,0.97105,0.28515,0.24917
eng,private_calls,0,0.50000,0.01166,0.17670,0.53248
eng,private_calls,1,0.94249,0.94043,0.04307,0.04783
eng,private_calls,0,0.00642,0.00378,0.01493,0.01857
eng,private_calls,0,0.01296,0.00363,0.00684,0.00666
eng,private_calls,0,0.00949,0.00372,0.00638,0.00588
eng,private_calls,1,0.05751,0.98950,0.55377,0.63019
eng,private_calls,0,0.00594,0.00365,0.00689,0.00621
eng,private_calls,0,0.01348,0.00370,0.00779,0.01097
eng,private_calls,1,0.94458,0.98687,0.35394,0.66666
eng,private_calls,0,0.00694,0.00363,0.00690,0.00641
eng,private_calls,0,0.01154,0.00368,0.00628,0.00655
eng,private_calls,0,0.81708,0.00440,0.01194,0.03088
eng,private_calls,1,0.92559,0.98446,0.61144,0.83554
eng,private_calls,1,0.87325,0.98928,0.88907,0.95695
eng,private_calls,1,0.65253,0.99127,0.98619,0.98856
eng,private_calls,1,0.97084,0.97925,0.56321,0.47110
eng,private_calls,0,0.16053,0.00691,0.02021,0.02804
eng,private_calls,0,0.13573,0.72931,0.11043,0.13694
eng,private_calls,0,0.88576,0.97250,0.34485,0.58623
eng,private_calls,1,0.72017,0.87338,0.27494,0.37653
eng,private_calls,1,0.42187,0.73222,0.17194,0.21996
eng,private_calls,1,0.75079,0.62426,0.10286,0.17224
eng,private_calls,1,0.94857,0.96620,0.83190,0.94528
eng,private_calls,0,0.96604,0.00371,0.01779,0.02878
eng,private_calls,0,0.12675,0.00457,0.04749,0.06265
eng,private_calls,1,0.95573,0.98984,0.83922,0.82073
eng,private_calls,0,0.03147,0.00404,0.01647,0.01600
eng,private_calls,0,0.75079,0.01174,0.02275,0.02336
eng,private_calls,1,0.94661,0.99102,0.91352,0.92692
eng,private_calls,0,0.96971,0.00474,0.05169,0.08114
eng,private_calls,0,0.90422,0.00372,0.00919,0.01640
eng,private_calls,0,0.73576,0.01484,0.15900,0.36277
eng,private_calls,0,0.03953,0.00446,0.01266,0.02842
eng,private_calls,0,0.65253,0.27623,0.14554,0.23585
eng,private_calls,0,0.91997,0.02648,0.05400,0.07023
eng,private_calls,1,0.98299,0.99153,0.89788,0.90384
eng,private_calls,1,0.46069,0.00567,0.03230,0.05336
eng,private_calls,1,0.96047,0.98631,0.91364,0.94567
eng,private_calls,0,0.26424,0.00365,0.01538,0.02598
eng,private_calls,0,0.02063,0.00476,0.03817,0.04987
eng,private_calls,1,0.28784,0.98664,0.75906,0.82009
eng,private_calls,0,0.67017,0.98736,0.18481,0.46146
eng,private_calls,0,0.01199,0.05244,0.02734,0.04346
eng,private_calls,0,0.00722,0.00373,0.00549,0.00422
eng,private_calls,0,0.06917,0.00365,0.00563,0.00424
eng,private_calls,0,0.36553,0.00393,0.03884,0.05033
eng,private_calls,0,0.90076,0.00422,0.04339,0.06160
eng,private_calls,1,0.67017,0.00394,0.02241,0.02145
eng,private_calls,1,0.94458,0.92642,0.70230,0.79739
eng,private_calls,1,0.32983,0.92840,0.82994,0.89773
eng,private_calls,0,0.95045,0.96217,0.77905,0.93200
eng,private_calls,0,0.02701,0.00358,0.00656,0.00656
eng,private_calls,0,0.90076,0.98510,0.68527,0.72376
eng,private_calls,0,0.66141,0.95360,0.42987,0.42463
eng,private_calls,0,0.45092,0.01452,0.10494,0.20859
eng,private_calls,0,0.78580,0.00429,0.03442,0.02681
eng,private_calls,0,0.24191,0.00982,0.05606,0.04886
eng,private_calls,0,0.95573,0.01370,0.07684,0.08379
eng,private_calls,1,0.97855,0.99118,0.82767,0.85826
eng,private_calls,0,0.14524,0.00420,0.03172,0.03594
eng,private_calls,1,0.94031,0.97522,0.44494,0.45104
eng,private_calls,0,0.83947,0.85148,0.41941,0.90326
eng,private_calls,1,0.96604,0.99076,0.97961,0.98662
eng,private_calls,1,0.98162,0.99208,0.23249,0.21530
eng,private_calls,1,0.01067,0.98638,0.27782,0.47264
eng,private_calls,0,0.01985,0.00386,0.00729,0.00756
eng,private_calls,0,0.04955,0.00436,0.06844,0.09861
eng,private_calls,0,0.16591,0.00413,0.01821,0.02008
eng,private_calls,0,0.04105,0.28981,0.09344,0.09184
eng,private_calls,1,0.96731,0.28031,0.17789,0.21710
eng,private_calls,0,0.98801,0.98782,0.69176,0.79130
eng,private_calls,0,0.94249,0.00366,0.01953,0.01843
eng,private_calls,0,0.79235,0.00358,0.00706,0.00750
eng,private_calls,1,0.36553,0.88968,0.13489,0.11788
eng,private_calls,1,0.18888,0.00510,0.05718,0.16516
eng,private_calls,0,0.56849,0.00568,0.02452,0.02950
eng,private_calls,0,0.49015,0.00394,0.01410,0.01857
eng,private_calls,0,0.05969,0.00427,0.01644,0.01918
eng,private_calls,1,0.96604,0.98346,0.84942,0.92614
eng,private_calls,0,0.56849,0.00367,0.01226,0.01317
eng,private_calls,1,0.21420,0.97944,0.60307,0.75690
eng,private_calls,0,0.53931,0.98254,0.47476,0.59363
eng,private_calls,0,0.96472,0.01043,0.04016,0.03569
eng,private_calls,0,0.50000,0.00361,0.01075,0.01183
eng,private_calls,1,0.91398,0.97983,0.60828,0.76382
eng,private_calls,0,0.88171,0.89397,0.20879,0.19207
eng,private_calls,1,0.97593,0.93675,0.60886,0.62549
eng,private_calls,0,0.32118,0.00362,0.00754,0.00878
eng,private_calls,0,0.96472,0.56514,0.32663,0.54649
eng,private_calls,1,0.97401,0.99156,0.95578,0.97317
eng,private_calls,0,0.98486,0.98474,0.47676,0.53783
eng,private_calls,0,0.03269,0.00366,0.01129,0.01129
eng,private_calls,0,0.14042,0.20976,0.07951,0.08070
eng,private_calls,1,0.87325,0.98163,0.14563,0.22031
eng,private_calls,0,0.56849,0.98084,0.55360,0.50273
eng,private_calls,1,0.32983,0.00411,0.02278,0.05324
eng,private_calls,0,0.93806,0.00505,0.02645,0.02899
eng,private_calls,1,0.82290,0.91780,0.29614,0.39393
eng,private_calls,0,0.75809,0.00449,0.04294,0.08041
eng,private_calls,0,0.01574,0.00364,0.00732,0.00889
eng,private_calls,0,0.84980,0.38254,0.12217,0.12109
eng,private_calls,0,0.05751,0.00370,0.01038,0.01223
eng,private_calls,0,0.49015,0.00422,0.01491,0.01499
eng,private_calls,1,0.89349,0.90164,0.56029,0.68838
eng,private_calls,1,0.97499,0.98169,0.70160,0.69792
eng,private_calls,1,0.97401,0.98545,0.57152,0.64141
eng,private_calls,1,0.95895,0.98799,0.80361,0.91394
eng,private_calls,1,0.11032,0.00520,0.05751,0.09408
eng,private_calls,0,0.16053,0.00431,0.01414,0.01097
eng,private_calls,1,0.59721,0.08274,0.24608,0.29848
eng,private_calls,0,0.08297,0.00469,0.14811,0.28813
eng,private_calls,0,0.03806,0.00434,0.06684,0.15133
eng,private_calls,1,0.07717,0.73416,0.13593,0.15515
eng,private_calls,1,0.67882,0.97750,0.76877,0.91132
eng,private_calls,0,0.94661,0.99055,0.26920,0.53647
eng,private_calls,1,0.96047,0.99226,0.94686,0.97044
eng,private_calls,0,0.91083,0.00610,0.02828,0.04070
eng,private_calls,1,0.75809,0.98815,0.94289,0.95204
eng,private_calls,0,0.87325,0.00420,0.06824,0.09124
eng,private_calls,0,0.02701,0.00404,0.12905,0.31799
eng,private_calls,0,0.07441,0.00496,0.03264,0.07169
eng,private_calls,0,0.04772,0.05125,0.09461,0.11590
eng,private_calls,1,0.09924,0.98798,0.58987,0.70433
eng,private_calls,1,0.22776,0.98889,0.16899,0.18301
eng,private_calls,1,0.23476,0.98829,0.91679,0.96115
eng,private_calls,1,0.71216,0.99217,0.96446,0.97904
eng,private_calls,1,0.93806,0.99240,0.99040,0.99142
eng,private_calls,0,0.95895,0.00375,0.00626,0.00575
eng,private_calls,1,0.67017,0.03105,0.12186,0.16153
eng,private_calls,1,0.28784,0.99072,0.93520,0.96650
eng,private_calls,1,0.94031,0.99198,0.98987,0.99100
eng,private_calls,1,0.87325,0.78108,0.74196,0.91806
eng,private_calls,1,0.60665,0.98562,0.32127,0.63409
eng,private_calls,0,0.27196,0.01027,0.02062,0.04423
eng,private_calls,0,0.68735,0.02159,0.04847,0.08316
eng,private_calls,1,0.92283,0.01191,0.01179,0.02018
eng,private_calls,0,0.01701,0.00380,0.02000,0.02959
eng,private_calls,1,0.88576,0.93219,0.66681,0.83003
eng,private_calls,0,0.97401,0.90060,0.22256,0.36028
eng,private_calls,0,0.37472,0.00412,0.02186,0.02031
eng,private_calls,0,0.83947,0.03154,0.24488,0.27322
eng,private_calls,0,0.07175,0.00365,0.00815,0.00806
eng,private_calls,0,0.01067,0.00377,0.00569,0.00530
eng,private_calls,1,0.79876,0.00543,0.07105,0.23697
eng,private_calls,1,0.96853,0.98489,0.91967,0.96773
eng,private_calls,0,0.03269,0.00375,0.00523,0.00371
eng,private_calls,1,0.04597,0.01055,0.04147,0.05006
eng,private_calls,0,0.12246,0.00373,0.01666,0.01621
eng,private_calls,0,0.91083,0.98445,0.48869,0.60897
eng,private_calls,0,0.22776,0.00440,0.01965,0.03326
eng,private_calls,0,0.98015,0.95771,0.57064,0.71562
eng,private_calls,1,0.96335,0.97023,0.30008,0.41897
eng,private_calls,0,0.63447,0.00364,0.00648,0.00750
eng,private_calls,1,0.27983,0.00409,0.02149,0.03246
eng,private_calls,0,0.03665,0.00373,0.02081,0.02116
eng,private_calls,0,0.01457,0.00379,0.02859,0.03445
eng,private_calls,1,0.41230,0.33932,0.04163,0.08115
eng,private_calls,1,0.71216,0.97069,0.51934,0.66911
eng,private_calls,1,0.88968,0.64216,0.54817,0.67311
eng,private_calls,1,0.95737,0.96525,0.30107,0.37297
eng,private_calls,1,0.98299,0.01227,0.34722,0.30754
eng,private_calls,0,0.06194,0.00366,0.00853,0.01032
eng,private_calls,0,0.02701,0.00371,0.00571,0.00520
eng,private_calls,1,0.90076,0.98560,0.93502,0.96845
eng,private_calls,0,0.42187,0.00367,0.00649,0.00772
eng,private_calls,0,0.06917,0.70969,0.47085,0.51658
eng,private_calls,0,0.94249,0.01982,0.03510,0.08097
eng,private_calls,1,0.97194,0.97446,0.60238,0.72283
eng,private_calls,1,0.98162,0.96944,0.41781,0.41077
eng,private_calls,0,0.00722,0.00369,0.00547,0.00441
eng,private_calls,0,0.94458,0.00586,0.05810,0.09402
eng,private_calls,1,0.96335,0.94718,0.54617,0.74862
eng,private_calls,1,0.97299,0.96415,0.14485,0.15322
eng,private_calls,0,0.08297,0.00418,0.04529,0.07932
eng,private_calls,1,0.78580,0.00407,0.03053,0.05625
eng,private_calls,0,0.95403,0.97092,0.81400,0.91205
eng,private_calls,1,0.93806,0.00406,0.03905,0.05748
eng,private_calls,0,0.69575,0.46842,0.09872,0.10608
eng,private_calls,0,0.25665,0.00375,0.02404,0.03206
eng,private_calls,0,0.95403,0.83601,0.09321,0.10329
eng,private_calls,0,0.67882,0.00361,0.00928,0.01187
eng,private_calls,0,0.51968,0.00419,0.02043,0.02562
eng,private_calls,0,0.01401,0.00365,0.02002,0.03466
eng,private_calls,0,0.01067,0.00365,0.00875,0.00887
eng,private_calls,1,0.32118,0.00363,0.01094,0.01647
eng,private_calls,1,0.00781,0.00364,0.00718,0.00894
eng,private_calls,0,0.91997,0.00380,0.02777,0.04003
eng,private_calls,0,0.03806,0.00364,0.01862,0.03603
eng,private_calls,0,0.03029,0.00362,0.00802,0.01361
eng,private_calls,0,0.67882,0.00359,0.01381,0.02118
eng,private_calls,0,0.37472,0.00415,0.03350,0.05226
eng,private_calls,0,0.94249,0.00357,0.01411,0.01592
eng,private_calls,1,0.85476,0.00395,0.01651,0.02491
eng,private_calls,0,0.11032,0.00388,0.03143,0.03568
eng,private_calls,1,0.12246,0.00429,0.02721,0.03536
eng,private_calls,0,0.94661,0.00415,0.01788,0.03694
eng,private_calls,0,0.49015,0.00479,0.03098,0.06090
eng,private_calls,0,0.83947,0.00371,0.01302,0.01562
eng,private_calls,1,0.31265,0.02502,0.10321,0.16042
eng,private_calls,0,0.72017,0.02034,0.11195,0.15866
eng,private_calls,0,0.01401,0.00366,0.00618,0.00509
eng,private_calls,0,0.04772,0.00723,0.11391,0.20201
eng,private_calls,1,0.15020,0.00365,0.00761,0.00988
eng,private_calls,0,0.06194,0.00363,0.01289,0.02664
eng,private_calls,1,0.02806,0.00609,0.07775,0.12144
eng,private_calls,1,0.94249,0.00358,0.01114,0.01418
eng,private_calls,0,0.73576,0.00363,0.01626,0.01954
eng,private_calls,1,0.07717,0.93900,0.41681,0.56462
eng,private_calls,0,0.00913,0.00376,0.02939,0.05464
eng,private_calls,0,0.88968,0.00770,0.05000,0.09229
eng,private_calls,0,0.37472,0.00805,0.04855,0.07265
eng,private_calls,1,0.30425,0.00840,0.05475,0.11729
eng,private_calls,0,0.00618,0.00362,0.01057,0.01524
eng,private_calls,1,0.62528,0.00469,0.02196,0.03150
eng,private_calls,1,0.02407,0.00409,0.02550,0.03275
eng,private_calls,0,0.00722,0.00371,0.01277,0.03321
eng,private_calls,0,0.02501,0.00365,0.00739,0.00944
eng,private_calls,0,0.74335,0.00363,0.01017,0.01161
eng,private_calls,0,0.29598,0.00453,0.03302,0.08646
eng,private_calls,1,0.49015,0.00380,0.03055,0.02387
eng,private_calls,0,0.15530,0.00381,0.01303,0.02177
eng,private_calls,1,0.83947,0.98637,0.71429,0.79375
eng,private_calls,0,0.10651,0.00357,0.00834,0.01002
eng,private_calls,0,0.01910,0.00358,0.00859,0.01959
eng,private_calls,1,0.34747,0.00549,0.07153,0.09070
eng,private_calls,1,0.98090,0.98423,0.77898,0.85390
eng,private_calls,1,0.90076,0.00644,0.02826,0.03154
eng,private_calls,0,0.01514,0.00361,0.00611,0.00492
eng,private_calls,0,0.03665,0.00378,0.09166,0.27175
eng,private_calls,0,0.70402,0.00388,0.01491,0.03642
eng,private_calls,0,0.09578,0.00367,0.00682,0.01009
eng,private_calls,1,0.82290,0.00393,0.01877,0.03621
eng,private_calls,0,0.19498,0.00360,0.01025,0.01737
eng,private_calls,1,0.77224,0.00971,0.01897,0.02801
eng,private_calls,1,0.33859,0.00396,0.02825,0.03594
eng,private_calls,0,0.39335,0.00374,0.00910,0.00992
eng,private_calls,0,0.86427,0.00438,0.02718,0.03951
eng,private_calls,0,0.18292,0.00373,0.00701,0.00981
eng,private_calls,1,0.16053,0.00432,0.03244,0.05537
eng,private_calls,0,0.03147,0.00375,0.00939,0.01214
eng,private_calls,0,0.79235,0.00380,0.02158,0.03136
eng,private_calls,1,0.01701,0.00375,0.01448,0.01931
eng,private_calls,1,0.05751,0.00375,0.00655,0.00715
eng,private_calls,1,0.76524,0.00423,0.04097,0.08911
eng,private_calls,1,0.07441,0.01073,0.06662,0.12916
eng,private_calls,0,0.12675,0.00396,0.01309,0.02882
eng,private_calls,0,0.51968,0.01237,0.01910,0.05738
eng,private_calls,1,0.77909,0.00423,0.01398,0.03468
eng,private_calls,0,0.06667,0.00369,0.01630,0.03210
eng,private_calls,0,0.01701,0.00378,0.00515,0.00369
eng,private_calls,1,0.78580,0.00371,0.01157,0.02130
eng,private_calls,0,0.75079,0.00380,0.00631,0.00857
eng,private_calls,1,0.98486,0.98693,0.81174,0.93557
eng,private_calls,1,0.98232,0.99137,0.87877,0.92426
eng,private_calls,0,0.22776,0.07521,0.18538,0.44258
eng,private_calls,0,0.33859,0.38272,0.17186,0.33009
eng,private_calls,1,0.91997,0.95308,0.32020,0.86297
eng,private_calls,0,0.37472,0.00377,0.00635,0.00801
eng,private_calls,0,0.01457,0.00369,0.00548,0.00469
eng,private_calls,0,0.08003,0.00368,0.00792,0.01405
eng,private_calls,0,0.01348,0.00396,0.01764,0.17322
eng,private_calls,1,0.97084,0.78687,0.34805,0.64656
eng,private_calls,0,0.93574,0.00371,0.01210,0.02702
eng,private_calls,0,0.08917,0.00368,0.00985,0.01138
eng,private_calls,0,0.67882,0.00388,0.01093,0.02057
eng,private_calls,0,0.97194,0.94464,0.75752,0.85776
eng,private_calls,0,0.22091,0.00371,0.00784,0.01229
eng,private_calls,0,0.82290,0.01168,0.08700,0.08039
eng,private_calls,0,0.70402,0.00371,0.00731,0.01494
eng,private_calls,0,0.32118,0.00378,0.00720,0.01149
eng,private_calls,0,0.95045,0.11037,0.08849,0.16101
eng,private_calls,0,0.12246,0.00384,0.00984,0.03367
eng,private_calls,0,0.85476,0.00833,0.02177,0.03393
eng,private_calls,0,0.08917,0.01136,0.00910,0.02604
eng,private_calls,0,0.06917,0.00433,0.04203,0.05618
eng,private_calls,1,0.02229,0.61619,0.38333,0.84480
eng,private_calls,0,0.56849,0.00397,0.01927,0.03884
eng,private_calls,0,0.01247,0.02925,0.07133,0.16196
eng,private_calls,0,0.15020,0.00369,0.01107,0.01712
eng,private_calls,0,0.74335,0.99174,0.97365,0.98943
eng,private_calls,0,0.51968,0.00614,0.04471,0.16568
eng,private_calls,0,0.01985,0.01264,0.01695,0.02672
eng,private_calls,0,0.91083,0.06508,0.12563,0.20835
eng,private_calls,0,0.08602,0.00377,0.00593,0.00636
eng,private_calls,0,0.24921,0.00370,0.00680,0.01317
eng,private_calls,0,0.96472,0.02386,0.11913,0.38576
eng,private_calls,0,0.75079,0.96844,0.47823,0.75727
eng,private_calls,0,0.92825,0.00397,0.01886,0.05017
eng,private_calls,0,0.42187,0.00378,0.00587,0.00525
eng,private_calls,0,0.05542,0.00383,0.01239,0.01512
eng,private_calls,0,0.47049,0.00371,0.01627,0.03617
eng,private_calls,0,0.02407,0.00381,0.01532,0.02755
eng,private_calls,0,0.50985,0.00551,0.05799,0.08165
eng,private_calls,0,0.17144,0.04614,0.06173,0.11752
eng,private_calls,0,0.02229,0.00379,0.00695,0.00754
eng,private_calls,0,0.07717,0.00379,0.01046,0.01316
eng,private_calls,1,0.56849,0.00385,0.01734,0.02424
eng,private_calls,0,0.91703,0.01565,0.24658,0.53406
eng,private_calls,1,0.94458,0.98885,0.47167,0.90687
eng,private_calls,0,0.98486,0.97768,0.31415,0.32673
eng,private_calls,0,0.13573,0.00364,0.01078,0.01290
eng,private_calls,0,0.01154,0.00360,0.01196,0.01314
eng,private_calls,1,0.96604,0.89331,0.52023,0.70217
eng,private_calls,0,0.11424,0.00369,0.02287,0.07887
eng,private_calls,1,0.96971,0.98000,0.59512,0.75373
eng,private_calls,0,0.47049,0.00365,0.00793,0.01147
eng,private_calls,1,0.92283,0.95902,0.18429,0.16831
eng,private_calls,0,0.02145,0.00364,0.00651,0.00815
eng,private_calls,0,0.02501,0.00366,0.00603,0.00576
eng,private_calls,0,0.14524,0.00364,0.01260,0.01853
eng,private_calls,0,0.08917,0.00361,0.01297,0.02238
eng,private_calls,1,0.02701,0.00368,0.00657,0.00916
eng,private_calls,1,0.67882,0.02231,0.10452,0.22387
eng,private_calls,0,0.92559,0.00372,0.00964,0.01347
eng,private_calls,0,0.44119,0.00398,0.05429,0.06983
eng,private_calls,0,0.11424,0.17002,0.05050,0.05133
eng,private_calls,0,0.18292,0.09866,0.38110,0.64253
eng,private_calls,0,0.90422,0.00525,0.03162,0.07947
eng,private_calls,0,0.72017,0.00373,0.00815,0.02193
eng,private_calls,0,0.02316,0.00367,0.00625,0.01041
eng,private_calls,0,0.03147,0.00363,0.00659,0.01119
eng,private_calls,0,0.00844,0.00371,0.01417,0.03493
eng,private_calls,0,0.01457,0.00365,0.00760,0.00928
eng,private_calls,0,0.90076,0.77914,0.22298,0.30042
eng,private_calls,0,0.02063,0.00367,0.00947,0.01247
eng,private_calls,1,0.76524,0.02793,0.04368,0.04992
eng,private_calls,0,0.64355,0.00623,0.02694,0.01761
eng,private_calls,1,0.81112,0.02040,0.06597,0.06210
eng,private_calls,0,0.01296,0.00364,0.00555,0.00437
eng,private_calls,1,0.59721,0.97840,0.58386,0.67653
eng,private_calls,0,0.42187,0.98744,0.83781,0.92879
eng,private_calls,0,0.13573,0.00416,0.03063,0.03121
eng,private_calls,1,0.07175,0.00368,0.00998,0.01234
eng,private_calls,1,0.45092,0.00403,0.01600,0.01969
eng,private_calls,0,0.18888,0.05643,0.04929,0.05082
eng,private_calls,0,0.09924,0.00359,0.00806,0.01262
eng,private_calls,0,0.04772,0.07912,0.08372,0.19083
eng,private_calls,1,0.15020,0.00364,0.00641,0.00657
eng,private_calls,0,0.02806,0.00372,0.01893,0.04586
eng,private_calls,0,0.87325,0.98437,0.55240,0.64290
eng,private_calls,0,0.00722,0.00372,0.00515,0.00389
eng,private_calls,0,0.04427,0.00408,0.01944,0.02692
eng,private_calls,0,0.42187,0.00372,0.01521,0.03081
eng,private_calls,0,0.01457,0.00362,0.00839,0.01239
eng,private_calls,0,0.76524,0.32830,0.09985,0.13399
eng,private_calls,1,0.96047,0.96788,0.69540,0.86283
eng,private_calls,0,0.32118,0.00365,0.00745,0.01211
eng,private_calls,0,0.05751,0.00369,0.01122,0.01373
eng,private_calls,1,0.12675,0.00419,0.02724,0.03023
eng,private_calls,0,0.08003,0.00368,0.00704,0.00987
eng,private_calls,1,0.05143,0.04620,0.03921,0.03837
eng,private_calls,0,0.02599,0.01978,0.05532,0.05042
eng,private_calls,0,0.16053,0.96520,0.25479,0.30893
eng,private_calls,0,0.60665,0.15497,0.17399,0.38678
eng,private_calls,1,0.50000,0.04059,0.11012,0.32006
eng,private_calls,0,0.00694,0.00386,0.01046,0.01651
eng,private_calls,0,0.52951,0.00450,0.02287,0.02930
eng,private_calls,0,0.03147,0.00367,0.00695,0.00785
eng,private_calls,0,0.23476,0.00373,0.00994,0.01796
eng,private_calls,1,0.97299,0.98224,0.80298,0.91638
eng,private_calls,0,0.38399,0.96353,0.27095,0.44137
eng,private_calls,1,0.72804,0.31411,0.40372,0.55522
eng,private_calls,0,0.07175,0.00363,0.00608,0.00601
eng,private_calls,1,0.10651,0.00372,0.00735,0.01363
eng,private_calls,0,0.88171,0.93259,0.14359,0.31454
eng,private_calls,0,0.02599,0.00402,0.00919,0.00864
eng,private_calls,0,0.02407,0.00373,0.00607,0.00477
eng,private_calls,0,0.25665,0.00381,0.01713,0.01752
eng,private_calls,0,0.01768,0.00471,0.03715,0.05908
eng,private_calls,1,0.95737,0.98839,0.66463,0.81981
eng,private_calls,1,0.95737,0.05058,0.04173,0.05321
eng,private_calls,0,0.21420,0.00364,0.00778,0.00953
eng,private_calls,1,0.88968,0.07514,0.06425,0.08095
eng,private_calls,0,0.90422,0.09403,0.10344,0.11873
eng,private_calls,0,0.04263,0.00373,0.00745,0.01053
eng,private_calls,0,0.01910,0.00366,0.00770,0.01270
eng,private_calls,0,0.01574,0.00366,0.00753,0.01137
eng,private_calls,0,0.01401,0.00419,0.01881,0.03684
eng,private_calls,1,0.70402,0.81147,0.42150,0.71560
eng,private_calls,0,0.03806,0.00381,0.01746,0.03671
eng,private_calls,0,0.44119,0.08103,0.01817,0.02692
eng,private_calls,1,0.22091,0.00648,0.06081,0.13760
eng,private_calls,0,0.95228,0.01896,0.05858,0.09425
eng,private_calls,1,0.72017,0.98693,0.50357,0.75371
eng,private_calls,0,0.28784,0.00372,0.00800,0.00935
eng,private_calls,0,0.87754,0.00371,0.00860,0.01118
eng,private_calls,0,0.03269,0.00367,0.01167,0.02841
eng,private_calls,1,0.96731,0.99155,0.98913,0.99042
eng,private_calls,1,0.91997,0.97477,0.39938,0.23291
eng,private_calls,1,0.83947,0.78317,0.25105,0.36167
eng,private_calls,0,0.92825,0.01282,0.04545,0.07090
eng,private_calls,1,0.93083,0.33019,0.25165,0.44212
eng,private_calls,0,0.95403,0.00367,0.02796,0.02867
eng,private_calls,0,0.08602,0.00366,0.00866,0.01137
eng,private_calls,0,0.92283,0.96113,0.45765,0.70540
eng,private_calls,1,0.95895,0.95890,0.04513,0.04739
eng,private_calls,1,0.97084,0.74128,0.10040,0.11410
eng,private_calls,1,0.96047,0.55700,0.46961,0.51179
eng,private_calls,0,0.96194,0.04888,0.14497,0.18443
eng,private_calls,0,0.05542,0.00371,0.00640,0.00564
eng,private_calls,0,0.77224,0.00417,0.02105,0.03591
eng,private_calls,1,0.83947,0.00368,0.04934,0.04958
eng,private_calls,0,0.94031,0.00381,0.01945,0.02779
eng,private_calls,1,0.97771,0.99001,0.79671,0.94371
eng,private_calls,0,0.97593,0.98704,0.79219,0.88458
eng,private_calls,1,0.98652,0.99108,0.85251,0.96535
eng,private_calls,0,0.97855,0.00364,0.01626,0.02644
eng,private_calls,0,0.00722,0.00372,0.00681,0.00600
eng,private_calls,0,0.86882,0.05417,0.28412,0.39431
eng,private_calls,0,0.14042,0.00372,0.01368,0.03219
eng,private_calls,1,0.89718,0.01290,0.02773,0.05650
eng,private_calls,0,0.86882,0.00382,0.01709,0.02713
eng,private_calls,0,0.00642,0.00367,0.00679,0.00782
eng,private_calls,0,0.02701,0.00369,0.01070,0.01703
eng,private_calls,0,0.01768,0.00374,0.01922,0.02590
eng,private_calls,1,0.66141,0.97003,0.55224,0.75522
eng,private_calls,1,0.94031,0.88829,0.48812,0.78728
eng,private_calls,0,0.25665,0.03004,0.29105,0.46313
eng,private_calls,1,0.98543,0.98258,0.77976,0.84103
eng,private_calls,1,0.93574,0.01353,0.02761,0.04263
eng,private_calls,0,0.01910,0.00371,0.00686,0.00672
eng,private_calls,1,0.83947,0.98766,0.68155,0.76294
eng,private_calls,0,0.67017,0.00519,0.02532,0.02897
eng,private_calls,0,0.92825,0.00397,0.02274,0.01942
eng,private_calls,0,0.96472,0.29993,0.10873,0.15981
eng,private_calls,1,0.98299,0.99206,0.92341,0.95246
eng,private_calls,0,0.87754,0.94807,0.07970,0.17809
eng,private_calls,1,0.95895,0.79872,0.12403,0.14889
eng,private_calls,0,0.00949,0.00373,0.00665,0.00585
eng,private_calls,0,0.02701,0.00368,0.00705,0.00679
eng,private_calls,0,0.82856,0.00388,0.01546,0.02106
eng,private_calls,0,0.98232,0.98266,0.15507,0.17419
eng,private_calls,1,0.01701,0.00452,0.01395,0.01449
eng,private_calls,1,0.42187,0.96956,0.33207,0.40541
eng,private_calls,1,0.94249,0.99119,0.98818,0.98911
eng,private_calls,0,0.00668,0.00368,0.00774,0.00643
eng,private_calls,1,0.23476,0.03785,0.05964,0.18025
eng,private_calls,0,0.00618,0.00366,0.00695,0.00714
eng,private_calls,0,0.00844,0.00377,0.01449,0.02094
eng,private_calls,0,0.02599,0.00384,0.02623,0.04011
eng,private_calls,1,0.90758,0.88426,0.29467,0.47025
eng,private_calls,0,0.03806,0.00371,0.00730,0.00840
eng,private_calls,0,0.14524,0.00416,0.01566,0.02277
eng,private_calls,1,0.30425,0.59185,0.17812,0.28277
eng,private_calls,0,0.66141,0.90165,0.10629,0.16520
eng,private_calls,0,0.17710,0.00386,0.01260,0.01914
eng,private_calls,1,0.97593,0.99015,0.73084,0.85799
eng,private_calls,1,0.17710,0.65899,0.06641,0.07194
eng,private_calls,1,0.96472,0.99158,0.96621,0.97850
eng,private_calls,0,0.00594,0.00368,0.00702,0.00567
eng,private_calls,1,0.95403,0.97621,0.09486,0.12550
eng,private_calls,0,0.77909,0.00385,0.02771,0.04037
eng,private_calls,1,0.43151,0.68701,0.10280,0.09742
eng,private_calls,0,0.01910,0.00378,0.01132,0.01570
eng,private_calls,1,0.02701,0.97715,0.71378,0.82206
eng,private_calls,0,0.00781,0.00368,0.00798,0.00788
eng,private_calls,1,0.95228,0.98827,0.91002,0.92974
eng,private_calls,0,0.04772,0.00438,0.02404,0.04275
eng,private_calls,1,0.01838,0.00498,0.05972,0.08756
eng,private_calls,0,0.00618,0.00371,0.00852,0.00905
eng,private_calls,0,0.01296,0.00370,0.01300,0.01406
eng,private_calls,0,0.00594,0.00368,0.00714,0.00683
eng,private_calls,0,0.08917,0.98499,0.61863,0.67077
eng,private_calls,0,0.05542,0.00377,0.01387,0.01790
eng,private_calls,0,0.00751,0.00370,0.00798,0.01052
eng,private_calls,1,0.01985,0.00369,0.01020,0.01334
eng,private_calls,0,0.02916,0.00371,0.01439,0.02191
eng,private_calls,0,0.05751,0.00461,0.01449,0.02463
eng,private_calls,1,0.07175,0.02515,0.07350,0.09399
eng,private_calls,1,0.84980,0.98734,0.77832,0.87889
eng,private_calls,0,0.00751,0.00478,0.35708,0.20350
eng,private_calls,0,0.04772,0.00483,0.02063,0.02749
eng,private_calls,1,0.01985,0.00448,0.02767,0.03506
eng,private_calls,0,0.35645,0.98880,0.43776,0.63580
eng,private_calls,0,0.00642,0.00364,0.00666,0.00532
eng,private_calls,0,0.03029,0.00372,0.00953,0.01728
eng,private_calls,0,0.55881,0.00499,0.02797,0.03440
eng,private_calls,1,0.01457,0.01966,0.06907,0.08300
eng,private_calls,1,0.09578,0.01386,0.05180,0.06869
eng,private_calls,1,0.18292,0.00498,0.03556,0.04351
eng,private_calls,0,0.98426,0.99238,0.93091,0.94189
eng,private_calls,0,0.00751,0.00369,0.00691,0.00457
eng,private_calls,0,0.01574,0.00391,0.04351,0.05013
eng,private_calls,1,0.81708,0.03740,0.05608,0.06190
eng,private_calls,1,0.50985,0.99221,0.98082,0.98533
eng,private_calls,1,0.02599,0.75176,0.46128,0.62878
eng,private_calls,0,0.03953,0.00390,0.01518,0.02089
eng,private_calls,1,0.08602,0.00373,0.01001,0.01330
eng,private_calls,1,0.95403,0.87126,0.36917,0.57654
eng,private_calls,1,0.41230,0.00427,0.02961,0.02916
eng,private_calls,1,0.96472,0.98642,0.12683,0.12731
eng,private_calls,1,0.96971,0.98226,0.50451,0.65597
eng,private_calls,0,0.69575,0.07854,0.07113,0.14699
eng,private_calls,1,0.93574,0.93690,0.18355,0.15991
eng,private_calls,1,0.94031,0.13022,0.06942,0.11861
eng,private_calls,1,0.95045,0.83111,0.42975,0.81810
eng,private_calls,0,0.10282,0.00380,0.00955,0.00971
eng,private_calls,0,0.08297,0.75820,0.41941,0.54942
eng,private_calls,0,0.05969,0.00575,0.05079,0.05244
eng,private_calls,1,0.96335,0.95495,0.17047,0.14599
eng,private_calls,1,0.93083,0.99164,0.86704,0.88733
eng,private_calls,1,0.96047,0.92358,0.27777,0.44363
eng,private_calls,1,0.38399,0.05951,0.32065,0.60124
eng,private_calls,1,0.29598,0.00626,0.05508,0.06794
eng,private_calls,0,0.27983,0.00557,0.07242,0.12894
eng,private_calls,1,0.66141,0.98081,0.23691,0.34350
eng,private_calls,1,0.11032,0.03290,0.22649,0.29576
eng,private_calls,1,0.48032,0.11645,0.23806,0.43680
eng,private_calls,0,0.82856,0.48504,0.49815,0.65814
eng,private_calls,0,0.49015,0.00735,0.07354,0.09590
eng,private_calls,1,0.95737,0.94337,0.62476,0.66459
eng,private_calls,0,0.97771,0.98675,0.37461,0.43242
eng,private_calls,1,0.95045,0.77440,0.11980,0.17190
eng,private_calls,1,0.94661,0.42285,0.12569,0.23082
eng,private_calls,1,0.60665,0.00382,0.01188,0.01374
eng,private_calls,0,0.36553,0.03003,0.05927,0.09001
eng,private_calls,0,0.76524,0.00394,0.03750,0.08315
eng,private_calls,1,0.96194,0.00381,0.01519,0.02397
eng,private_calls,1,0.91997,0.00456,0.03278,0.08874
eng,private_calls,0,0.00987,0.00371,0.00845,0.00834
eng,private_calls,1,0.97084,0.75628,0.30408,0.39525
eng,private_calls,0,0.17710,0.02461,0.09360,0.27102
eng,private_calls,1,0.73576,0.22214,0.47201,0.54025
eng,private_calls,0,0.60665,0.12015,0.30069,0.56367
eng,private_calls,1,0.96731,0.98995,0.71050,0.88513
eng,private_calls,0,0.02701,0.00372,0.00896,0.01106
eng,private_calls,1,0.97499,0.97836,0.82723,0.90413
eng,private_calls,1,0.87325,0.97101,0.55479,0.64347
eng,private_calls,0,0.17144,0.01370,0.07717,0.05329
eng,private_calls,1,0.07717,0.87056,0.31931,0.53940
eng,private_calls,1,0.92283,0.05161,0.12900,0.25753
eng,private_calls,1,0.94857,0.98989,0.82959,0.90697
eng,private_calls,1,0.94458,0.34935,0.21580,0.27859
eng,private_calls,1,0.91083,0.17685,0.09481,0.08942
eng,private_calls,1,0.66141,0.88619,0.66415,0.87154
eng,private_calls,0,0.36553,0.97660,0.43470,0.61709
eng,private_calls,1,0.91083,0.82187,0.71269,0.89226
eng,private_calls,1,0.98704,0.04241,0.16994,0.38995
eng,private_calls,0,0.54908,0.01400,0.02703,0.06036
eng,private_calls,1,0.33859,0.00406,0.01668,0.04190
eng,private_calls,1,0.81708,0.00853,0.07263,0.09867
eng,private_calls,1,0.39335,0.01625,0.14795,0.55041
eng,private_calls,1,0.98232,0.98091,0.84242,0.91638
eng,private_calls,1,0.96047,0.98472,0.73260,0.77686
eng,private_calls,1,0.95573,0.75756,0.28715,0.42579
eng,private_calls,0,0.98090,0.34646,0.11386,0.14327
eng,private_calls,1,0.98232,0.96695,0.35742,0.22293
eng,private_calls,1,0.97684,0.99123,0.91062,0.92834
eng,private_calls,0,0.00987,0.00377,0.00815,0.00625
eng,private_calls,1,0.83947,0.95550,0.41542,0.47081
eng,private_calls,0,0.82856,0.00443,0.04891,0.05698
eng,private_calls,1,0.92283,0.89558,0.52177,0.74086
eng,private_calls,0,0.90076,0.39022,0.39225,0.72455
eng,private_calls,1,0.95403,0.97226,0.43960,0.55117
eng,private_calls,1,0.77909,0.00899,0.03534,0.08458
eng,private_calls,1,0.02145,0.00429,0.01373,0.02067
eng,private_calls,0,0.05339,0.00374,0.00767,0.00797
eng,private_calls,0,0.94857,0.22039,0.08058,0.10300
eng,private_calls,0,0.11829,0.00527,0.02023,0.01983
eng,private_calls,0,0.61601,0.00681,0.26293,0.30423
eng,private_calls,0,0.52951,0.54754,0.08409,0.13992
eng,private_calls,0,0.05751,0.00612,0.01590,0.01546
eng,private_calls,1,0.96604,0.99051,0.94065,0.96562
eng,private_calls,0,0.06667,0.98934,0.38969,0.32175
eng,private_calls,0,0.01514,0.00383,0.01179,0.01964
eng,private_calls,1,0.96853,0.99231,0.98636,0.98873
eng,private_calls,0,0.75809,0.20185,0.08124,0.10010
eng,private_calls,1,0.63447,0.99208,0.93362,0.95230
eng,private_calls,1,0.01514,0.99120,0.76924,0.81315
eng,private_calls,0,0.91398,0.01677,0.02095,0.01391
eng,private_calls,1,0.66141,0.99083,0.87500,0.90400
eng,private_calls,0,0.03665,0.00605,0.05549,0.05741
eng,private_calls,0,0.01296,0.00369,0.00963,0.01640
eng,private_calls,0,0.01154,0.00366,0.00720,0.00596
eng,private_calls,0,0.00594,0.00364,0.01129,0.02407
eng,private_calls,1,0.40279,0.22722,0.15316,0.25574
eng,private_calls,0,0.32983,0.00849,0.02396,0.03363
eng,private_calls,1,0.97299,0.99239,0.98737,0.98961
eng,private_calls,1,0.84470,0.99243,0.97603,0.98278
eng,private_calls,0,0.01067,0.00371,0.01235,0.01481
eng,private_calls,0,0.03528,0.00362,0.00729,0.00588
eng,private_calls,1,0.95737,0.99219,0.98841,0.98924
eng,private_calls,1,0.98162,0.99211,0.96446,0.98418
eng,private_calls,0,0.72804,0.39063,0.25953,0.51850
eng,private_calls,1,0.35645,0.98759,0.72374,0.88248
eng,private_calls,1,0.93806,0.99219,0.93344,0.95228
eng,private_calls,1,0.96335,0.99212,0.94831,0.95914
eng,private_calls,1,0.98364,0.99124,0.96618,0.97560
eng,private_calls,1,0.98015,0.99182,0.95991,0.97132
eng,private_calls,0,0.97937,0.19960,0.11456,0.19343
eng,private_calls,1,0.92825,0.98985,0.87949,0.92623
eng,private_calls,0,0.00694,0.00376,0.00904,0.01072
eng,private_calls,1,0.61601,0.98801,0.96261,0.98002
eng,private_calls,1,0.92559,0.04402,0.15488,0.46768
eng,private_calls,1,0.98599,0.99265,0.98822,0.98855
eng,private_calls,0,0.93083,0.00908,0.16039,0.45308
eng,private_calls,1,0.97771,0.99209,0.98753,0.98934
eng,private_calls,1,0.92559,0.00660,0.04296,0.12530
eng,private_calls,0,0.04427,0.27734,0.10318,0.15023
eng,private_calls,0,0.58770,0.00368,0.00967,0.01286
eng,private_calls,0,0.00722,0.00361,0.01348,0.01956
eng,private_calls,1,0.07717,0.00525,0.03506,0.05773
eng,private_calls,0,0.97771,0.00417,0.01678,0.02289
eng,private_calls,0,0.91083,0.02946,0.05965,0.09146
eng,private_calls,1,0.93083,0.96183,0.13032,0.14123
eng,private_calls,1,0.97084,0.99103,0.91889,0.93598
eng,private_calls,1,0.70402,0.98960,0.82185,0.74359
eng,private_calls,0,0.17710,0.00440,0.02936,0.02681
eng,private_calls,1,0.20124,0.27002,0.27286,0.42162
eng,private_calls,1,0.74335,0.74805,0.60865,0.76005
eng,private_calls,0,0.15530,0.00381,0.00910,0.00899
eng,private_calls,0,0.94661,0.00380,0.01845,0.01909
eng,private_calls,0,0.93574,0.03911,0.05234,0.05971
eng,private_calls,0,0.56849,0.00374,0.01627,0.02573
eng,private_calls,1,0.92825,0.98710,0.84949,0.90532
eng,private_calls,1,0.03806,0.99093,0.98010,0.98489
eng,private_calls,0,0.87325,0.00627,0.03606,0.03964
eng,private_calls,0,0.01574,0.00367,0.01097,0.01261
eng,private_calls,0,0.24921,0.00434,0.07031,0.09846
eng,private_calls,0,0.16053,0.10472,0.12435,0.18696
eng,private_calls,1,0.27983,0.00397,0.02167,0.02179
eng,private_calls,1,0.75079,0.02348,0.21191,0.38012
eng,private_calls,1,0.89718,0.85893,0.16077,0.27831
eng,private_calls,0,0.91703,0.12732,0.09459,0.13030
eng,private_calls,0,0.16591,0.00421,0.01779,0.02150
eng,private_calls,0,0.01910,0.00373,0.01021,0.00812
eng,private_calls,1,0.97937,0.98979,0.88840,0.94906
eng,private_calls,1,0.04427,0.00402,0.01550,0.01918
eng,private_calls,0,0.31265,0.04077,0.08319,0.10827
eng,private_calls,0,0.77224,0.94038,0.17917,0.24201
eng,private_calls,1,0.96194,0.98979,0.24044,0.53508
eng,private_calls,1,0.20765,0.87319,0.35179,0.45037
eng,private_calls,0,0.00722,0.00373,0.00833,0.00669
eng,private_calls,0,0.02316,0.00372,0.01004,0.01320
eng,private_calls,1,0.03269,0.96072,0.17818,0.16468
eng,private_calls,0,0.33859,0.00391,0.02312,0.02878
eng,private_calls,0,0.02229,0.00369,0.00786,0.00600
eng,private_calls,0,0.94661,0.97458,0.59139,0.55687
eng,private_calls,0,0.71216,0.95303,0.63685,0.68877
eng,private_calls,1,0.95403,0.99105,0.93101,0.96912
eng,private_calls,1,0.97684,0.92349,0.63663,0.80219
eng,private_calls,1,0.98426,0.99169,0.30479,0.36503
eng,private_calls,0,0.97937,0.00401,0.01587,0.02152
eng,private_calls,1,0.95403,0.00500,0.03063,0.02904
eng,private_calls,1,0.88576,0.19275,0.04038,0.04547
eng,private_calls,0,0.15530,0.00367,0.00824,0.00787
eng,private_calls,1,0.95045,0.98115,0.43632,0.59124
eng,private_calls,0,0.03953,0.00367,0.00835,0.00750
eng,private_calls,0,0.18888,0.00369,0.01661,0.01665
eng,private_calls,1,0.91083,0.00384,0.01455,0.02152
eng,private_calls,1,0.91703,0.00399,0.02357,0.02396
eng,private_calls,0,0.08602,0.00368,0.02914,0.03270
eng,private_calls,1,0.72017,0.00863,0.11197,0.13764
eng,private_calls,0,0.01296,0.00492,0.02975,0.03546
eng,private_calls,0,0.33859,0.02408,0.01816,0.02394
eng,private_calls,0,0.61601,0.00371,0.00864,0.00762
eng,private_calls,1,0.12246,0.03284,0.19160,0.21439
eng,private_calls,0,0.97194,0.00388,0.01003,0.00909
eng,private_calls,0,0.92559,0.00387,0.02211,0.02785
eng,private_calls,0,0.19498,0.42843,0.06356,0.08796
eng,private_calls,1,0.72017,0.98671,0.21485,0.29592
eng,private_calls,1,0.88968,0.00423,0.01385,0.01434
eng,private_calls,0,0.02701,0.00370,0.00912,0.01061
eng,private_calls,0,0.87325,0.00371,0.01092,0.01541
eng,private_calls,0,0.94458,0.98868,0.08884,0.11934
eng,private_calls,1,0.80502,0.99111,0.73882,0.72707
eng,private_calls,1,0.88968,0.98380,0.34105,0.29991
eng,private_calls,0,0.85476,0.00990,0.07747,0.14180
eng,private_calls,0,0.38399,0.00875,0.04770,0.05034
eng,private_calls,0,0.22776,0.00367,0.02094,0.02800
eng,private_calls,0,0.87325,0.00479,0.01648,0.02875
eng,private_calls,0,0.27983,0.00373,0.01227,0.01707
eng,private_calls,0,0.36553,0.00368,0.01059,0.01071
eng,private_calls,0,0.03396,0.00368,0.01135,0.01841
eng,private_calls,1,0.16591,0.00381,0.01165,0.01496
eng,private_calls,0,0.06194,0.00372,0.00899,0.00902
eng,private_calls,0,0.18888,0.00525,0.02024,0.03897
eng,private_calls,0,0.02701,0.00441,0.01802,0.02896
eng,private_calls,0,0.01109,0.00370,0.00960,0.01139
eng,private_calls,0,0.11424,0.00370,0.01746,0.03781
eng,private_calls,0,0.03806,0.00364,0.01287,0.01647
eng,private_calls,1,0.94249,0.78961,0.49011,0.64366
eng,private_calls,0,0.39335,0.00416,0.01158,0.01438
eng,private_calls,1,0.75809,0.34307,0.35308,0.36551
eng,private_calls,0,0.32983,0.01775,0.02760,0.03594
eng,private_calls,0,0.94031,0.00390,0.01959,0.03485
eng,private_calls,0,0.96853,0.00366,0.01107,0.01273
eng,private_calls,0,0.00618,0.00364,0.00630,0.00580
eng,private_calls,0,0.53931,0.00650,0.02279,0.03370
eng,private_calls,0,0.15020,0.00378,0.03812,0.07044
eng,private_calls,0,0.94031,0.75073,0.50800,0.70429
eng,private_calls,0,0.00618,0.00373,0.00698,0.00761
eng,private_calls,0,0.00844,0.00372,0.00682,0.00657
eng,private_calls,1,0.66141,0.81122,0.46732,0.73832
eng,private_calls,1,0.95045,0.79285,0.52838,0.59040
eng,private_calls,1,0.93806,0.98913,0.38482,0.46221
eng,private_calls,1,0.91083,0.83124,0.13670,0.13098
eng,private_calls,0,0.91703,0.02003,0.07387,0.09944
eng,private_calls,0,0.35645,0.59385,0.09403,0.10959
eng,private_calls,0,0.24921,0.00399,0.01092,0.01248
eng,private_calls,0,0.58770,0.00365,0.00737,0.00842
eng,private_calls,0,0.03528,0.00369,0.00733,0.01045
eng,private_calls,0,0.02806,0.00371,0.00990,0.01967
eng,private_calls,1,0.32983,0.16989,0.17788,0.27457
eng,private_calls,0,0.88968,0.00372,0.00820,0.00917
eng,private_calls,1,0.11424,0.01176,0.05928,0.09876
eng,private_calls,1,0.91398,0.99054,0.65290,0.60467
eng,private_calls,1,0.98162,0.99007,0.94316,0.96525
eng,private_calls,1,0.96335,0.99079,0.93336,0.95560
eng,private_calls,0,0.81708,0.00378,0.02790,0.04270
eng,private_calls,0,0.08917,0.00410,0.06060,0.07430
eng,private_calls,1,0.11424,0.30639,0.62896,0.76544
eng,private_calls,0,0.04427,0.00386,0.01910,0.02195
eng,private_calls,0,0.15020,0.00376,0.01701,0.03377
eng,private_calls,0,0.01026,0.00365,0.01158,0.01860
eng,private_calls,1,0.06194,0.00380,0.01984,0.02246
eng,private_calls,0,0.07441,0.00423,0.03243,0.04541
eng,private_calls,0,0.01296,0.00367,0.01030,0.01638
eng,private_calls,1,0.91398,0.45069,0.04755,0.12808
eng,private_calls,0,0.00878,0.00365,0.00837,0.01075
eng,private_calls,0,0.06917,0.00368,0.01069,0.01506
eng,private_calls,0,0.70402,0.00366,0.01811,0.02773
eng,private_calls,0,0.82290,0.00390,0.03627,0.06476
eng,private_calls,0,0.05143,0.00377,0.01140,0.01280
eng,private_calls,1,0.17710,0.01620,0.04302,0.05702
eng,private_calls,0,0.12246,0.00373,0.02959,0.04346
eng,private_calls,0,0.82856,0.00372,0.02096,0.02707
eng,private_calls,0,0.48032,0.00498,0.02549,0.03463
eng,private_calls,1,0.71216,0.01929,0.04687,0.10543
eng,private_calls,0,0.00694,0.00368,0.00585,0.00474
eng,private_calls,0,0.27983,0.00383,0.01313,0.02491
eng,private_calls,0,0.86882,0.98746,0.66313,0.88335
eng,private_calls,0,0.02407,0.00368,0.01492,0.02029
eng,private_calls,0,0.95228,0.00366,0.01142,0.01577
eng,private_calls,1,0.90076,0.94682,0.69560,0.83431
eng,private_calls,0,0.03806,0.00377,0.03144,0.04615
eng,private_calls,1,0.69575,0.26118,0.40931,0.60744
eng,private_calls,0,0.10282,0.00376,0.01750,0.02610
eng,private_calls,0,0.04955,0.00383,0.02267,0.02701
eng,private_calls,0,0.04105,0.00634,0.06140,0.09726
eng,private_calls,0,0.04597,0.00371,0.00898,0.00930
eng,private_calls,1,0.96853,0.99017,0.91081,0.94170
eng,private_calls,0,0.94458,0.00377,0.02747,0.03169
eng,private_calls,0,0.17710,0.00374,0.00880,0.01330
eng,private_calls,0,0.08602,0.00486,0.02333,0.04289
eng,private_calls,1,0.96047,0.98923,0.75992,0.82943
eng,private_calls,0,0.05143,0.00371,0.00759,0.01563
eng,private_calls,0,0.90076,0.00918,0.06803,0.10713
eng,private_calls,1,0.84470,0.00481,0.02930,0.02999
eng,private_calls,0,0.92283,0.02653,0.08208,0.12960
eng,private_calls,1,0.98543,0.99015,0.92833,0.95413
eng,private_calls,1,0.92283,0.98567,0.16657,0.22348
eng,private_calls,1,0.98090,0.01538,0.03316,0.04522
eng,private_calls,1,0.31265,0.94854,0.33669,0.55492
eng,private_calls,0,0.76524,0.01858,0.07054,0.07604
eng,private_calls,0,0.00878,0.00367,0.00651,0.00558
eng,private_calls,0,0.00949,0.00366,0.00682,0.00654
eng,private_calls,0,0.03029,0.00400,0.07534,0.10594
eng,private_calls,0,0.03147,0.00382,0.01936,0.03005
eng,private_calls,1,0.85958,0.30788,0.48535,0.76644
eng,private_calls,1,0.97593,0.99096,0.30837,0.36210
eng,private_calls,0,0.97937,0.02696,0.04917,0.07280
eng,private_calls,0,0.86427,0.00401,0.01342,0.01764
eng,private_calls,1,0.43151,0.01174,0.04124,0.05516
eng,private_calls,1,0.49015,0.03227,0.10328,0.22552
eng,private_calls,0,0.33859,0.00364,0.00937,0.01048
eng,private_calls,1,0.98015,0.97895,0.15914,0.15965
eng,private_calls,1,0.95045,0.01695,0.12435,0.27259
eng,private_calls,1,0.79235,0.97638,0.39016,0.50722
eng,private_calls,0,0.84980,0.00603,0.01370,0.02093
eng,private_calls,0,0.60665,0.00406,0.01149,0.01617
eng,private_calls,1,0.93333,0.00497,0.02729,0.04876
eng,private_calls,0,0.33859,0.86962,0.14757,0.23210
eng,private_calls,1,0.71216,0.01293,0.04188,0.06769
eng,private_calls,1,0.88968,0.31115,0.06331,0.09947
eng,private_calls,0,0.22776,0.00423,0.03054,0.04948
eng,private_calls,1,0.07175,0.00577,0.05203,0.06213
eng,private_calls,0,0.01838,0.00374,0.01039,0.01439
eng,private_calls,0,0.66141,0.00375,0.01323,0.02068
eng,private_calls,1,0.96731,0.90901,0.41233,0.60003
eng,private_calls,1,0.93083,0.97246,0.15318,0.21598
eng,private_calls,0,0.62528,0.00463,0.02811,0.03535
eng,private_calls,0,0.48032,0.00440,0.01250,0.01887
eng,private_calls,1,0.97499,0.98364,0.52773,0.73667
eng,private_calls,0,0.18888,0.00372,0.00854,0.01104
eng,private_calls,1,0.91703,0.89977,0.16529,0.40406
eng,private_calls,0,0.63447,0.89490,0.05070,0.05075
eng,private_calls,1,0.97194,0.96838,0.32426,0.47654
eng,private_calls,0,0.89349,0.00374,0.00718,0.00661
eng,private_calls,0,0.92559,0.00392,0.01233,0.01843
eng,private_calls,0,0.89349,0.86152,0.15830,0.21992
eng,private_calls,1,0.06426,0.01719,0.09841,0.40758
eng,private_calls,1,0.86882,0.99186,0.91375,0.97149
eng,private_calls,0,0.94661,0.84109,0.09829,0.20948
eng,private_calls,1,0.44119,0.86243,0.47309,0.68113
eng,private_calls,1,0.48032,0.97672,0.64386,0.85319
eng,private_calls,1,0.85958,0.92576,0.53870,0.63649
eng,private_calls,0,0.01985,0.00379,0.02572,0.03617
eng,private_calls,1,0.19498,0.02525,0.38804,0.56580
eng,private_calls,1,0.71216,0.02628,0.06972,0.08112
eng,private_calls,0,0.42187,0.82263,0.41490,0.54097
eng,private_calls,1,0.84470,0.64548,0.45970,0.45831
eng,private_calls,0,0.00913,0.00370,0.00830,0.01162
eng,private_calls,1,0.90076,0.03988,0.09161,0.21341
eng,private_calls,1,0.19498,0.98018,0.60212,0.81657
eng,private_calls,0,0.00549,0.00366,0.00733,0.00664
eng,private_calls,1,0.22776,0.04485,0.13754,0.26377
eng,private_calls,1,0.39335,0.82134,0.21548,0.27984
eng,private_calls,1,0.96047,0.98627,0.63817,0.68768
eng,private_calls,1,0.96604,0.96692,0.54365,0.77940
eng,private_calls,1,0.98543,0.98340,0.49494,0.45812
eng,private_calls,0,0.01457,0.00370,0.00670,0.00576
eng,private_calls,1,0.78580,0.95497,0.17507,0.23761
eng,private_calls,0,0.21420,0.00373,0.00800,0.01364
eng,private_calls,1,0.93806,0.02472,0.19714,0.22074
eng,private_calls,1,0.94857,0.99144,0.82986,0.92541
eng,private_calls,0,0.83947,0.98481,0.81627,0.92525
eng,private_calls,1,0.83947,0.95838,0.52837,0.82782
eng,private_calls,0,0.31265,0.00399,0.04138,0.04006
eng,private_calls,1,0.83947,0.00396,0.09734,0.11426
eng,private_calls,1,0.85958,0.05338,0.52083,0.64952
eng,private_calls,1,0.86427,0.98942,0.55545,0.57591
eng,private_calls,1,0.95737,0.01135,0.11584,0.20570
eng,private_calls,0,0.00642,0.00372,0.00665,0.00561
eng,private_calls,1,0.96194,0.96374,0.55092,0.77518
eng,private_calls,0,0.04955,0.00368,0.00737,0.01182
eng,private_calls,1,0.96971,0.99203,0.76328,0.90863
eng,private_calls,1,0.95895,0.99215,0.95710,0.98131
eng,private_calls,0,0.86882,0.79327,0.28430,0.47598
eng,private_calls,1,0.36553,0.39073,0.60155,0.63634
eng,private_calls,1,0.64355,0.37808,0.14370,0.29299
eng,private_calls,0,0.00618,0.00364,0.00688,0.00608
eng,private_calls,1,0.19498,0.98653,0.28041,0.27422
eng,private_calls,1,0.96335,0.99133,0.76260,0.85770
eng,private_calls,1,0.88576,0.98957,0.48843,0.70325
eng,private_calls,1,0.98299,0.98903,0.30142,0.45058
eng,private_calls,0,0.57813,0.57619,0.24344,0.28019
eng,private_calls,0,0.00618,0.00374,0.00672,0.00567
eng,private_calls,0,0.32983,0.00372,0.00735,0.01008
eng,private_calls,0,0.11829,0.00719,0.03893,0.06478
eng,private_calls,0,0.24921,0.00546,0.02374,0.07198
eng,private_calls,1,0.57813,0.94447,0.65945,0.81605
eng,private_calls,0,0.11424,0.00378,0.00890,0.01252
eng,private_calls,1,0.02599,0.58366,0.14817,0.13828
eng,private_calls,0,0.00668,0.00372,0.00651,0.00470
eng,private_calls,1,0.01296,0.02426,0.27030,0.50676
eng,private_calls,0,0.84470,0.00396,0.00806,0.01029
eng,private_calls,1,0.18888,0.00479,0.02963,0.04385
eng,private_calls,1,0.22091,0.57179,0.15380,0.32047
eng,private_calls,0,0.00781,0.00499,0.02240,0.07036
eng,private_calls,0,0.72804,0.01545,0.08801,0.15477
eng,private_calls,0,0.01457,0.00377,0.01756,0.02894
eng,private_calls,0,0.00668,0.00369,0.00689,0.00871
eng,private_calls,0,0.10651,0.00371,0.00695,0.00629
eng,private_calls,1,0.07717,0.04324,0.03486,0.06248
eng,private_calls,0,0.01514,0.00371,0.00707,0.00742
eng,private_calls,0,0.03396,0.00373,0.00770,0.00872
eng,private_calls,0,0.01910,0.00385,0.01186,0.02304
eng,private_calls,1,0.00949,0.17855,0.31796,0.63642
eng,private_calls,0,0.17710,0.98024,0.04363,0.09853
eng,private_calls,0,0.87754,0.00367,0.00751,0.00979
eng,private_calls,0,0.32983,0.00601,0.01164,0.01910
eng,private_calls,1,0.26424,0.00900,0.10219,0.26180
eng,private_calls,0,0.01985,0.00366,0.00877,0.01208
eng,private_calls,0,0.31265,0.01023,0.06909,0.11967
eng,private_calls,0,0.04427,0.00377,0.00750,0.00980
eng,private_calls,1,0.22091,0.98730,0.81518,0.92915
eng,private_calls,1,0.35645,0.53565,0.13612,0.17425
eng,private_calls,0,0.67017,0.00366,0.00798,0.00961
eng,private_calls,0,0.50000,0.00368,0.00722,0.00857
eng,private_calls,1,0.64355,0.80651,0.77718,0.93909
eng,private_calls,1,0.73576,0.00830,0.06498,0.14230
eng,private_calls,1,0.02229,0.00368,0.00848,0.00929
eng,private_calls,1,0.92825,0.97839,0.52973,0.85395
eng,private_calls,1,0.97084,0.99233,0.99072,0.99131
eng,private_calls,1,0.93574,0.99246,0.99032,0.99140
eng,private_calls,0,0.06194,0.00373,0.01096,0.01738
eng,private_calls,1,0.84980,0.00378,0.02045,0.02418
eng,private_calls,1,0.64355,0.98862,0.48121,0.55632
eng,private_calls,1,0.95737,0.99220,0.97899,0.98269
eng,private_calls,0,0.93574,0.01162,0.05749,0.19516
eng,private_calls,0,0.01296,0.00372,0.02468,0.04143
eng,private_calls,0,0.97401,0.98758,0.30967,0.44002
eng,private_calls,0,0.76524,0.00831,0.08226,0.12000
eng,private_calls,0,0.00781,0.00358,0.01116,0.01513
eng,private_calls,1,0.04597,0.00364,0.00951,0.01315
eng,private_calls,1,0.89349,0.08494,0.14490,0.25059
eng,private_calls,0,0.72804,0.00360,0.00936,0.01127
eng,private_calls,0,0.31265,0.05648,0.04009,0.06184
eng,private_calls,1,0.89718,0.98742,0.59758,0.69595
eng,private_calls,1,0.28784,0.00372,0.01117,0.01237
eng,private_calls,0,0.94661,0.98776,0.73572,0.79556
eng,private_calls,1,0.97084,0.99165,0.69772,0.76951
eng,private_calls,0,0.00722,0.00388,0.01186,0.01409
eng,private_calls,0,0.20124,0.06841,0.09373,0.11382
eng,private_calls,0,0.17710,0.96669,0.12083,0.18679
eng,private_calls,1,0.03147,0.98625,0.33331,0.39558
eng,private_calls,0,0.69575,0.98538,0.36272,0.39896
eng,private_calls,0,0.17710,0.00820,0.02016,0.03021
eng,private_calls,1,0.95403,0.98802,0.83160,0.88617
eng,private_calls,0,0.01109,0.00371,0.00929,0.01111
eng,private_calls,1,0.92283,0.99235,0.80627,0.89440
eng,private_calls,1,0.96853,0.99215,0.89619,0.92658
eng,private_calls,0,0.52951,0.99155,0.95019,0.94797
eng,private_calls,0,0.64355,0.99028,0.48338,0.39689
eng,private_calls,1,0.80502,0.98657,0.40920,0.47615
eng,private_calls,1,0.96335,0.12070,0.09613,0.19192
eng,private_calls,1,0.97299,0.99220,0.66534,0.67439
eng,private_calls,1,0.96047,0.99085,0.30648,0.45842
eng,private_calls,0,0.71216,0.00629,0.02747,0.03235
eng,private_calls,0,0.05542,0.00431,0.02591,0.02951
eng,private_calls,0,0.74335,0.00547,0.02761,0.02854
eng,private_calls,1,0.96472,0.92656,0.17653,0.33418
eng,private_calls,1,0.94661,0.97687,0.11037,0.18012
eng,private_calls,0,0.01985,0.00383,0.01252,0.01693
eng,private_calls,1,0.91997,0.96774,0.25498,0.22235
eng,private_calls,0,0.10282,0.02354,0.04745,0.05195
eng,private_calls,0,0.10282,0.00363,0.01008,0.01352
eng,private_calls,0,0.26424,0.02445,0.05739,0.09521
eng,private_calls,1,0.94458,0.73378,0.17575,0.19516
eng,private_calls,0,0.43151,0.00439,0.02522,0.02934
eng,private_calls,1,0.78580,0.04826,0.06267,0.08676
eng,private_calls,0,0.62528,0.99085,0.82353,0.89931
eng,private_calls,0,0.08003,0.00362,0.00840,0.00916
eng,private_calls,1,0.05143,0.00394,0.10666,0.12449
eng,private_calls,0,0.91997,0.87544,0.09736,0.10334
eng,private_calls,0,0.55881,0.00376,0.03196,0.03151
eng,private_calls,0,0.76524,0.98427,0.24652,0.31466
eng,private_calls,0,0.01838,0.00370,0.01388,0.01571
eng,private_calls,0,0.96472,0.99099,0.65252,0.65809
eng,private_calls,0,0.03147,0.00395,0.02160,0.02275
eng,private_calls,0,0.79876,0.01435,0.06212,0.08704
eng,private_calls,0,0.02806,0.00367,0.01905,0.01622
eng,private_calls,0,0.22091,0.00371,0.00850,0.00744
eng,private_calls,0,0.36553,0.00598,0.02590,0.04999
eng,private_calls,0,0.03147,0.00373,0.00977,0.01095
eng,private_calls,1,0.32983,0.99126,0.47473,0.52556
eng,private_calls,1,0.89718,0.50290,0.05986,0.08542
eng,private_calls,1,0.16591,0.94594,0.31331,0.47499
eng,private_calls,1,0.95573,0.99247,0.98926,0.99088
eng,private_calls,0,0.91703,0.00377,0.01673,0.02843
eng,private_calls,1,0.37472,0.00539,0.03313,0.05889
eng,private_calls,0,0.17710,0.00363,0.00694,0.00765
eng,private_calls,1,0.98299,0.99246,0.97065,0.98348
eng,private_calls,0,0.96971,0.98727,0.97675,0.98993
eng,private_calls,1,0.97937,0.99055,0.96622,0.98214
eng,private_calls,0,0.82856,0.10826,0.03481,0.08262
eng,private_calls,0,0.02599,0.00366,0.00769,0.01057
eng,private_calls,0,0.18292,0.00380,0.00651,0.00575
eng,private_calls,1,0.98426,0.99239,0.97475,0.98574
eng,private_calls,1,0.98486,0.99152,0.97310,0.98684
eng,private_calls,1,0.90076,0.96632,0.89620,0.93218
eng,private_calls,0,0.57813,0.00360,0.00648,0.00724
eng,private_calls,1,0.96194,0.98909,0.92370,0.93163
eng,private_calls,1,0.97937,0.99193,0.96276,0.98274
eng,private_calls,1,0.82290,0.11067,0.73451,0.78979
eng,private_calls,1,0.98486,0.95872,0.76448,0.79318
eng,private_calls,0,0.93333,0.97019,0.08632,0.25842
eng,private_calls,0,0.16591,0.00378,0.00915,0.01148
eng,private_calls,1,0.97084,0.99189,0.43105,0.82261
eng,private_calls,1,0.00949,0.91777,0.19673,0.45696
eng,private_calls,1,0.98599,0.99257,0.98015,0.98628
eng,private_calls,1,0.98846,0.97935,0.32275,0.49035
eng,private_calls,1,0.98486,0.99256,0.97721,0.98185
eng,private_calls,0,0.98162,0.00365,0.01326,0.01452
eng,private_calls,0,0.49015,0.00377,0.03741,0.03761
eng,private_calls,1,0.96335,0.00474,0.05606,0.09730
eng,private_calls,0,0.96971,0.98182,0.42612,0.46697
eng,private_calls,1,0.98801,0.98991,0.88295,0.92414
eng,private_calls,0,0.76524,0.00361,0.00892,0.01836
eng,private_calls,1,0.96047,0.00887,0.18304,0.46830
eng,private_calls,1,0.98753,0.99206,0.96661,0.98065
eng,private_calls,0,0.06194,0.00365,0.00547,0.00443
eng,private_calls,0,0.03269,0.00362,0.00585,0.00558
eng,private_calls,0,0.12246,0.00412,0.01865,0.02463
eng,private_calls,1,0.95895,0.00786,0.04400,0.05375
eng,private_calls,0,0.98232,0.97058,0.17795,0.18560
eng,private_calls,0,0.17710,0.00623,0.03027,0.03490
eng,private_calls,1,0.98162,0.98705,0.41989,0.38349
eng,private_calls,0,0.02063,0.00370,0.02196,0.02078
eng,private_calls,1,0.96604,0.99032,0.91777,0.97389
eng,private_calls,1,0.93806,0.99218,0.73939,0.81622
eng,private_calls,0,0.06667,0.00377,0.01269,0.01470
eng,private_calls,0,0.03396,0.00362,0.00717,0.00770
eng,private_calls,1,0.86427,0.97411,0.09973,0.11334
eng,private_calls,0,0.01514,0.00361,0.00604,0.00674
eng,private_calls,0,0.01348,0.00363,0.00707,0.00914
eng,private_calls,0,0.67017,0.00364,0.00734,0.01101
eng,private_calls,1,0.47049,0.00647,0.05445,0.09773
eng,private_calls,0,0.03147,0.00362,0.00873,0.01111
eng,private_calls,1,0.94031,0.99230,0.97502,0.98291
eng,private_calls,0,0.91703,0.80861,0.04263,0.06330
eng,private_calls,0,0.03665,0.00356,0.00625,0.00902
eng,private_calls,1,0.90422,0.00368,0.00781,0.01837
eng,private_calls,0,0.93806,0.01005,0.05641,0.29442
eng,private_calls,0,0.01768,0.48164,0.07844,0.10414
eng,private_calls,0,0.07175,0.00357,0.01156,0.01605
eng,private_calls,1,0.98753,0.98955,0.80166,0.79325
eng,private_calls,1,0.96194,0.99239,0.98870,0.99022
eng,private_calls,0,0.00642,0.00367,0.00605,0.00552
eng,private_calls,0,0.72017,0.58719,0.07650,0.09913
eng,private_calls,0,0.08003,0.00552,0.02676,0.03595
eng,private_calls,0,0.34747,0.02220,0.05874,0.07660
eng,private_calls,0,0.95895,0.99101,0.77754,0.80923
eng,private_calls,0,0.70402,0.00365,0.01044,0.01510
eng,private_calls,1,0.88171,0.09970,0.04904,0.05483
eng,private_calls,0,0.96731,0.00379,0.01043,0.01252
eng,private_calls,1,0.97593,0.97852,0.91074,0.97994
eng,private_calls,0,0.85476,0.00372,0.01067,0.01259
eng,private_calls,1,0.98015,0.98377,0.88159,0.93240
eng,private_calls,0,0.98846,0.00525,0.04766,0.17512
eng,private_calls,0,0.77224,0.96362,0.91654,0.96934
eng,private_calls,1,0.95045,0.83005,0.37923,0.96529
eng,private_calls,0,0.14524,0.00381,0.00875,0.00886
eng,private_calls,0,0.93574,0.98816,0.35179,0.43573
eng,private_calls,0,0.91997,0.33436,0.04259,0.06462
eng,private_calls,0,0.46069,0.00487,0.06736,0.17520
eng,private_calls,1,0.96335,0.00536,0.03036,0.03967
eng,private_calls,0,0.17144,0.00390,0.00915,0.00900
eng,private_calls,1,0.94661,0.98144,0.84784,0.93001
eng,private_calls,1,0.98652,0.98959,0.88902,0.95954
eng,private_calls,0,0.83947,0.00615,0.03702,0.07860
eng,private_calls,1,0.98753,0.98221,0.52943,0.84120
eng,private_calls,1,0.91703,0.98455,0.57347,0.90210
eng,private_calls,0,0.77224,0.01137,0.03049,0.05452
eng,private_calls,0,0.97499,0.99119,0.93062,0.91789
eng,private_calls,1,0.94249,0.98868,0.66859,0.72430
eng,private_calls,1,0.35645,0.96795,0.03705,0.03402
eng,private_calls,0,0.84470,0.07108,0.15764,0.17287
eng,private_calls,1,0.96335,0.77313,0.45385,0.62539
eng,private_calls,0,0.96472,0.68535,0.12822,0.14020
eng,private_calls,0,0.85476,0.00685,0.03064,0.03616
eng,private_calls,1,0.97593,0.98695,0.83565,0.85849
eng,private_calls,1,0.39335,0.99168,0.59610,0.69236
eng,private_calls,1,0.94857,0.95271,0.12981,0.14916
eng,private_calls,0,0.96971,0.76842,0.20742,0.22607
eng,private_calls,0,0.96604,0.98382,0.81887,0.83882
eng,private_calls,1,0.98090,0.01330,0.15004,0.33798
eng,private_calls,1,0.96335,0.95473,0.69192,0.83215
eng,private_calls,0,0.93083,0.04085,0.07112,0.06419
eng,private_calls,1,0.97084,0.98793,0.32888,0.34145
eng,private_calls,0,0.95573,0.77170,0.21390,0.14732
eng,private_calls,1,0.78580,0.93147,0.13758,0.10931
eng,private_calls,1,0.93806,0.95215,0.79959,0.87855
eng,private_calls,1,0.95403,0.94827,0.49596,0.61718
eng,private_calls,0,0.00913,0.00366,0.00844,0.00840
eng,private_calls,0,0.40279,0.01121,0.05571,0.06208
eng,private_calls,1,0.38399,0.00400,0.03318,0.08537
eng,private_calls,1,0.97401,0.25243,0.17563,0.27668
eng,private_calls,1,0.86882,0.00379,0.01110,0.01399
eng,private_calls,1,0.98162,0.01101,0.19220,0.37517
eng,private_calls,0,0.89349,0.00415,0.01516,0.01741
eng,private_calls,0,0.96335,0.26558,0.06790,0.06514
eng,private_calls,1,0.97299,0.57398,0.19736,0.28540
eng,private_calls,0,0.98652,0.98847,0.04023,0.05018
eng,private_calls,0,0.90758,0.81973,0.22302,0.35482
eng,private_calls,1,0.89349,0.98208,0.48521,0.62277
eng,private_calls,1,0.52951,0.00617,0.18663,0.33639
eng,private_calls,1,0.72017,0.76496,0.08904,0.08335
eng,private_calls,1,0.89718,0.05718,0.10819,0.13595
eng,private_calls,1,0.93806,0.98494,0.86884,0.91643
eng,private_calls,1,0.97084,0.78450,0.46056,0.48921
eng,private_calls,1,0.58770,0.99191,0.78318,0.90578
eng,private_calls,1,0.77224,0.99036,0.36216,0.29511
eng,private_calls,1,0.96853,0.98113,0.48170,0.43717
eng,private_calls,1,0.98232,0.98667,0.88851,0.94484
eng,private_calls,1,0.91083,0.11878,0.09041,0.10288
eng,private_calls,1,0.73576,0.68983,0.08820,0.09292
eng,private_calls,0,0.84980,0.93568,0.23763,0.34262
eng,private_calls,0,0.00571,0.00364,0.00570,0.00510
eng,private_calls,0,0.01701,0.00361,0.00566,0.00566
eng,private_calls,0,0.00571,0.00362,0.00599,0.00592
eng,private_calls,0,0.02316,0.00360,0.00751,0.00920
eng,private_calls,1,0.96604,0.98531,0.07473,0.09754
eng,private_calls,1,0.74335,0.21360,0.09902,0.11270
eng,private_calls,1,0.37472,0.00711,0.24226,0.39768
eng,private_calls,1,0.98015,0.68519,0.06950,0.07351
eng,private_calls,1,0.92825,0.99258,0.98793,0.99006
eng,private_calls,1,0.94661,0.38115,0.04798,0.06068
eng,private_calls,1,0.70402,0.01286,0.04187,0.06579
eng,private_calls,0,0.04427,0.00425,0.03688,0.08487
eng,private_calls,0,0.06667,0.00804,0.01440,0.01994
eng,private_calls,1,0.82856,0.97157,0.29573,0.23852
eng,private_calls,1,0.95895,0.98839,0.34480,0.33463
eng,private_calls,1,0.95228,0.99020,0.12754,0.18333
eng,private_calls,0,0.94031,0.00377,0.01118,0.01649
eng,private_calls,1,0.96472,0.91993,0.09326,0.11920
eng,private_calls,0,0.08297,0.00555,0.02482,0.04176
eng,private_calls,0,0.00694,0.00370,0.00530,0.00442
eng,private_calls,1,0.02916,0.04318,0.29631,0.67952
eng,private_calls,0,0.04955,0.00679,0.02839,0.03790
eng,private_calls,1,0.83947,0.31832,0.04202,0.03941
eng,private_calls,1,0.50000,0.95136,0.46872,0.59335
eng,private_calls,0,0.06426,0.00388,0.01073,0.01465
eng,private_calls,0,0.04427,0.00364,0.01235,0.01873
eng,private_calls,0,0.97771,0.97759,0.28882,0.24165
eng,private_calls,0,0.13573,0.00440,0.03174,0.02918
eng,private_calls,1,0.91703,0.98689,0.65222,0.74717
eng,private_calls,1,0.87325,0.92882,0.08160,0.07216
eng,private_calls,0,0.81708,0.00357,0.00817,0.01059
eng,private_calls,1,0.98486,0.97954,0.81490,0.88438
eng,private_calls,0,0.02145,0.00362,0.00698,0.00698
eng,private_calls,0,0.58770,0.00584,0.04798,0.05414
eng,private_calls,1,0.06667,0.00730,0.04021,0.06306
eng,private_calls,1,0.95403,0.98875,0.90641,0.94335
eng,private_calls,0,0.73576,0.00364,0.00590,0.00491
eng,private_calls,0,0.63447,0.02102,0.08320,0.09510
eng,private_calls,0,0.96604,0.01041,0.05436,0.09373
eng,private_calls,1,0.96731,0.98938,0.77490,0.85059
eng,private_calls,0,0.36553,0.61131,0.06308,0.07156
eng,private_calls,1,0.49015,0.00459,0.02872,0.02835
eng,private_calls,1,0.82856,0.94446,0.66504,0.79608
eng,private_calls,1,0.91398,0.99063,0.61706,0.73655
eng,private_calls,0,0.90422,0.98412,0.21922,0.32785
eng,private_calls,0,0.98364,0.76178,0.09722,0.10648
eng,private_calls,1,0.97499,0.68731,0.07095,0.06587
eng,private_calls,1,0.97593,0.97794,0.12528,0.11275
eng,private_calls,0,0.83947,0.06915,0.02765,0.02184
eng,private_calls,0,0.56849,0.02499,0.05224,0.05592
eng,private_calls,0,0.38399,0.01831,0.05008,0.06839
eng,private_calls,1,0.11032,0.00426,0.04116,0.05367
eng,private_calls,1,0.76524,0.08504,0.10207,0.13044
eng,private_calls,1,0.20124,0.01041,0.12239,0.20166
eng,private_calls,1,0.95045,0.93128,0.72176,0.84028
eng,private_calls,0,0.03147,0.00364,0.01022,0.01345
eng,private_calls,0,0.91703,0.00376,0.02613,0.02812
eng,private_calls,0,0.95573,0.71560,0.08470,0.14827
eng,private_calls,1,0.97684,0.98043,0.34371,0.29014
eng,private_calls,1,0.22776,0.00368,0.00824,0.00918
eng,private_calls,0,0.02145,0.00359,0.00639,0.00631
eng,private_calls,1,0.67882,0.95788,0.55182,0.68143
eng,private_calls,0,0.05542,0.00372,0.00734,0.00850
eng,private_calls,1,0.57813,0.94142,0.61085,0.81646
eng,private_calls,1,0.98299,0.98190,0.71095,0.74378
eng,private_calls,0,0.91997,0.00397,0.02080,0.02553
eng,private_calls,1,0.96731,0.92012,0.19664,0.22363
eng,private_calls,1,0.34747,0.78303,0.13185,0.10180
eng,private_calls,0,0.55881,0.00370,0.00973,0.01355
eng,private_calls,1,0.75079,0.98439,0.69311,0.81929
eng,private_calls,0,0.74335,0.86170,0.42589,0.50151
eng,private_calls,0,0.00781,0.00366,0.00619,0.00557
eng,private_calls,0,0.01247,0.00369,0.00598,0.00534
eng,private_calls,0,0.58770,0.00592,0.02677,0.09115
eng,private_calls,0,0.04263,0.02258,0.03090,0.03445
eng,private_calls,1,0.21420,0.64536,0.12201,0.28265
eng,private_calls,1,0.98599,0.97216,0.67405,0.77508
eng,private_calls,0,0.50000,0.00369,0.00996,0.01091
eng,private_calls,0,0.01838,0.00369,0.00630,0.00586
eng,private_calls,0,0.90076,0.00435,0.01404,0.01910
eng,private_calls,0,0.00987,0.00367,0.00690,0.00547
eng,private_calls,1,0.95573,0.43395,0.49568,0.71414
eng,private_calls,1,0.96472,0.98531,0.13317,0.16415
eng,private_calls,0,0.97194,0.83194,0.82511,0.92500
eng,private_calls,0,0.07441,0.00473,0.01939,0.02337
eng,private_calls,0,0.18292,0.00390,0.02080,0.04438
eng,private_calls,1,0.43151,0.89373,0.27721,0.35124
eng,private_calls,1,0.88576,0.12587,0.10792,0.10776
eng,private_calls,0,0.40279,0.00528,0.01729,0.02219
eng,private_calls,1,0.94249,0.16948,0.18061,0.16353
eng,private_calls,0,0.83947,0.00372,0.00646,0.00641
eng,private_calls,1,0.94249,0.08153,0.32018,0.31857
eng,private_calls,1,0.98162,0.98452,0.85673,0.92662
eng,private_calls,0,0.12675,0.00393,0.02352,0.02852
eng,private_calls,1,0.96731,0.53655,0.12018,0.15033
eng,private_calls,1,0.29598,0.00392,0.01799,0.02294
eng,private_calls,1,0.96971,0.93322,0.15603,0.19395
eng,private_calls,0,0.40279,0.79800,0.04246,0.09089
eng,private_calls,1,0.84470,0.65271,0.55375,0.75967
eng,private_calls,0,0.81112,0.00443,0.02202,0.03024
eng,private_calls,1,0.97593,0.98751,0.94999,0.96784
eng,private_calls,1,0.14042,0.94507,0.71290,0.79678
eng,private_calls,1,0.95403,0.90747,0.08994,0.13104
eng,private_calls,1,0.92825,0.04711,0.56149,0.78258
eng,private_calls,1,0.18888,0.97316,0.05291,0.14676
eng,private_calls,1,0.01348,0.98001,0.35006,0.55553
eng,private_calls,0,0.02701,0.98950,0.80217,0.96980
eng,private_calls,0,0.17144,0.38699,0.54259,0.67677
eng,private_calls,1,0.68735,0.98787,0.68313,0.81339
eng,private_calls,0,0.40279,0.04873,0.18637,0.22618
eng,private_calls,1,0.88171,0.98908,0.61231,0.82697
eng,private_calls,0,0.03528,0.00374,0.00797,0.01039
eng,private_calls,0,0.04597,0.01047,0.02441,0.06811
eng,private_calls,0,0.29598,0.98171,0.41746,0.68318
eng,private_calls,0,0.97499,0.99068,0.95613,0.98430
eng,private_calls,0,0.24921,0.71796,0.05264,0.11047
eng,private_calls,0,0.58770,0.00836,0.07353,0.19394
eng,private_calls,0,0.09578,0.00374,0.00934,0.01225
eng,private_calls,0,0.04263,0.01973,0.09394,0.26657
eng,private_calls,0,0.33859,0.08381,0.02825,0.05947
eng,private_calls,0,0.59721,0.00430,0.05742,0.06451
eng,private_calls,1,0.91997,0.98640,0.61263,0.78723
eng,private_calls,0,0.21420,0.11795,0.04916,0.05432
eng,private_calls,0,0.22776,0.00393,0.01103,0.01735
eng,private_calls,0,0.03806,0.09793,0.06379,0.06862
eng,private_calls,0,0.75079,0.79687,0.11564,0.12806
eng,private_calls,0,0.53931,0.00511,0.05856,0.05090
eng,private_calls,1,0.89349,0.95150,0.31618,0.59815
eng,private_calls,1,0.67017,0.86077,0.21187,0.21704
eng,private_calls,0,0.30425,0.97422,0.15379,0.18430
eng,private_calls,0,0.93574,0.98758,0.10646,0.07876
eng,private_calls,0,0.91703,0.04297,0.01568,0.02290
eng,private_calls,1,0.79235,0.89089,0.08268,0.12743
eng,private_calls,1,0.72804,0.49344,0.11449,0.15641
eng,private_calls,1,0.87754,0.98311,0.55702,0.75125
eng,private_calls,0,0.24921,0.00372,0.00725,0.00776
eng,private_calls,0,0.97084,0.03741,0.02196,0.02310
eng,private_calls,1,0.95228,0.07495,0.14509,0.20809
eng,private_calls,0,0.96194,0.99015,0.20706,0.41478
eng,private_calls,0,0.96853,0.00380,0.01789,0.03240
eng,private_calls,0,0.33859,0.92144,0.36341,0.46388
eng,private_calls,0,0.98299,0.51920,0.20659,0.25407
eng,private_calls,1,0.91997,0.90472,0.07350,0.08634
eng,private_calls,1,0.97771,0.94302,0.24523,0.25607
eng,private_calls,0,0.77909,0.92627,0.06912,0.05161
eng,private_calls,0,0.27983,0.45460,0.10758,0.08446
eng,private_calls,0,0.51968,0.61495,0.03763,0.08532
eng,private_calls,0,0.16591,0.05312,0.04617,0.04924
eng,private_calls,0,0.00949,0.00372,0.00636,0.00609
eng,private_calls,0,0.01154,0.00371,0.00887,0.01109
eng,private_calls,1,0.64355,0.97662,0.70389,0.79489
eng,private_calls,0,0.01910,0.33403,0.18081,0.15781
eng,private_calls,0,0.01985,0.21962,0.25895,0.35235
eng,private_calls,1,0.85958,0.98988,0.74800,0.89048
eng,private_calls,0,0.14524,0.96925,0.55383,0.67243
eng,private_calls,0,0.01026,0.00381,0.00595,0.00426
eng,private_calls,0,0.68735,0.01872,0.03539,0.05245
eng,private_calls,0,0.76524,0.94879,0.15342,0.18903
eng,private_calls,1,0.92559,0.00480,0.04340,0.04657
eng,private_calls,0,0.95403,0.98808,0.08985,0.09468
eng,private_calls,1,0.95403,0.98984,0.90767,0.93898
eng,private_calls,0,0.04955,0.00425,0.02010,0.01515
eng,private_calls,0,0.84470,0.00373,0.00710,0.00773
eng,private_calls,0,0.74335,0.00507,0.05112,0.10377
eng,private_calls,0,0.47049,0.35901,0.16441,0.18954
eng,private_calls,1,0.08003,0.00400,0.01058,0.01131
eng,private_calls,1,0.78580,0.84518,0.47276,0.61345
eng,private_calls,0,0.97401,0.98822,0.30270,0.54619
eng,private_calls,0,0.69575,0.01761,0.02872,0.03332
eng,private_calls,0,0.45092,0.00721,0.04672,0.04929
eng,private_calls,0,0.11829,0.00436,0.04958,0.11548
eng,private_calls,0,0.84980,0.11615,0.08563,0.11387
eng,private_calls,0,0.24191,0.00371,0.01641,0.02254
eng,private_calls,0,0.02806,0.00376,0.00870,0.01160
eng,private_calls,1,0.15530,0.52967,0.35155,0.52102
eng,private_calls,1,0.22776,0.00374,0.01473,0.01707
eng,private_calls,1,0.17710,0.89504,0.26045,0.27990
eng,private_calls,1,0.96853,0.08709,0.07411,0.08151
eng,private_calls,0,0.01768,0.00383,0.00593,0.00458
eng,private_calls,1,0.73576,0.03205,0.02901,0.04385
eng,private_calls,0,0.72017,0.01444,0.06746,0.12178
eng,private_calls,1,0.72017,0.31763,0.49511,0.63374
eng,private_calls,1,0.94458,0.99239,0.98373,0.98780
eng,private_calls,0,0.82290,0.84878,0.09529,0.18901
guj,private_calls,1,0.88576,0.97981,0.12479,0.40828
guj,private_calls,1,0.78580,0.99055,0.14009,0.36746
guj,private_calls,1,0.95573,0.99232,0.06673,0.07879
guj,private_calls,1,0.88968,0.98866,0.80073,0.76136
guj,private_calls,1,0.93574,0.99207,0.96282,0.95762
guj,private_calls,0,0.74335,0.99156,0.20499,0.27993
guj,private_calls,1,0.03029,0.00432,0.02743,0.02306
guj,private_calls,0,0.27983,0.00425,0.01495,0.01510
guj,private_calls,0,0.75809,0.00382,0.01205,0.02718
guj,private_calls,0,0.34747,0.01578,0.03163,0.06503
guj,private_calls,1,0.51968,0.98650,0.05273,0.10744
guj,private_calls,0,0.25665,0.00383,0.01034,0.01627
guj,private_calls,0,0.29598,0.00583,0.01069,0.00859
guj,private_calls,1,0.69575,0.25403,0.25180,0.31524
guj,private_calls,1,0.65253,0.98654,0.26127,0.40405
guj,private_calls,1,0.82856,0.00815,0.02907,0.02632
guj,private_calls,1,0.28784,0.00424,0.05259,0.13495
guj,private_calls,0,0.86427,0.09419,0.05199,0.12676
guj,private_calls,1,0.02229,0.00374,0.00834,0.01366
guj,private_calls,0,0.50985,0.00373,0.01049,0.01295
guj,private_calls,0,0.22091,0.00376,0.00679,0.00756
guj,private_calls,0,0.95737,0.98267,0.07746,0.12131
guj,private_calls,0,0.83947,0.00395,0.00877,0.01512
guj,private_calls,0,0.92559,0.00436,0.05230,0.09833
guj,private_calls,0,0.05542,0.00389,0.00570,0.00483
guj,private_calls,0,0.67882,0.00384,0.02046,0.03541
guj,private_calls,1,0.05969,0.99082,0.75823,0.88711
guj,private_calls,0,0.94458,0.00399,0.00735,0.01254
guj,private_calls,0,0.31265,0.00374,0.00630,0.00645
guj,private_calls,0,0.97593,0.00386,0.00720,0.00691
guj,private_calls,1,0.01768,0.50915,0.09856,0.21345
guj,private_calls,0,0.74335,0.00382,0.00818,0.02390
guj,private_calls,0,0.80502,0.00525,0.01794,0.03641
guj,private_calls,0,0.33859,0.00383,0.00776,0.00973
guj,private_calls,1,0.53931,0.99000,0.63983,0.78506
guj,private_calls,0,0.35645,0.00379,0.01326,0.01312
guj,private_calls,0,0.18888,0.00381,0.00884,0.01710
guj,private_calls,1,0.91083,0.00675,0.06557,0.08844
guj,private_calls,1,0.96853,0.99227,0.98187,0.98297
guj,private_calls,0,0.91083,0.00384,0.00678,0.00817
guj,private_calls,1,0.04105,0.75063,0.06440,0.09756
guj,private_calls,1,0.02501,0.00505,0.03001,0.03524
guj,private_calls,0,0.06667,0.00377,0.00615,0.00509
guj,private_calls,1,0.78580,0.98999,0.51482,0.24229
guj,private_calls,0,0.50000,0.00384,0.00759,0.01229
guj,private_calls,0,0.94249,0.99061,0.59140,0.83078
guj,private_calls,1,0.97593,0.76387,0.13396,0.22543
guj,private_calls,0,0.12246,0.01086,0.08132,0.18573
guj,private_calls,0,0.05542,0.00454,0.02366,0.08291
guj,private_calls,1,0.13573,0.00938,0.08035,0.18046
guj,private_calls,0,0.16591,0.00385,0.02238,0.02785
guj,private_calls,0,0.03269,0.00399,0.01968,0.04132
guj,private_calls,0,0.01401,0.00375,0.00701,0.00761
guj,private_calls,0,0.14042,0.00723,0.03137,0.05201
guj,private_calls,0,0.86882,0.00375,0.01440,0.02460
guj,private_calls,1,0.77909,0.99077,0.96281,0.96064
guj,private_calls,0,0.04597,0.31790,0.01754,0.03548
guj,private_calls,1,0.01910,0.98941,0.76315,0.93156
guj,private_calls,0,0.15020,0.00434,0.02005,0.03077
guj,private_calls,0,0.82856,0.99190,0.77068,0.90106
guj,private_calls,0,0.02063,0.00380,0.00876,0.00745
guj,private_calls,0,0.01768,0.28423,0.01966,0.05661
guj,private_calls,1,0.92283,0.58111,0.33082,0.50339
guj,private_calls,1,0.92825,0.46780,0.21318,0.45783
guj,private_calls,0,0.04427,0.00374,0.00588,0.00474
guj,private_calls,0,0.07441,0.00370,0.00896,0.01239
guj,private_calls,0,0.30425,0.96903,0.38813,0.55363
guj,private_calls,0,0.05542,0.99146,0.59635,0.66863
guj,private_calls,0,0.97299,0.00378,0.01537,0.01383
guj,private_calls,0,0.91398,0.32582,0.08170,0.07899
guj,private_calls,0,0.30425,0.97640,0.45155,0.79464
guj,private_calls,0,0.24191,0.00446,0.01378,0.02122
guj,private_calls,0,0.09924,0.00383,0.01192,0.01403
guj,private_calls,0,0.02316,0.00379,0.00631,0.00603
guj,private_calls,1,0.98426,0.28790,0.14975,0.13553
guj,private_calls,1,0.97401,0.99225,0.98152,0.98641
guj,private_calls,0,0.94031,0.98018,0.12949,0.23101
guj,private_calls,0,0.97684,0.98752,0.06804,0.08564
guj,private_calls,1,0.73576,0.98759,0.45450,0.57626
guj,private_calls,0,0.70402,0.97250,0.56714,0.83583
guj,private_calls,1,0.73576,0.99164,0.93870,0.96562
guj,private_calls,1,0.97299,0.98349,0.85716,0.91891
guj,private_calls,0,0.90758,0.94412,0.34810,0.66898
guj,private_calls,1,0.88968,0.99162,0.95529,0.97577
guj,private_calls,0,0.87754,0.00383,0.00619,0.00597
guj,private_calls,0,0.94458,0.29962,0.27503,0.45465
guj,private_calls,1,0.75809,0.16095,0.04388,0.10606
guj,private_calls,1,0.72804,0.99050,0.13675,0.29173
guj,private_calls,1,0.98801,0.99165,0.84468,0.87868
guj,private_calls,1,0.96194,0.99083,0.48495,0.66626
guj,private_calls,1,0.97401,0.96080,0.28338,0.35281
guj,private_calls,1,0.97194,0.99207,0.97087,0.97562
guj,private_calls,1,0.88171,0.99227,0.75490,0.73247
guj,private_calls,1,0.96047,0.99187,0.88140,0.91885
guj,private_calls,0,0.85476,0.31300,0.25906,0.40119
guj,private_calls,0,0.00618,0.00385,0.00644,0.00533
guj,private_calls,1,0.98232,0.99177,0.94201,0.96879
guj,private_calls,1,0.98299,0.99126,0.94106,0.96393
guj,private_calls,0,0.92825,0.55666,0.12334,0.24451
guj,private_calls,0,0.26424,0.00400,0.02190,0.03626
guj,private_calls,0,0.88576,0.04041,0.14151,0.43438
guj,private_calls,1,0.98162,0.99133,0.94481,0.96499
guj,private_calls,1,0.97937,0.99208,0.90422,0.88760
guj,private_calls,1,0.43151,0.90103,0.07255,0.08086
guj,private_calls,0,0.83409,0.00436,0.02063,0.02887
guj,private_calls,1,0.95228,0.98555,0.86092,0.83013
guj,private_calls,0,0.03528,0.00384,0.00640,0.00546
guj,private_calls,1,0.85958,0.98434,0.88878,0.94718
guj,private_calls,1,0.96853,0.99243,0.78505,0.91232
guj,private_calls,1,0.97771,0.98977,0.90858,0.96643
guj,private_calls,1,0.94249,0.98990,0.23001,0.24358
guj,private_calls,1,0.97684,0.99199,0.97644,0.97582
guj,private_calls,0,0.26424,0.00380,0.00865,0.00904
guj,private_calls,1,0.97401,0.99107,0.94242,0.97724
guj,private_calls,1,0.93083,0.99156,0.96452,0.97960
guj,private_calls,1,0.95228,0.00780,0.09675,0.27455
guj,private_calls,1,0.97855,0.00886,0.22808,0.42459
guj,private_calls,1,0.96731,0.99235,0.95643,0.97480
guj,private_calls,0,0.92283,0.00387,0.00656,0.00641
guj,private_calls,0,0.65253,0.00386,0.00752,0.00867
guj,private_calls,1,0.96194,0.99200,0.84594,0.93791
guj,private_calls,1,0.52951,0.21865,0.16049,0.52304
guj,private_calls,1,0.92825,0.99226,0.61606,0.57282
guj,private_calls,1,0.02316,0.01789,0.04270,0.09194
guj,private_calls,0,0.98232,0.98751,0.37627,0.76160
guj,private_calls,0,0.51968,0.00392,0.00960,0.01105
guj,private_calls,1,0.94031,0.97941,0.04626,0.06244
guj,private_calls,1,0.45092,0.99187,0.91239,0.93671
guj,private_calls,1,0.97194,0.90379,0.07928,0.13704
guj,private_calls,1,0.01348,0.53650,0.03193,0.05794
guj,private_calls,1,0.04772,0.99169,0.97308,0.95248
guj,private_calls,0,0.00987,0.00455,0.00819,0.00765
guj,private_calls,1,0.55881,0.02268,0.06031,0.11768
guj,private_calls,0,0.00844,0.00388,0.01033,0.02150
guj,private_calls,1,0.96604,0.98938,0.83095,0.96252
guj,private_calls,0,0.59721,0.12400,0.05272,0.10613
guj,private_calls,1,0.97499,0.99196,0.84412,0.88444
guj,private_calls,1,0.95045,0.99108,0.90532,0.96264
guj,private_calls,0,0.62528,0.00399,0.00927,0.01119
guj,private_calls,1,0.86427,0.00545,0.04002,0.11380
guj,private_calls,0,0.80502,0.95709,0.06816,0.13218
guj,private_calls,0,0.33859,0.00371,0.00715,0.01187
guj,private_calls,1,0.98090,0.99177,0.91612,0.92808
guj,private_calls,1,0.93083,0.99200,0.93523,0.97533
guj,private_calls,0,0.57813,0.83907,0.13918,0.30233
guj,private_calls,1,0.46069,0.98775,0.61224,0.87017
guj,private_calls,1,0.91083,0.98678,0.39379,0.74286
guj,private_calls,1,0.96194,0.72187,0.10750,0.20938
guj,private_calls,1,0.97084,0.97583,0.36965,0.58593
guj,private_calls,1,0.85958,0.99156,0.73113,0.86214
guj,private_calls,1,0.27983,0.01009,0.02366,0.02422
guj,private_calls,1,0.98486,0.89466,0.38599,0.65861
guj,private_calls,1,0.84980,0.01239,0.06095,0.11561
guj,private_calls,1,0.95737,0.93936,0.77893,0.95246
guj,private_calls,0,0.02501,0.00380,0.01179,0.01783
guj,private_calls,0,0.94661,0.94773,0.02620,0.10884
guj,private_calls,0,0.32983,0.00364,0.00568,0.00388
guj,private_calls,0,0.15530,0.00367,0.01062,0.01871
guj,private_calls,1,0.98486,0.99225,0.97356,0.95456
guj,private_calls,1,0.96731,0.99196,0.56194,0.76182
guj,private_calls,0,0.84470,0.00409,0.00923,0.00880
guj,private_calls,0,0.60665,0.98745,0.62628,0.64748
guj,private_calls,1,0.96335,0.95451,0.82777,0.96024
guj,private_calls,1,0.98704,0.99191,0.92039,0.95114
guj,private_calls,1,0.96335,0.99258,0.95362,0.96119
guj,private_calls,0,0.23476,0.01487,0.01765,0.03984
guj,private_calls,0,0.09924,0.99087,0.07285,0.06828
guj,private_calls,0,0.04597,0.00376,0.01538,0.01874
guj,private_calls,1,0.90758,0.99124,0.79659,0.77496
guj,private_calls,0,0.97855,0.98662,0.90862,0.94356
guj,private_calls,1,0.95895,0.98969,0.67787,0.86725
guj,private_calls,1,0.96472,0.99218,0.98133,0.98655
guj,private_calls,0,0.02501,0.00371,0.00719,0.00815
guj,private_calls,0,0.20124,0.00647,0.01268,0.03696
guj,private_calls,1,0.96731,0.99180,0.93272,0.96563
guj,private_calls,0,0.08602,0.00363,0.00597,0.00559
guj,private_calls,0,0.03396,0.97292,0.53750,0.67485
guj,private_calls,0,0.93333,0.97275,0.67950,0.83728
guj,private_calls,1,0.40279,0.99154,0.87793,0.96315
guj,private_calls,1,0.95403,0.99239,0.91331,0.90987
guj,private_calls,1,0.92559,0.90954,0.43973,0.64473
guj,private_calls,0,0.97937,0.99173,0.98578,0.98813
guj,private_calls,1,0.96047,0.99230,0.97244,0.98629
guj,private_calls,0,0.83409,0.00384,0.01513,0.04124
guj,private_calls,1,0.96853,0.99129,0.96018,0.97711
guj,private_calls,1,0.70402,0.84665,0.02176,0.01159
guj,private_calls,0,0.16053,0.00377,0.00527,0.00340
guj,private_calls,0,0.94661,0.95757,0.24798,0.54818
guj,private_calls,1,0.84980,0.99229,0.96112,0.97548
guj,private_calls,1,0.98543,0.24664,0.04313,0.05845
guj,private_calls,1,0.94857,0.99234,0.95985,0.92733
guj,private_calls,0,0.97084,0.77946,0.08929,0.08916
guj,private_calls,0,0.04955,0.00379,0.01098,0.01699
guj,private_calls,1,0.97499,0.99249,0.95599,0.98190
guj,private_calls,0,0.93083,0.00408,0.00609,0.00909
guj,private_calls,0,0.23476,0.00391,0.00886,0.00913
guj,private_calls,1,0.86882,0.99134,0.90973,0.97194
guj,private_calls,0,0.12675,0.00369,0.00662,0.00770
guj,private_calls,0,0.84470,0.90558,0.18924,0.40644
guj,private_calls,1,0.71216,0.98985,0.97393,0.97335
guj,private_calls,0,0.94249,0.98871,0.29950,0.55811
guj,private_calls,0,0.85476,0.03797,0.04272,0.10767
guj,private_calls,1,0.94857,0.99232,0.98357,0.98896
guj,private_calls,1,0.67882,0.00514,0.01642,0.02446
guj,private_calls,0,0.91083,0.98953,0.46602,0.34478
guj,private_calls,0,0.92559,0.00464,0.02911,0.04749
guj,private_calls,1,0.06426,0.00376,0.01046,0.01117
guj,private_calls,0,0.68735,0.00376,0.00913,0.01322
guj,private_calls,1,0.95895,0.99099,0.90852,0.97699
guj,private_calls,0,0.44119,0.00371,0.00689,0.00646
guj,private_calls,0,0.83947,0.00385,0.01071,0.00862
guj,private_calls,0,0.66141,0.00374,0.00626,0.00507
guj,private_calls,1,0.50000,0.98583,0.33430,0.58333
guj,private_calls,1,0.97771,0.99147,0.92053,0.94909
guj,private_calls,1,0.98090,0.99170,0.97122,0.98451
guj,private_calls,0,0.88968,0.99167,0.61541,0.63986
guj,private_calls,0,0.08297,0.00378,0.00544,0.00429
guj,private_calls,0,0.75809,0.94081,0.05959,0.04423
guj,private_calls,0,0.02316,0.00401,0.01014,0.01125
guj,private_calls,0,0.11032,0.00543,0.07969,0.17598
guj,private_calls,1,0.97499,0.99231,0.98717,0.98942
guj,private_calls,1,0.94661,0.91299,0.57752,0.81157
guj,private_calls,1,0.97684,0.99103,0.85740,0.86673
guj,private_calls,0,0.65253,0.00368,0.00630,0.00547
guj,private_calls,0,0.96731,0.00384,0.00854,0.00829
guj,private_calls,1,0.97194,0.99221,0.89108,0.95287
guj,private_calls,0,0.95737,0.80405,0.48578,0.81207
guj,private_calls,1,0.95737,0.48607,0.27990,0.60620
guj,private_calls,0,0.26424,0.00376,0.01761,0.04019
guj,private_calls,1,0.55881,0.97518,0.74121,0.91387
guj,private_calls,0,0.97401,0.00407,0.01457,0.01755
guj,private_calls,1,0.97771,0.00407,0.02179,0.03986
guj,private_calls,1,0.96853,0.97963,0.20452,0.47525
guj,private_calls,1,0.97684,0.97409,0.47604,0.59612
guj,private_calls,0,0.96971,0.75329,0.02159,0.04115
guj,private_calls,0,0.97299,0.07998,0.04676,0.13295
guj,private_calls,1,0.95403,0.71639,0.10363,0.15645
guj,private_calls,1,0.98162,0.33787,0.68023,0.83128
guj,private_calls,0,0.98486,0.98742,0.08857,0.14192
guj,private_calls,1,0.98426,0.99246,0.98129,0.98642
guj,private_calls,1,0.94249,0.82841,0.55663,0.88173
guj,private_calls,0,0.90076,0.78910,0.03390,0.14256
guj,private_calls,1,0.50985,0.99204,0.98083,0.98352
guj,private_calls,1,0.98299,0.99218,0.96512,0.94438
guj,private_calls,1,0.85476,0.99008,0.33694,0.43473
guj,private_calls,1,0.97684,0.99177,0.76836,0.79453
guj,private_calls,1,0.98846,0.99229,0.94531,0.97112
guj,private_calls,0,0.98704,0.96622,0.00861,0.01229
guj,private_calls,1,0.96335,0.99056,0.91107,0.88460
guj,private_calls,1,0.98232,0.99236,0.98222,0.98482
guj,private_calls,1,0.93806,0.99194,0.96882,0.93809
guj,private_calls,1,0.98299,0.00387,0.00609,0.00670
guj,private_calls,1,0.96971,0.98814,0.32106,0.62076
guj,private_calls,1,0.97084,0.99207,0.95628,0.97294
guj,private_calls,1,0.96971,0.01932,0.72382,0.88451
guj,private_calls,1,0.95737,0.99237,0.98107,0.98892
guj,private_calls,0,0.01701,0.00371,0.00678,0.00634
guj,private_calls,1,0.98426,0.98918,0.67634,0.50419
guj,private_calls,1,0.97084,0.99160,0.97629,0.97703
guj,private_calls,1,0.98652,0.99152,0.96773,0.96985
guj,private_calls,0,0.53931,0.99047,0.95062,0.97685
guj,private_calls,1,0.95403,0.96662,0.30375,0.42955
guj,private_calls,0,0.01247,0.00377,0.00583,0.00640
guj,private_calls,1,0.18888,0.00363,0.00734,0.01233
guj,private_calls,1,0.41230,0.99250,0.70781,0.49553
guj,private_calls,0,0.47049,0.50858,0.17279,0.31176
guj,private_calls,1,0.92559,0.99180,0.61238,0.71406
guj,private_calls,1,0.95228,0.99183,0.95246,0.95458
guj,private_calls,1,0.90422,0.99245,0.99042,0.99089
guj,private_calls,0,0.00949,0.00369,0.00575,0.00446
guj,private_calls,0,0.01701,0.00391,0.01274,0.01491
guj,private_calls,1,0.05339,0.99184,0.33143,0.54753
guj,private_calls,1,0.69575,0.93749,0.35261,0.67413
guj,private_calls,0,0.02145,0.00366,0.00566,0.00439
guj,private_calls,0,0.87754,0.99023,0.49503,0.59732
guj,private_calls,0,0.49015,0.00366,0.00910,0.01893
guj,private_calls,0,0.63447,0.99006,0.09095,0.10758
guj,private_calls,0,0.13118,0.00967,0.03883,0.06425
guj,private_calls,0,0.22776,0.99221,0.85829,0.91124
guj,private_calls,0,0.79876,0.00460,0.02571,0.03086
guj,private_calls,0,0.01985,0.01144,0.03503,0.08215
guj,private_calls,1,0.20124,0.99147,0.43063,0.52017
guj,private_calls,1,0.89718,0.98802,0.94898,0.94627
guj,private_calls,0,0.92825,0.99226,0.40073,0.50064
guj,private_calls,0,0.92283,0.98735,0.83994,0.85025
guj,private_calls,0,0.94249,0.98050,0.64962,0.74097
guj,private_calls,0,0.92559,0.06748,0.19116,0.27150
guj,private_calls,1,0.56849,0.95940,0.03556,0.06203
guj,private_calls,0,0.48032,0.21187,0.04387,0.05992
guj,private_calls,0,0.85476,0.90524,0.02659,0.02486
guj,private_calls,0,0.00751,0.00373,0.00784,0.01234
guj,private_calls,0,0.78580,0.00503,0.02155,0.03315
guj,private_calls,1,0.76524,0.94814,0.46595,0.81291
guj,private_calls,0,0.94031,0.95609,0.16703,0.33119
guj,private_calls,0,0.29598,0.93366,0.12742,0.31571
guj,private_calls,0,0.03953,0.00368,0.00623,0.00609
guj,private_calls,0,0.06426,0.00364,0.00606,0.00615
guj,private_calls,0,0.01026,0.00368,0.00856,0.01646
guj,private_calls,1,0.92559,0.98763,0.65124,0.87868
guj,private_calls,1,0.11032,0.00961,0.03717,0.05859
guj,private_calls,0,0.35645,0.00465,0.02084,0.04482
guj,private_calls,0,0.00844,0.00372,0.00816,0.00984
guj,private_calls,1,0.93806,0.99205,0.70416,0.78764
guj,private_calls,1,0.96472,0.99112,0.55955,0.58751
guj,private_calls,0,0.03806,0.00365,0.00700,0.00773
guj,private_calls,0,0.14042,0.01679,0.02695,0.04588
guj,private_calls,0,0.94458,0.96402,0.37294,0.51372
guj,private_calls,1,0.84980,0.00414,0.02279,0.02356
guj,private_calls,0,0.33859,0.00520,0.01172,0.01568
guj,private_calls,1,0.61601,0.87152,0.13026,0.23893
guj,private_calls,0,0.24921,0.00363,0.00845,0.00920
guj,private_calls,0,0.23476,0.92165,0.09804,0.07768
guj,private_calls,0,0.96047,0.97726,0.04532,0.07410
guj,private_calls,1,0.11829,0.98893,0.21992,0.35910
guj,private_calls,0,0.13573,0.00396,0.01099,0.02191
guj,private_calls,1,0.97499,0.99004,0.96573,0.98152
guj,private_calls,0,0.50000,0.00372,0.00563,0.00419
guj,private_calls,1,0.53931,0.00492,0.02491,0.05431
guj,private_calls,0,0.95737,0.98824,0.22009,0.31494
guj,private_calls,0,0.97593,0.00426,0.01788,0.04240
guj,private_calls,1,0.10282,0.26131,0.07315,0.08244
guj,private_calls,0,0.25665,0.00375,0.00808,0.00667
guj,private_calls,1,0.97499,0.71461,0.06119,0.05902
guj,private_calls,1,0.96853,0.99205,0.94642,0.96638
guj,private_calls,1,0.97855,0.96234,0.77441,0.88982
guj,private_calls,1,0.97593,0.01581,0.12265,0.17146
guj,private_calls,1,0.96971,0.12033,0.59918,0.50410
guj,private_calls,0,0.02806,0.00388,0.00552,0.00486
guj,private_calls,1,0.01838,0.00818,0.00879,0.01701
guj,private_calls,0,0.01457,0.00392,0.01038,0.01358
guj,private_calls,0,0.01910,0.00389,0.00682,0.00912
guj,private_calls,1,0.65253,0.99035,0.26945,0.53935
guj,private_calls,0,0.76524,0.07305,0.15767,0.37373
guj,private_calls,0,0.77909,0.98691,0.89093,0.80730
guj,private_calls,0,0.45092,0.00399,0.01259,0.01570
guj,private_calls,0,0.72017,0.03667,0.03335,0.04585
guj,private_calls,0,0.92559,0.89960,0.07760,0.10439
guj,private_calls,1,0.90422,0.00472,0.02921,0.03927
guj,private_calls,1,0.88576,0.97967,0.05175,0.10419
guj,private_calls,0,0.02701,0.00393,0.00496,0.00432
guj,private_calls,0,0.88171,0.03262,0.05913,0.08516
guj,private_calls,1,0.93083,0.98694,0.89324,0.96962
guj,private_calls,0,0.05969,0.00389,0.00760,0.01140
guj,private_calls,0,0.04772,0.00381,0.00515,0.00463
guj,private_calls,1,0.01701,0.00383,0.00953,0.01635
guj,private_calls,0,0.93574,0.97897,0.20954,0.24217
guj,private_calls,0,0.02407,0.00385,0.00585,0.00769
guj,private_calls,0,0.00878,0.00396,0.00462,0.00317
guj,private_calls,1,0.76524,0.00402,0.00690,0.00876
guj,private_calls,1,0.75079,0.99040,0.10399,0.35973
guj,private_calls,0,0.00949,0.00389,0.00487,0.00380
guj,private_calls,1,0.45092,0.00760,0.02605,0.05050
guj,private_calls,0,0.00781,0.00385,0.01067,0.01722
guj,private_calls,0,0.03269,0.36187,0.02050,0.02278
guj,private_calls,0,0.64355,0.00461,0.02087,0.03383
guj,private_calls,1,0.62528,0.97486,0.33183,0.59951
guj,private_calls,0,0.17144,0.00424,0.01304,0.01577
guj,private_calls,1,0.94857,0.99172,0.89973,0.95357
guj,private_calls,1,0.98090,0.99033,0.81822,0.87186
guj,private_calls,0,0.06917,0.04253,0.03954,0.04726
guj,private_calls,0,0.90758,0.00384,0.00897,0.01164
guj,private_calls,0,0.03665,0.00427,0.01386,0.00982
guj,private_calls,0,0.00694,0.00385,0.00759,0.00933
guj,private_calls,1,0.94031,0.99196,0.96357,0.97858
guj,private_calls,0,0.49015,0.00503,0.05110,0.14975
guj,private_calls,0,0.18292,0.00412,0.01206,0.01294
guj,private_calls,0,0.02701,0.08140,0.02930,0.03265
guj,private_calls,1,0.77224,0.00422,0.01813,0.02398
guj,private_calls,0,0.98015,0.98865,0.77107,0.86634
guj,private_calls,1,0.96472,0.98582,0.94736,0.96276
guj,private_calls,0,0.92559,0.97309,0.22486,0.38250
guj,private_calls,0,0.93083,0.00998,0.03912,0.07077
guj,private_calls,0,0.76524,0.00438,0.01957,0.04086
guj,private_calls,0,0.93806,0.99211,0.96258,0.97488
guj,private_calls,1,0.93333,0.96238,0.20800,0.49393
guj,private_calls,0,0.95403,0.99255,0.98735,0.98645
guj,private_calls,0,0.98015,0.98876,0.75531,0.80254
guj,private_calls,0,0.94249,0.00380,0.00696,0.00925
guj,private_calls,1,0.77224,0.99250,0.98949,0.98898
guj,private_calls,0,0.05339,0.00387,0.00703,0.01055
guj,private_calls,1,0.95228,0.99161,0.90960,0.96379
guj,private_calls,0,0.79235,0.28776,0.25963,0.36427
guj,private_calls,1,0.95895,0.99067,0.47286,0.79839
guj,private_calls,1,0.91703,0.99094,0.97473,0.98392
guj,private_calls,0,0.97084,0.87639,0.14714,0.20478
guj,private_calls,1,0.98599,0.99245,0.99044,0.99112
guj,private_calls,1,0.91398,0.18125,0.24150,0.29175
guj,private_calls,0,0.97771,0.99180,0.96709,0.98069
guj,private_calls,1,0.97771,0.97265,0.38394,0.49602
guj,private_calls,1,0.98015,0.99234,0.98736,0.98727
guj,private_calls,0,0.85958,0.13384,0.12501,0.25695
guj,private_calls,1,0.91997,0.98890,0.15313,0.19256
guj,private_calls,1,0.88171,0.72113,0.12089,0.15802
guj,private_calls,1,0.96731,0.82737,0.92261,0.98106
guj,private_calls,0,0.00987,0.00366,0.00826,0.01367
guj,private_calls,1,0.97401,0.99025,0.23207,0.55122
guj,private_calls,1,0.98015,0.56317,0.51141,0.71543
guj,private_calls,1,0.91997,0.99123,0.58034,0.69798
guj,private_calls,1,0.94031,0.99143,0.64442,0.70472
guj,private_calls,1,0.32118,0.98763,0.69575,0.75428
guj,private_calls,0,0.83409,0.00687,0.08189,0.14693
guj,private_calls,1,0.87325,0.99169,0.93614,0.96872
guj,private_calls,0,0.06194,0.00642,0.00952,0.01920
guj,private_calls,0,0.00722,0.00367,0.00692,0.00921
guj,private_calls,1,0.93083,0.00424,0.00853,0.01147
guj,private_calls,1,0.64355,0.98896,0.52879,0.70204
guj,private_calls,0,0.97684,0.00377,0.02561,0.04237
guj,private_calls,1,0.98232,0.99231,0.98392,0.98650
guj,private_calls,1,0.77224,0.89328,0.07655,0.10703
guj,private_calls,0,0.02229,0.00367,0.00900,0.01101
guj,private_calls,0,0.56849,0.00368,0.01312,0.02068
guj,private_calls,1,0.91997,0.99035,0.42073,0.56393
guj,private_calls,1,0.97194,0.99223,0.98672,0.98918
guj,private_calls,1,0.96194,0.99162,0.93163,0.93534
guj,private_calls,0,0.01154,0.00368,0.00746,0.00717
guj,private_calls,0,0.97684,0.96907,0.28939,0.51999
guj,private_calls,1,0.97299,0.98526,0.88124,0.95984
guj,private_calls,1,0.83947,0.89078,0.19261,0.46524
guj,private_calls,0,0.93083,0.00377,0.01067,0.01412
guj,private_calls,1,0.96194,0.97841,0.06674,0.12100
guj,private_calls,1,0.91703,0.99186,0.63541,0.93522
guj,private_calls,0,0.90758,0.98890,0.14113,0.25389
guj,private_calls,0,0.03269,0.00369,0.00838,0.01372
guj,private_calls,1,0.38399,0.99187,0.81036,0.90352
guj,private_calls,0,0.14042,0.00462,0.01058,0.01400
guj,private_calls,1,0.97499,0.99177,0.28635,0.36365
guj,private_calls,1,0.97401,0.99046,0.54013,0.64206
guj,private_calls,0,0.97194,0.00379,0.01830,0.02529
guj,private_calls,0,0.03806,0.00367,0.00794,0.00896
guj,private_calls,0,0.97593,0.97448,0.22617,0.30353
guj,private_calls,0,0.01296,0.00376,0.00753,0.00637
guj,private_calls,1,0.76524,0.99202,0.92894,0.97350
guj,private_calls,1,0.79876,0.99182,0.12566,0.31794
guj,private_calls,0,0.22776,0.30653,0.02459,0.03526
guj,private_calls,1,0.35645,0.00395,0.01620,0.02024
guj,private_calls,0,0.16053,0.00390,0.01823,0.02312
guj,private_calls,0,0.43151,0.00371,0.00814,0.01239
guj,private_calls,1,0.77224,0.00360,0.02403,0.02904
guj,private_calls,1,0.84980,0.98210,0.37071,0.42701
guj,private_calls,1,0.87325,0.99188,0.76079,0.90475
guj,private_calls,0,0.58770,0.00376,0.00692,0.00565
guj,private_calls,1,0.97684,0.99199,0.91165,0.93310
guj,private_calls,1,0.97194,0.02274,0.07121,0.07775
guj,private_calls,1,0.98162,0.86532,0.30016,0.48050
guj,private_calls,0,0.02145,0.00405,0.00907,0.01386
guj,private_calls,0,0.75079,0.00379,0.01492,0.02907
guj,private_calls,1,0.79876,0.98963,0.89848,0.94423
guj,private_calls,1,0.85476,0.88798,0.09185,0.24741
guj,private_calls,1,0.94031,0.00869,0.13920,0.22125
guj,private_calls,0,0.18888,0.00364,0.00895,0.00911
guj,private_calls,1,0.98486,0.98958,0.54692,0.77676
guj,private_calls,0,0.90076,0.00456,0.02449,0.03102
guj,private_calls,1,0.83409,0.99138,0.94947,0.97827
guj,private_calls,1,0.85476,0.34036,0.03609,0.03938
guj,private_calls,0,0.92559,0.00375,0.00694,0.00804
guj,private_calls,1,0.29598,0.96963,0.18163,0.17957
guj,private_calls,1,0.85476,0.22759,0.09083,0.15579
guj,private_calls,1,0.10282,0.00374,0.00655,0.00936
guj,private_calls,0,0.94249,0.11483,0.22332,0.42384
guj,private_calls,1,0.97593,0.99233,0.60137,0.59831
guj,private_calls,0,0.51968,0.00446,0.00932,0.01765
guj,private_calls,1,0.95737,0.98968,0.16124,0.47332
guj,private_calls,0,0.07717,0.00766,0.11271,0.35772
guj,private_calls,1,0.26424,0.00378,0.01897,0.02660
guj,private_calls,1,0.89349,0.98259,0.66579,0.32369
guj,private_calls,0,0.01910,0.03139,0.06317,0.13661
guj,private_calls,1,0.57813,0.00478,0.07133,0.10842
guj,private_calls,0,0.15530,0.00380,0.01212,0.01295
guj,private_calls,0,0.01514,0.00417,0.01018,0.02272
guj,private_calls,0,0.47049,0.99194,0.19076,0.14482
guj,private_calls,1,0.95228,0.99257,0.97398,0.98319
guj,private_calls,1,0.92825,0.99102,0.77970,0.81120
guj,private_calls,0,0.85476,0.00384,0.00846,0.01563
guj,private_calls,0,0.34747,0.98344,0.34139,0.50557
guj,private_calls,0,0.00594,0.00371,0.00789,0.01388
guj,private_calls,0,0.00812,0.00375,0.00660,0.00692
guj,private_calls,0,0.08297,0.00440,0.02412,0.04031
guj,private_calls,1,0.91398,0.63006,0.11008,0.17484
guj,private_calls,1,0.85476,0.99250,0.96788,0.98409
guj,private_calls,0,0.01636,0.00380,0.00957,0.01548
guj,private_calls,0,0.15530,0.10499,0.08651,0.10759
guj,private_calls,0,0.63447,0.00369,0.00774,0.01288
guj,private_calls,0,0.04955,0.00369,0.00817,0.01000
guj,private_calls,1,0.96335,0.99229,0.84514,0.92127
guj,private_calls,1,0.92825,0.99242,0.95661,0.96595
guj,private_calls,0,0.88576,0.00374,0.00927,0.01418
guj,private_calls,0,0.35645,0.00373,0.01610,0.01688
guj,private_calls,0,0.05969,0.00372,0.00677,0.00629
guj,private_calls,1,0.96335,0.99127,0.98209,0.98105
guj,private_calls,0,0.01636,0.00369,0.00547,0.00399
guj,private_calls,1,0.47049,0.99164,0.75689,0.84705
guj,private_calls,1,0.94249,0.47161,0.07391,0.10872
guj,private_calls,1,0.87325,0.00376,0.01324,0.01314
guj,private_calls,1,0.89349,0.99201,0.95209,0.97419
guj,private_calls,0,0.10651,0.00375,0.00636,0.00588
guj,private_calls,0,0.79235,0.00375,0.00644,0.00732
guj,private_calls,1,0.08602,0.00396,0.02472,0.04137
guj,private_calls,0,0.04772,0.00371,0.00854,0.00980
guj,private_calls,1,0.96731,0.99220,0.97541,0.98356
guj,private_calls,1,0.43151,0.99240,0.98010,0.98337
guj,private_calls,1,0.80502,0.98558,0.59852,0.61724
guj,private_calls,0,0.01910,0.00377,0.00685,0.00711
guj,private_calls,1,0.31265,0.99008,0.19211,0.32147
guj,private_calls,1,0.01109,0.98863,0.87177,0.95843
guj,private_calls,1,0.95228,0.99176,0.96526,0.97719
guj,private_calls,1,0.92559,0.99243,0.98166,0.98511
guj,private_calls,1,0.07441,0.00371,0.00587,0.00563
guj,private_calls,0,0.85958,0.95680,0.28314,0.52834
guj,private_calls,1,0.10282,0.01155,0.02648,0.03176
guj,private_calls,1,0.98015,0.98986,0.49720,0.57398
guj,private_calls,1,0.77224,0.99089,0.71182,0.82230
guj,private_calls,1,0.80502,0.98805,0.92853,0.96607
guj,private_calls,1,0.35645,0.01010,0.28817,0.40191
guj,private_calls,1,0.08602,0.00371,0.01712,0.02397
guj,private_calls,1,0.79876,0.99143,0.38568,0.64979
guj,private_calls,1,0.94857,0.99102,0.94133,0.97166
guj,private_calls,0,0.00751,0.00381,0.00753,0.02983
guj,private_calls,1,0.73576,0.99196,0.84415,0.81036
guj,private_calls,1,0.08297,0.00375,0.01146,0.01687
guj,private_calls,1,0.15530,0.98723,0.43256,0.25267
guj,private_calls,0,0.02806,0.00375,0.01905,0.03069
guj,private_calls,0,0.03806,0.00351,0.01030,0.02777
guj,private_calls,1,0.97771,0.99219,0.82222,0.87010
guj,private_calls,1,0.95895,0.00434,0.04827,0.13892
guj,private_calls,1,0.98364,0.84563,0.10840,0.11490
guj,private_calls,1,0.91398,0.99048,0.41437,0.34580
guj,private_calls,0,0.43151,0.00357,0.00868,0.01275
guj,private_calls,0,0.01457,0.00366,0.00742,0.01137
guj,private_calls,1,0.83409,0.99209,0.67766,0.61587
guj,private_calls,0,0.24921,0.00429,0.02733,0.05041
guj,private_calls,0,0.01838,0.00378,0.00662,0.01726
guj,private_calls,0,0.04427,0.16184,0.03118,0.04103
guj,private_calls,0,0.59721,0.00360,0.00607,0.00509
guj,private_calls,1,0.14042,0.99236,0.81021,0.80489
guj,private_calls,0,0.10651,0.00361,0.00806,0.01317
guj,private_calls,0,0.05143,0.00433,0.01565,0.01824
guj,private_calls,0,0.68735,0.68803,0.06418,0.10476
guj,private_calls,0,0.67882,0.99074,0.43247,0.51986
guj,private_calls,1,0.87325,0.99227,0.88629,0.93480
guj,private_calls,0,0.00722,0.00364,0.00661,0.00602
guj,private_calls,0,0.00722,0.00373,0.00745,0.01357
guj,private_calls,0,0.01154,0.01968,0.01698,0.05771
guj,private_calls,0,0.20124,0.00458,0.01033,0.01238
guj,private_calls,1,0.64355,0.00432,0.03965,0.05980
guj,private_calls,1,0.79876,0.99237,0.85464,0.91014
guj,private_calls,0,0.01701,0.00365,0.00969,0.00715
guj,private_calls,0,0.61601,0.99128,0.27267,0.13638
guj,private_calls,0,0.00618,0.00366,0.00571,0.00418
guj,private_calls,0,0.03953,0.00368,0.00539,0.00394
guj,private_calls,0,0.00668,0.00369,0.00590,0.00488
guj,private_calls,0,0.05143,0.00667,0.03264,0.06888
guj,private_calls,0,0.91703,0.99088,0.69731,0.79519
guj,private_calls,0,0.00844,0.00368,0.00579,0.00650
guj,private_calls,1,0.43151,0.91163,0.19045,0.38774
guj,private_calls,1,0.23476,0.00378,0.01380,0.02051
guj,private_calls,0,0.04772,0.97458,0.15891,0.36028
guj,private_calls,0,0.05339,0.00365,0.00659,0.00686
guj,private_calls,0,0.09924,0.00364,0.00659,0.00656
guj,private_calls,0,0.00878,0.00371,0.00867,0.01228
guj,private_calls,1,0.32983,0.97367,0.51437,0.76332
guj,private_calls,0,0.01154,0.06671,0.04317,0.06002
guj,private_calls,0,0.01636,0.00394,0.00692,0.00940
guj,private_calls,0,0.15530,0.00390,0.01678,0.04266
guj,private_calls,0,0.36553,0.09052,0.03174,0.05427
guj,private_calls,1,0.40279,0.95909,0.69104,0.81258
guj,private_calls,0,0.00594,0.00406,0.01754,0.02451
guj,private_calls,1,0.88968,0.99227,0.49299,0.80683
guj,private_calls,0,0.07717,0.00361,0.00693,0.01074
guj,private_calls,1,0.43151,0.63776,0.21362,0.16511
guj,private_calls,1,0.88576,0.99204,0.94146,0.94399
guj,private_calls,1,0.97684,0.99235,0.94002,0.97231
guj,private_calls,1,0.83947,0.99212,0.93826,0.96043
guj,private_calls,0,0.02063,0.00454,0.01759,0.01578
guj,private_calls,1,0.87754,0.99233,0.92526,0.90454
guj,private_calls,0,0.34747,0.00414,0.01113,0.01273
guj,private_calls,0,0.03269,0.00372,0.00711,0.01082
guj,private_calls,0,0.78580,0.00372,0.03672,0.04536
guj,private_calls,0,0.37472,0.00413,0.00734,0.01193
guj,private_calls,0,0.03269,0.00364,0.00548,0.00398
guj,private_calls,1,0.00781,0.00361,0.00884,0.01365
guj,private_calls,0,0.00878,0.00364,0.00684,0.01804
guj,private_calls,0,0.01348,0.00365,0.00644,0.00815
guj,private_calls,0,0.00668,0.00386,0.00636,0.00963
guj,private_calls,0,0.00878,0.00382,0.00590,0.00646
guj,private_calls,0,0.78580,0.00384,0.00720,0.00848
guj,private_calls,0,0.97084,0.82936,0.09117,0.09727
guj,private_calls,1,0.91703,0.99166,0.93106,0.93061
guj,private_calls,0,0.15530,0.00481,0.03026,0.07796
guj,private_calls,0,0.18888,0.00382,0.01022,0.01310
guj,private_calls,0,0.13573,0.00394,0.00935,0.01156
guj,private_calls,1,0.94458,0.97994,0.19195,0.34871
guj,private_calls,1,0.70402,0.00479,0.07227,0.09154
guj,private_calls,1,0.23476,0.00423,0.02387,0.03314
guj,private_calls,0,0.13573,0.00401,0.01696,0.04895
guj,private_calls,0,0.11032,0.00395,0.01262,0.01032
guj,private_calls,0,0.01701,0.00424,0.01162,0.02168
guj,private_calls,0,0.58770,0.00382,0.00617,0.00650
guj,private_calls,0,0.79235,0.00621,0.02976,0.02370
guj,private_calls,1,0.84470,0.06561,0.17987,0.44982
guj,private_calls,0,0.42187,0.97592,0.16965,0.24340
guj,private_calls,1,0.75809,0.99206,0.90455,0.95413
guj,private_calls,0,0.67882,0.00390,0.01212,0.01189
guj,private_calls,1,0.87325,0.99231,0.56166,0.69833
guj,private_calls,0,0.98232,0.99014,0.81001,0.92445
guj,private_calls,1,0.97084,0.99217,0.96875,0.96963
guj,private_calls,1,0.67882,0.00813,0.07016,0.49308
guj,private_calls,1,0.97684,0.99261,0.98787,0.98942
guj,private_calls,0,0.01574,0.09085,0.01080,0.01148
guj,private_calls,0,0.22776,0.00387,0.00743,0.00797
guj,private_calls,0,0.32118,0.00386,0.00701,0.00731
guj,private_calls,1,0.05339,0.00439,0.02156,0.02877
guj,private_calls,1,0.44119,0.98951,0.11478,0.07807
guj,private_calls,0,0.13573,0.99160,0.64682,0.70424
guj,private_calls,0,0.35645,0.00388,0.01325,0.01609
guj,private_calls,0,0.02229,0.00381,0.00698,0.00743
guj,private_calls,1,0.51968,0.99105,0.89022,0.91268
guj,private_calls,1,0.67882,0.99242,0.96748,0.97942
guj,private_calls,0,0.57813,0.00401,0.01106,0.02067
guj,private_calls,0,0.01067,0.00383,0.00556,0.00465
guj,private_calls,0,0.01296,0.00382,0.00610,0.00629
guj,private_calls,0,0.22776,0.00401,0.01201,0.02875
guj,private_calls,0,0.90758,0.95678,0.43390,0.68737
guj,private_calls,0,0.01768,0.00385,0.00735,0.01307
guj,private_calls,0,0.13118,0.00414,0.02774,0.02352
guj,private_calls,0,0.04105,0.00694,0.02421,0.04879
guj,private_calls,0,0.64355,0.00460,0.03565,0.03980
guj,private_calls,1,0.10282,0.95441,0.05793,0.08672
guj,private_calls,0,0.01247,0.00381,0.00696,0.00994
guj,private_calls,1,0.47049,0.98754,0.81465,0.93298
guj,private_calls,0,0.74335,0.00388,0.01374,0.01914
guj,private_calls,1,0.98299,0.98649,0.46365,0.52462
guj,private_calls,0,0.79876,0.00446,0.02407,0.05374
guj,private_calls,1,0.96047,0.98522,0.43898,0.67253
guj,private_calls,1,0.92283,0.01110,0.03907,0.05944
guj,private_calls,1,0.94458,0.99166,0.95958,0.94339
guj,private_calls,1,0.96604,0.00560,0.17730,0.20686
guj,private_calls,1,0.95737,0.98869,0.17764,0.29887
guj,private_calls,1,0.76524,0.99101,0.92673,0.95177
guj,private_calls,0,0.76524,0.00400,0.01423,0.01991
guj,private_calls,0,0.02806,0.00402,0.00640,0.01173
guj,private_calls,0,0.96194,0.00380,0.03841,0.10051
guj,private_calls,1,0.97499,0.24866,0.30764,0.53069
guj,private_calls,0,0.11829,0.00384,0.00630,0.00548
guj,private_calls,1,0.92283,0.00554,0.04183,0.12333
guj,private_calls,0,0.98090,0.99043,0.05744,0.07202
guj,private_calls,0,0.00913,0.00410,0.01055,0.01899
guj,private_calls,0,0.02229,0.00385,0.00649,0.00602
guj,private_calls,0,0.91083,0.98934,0.36830,0.43413
guj,private_calls,1,0.86882,0.99243,0.97344,0.97942
guj,private_calls,1,0.56849,0.00478,0.03794,0.08495
guj,private_calls,0,0.55881,0.00390,0.00641,0.00608
guj,private_calls,0,0.61601,0.00383,0.00661,0.00588
guj,private_calls,1,0.98652,0.99196,0.92986,0.98086
guj,private_calls,0,0.10651,0.00389,0.00679,0.00714
guj,private_calls,1,0.93806,0.71543,0.07128,0.15720
guj,private_calls,0,0.95045,0.00381,0.01047,0.01086
guj,private_calls,0,0.00668,0.00383,0.00592,0.00532
guj,private_calls,1,0.67882,0.98857,0.48927,0.35451
guj,private_calls,0,0.94249,0.00399,0.02752,0.04822
guj,private_calls,0,0.54908,0.00401,0.01654,0.02401
guj,private_calls,0,0.50985,0.00429,0.03695,0.03921
guj,private_calls,1,0.76524,0.04956,0.05540,0.08216
guj,private_calls,1,0.95045,0.79415,0.45171,0.76705
guj,private_calls,0,0.91703,0.00385,0.00685,0.00757
guj,private_calls,0,0.95895,0.00530,0.02246,0.04207
guj,private_calls,1,0.91997,0.00399,0.01713,0.02278
guj,private_calls,1,0.76524,0.98143,0.24947,0.18849
guj,private_calls,1,0.96335,0.61070,0.47383,0.71293
guj,private_calls,1,0.93574,0.52869,0.10106,0.27317
guj,private_calls,1,0.95737,0.98238,0.68106,0.89641
guj,private_calls,0,0.03029,0.00383,0.00878,0.00796
guj,private_calls,0,0.00549,0.01801,0.01665,0.02025
guj,private_calls,0,0.01768,0.00388,0.00596,0.00530
guj,private_calls,0,0.95573,0.98982,0.31020,0.30858
guj,private_calls,0,0.27196,0.00382,0.00706,0.00829
guj,private_calls,1,0.98162,0.99219,0.74232,0.93203
guj,private_calls,1,0.77909,0.99170,0.45169,0.55700
guj,private_calls,0,0.70402,0.00393,0.01875,0.03614
guj,private_calls,0,0.00844,0.00384,0.00687,0.00679
guj,private_calls,0,0.93806,0.00422,0.01649,0.02416
guj,private_calls,0,0.13118,0.00382,0.00643,0.00777
guj,private_calls,1,0.95045,0.98901,0.86370,0.93550
guj,private_calls,0,0.00571,0.00381,0.00577,0.00456
guj,private_calls,1,0.86882,0.98472,0.25291,0.47978
guj,private_calls,0,0.00549,0.00385,0.00565,0.00448
guj,private_calls,0,0.72017,0.01135,0.02092,0.02613
guj,private_calls,0,0.65253,0.00402,0.01013,0.03777
guj,private_calls,0,0.98232,0.00402,0.01011,0.01464
guj,private_calls,0,0.00594,0.00387,0.00555,0.00433
guj,private_calls,0,0.81708,0.00380,0.00994,0.01856
guj,private_calls,1,0.97084,0.99006,0.93434,0.98098
guj,private_calls,1,0.85958,0.00436,0.01534,0.01719
guj,private_calls,0,0.98364,0.98449,0.18214,0.22643
guj,private_calls,1,0.97593,0.98410,0.87476,0.96229
guj,private_calls,0,0.96335,0.00704,0.01284,0.02781
guj,private_calls,0,0.69575,0.16531,0.06359,0.15183
guj,private_calls,1,0.97684,0.01081,0.12401,0.11577
guj,private_calls,1,0.98299,0.99182,0.69316,0.81268
guj,private_calls,1,0.09578,0.00528,0.03601,0.03151
guj,private_calls,0,0.00844,0.00538,0.01959,0.02182
guj,private_calls,0,0.03029,0.00385,0.00853,0.01158
guj,private_calls,0,0.77224,0.00386,0.00964,0.01300
guj,private_calls,1,0.68735,0.99173,0.89705,0.92658
guj,private_calls,0,0.87754,0.00392,0.00657,0.00575
guj,private_calls,0,0.84470,0.00529,0.02469,0.02222
guj,private_calls,0,0.32983,0.00384,0.00682,0.01001
guj,private_calls,1,0.98162,0.99211,0.80450,0.86966
guj,private_calls,0,0.25665,0.00384,0.00635,0.00657
guj,private_calls,0,0.61601,0.98501,0.20734,0.19455
guj,private_calls,0,0.40279,0.00383,0.02549,0.06032
guj,private_calls,0,0.32983,0.00377,0.00916,0.01191
guj,private_calls,1,0.91083,0.98545,0.31580,0.44222
guj,private_calls,1,0.91083,0.98943,0.76719,0.83569
guj,private_calls,0,0.07175,0.00437,0.02552,0.05358
guj,private_calls,1,0.90076,0.99124,0.19665,0.34744
guj,private_calls,0,0.90758,0.00592,0.04808,0.10842
guj,private_calls,1,0.93806,0.99203,0.96783,0.97955
guj,private_calls,0,0.01109,0.00375,0.00533,0.00489
guj,private_calls,1,0.32983,0.99196,0.77719,0.61128
guj,private_calls,0,0.00987,0.00370,0.00671,0.00702
guj,private_calls,0,0.04427,0.00381,0.00621,0.00609
guj,private_calls,0,0.02916,0.00373,0.00728,0.01029
guj,private_calls,1,0.92825,0.99200,0.91237,0.91504
guj,private_calls,0,0.00913,0.00405,0.00900,0.01435
guj,private_calls,0,0.10651,0.00372,0.00606,0.00586
guj,private_calls,0,0.08297,0.98868,0.84225,0.91808
guj,private_calls,1,0.01636,0.37654,0.08126,0.25565
guj,private_calls,1,0.41230,0.98130,0.05067,0.10761
guj,private_calls,0,0.35645,0.98008,0.07278,0.18580
guj,private_calls,1,0.90076,0.99213,0.96920,0.97104
guj,private_calls,0,0.00812,0.00382,0.00650,0.00732
guj,private_calls,0,0.45092,0.98762,0.09911,0.06083
guj,private_calls,0,0.70402,0.00480,0.01245,0.01966
guj,private_calls,1,0.73576,0.99244,0.74584,0.86548
guj,private_calls,0,0.01457,0.00388,0.01234,0.01501
guj,private_calls,0,0.00549,0.00381,0.00960,0.01440
guj,private_calls,0,0.41230,0.00394,0.00900,0.01544
guj,private_calls,1,0.23476,0.99111,0.82439,0.92547
guj,private_calls,1,0.65253,0.99139,0.87856,0.88690
guj,private_calls,0,0.00812,0.00378,0.00735,0.00629
guj,private_calls,1,0.01701,0.96041,0.18802,0.55113
guj,private_calls,0,0.15530,0.00377,0.01043,0.01887
guj,private_calls,0,0.06426,0.00479,0.01209,0.01274
guj,private_calls,0,0.00844,0.00386,0.00675,0.00954
guj,private_calls,1,0.95895,0.04164,0.22232,0.33850
guj,private_calls,1,0.83947,0.08704,0.08356,0.10285
guj,private_calls,0,0.79876,0.98636,0.09137,0.16824
guj,private_calls,0,0.00594,0.00371,0.00663,0.00879
guj,private_calls,1,0.09578,0.99235,0.98428,0.98731
guj,private_calls,0,0.02599,0.00379,0.00573,0.00484
guj,private_calls,0,0.50985,0.13867,0.04233,0.10771
guj,private_calls,1,0.95228,0.99229,0.97200,0.98289
guj,private_calls,0,0.65253,0.07305,0.02879,0.11279
guj,private_calls,1,0.52951,0.99163,0.98064,0.98852
guj,private_calls,0,0.18888,0.00381,0.00590,0.00598
guj,private_calls,0,0.01026,0.00389,0.00727,0.01142
guj,private_calls,1,0.88576,0.99157,0.90754,0.95965
guj,private_calls,0,0.04955,0.00375,0.01084,0.01586
guj,private_calls,0,0.51968,0.14415,0.01259,0.02383
guj,private_calls,0,0.25665,0.10862,0.01112,0.03257
guj,private_calls,0,0.89349,0.98395,0.13471,0.22235
guj,private_calls,1,0.82290,0.99255,0.97762,0.98373
guj,private_calls,0,0.11032,0.00444,0.01094,0.01774
guj,private_calls,0,0.03806,0.00374,0.00772,0.00953
guj,private_calls,0,0.71216,0.00387,0.00595,0.00686
guj,private_calls,0,0.03806,0.00727,0.03965,0.13569
guj,private_calls,0,0.43151,0.00383,0.00730,0.01083
guj,private_calls,1,0.14042,0.76853,0.86903,0.95462
guj,private_calls,1,0.59721,0.99161,0.81636,0.83643
guj,private_calls,0,0.06667,0.00470,0.01996,0.03766
guj,private_calls,0,0.44119,0.96944,0.14711,0.15703
guj,private_calls,0,0.00571,0.00370,0.00603,0.00551
guj,private_calls,0,0.01067,0.96919,0.10074,0.41713
guj,private_calls,1,0.92825,0.98866,0.67993,0.87696
guj,private_calls,1,0.94249,0.99207,0.97520,0.97918
guj,private_calls,0,0.01247,0.00691,0.01677,0.01932
guj,private_calls,0,0.13573,0.00365,0.00819,0.01025
guj,private_calls,0,0.00751,0.00365,0.00695,0.01280
guj,private_calls,0,0.02145,0.16818,0.05626,0.06529
guj,private_calls,1,0.61601,0.99153,0.63390,0.53071
guj,private_calls,1,0.97684,0.99179,0.94664,0.96048
guj,private_calls,0,0.24921,0.02284,0.08736,0.13524
guj,private_calls,0,0.03396,0.01213,0.02817,0.04387
guj,private_calls,0,0.02229,0.00374,0.00563,0.00400
guj,private_calls,1,0.98162,0.98995,0.15006,0.28558
guj,private_calls,0,0.04772,0.25384,0.02932,0.06123
guj,private_calls,0,0.04263,0.00369,0.00591,0.00540
guj,private_calls,1,0.94031,0.99211,0.97356,0.98119
guj,private_calls,1,0.01985,0.98894,0.52455,0.38713
guj,private_calls,1,0.03806,0.97405,0.32120,0.48801
guj,private_calls,0,0.87325,0.92644,0.03305,0.04108
guj,private_calls,0,0.00594,0.00366,0.00633,0.00995
guj,private_calls,0,0.01768,0.00374,0.00868,0.02158
guj,private_calls,0,0.09242,0.00372,0.00682,0.00903
guj,private_calls,1,0.98543,0.99221,0.67243,0.82020
guj,private_calls,1,0.88576,0.00423,0.03260,0.09599
guj,private_calls,0,0.85958,0.02358,0.01920,0.02270
guj,private_calls,1,0.96604,0.99164,0.60429,0.73394
guj,private_calls,1,0.92825,0.01620,0.01129,0.02267
guj,private_calls,1,0.95573,0.99158,0.56831,0.67435
guj,private_calls,1,0.98299,0.99174,0.97559,0.98404
guj,private_calls,0,0.68735,0.00365,0.01074,0.01100
guj,private_calls,0,0.55881,0.10248,0.02577,0.04576
guj,private_calls,0,0.95895,0.99174,0.92699,0.97425
guj,private_calls,1,0.94857,0.00427,0.04052,0.09395
guj,private_calls,1,0.96604,0.66525,0.11568,0.27004
guj,private_calls,0,0.38399,0.00364,0.00684,0.00758
guj,private_calls,1,0.86882,0.00395,0.01014,0.01478
guj,private_calls,1,0.94857,0.18692,0.11188,0.30266
guj,private_calls,0,0.94249,0.00371,0.00923,0.01086
guj,private_calls,0,0.53931,0.00718,0.00972,0.01488
guj,private_calls,0,0.96472,0.00378,0.00992,0.01164
guj,private_calls,1,0.96335,0.95389,0.11215,0.08902
guj,private_calls,1,0.96731,0.97639,0.88234,0.91801
guj,private_calls,1,0.97771,0.99185,0.59673,0.68526
guj,private_calls,0,0.94031,0.42726,0.11739,0.27358
guj,private_calls,0,0.93806,0.05153,0.01812,0.05109
guj,private_calls,0,0.94857,0.00887,0.01799,0.02922
guj,private_calls,1,0.91703,0.00417,0.03994,0.05929
guj,private_calls,0,0.98486,0.98672,0.76574,0.90775
guj,private_calls,1,0.97855,0.98608,0.12248,0.41135
guj,private_calls,1,0.97299,0.74057,0.31501,0.47670
guj,private_calls,0,0.97194,0.10226,0.06324,0.10169
guj,private_calls,1,0.85476,0.00414,0.05663,0.09804
guj,private_calls,0,0.08602,0.00385,0.01803,0.05331
guj,private_calls,1,0.02701,0.00376,0.01079,0.01475
guj,private_calls,1,0.81112,0.01002,0.03323,0.06369
guj,private_calls,1,0.91398,0.99194,0.97590,0.98332
guj,private_calls,1,0.52951,0.00395,0.01408,0.01472
guj,private_calls,1,0.91398,0.98945,0.64245,0.38037
guj,private_calls,1,0.94249,0.92673,0.17504,0.29092
guj,private_calls,0,0.04597,0.98256,0.03353,0.02731
guj,private_calls,0,0.64355,0.98976,0.20064,0.24320
guj,private_calls,0,0.59721,0.00525,0.02699,0.03773
guj,private_calls,1,0.14524,0.00485,0.03712,0.05866
guj,private_calls,1,0.98599,0.99219,0.95650,0.96488
guj,private_calls,0,0.05751,0.98780,0.44666,0.60368
guj,private_calls,0,0.04105,0.00381,0.00720,0.01336
guj,private_calls,1,0.75079,0.98326,0.09863,0.08812
guj,private_calls,0,0.93333,0.99159,0.83508,0.92919
guj,private_calls,1,0.77224,0.98904,0.04554,0.07736
guj,private_calls,1,0.95737,0.00910,0.08317,0.11314
guj,private_calls,0,0.62528,0.00388,0.00910,0.00986
guj,private_calls,0,0.38399,0.00396,0.00818,0.01530
guj,private_calls,0,0.50000,0.00424,0.01952,0.03319
guj,private_calls,1,0.90422,0.97675,0.13377,0.25169
guj,private_calls,0,0.06917,0.00393,0.00546,0.00495
guj,private_calls,1,0.66141,0.01197,0.15433,0.36984
guj,private_calls,0,0.29598,0.00394,0.01821,0.03069
guj,private_calls,1,0.66141,0.98655,0.78707,0.93012
guj,private_calls,0,0.44119,0.00385,0.00556,0.00436
guj,private_calls,0,0.21420,0.01392,0.03049,0.06382
guj,private_calls,1,0.05542,0.01508,0.04288,0.27424
guj,private_calls,1,0.96335,0.99233,0.91939,0.89517
guj,private_calls,0,0.96731,0.97856,0.26582,0.44658
guj,private_calls,1,0.91997,0.00504,0.05260,0.26296
guj,private_calls,1,0.79235,0.98808,0.70745,0.87828
guj,private_calls,1,0.91997,0.99064,0.68948,0.94839
guj,private_calls,0,0.00844,0.00392,0.00588,0.00554
guj,private_calls,0,0.96047,0.97447,0.24945,0.61461
guj,private_calls,1,0.95045,0.00474,0.04998,0.13427
guj,private_calls,1,0.92559,0.83784,0.11004,0.20764
guj,private_calls,0,0.01838,0.00398,0.00620,0.00694
guj,private_calls,0,0.06194,0.00387,0.00669,0.00694
guj,private_calls,0,0.02229,0.00390,0.00681,0.00896
guj,private_calls,0,0.50000,0.98663,0.09173,0.22692
guj,private_calls,1,0.95228,0.99082,0.77429,0.87102
guj,private_calls,1,0.98015,0.99188,0.40692,0.76809
guj,private_calls,0,0.80502,0.00397,0.00706,0.00782
guj,private_calls,1,0.79876,0.98110,0.35593,0.60107
guj,private_calls,0,0.12246,0.00701,0.01715,0.01868
guj,private_calls,0,0.39335,0.00398,0.01442,0.03607
guj,private_calls,1,0.54908,0.99072,0.93557,0.96800
guj,private_calls,1,0.95573,0.99192,0.98571,0.98527
guj,private_calls,1,0.20124,0.84032,0.16928,0.39529
guj,private_calls,1,0.95045,0.99233,0.94542,0.96792
guj,private_calls,1,0.48032,0.98542,0.43379,0.53511
guj,private_calls,0,0.01910,0.00386,0.00609,0.00576
guj,private_calls,0,0.76524,0.24677,0.23600,0.37133
guj,private_calls,0,0.26424,0.00388,0.00778,0.00949
guj,private_calls,0,0.03953,0.00390,0.00888,0.01363
guj,private_calls,1,0.93806,0.92706,0.22123,0.42068
guj,private_calls,1,0.94857,0.04369,0.05953,0.05488
guj,private_calls,1,0.75079,0.88965,0.47461,0.84267
guj,private_calls,0,0.00594,0.00385,0.00698,0.00917
guj,private_calls,1,0.33859,0.97825,0.43396,0.69117
guj,private_calls,1,0.17144,0.98039,0.13318,0.13383
guj,private_calls,0,0.01574,0.00401,0.01147,0.01832
guj,private_calls,1,0.87325,0.99183,0.96687,0.98051
guj,private_calls,0,0.96047,0.53128,0.23250,0.27415
guj,private_calls,1,0.91703,0.36042,0.11696,0.12125
guj,private_calls,1,0.85958,0.97160,0.31275,0.59973
guj,private_calls,0,0.04772,0.00394,0.00585,0.00630
guj,private_calls,0,0.05751,0.00386,0.01109,0.01483
guj,private_calls,1,0.47049,0.94106,0.22382,0.31606
guj,private_calls,1,0.39335,0.00451,0.04164,0.08211
guj,private_calls,1,0.18888,0.00585,0.10458,0.36719
guj,private_calls,0,0.85476,0.00400,0.01117,0.01771
guj,private_calls,1,0.88171,0.00426,0.04412,0.10133
guj,private_calls,0,0.08602,0.52174,0.05185,0.08383
guj,private_calls,0,0.11032,0.00398,0.02647,0.06740
guj,private_calls,1,0.92283,0.00512,0.10679,0.18418
guj,private_calls,1,0.91703,0.03826,0.16214,0.19024
guj,private_calls,0,0.00751,0.00392,0.00600,0.00580
guj,private_calls,1,0.97299,0.99103,0.83509,0.90988
guj,private_calls,0,0.29598,0.00528,0.01649,0.01715
guj,private_calls,1,0.65253,0.00396,0.02674,0.03242
guj,private_calls,1,0.93574,0.00585,0.05223,0.05124
guj,private_calls,0,0.02701,0.00394,0.01180,0.01708
guj,private_calls,1,0.21420,0.00487,0.01831,0.03846
guj,private_calls,0,0.03806,0.00387,0.00648,0.00564
guj,private_calls,1,0.93083,0.99236,0.93230,0.92066
guj,private_calls,0,0.94661,0.99261,0.47960,0.48404
guj,private_calls,1,0.95573,0.19106,0.04887,0.07040
guj,private_calls,0,0.79235,0.95015,0.11774,0.28884
guj,private_calls,0,0.79235,0.00389,0.03527,0.08825
guj,private_calls,1,0.91398,0.07773,0.05385,0.04993
guj,private_calls,0,0.15020,0.00390,0.00579,0.00431
guj,private_calls,1,0.72804,0.97455,0.12442,0.15884
guj,private_calls,1,0.93806,0.99221,0.79293,0.85352
guj,private_calls,0,0.96971,0.99142,0.70868,0.84274
guj,private_calls,1,0.75809,0.00408,0.01177,0.01370
guj,private_calls,1,0.94857,0.05160,0.20938,0.28731
guj,private_calls,0,0.43151,0.91744,0.04977,0.04302
guj,private_calls,1,0.92283,0.07445,0.27092,0.34091
guj,private_calls,1,0.90076,0.98683,0.23638,0.35665
guj,private_calls,0,0.07441,0.00389,0.00656,0.00614
guj,private_calls,1,0.51968,0.99084,0.63967,0.65300
guj,private_calls,0,0.83947,0.99154,0.09898,0.33007
guj,private_calls,0,0.77909,0.00426,0.02610,0.03761
guj,private_calls,1,0.75809,0.91927,0.30066,0.33658
guj,private_calls,1,0.95895,0.99069,0.37630,0.39775
guj,private_calls,1,0.96853,0.85282,0.22489,0.28837
guj,private_calls,0,0.03147,0.00957,0.04159,0.06891
guj,private_calls,0,0.82290,0.00389,0.00773,0.00897
guj,private_calls,0,0.95895,0.00394,0.00640,0.00781
guj,private_calls,1,0.93083,0.99164,0.20339,0.15917
guj,private_calls,0,0.01985,0.00384,0.00870,0.01131
guj,private_calls,1,0.95737,0.99178,0.86225,0.91378
guj,private_calls,0,0.32118,0.03762,0.06057,0.12524
guj,private_calls,0,0.91398,0.98176,0.28025,0.47339
guj,private_calls,0,0.75809,0.00393,0.00720,0.00820
guj,private_calls,0,0.51968,0.00400,0.04064,0.06696
guj,private_calls,0,0.66141,0.00417,0.01081,0.01126
guj,private_calls,0,0.95403,0.92855,0.04672,0.07628
guj,private_calls,0,0.12246,0.00386,0.00980,0.01451
guj,private_calls,0,0.39335,0.00386,0.01761,0.04106
guj,private_calls,1,0.77224,0.98920,0.93573,0.96489
guj,private_calls,0,0.95895,0.77188,0.21191,0.81571
guj,private_calls,0,0.95228,0.54206,0.13022,0.20044
guj,private_calls,1,0.28784,0.97589,0.14716,0.21289
guj,private_calls,1,0.98090,0.99178,0.96717,0.97289
guj,private_calls,1,0.98162,0.99000,0.96186,0.97532
guj,private_calls,1,0.93806,0.00405,0.03943,0.04779
guj,private_calls,0,0.85476,0.00394,0.00983,0.01151
guj,private_calls,1,0.12675,0.78158,0.26769,0.47356
guj,private_calls,1,0.91997,0.47321,0.27995,0.70447
guj,private_calls,0,0.67882,0.00600,0.07373,0.21966
guj,private_calls,0,0.91083,0.98942,0.73911,0.87332
guj,private_calls,0,0.36553,0.00448,0.01555,0.03371
guj,private_calls,0,0.38399,0.00399,0.02278,0.02280
guj,private_calls,1,0.80502,0.98917,0.82392,0.93046
guj,private_calls,0,0.06917,0.00394,0.01149,0.01458
guj,private_calls,1,0.90422,0.92369,0.34864,0.53106
guj,private_calls,0,0.06917,0.00434,0.02011,0.04013
guj,private_calls,0,0.28784,0.00385,0.00778,0.01041
guj,private_calls,1,0.91703,0.99235,0.98259,0.98479
guj,private_calls,0,0.91997,0.99173,0.93668,0.96805
guj,private_calls,0,0.57813,0.00380,0.00780,0.00688
guj,private_calls,0,0.72804,0.00380,0.01588,0.02355
guj,private_calls,0,0.35645,0.00370,0.00902,0.01336
guj,private_calls,0,0.10282,0.00393,0.01002,0.01135
guj,private_calls,0,0.06917,0.98769,0.11954,0.17484
guj,private_calls,0,0.56849,0.00429,0.03151,0.05532
guj,private_calls,1,0.97299,0.99009,0.68898,0.77252
guj,private_calls,0,0.68735,0.00484,0.02001,0.02442
guj,private_calls,0,0.40279,0.01123,0.04381,0.04752
guj,private_calls,1,0.84980,0.99231,0.97397,0.97450
guj,private_calls,0,0.76524,0.00368,0.01153,0.01228
guj,private_calls,1,0.92559,0.02148,0.02857,0.05257
guj,private_calls,1,0.96731,0.99194,0.76349,0.89418
guj,private_calls,0,0.96853,0.00427,0.05876,0.08391
guj,private_calls,0,0.96047,0.00891,0.05428,0.08345
guj,private_calls,0,0.74335,0.05094,0.06600,0.08846
guj,private_calls,0,0.88576,0.01786,0.05087,0.05706
guj,private_calls,0,0.20765,0.99222,0.91452,0.93917
guj,private_calls,0,0.86427,0.97991,0.27425,0.24558
guj,private_calls,0,0.56849,0.00380,0.00888,0.01228
guj,private_calls,1,0.91997,0.99198,0.70039,0.86389
guj,private_calls,0,0.50985,0.00376,0.00842,0.00876
guj,private_calls,0,0.13573,0.98566,0.12416,0.12810
guj,private_calls,0,0.44119,0.05774,0.08048,0.06847
guj,private_calls,0,0.79876,0.00405,0.02371,0.02119
guj,private_calls,1,0.96047,0.99208,0.98451,0.98586
guj,private_calls,0,0.90076,0.00371,0.00853,0.01145
guj,private_calls,1,0.85476,0.07694,0.03272,0.04955
guj,private_calls,0,0.82290,0.00392,0.01203,0.02278
guj,private_calls,0,0.03528,0.00414,0.01595,0.01813
guj,private_calls,0,0.79235,0.00858,0.04191,0.04601
guj,private_calls,0,0.03665,0.00376,0.01429,0.01458
guj,private_calls,0,0.81112,0.00368,0.01041,0.01251
guj,private_calls,0,0.03806,0.00367,0.00888,0.01063
guj,private_calls,0,0.02701,0.00370,0.00901,0.01341
guj,private_calls,0,0.16591,0.80619,0.04364,0.05857
guj,private_calls,0,0.38399,0.95531,0.03664,0.05840
guj,private_calls,0,0.93574,0.00369,0.00905,0.01478
guj,private_calls,0,0.03029,0.00369,0.00822,0.00663
guj,private_calls,0,0.38399,0.00367,0.00813,0.00901
guj,private_calls,0,0.00668,0.00365,0.00783,0.00689
guj,private_calls,0,0.93333,0.95655,0.84478,0.92037
guj,private_calls,0,0.95737,0.98942,0.71697,0.93283
guj,private_calls,0,0.02701,0.00373,0.00806,0.00693
guj,private_calls,1,0.97194,0.99052,0.43404,0.51793
guj,private_calls,0,0.95045,0.98768,0.24711,0.55523
guj,private_calls,0,0.28784,0.00410,0.02572,0.03209
guj,private_calls,0,0.03269,0.00595,0.01145,0.01293
guj,private_calls,0,0.92825,0.00375,0.01321,0.01387
guj,private_calls,0,0.90076,0.00390,0.01850,0.02376
guj,private_calls,0,0.85958,0.00372,0.02122,0.04699
guj,private_calls,0,0.04105,0.00373,0.00848,0.01349
guj,private_calls,0,0.55881,0.00365,0.00913,0.01947
guj,private_calls,0,0.57813,0.00384,0.01097,0.01534
guj,private_calls,0,0.07175,0.02627,0.03202,0.03282
guj,private_calls,1,0.73576,0.99214,0.50783,0.61457
guj,private_calls,1,0.88171,0.00437,0.02452,0.03679
guj,private_calls,1,0.97855,0.99154,0.83923,0.88685
guj,private_calls,0,0.63447,0.00372,0.00819,0.00696
guj,private_calls,1,0.94857,0.99038,0.20023,0.66440
guj,private_calls,1,0.20124,0.99068,0.53435,0.76619
guj,private_calls,1,0.65253,0.18909,0.02847,0.03463
guj,private_calls,0,0.91083,0.00367,0.00691,0.01408
guj,private_calls,0,0.10282,0.00372,0.00719,0.01076
guj,private_calls,0,0.01199,0.00373,0.00796,0.01363
guj,private_calls,0,0.59721,0.00373,0.01382,0.01566
guj,private_calls,0,0.96194,0.00369,0.00812,0.02187
guj,private_calls,0,0.90758,0.96972,0.39326,0.56243
guj,private_calls,0,0.34747,0.00388,0.00838,0.01483
guj,private_calls,0,0.24921,0.00524,0.03760,0.06191
guj,private_calls,0,0.92559,0.00477,0.01578,0.03094
guj,private_calls,1,0.79235,0.98854,0.20206,0.53555
guj,private_calls,0,0.14524,0.00378,0.01320,0.02268
guj,private_calls,1,0.88968,0.98710,0.39365,0.74371
guj,private_calls,0,0.00668,0.00372,0.00551,0.00381
guj,private_calls,0,0.57813,0.00370,0.00709,0.00893
guj,private_calls,0,0.96971,0.96426,0.31325,0.67906
guj,private_calls,1,0.01636,0.06335,0.03465,0.05053
guj,private_calls,1,0.86882,0.97921,0.21657,0.44755
guj,private_calls,1,0.24191,0.00396,0.02503,0.03950
guj,private_calls,0,0.02501,0.00399,0.01060,0.02297
guj,private_calls,0,0.00694,0.00371,0.00734,0.00942
guj,private_calls,0,0.63447,0.00374,0.01129,0.01461
guj,private_calls,0,0.96853,0.98566,0.31164,0.43284
guj,private_calls,0,0.46069,0.00374,0.00738,0.00862
guj,private_calls,0,0.63447,0.00371,0.00751,0.01115
guj,private_calls,0,0.00722,0.00370,0.00694,0.00908
guj,private_calls,1,0.98801,0.99170,0.22405,0.45398
guj,private_calls,1,0.97771,0.96007,0.52952,0.75669
guj,private_calls,0,0.13118,0.00422,0.01142,0.02104
guj,private_calls,0,0.61601,0.00377,0.01170,0.00935
guj,private_calls,0,0.17144,0.00425,0.01195,0.01595
guj,private_calls,1,0.96047,0.99117,0.88283,0.93979
guj,private_calls,1,0.92825,0.99209,0.66399,0.80975
guj,private_calls,1,0.97771,0.99227,0.90503,0.97230
guj,private_calls,1,0.70402,0.97753,0.94595,0.98436
guj,private_calls,0,0.56849,0.00367,0.00744,0.01394
guj,private_calls,0,0.84980,0.00368,0.00830,0.01358
guj,private_calls,0,0.94031,0.58903,0.02236,0.03157
guj,private_calls,1,0.97084,0.00954,0.05162,0.13061
guj,private_calls,0,0.01985,0.00369,0.00686,0.00801
guj,private_calls,0,0.03953,0.00363,0.00641,0.00495
guj,private_calls,0,0.85958,0.00391,0.01425,0.02722
guj,private_calls,0,0.81112,0.00381,0.00650,0.00727
guj,private_calls,1,0.97084,0.99054,0.84132,0.92397
guj,private_calls,0,0.40279,0.00375,0.00639,0.00656
guj,private_calls,0,0.00987,0.00423,0.01609,0.03947
guj,private_calls,0,0.98543,0.00369,0.00575,0.00480
guj,private_calls,0,0.77224,0.00369,0.00817,0.01189
guj,private_calls,0,0.27196,0.00458,0.01567,0.01447
guj,private_calls,0,0.04263,0.00387,0.01462,0.02033
guj,private_calls,1,0.98015,0.11914,0.12504,0.27806
guj,private_calls,0,0.90422,0.95782,0.69842,0.83644
guj,private_calls,0,0.27196,0.00368,0.01157,0.01336
guj,private_calls,1,0.60665,0.00485,0.03513,0.06295
guj,private_calls,0,0.18888,0.00617,0.01441,0.02825
guj,private_calls,0,0.12246,0.00370,0.00757,0.01409
guj,private_calls,0,0.81708,0.00376,0.01508,0.01876
guj,private_calls,0,0.01026,0.00379,0.01253,0.01558
guj,private_calls,1,0.96853,0.99122,0.51728,0.75047
guj,private_calls,1,0.97855,0.99214,0.97978,0.98340
guj,private_calls,0,0.88576,0.02757,0.05574,0.06014
guj,private_calls,0,0.76524,0.00369,0.00640,0.00640
guj,private_calls,1,0.02407,0.00456,0.06787,0.15266
guj,private_calls,1,0.96853,0.97188,0.33105,0.53041
guj,private_calls,0,0.68735,0.91197,0.21091,0.37207
guj,private_calls,0,0.97299,0.99186,0.18095,0.20179
guj,private_calls,0,0.95737,0.00516,0.02170,0.02820
guj,private_calls,1,0.24921,0.00413,0.03088,0.04786
guj,private_calls,0,0.34747,0.00380,0.00974,0.01532
guj,private_calls,1,0.40279,0.98858,0.15427,0.15920
guj,private_calls,1,0.98232,0.98001,0.44881,0.45698
guj,private_calls,0,0.33859,0.00371,0.00572,0.00448
guj,private_calls,0,0.13118,0.00366,0.00687,0.00648
guj,private_calls,1,0.54908,0.01082,0.11430,0.16848
guj,private_calls,0,0.01296,0.00373,0.00780,0.01044
guj,private_calls,0,0.12675,0.00383,0.00630,0.00678
guj,private_calls,0,0.21420,0.00440,0.01869,0.03796
guj,private_calls,1,0.82290,0.12377,0.06055,0.18769
guj,private_calls,0,0.82290,0.00386,0.01164,0.01370
guj,private_calls,1,0.24191,0.00372,0.01334,0.01841
guj,private_calls,0,0.10651,0.00369,0.00645,0.00788
guj,private_calls,1,0.98232,0.99115,0.88845,0.95184
guj,private_calls,1,0.97401,0.98998,0.36738,0.47451
guj,private_calls,1,0.93806,0.98445,0.10365,0.24352
guj,private_calls,1,0.96853,0.00758,0.08081,0.14652
guj,private_calls,0,0.98426,0.99263,0.97493,0.98401
guj,private_calls,1,0.91083,0.00374,0.00721,0.00731
guj,private_calls,0,0.00571,0.00374,0.00519,0.00368
guj,private_calls,1,0.97299,0.99246,0.98306,0.98671
guj,private_calls,1,0.98599,0.98952,0.13402,0.31775
guj,private_calls,0,0.36553,0.00366,0.00618,0.00741
guj,private_calls,0,0.03029,0.00375,0.00828,0.01896
guj,private_calls,1,0.96047,0.98424,0.71644,0.83857
guj,private_calls,0,0.94458,0.00392,0.02837,0.14624
guj,private_calls,0,0.89349,0.98344,0.45936,0.44864
guj,private_calls,1,0.03806,0.00776,0.01843,0.03009
guj,private_calls,1,0.97684,0.99077,0.94311,0.96769
guj,private_calls,1,0.89349,0.17674,0.08174,0.09323
guj,private_calls,0,0.27196,0.91143,0.05222,0.04414
guj,private_calls,1,0.79235,0.99057,0.83771,0.87876
guj,private_calls,1,0.95737,0.99092,0.91199,0.95543
guj,private_calls,1,0.75809,0.00392,0.01534,0.02189
guj,private_calls,0,0.03147,0.00372,0.00546,0.00425
guj,private_calls,0,0.59721,0.00383,0.00533,0.00423
guj,private_calls,1,0.96731,0.98133,0.33479,0.53406
guj,private_calls,1,0.97855,0.99118,0.73123,0.85765
guj,private_calls,1,0.95573,0.98165,0.79962,0.93181
guj,private_calls,1,0.92559,0.74393,0.18233,0.65856
guj,private_calls,0,0.75809,0.00371,0.00569,0.00575
guj,private_calls,1,0.94249,0.73903,0.54290,0.91367
guj,private_calls,1,0.94661,0.99053,0.49797,0.62428
guj,private_calls,0,0.45092,0.00388,0.01343,0.01263
guj,private_calls,0,0.01985,0.00373,0.00565,0.00464
guj,private_calls,1,0.83947,0.99001,0.72520,0.91532
guj,private_calls,1,0.95045,0.98674,0.79344,0.94140
guj,private_calls,1,0.96853,0.99205,0.93839,0.95311
guj,private_calls,0,0.01701,0.00378,0.00560,0.00469
guj,private_calls,1,0.01838,0.00542,0.01421,0.01687
guj,private_calls,0,0.93333,0.00374,0.01524,0.03036
guj,private_calls,0,0.74335,0.00376,0.01789,0.03178
guj,private_calls,1,0.68735,0.99180,0.96959,0.97247
guj,private_calls,0,0.02599,0.17040,0.02561,0.03334
guj,private_calls,0,0.62528,0.00371,0.01036,0.01458
guj,private_calls,0,0.42187,0.00376,0.00617,0.00687
guj,private_calls,1,0.00987,0.02546,0.03919,0.08562
guj,private_calls,1,0.96604,0.99142,0.98361,0.98905
guj,private_calls,0,0.98426,0.95633,0.32673,0.64371
guj,private_calls,0,0.96604,0.99152,0.96015,0.97451
guj,private_calls,0,0.22776,0.00376,0.00717,0.00993
guj,private_calls,1,0.76524,0.97866,0.63634,0.78047
guj,private_calls,0,0.11829,0.00380,0.00633,0.00684
guj,private_calls,0,0.81708,0.29900,0.03144,0.04322
guj,private_calls,0,0.67017,0.01032,0.02053,0.03915
guj,private_calls,0,0.97771,0.99206,0.90737,0.94566
guj,private_calls,1,0.93083,0.99060,0.84442,0.84632
guj,private_calls,0,0.93333,0.00389,0.01328,0.02155
guj,private_calls,0,0.07441,0.00424,0.01690,0.02224
guj,private_calls,0,0.72804,0.00364,0.01105,0.01332
guj,private_calls,0,0.88171,0.00376,0.00730,0.00947
guj,private_calls,0,0.17710,0.00425,0.01340,0.05417
guj,private_calls,1,0.95228,0.99162,0.88410,0.92362
guj,private_calls,0,0.88576,0.00374,0.00781,0.01116
guj,private_calls,1,0.92559,0.80885,0.61987,0.91769
guj,private_calls,0,0.98753,0.99142,0.91781,0.96826
guj,private_calls,1,0.96731,0.99083,0.93826,0.97501
guj,private_calls,0,0.84980,0.99093,0.24681,0.61194
guj,private_calls,1,0.94661,0.99147,0.95646,0.97539
guj,private_calls,0,0.33859,0.00376,0.00758,0.01080
guj,private_calls,1,0.91398,0.97958,0.91781,0.98370
guj,private_calls,0,0.87754,0.95828,0.17480,0.39063
guj,private_calls,0,0.94249,0.98534,0.60720,0.76755
guj,private_calls,1,0.98299,0.97515,0.45773,0.56879
guj,private_calls,0,0.90758,0.00366,0.01032,0.01538
guj,private_calls,0,0.62528,0.00369,0.00634,0.00530
guj,private_calls,1,0.95228,0.08197,0.03006,0.03708
guj,private_calls,0,0.86882,0.00372,0.00627,0.00544
guj,private_calls,0,0.08602,0.00605,0.07319,0.26411
guj,private_calls,1,0.85958,0.00392,0.01445,0.02777
guj,private_calls,0,0.77909,0.00376,0.01021,0.01300
guj,private_calls,0,0.83947,0.00375,0.00585,0.00472
guj,private_calls,1,0.91398,0.98348,0.50434,0.72302
guj,private_calls,0,0.44119,0.00371,0.00625,0.00606
guj,private_calls,1,0.75809,0.23596,0.21192,0.34880
guj,private_calls,1,0.71216,0.01603,0.03653,0.06395
guj,private_calls,1,0.97499,0.99219,0.77027,0.88997
guj,private_calls,0,0.22091,0.97410,0.09287,0.20189
guj,private_calls,0,0.27983,0.00373,0.00655,0.00653
guj,private_calls,0,0.83947,0.96352,0.28371,0.80963
guj,private_calls,0,0.91398,0.00411,0.00704,0.01052
guj,private_calls,0,0.88968,0.03126,0.10728,0.23188
guj,private_calls,0,0.01636,0.00373,0.00770,0.02669
guj,private_calls,1,0.00987,0.00415,0.02385,0.02214
guj,private_calls,1,0.22091,0.00435,0.02068,0.01835
guj,private_calls,0,0.15530,0.00371,0.00726,0.00964
guj,private_calls,0,0.03147,0.00373,0.00950,0.01361
guj,private_calls,0,0.90076,0.00398,0.01665,0.02360
guj,private_calls,1,0.96472,0.97958,0.28744,0.53961
guj,private_calls,1,0.57813,0.98315,0.36472,0.49376
guj,private_calls,1,0.96194,0.98930,0.35879,0.38738
guj,private_calls,1,0.92825,0.99204,0.85341,0.92761
guj,private_calls,1,0.91398,0.23687,0.12439,0.10835
guj,private_calls,1,0.75079,0.06317,0.04692,0.07175
guj,private_calls,0,0.33859,0.00372,0.00672,0.00848
guj,private_calls,1,0.05751,0.00484,0.05070,0.11409
guj,private_calls,1,0.97937,0.01364,0.08751,0.28342
guj,private_calls,0,0.97299,0.99025,0.72234,0.88228
guj,private_calls,1,0.67017,0.95051,0.16494,0.50151
guj,private_calls,0,0.78580,0.01642,0.19761,0.23499
guj,private_calls,0,0.08602,0.00372,0.00601,0.00430
guj,private_calls,0,0.01026,0.00370,0.00586,0.00446
guj,private_calls,1,0.69575,0.00381,0.02511,0.10117
guj,private_calls,0,0.67882,0.00376,0.00815,0.01495
guj,private_calls,0,0.85958,0.00398,0.02086,0.06051
guj,private_calls,1,0.57813,0.99023,0.79178,0.94559
guj,private_calls,0,0.91398,0.98928,0.92530,0.97103
guj,private_calls,1,0.97937,0.01359,0.17572,0.53710
guj,private_calls,0,0.48032,0.00365,0.00827,0.01086
guj,private_calls,0,0.86427,0.00361,0.01550,0.03163
guj,private_calls,1,0.77909,0.00369,0.00957,0.01500
guj,private_calls,0,0.01701,0.00449,0.02913,0.03661
guj,private_calls,0,0.02806,0.02422,0.04326,0.06275
guj,private_calls,1,0.94661,0.97950,0.86328,0.92989
guj,private_calls,0,0.98704,0.98749,0.57290,0.68327
guj,private_calls,0,0.91703,0.00382,0.01139,0.01517
guj,private_calls,1,0.98704,0.99181,0.89784,0.91809
guj,private_calls,0,0.96731,0.00409,0.02753,0.01755
guj,private_calls,0,0.96853,0.15127,0.02205,0.03336
guj,private_calls,1,0.97771,0.99031,0.62161,0.81677
guj,private_calls,0,0.00722,0.00377,0.00504,0.00376
guj,private_calls,0,0.07441,0.00376,0.01214,0.02990
guj,private_calls,1,0.16053,0.97445,0.28839,0.37530
guj,private_calls,1,0.26424,0.99052,0.61253,0.45461
guj,private_calls,1,0.94249,0.00491,0.05053,0.04544
guj,private_calls,1,0.92283,0.99114,0.29365,0.26739
guj,private_calls,0,0.00618,0.00366,0.00612,0.00531
guj,private_calls,1,0.02599,0.98918,0.17468,0.24565
guj,private_calls,1,0.98486,0.99229,0.92935,0.90971
guj,private_calls,0,0.35645,0.00377,0.01700,0.01842
guj,private_calls,0,0.81112,0.97543,0.75503,0.81242
guj,private_calls,0,0.67882,0.98939,0.42460,0.64920
guj,private_calls,0,0.79876,0.05090,0.09319,0.27248
guj,private_calls,0,0.82856,0.22352,0.29612,0.45950
guj,private_calls,0,0.01985,0.00371,0.00574,0.00587
guj,private_calls,1,0.98232,0.98202,0.55584,0.82142
guj,private_calls,1,0.90422,0.82514,0.29534,0.38633
guj,private_calls,1,0.66141,0.01943,0.02404,0.02589
guj,private_calls,1,0.93083,0.99176,0.95034,0.95342
guj,private_calls,0,0.26424,0.00376,0.00723,0.01009
guj,private_calls,1,0.94249,0.99126,0.64701,0.87060
guj,private_calls,0,0.08003,0.00443,0.01812,0.01873
guj,private_calls,1,0.96047,0.97715,0.04216,0.11890
guj,private_calls,1,0.97499,0.98843,0.30742,0.46672
guj,private_calls,1,0.93574,0.99201,0.34673,0.40273
guj,private_calls,1,0.96604,0.99241,0.98466,0.98986
guj,private_calls,1,0.97684,0.98565,0.50621,0.55256
guj,private_calls,1,0.94031,0.94694,0.21265,0.41054
guj,private_calls,0,0.98090,0.12622,0.17135,0.28680
guj,private_calls,1,0.98599,0.99238,0.98058,0.97502
guj,private_calls,1,0.98162,0.99185,0.95369,0.96609
guj,private_calls,1,0.97194,0.99217,0.97094,0.98292
guj,private_calls,1,0.03953,0.00420,0.05998,0.13849
guj,private_calls,1,0.96731,0.99132,0.97052,0.97431
guj,private_calls,1,0.97684,0.57354,0.80434,0.91877
guj,private_calls,1,0.97771,0.99037,0.86263,0.93818
guj,private_calls,1,0.95895,0.99178,0.53705,0.75788
guj,private_calls,0,0.98015,0.00404,0.01174,0.01128
guj,private_calls,1,0.88171,0.99139,0.72248,0.94148
guj,private_calls,0,0.93333,0.82522,0.13271,0.28656
guj,private_calls,1,0.98652,0.01951,0.02026,0.02844
guj,private_calls,0,0.72017,0.03001,0.03786,0.04900
guj,private_calls,1,0.95228,0.99211,0.50736,0.44364
guj,private_calls,1,0.92559,0.99203,0.83410,0.79389
guj,private_calls,1,0.91083,0.54866,0.06112,0.11911
guj,private_calls,0,0.92283,0.98499,0.36545,0.58503
guj,private_calls,1,0.91703,0.99213,0.53853,0.69961
guj,private_calls,0,0.27983,0.00364,0.00722,0.00751
guj,private_calls,0,0.85476,0.00426,0.03482,0.07114
guj,private_calls,1,0.97593,0.98873,0.90261,0.96347
guj,private_calls,1,0.97299,0.99166,0.50997,0.78655
guj,private_calls,1,0.98426,0.99177,0.91469,0.95170
guj,private_calls,0,0.94458,0.98772,0.07555,0.29771
guj,private_calls,1,0.98015,0.99207,0.97984,0.98646
guj,private_calls,0,0.97937,0.35866,0.25885,0.06801
guj,private_calls,0,0.18292,0.00374,0.00876,0.01712
guj,private_calls,0,0.93333,0.78941,0.14917,0.28361
guj,private_calls,1,0.98426,0.99229,0.97808,0.98183
guj,private_calls,0,0.95573,0.81049,0.08798,0.09071
guj,private_calls,0,0.00549,0.00366,0.00660,0.00499
guj,private_calls,0,0.95403,0.05374,0.08775,0.15251
guj,private_calls,0,0.81112,0.00391,0.06403,0.10779
guj,private_calls,0,0.94661,0.00598,0.07440,0.10253
guj,private_calls,0,0.33859,0.00401,0.02800,0.04235
guj,private_calls,1,0.97771,0.98853,0.84802,0.90475
guj,private_calls,1,0.96604,0.99233,0.97402,0.98240
guj,private_calls,1,0.98232,0.99089,0.79236,0.89227
guj,private_calls,1,0.95403,0.99227,0.97473,0.98163
guj,private_calls,1,0.77224,0.99165,0.98841,0.99029
guj,private_calls,1,0.92559,0.01958,0.02832,0.12320
guj,private_calls,0,0.06194,0.92255,0.13233,0.13100
guj,private_calls,1,0.67017,0.00416,0.03531,0.20806
guj,private_calls,0,0.74335,0.49883,0.03776,0.10824
guj,private_calls,1,0.67017,0.99187,0.74109,0.84356
guj,private_calls,0,0.83947,0.98311,0.09812,0.69441
guj,private_calls,1,0.72804,0.98894,0.84444,0.96011
guj,private_calls,0,0.44119,0.00383,0.02444,0.12966
guj,private_calls,0,0.93806,0.94422,0.21930,0.77926
guj,private_calls,0,0.39335,0.96953,0.68417,0.88755
guj,private_calls,0,0.39335,0.00400,0.00888,0.00845
guj,private_calls,0,0.38399,0.97831,0.24297,0.56669
guj,private_calls,0,0.98162,0.59697,0.40546,0.89132
guj,private_calls,0,0.63447,0.94080,0.21896,0.64283
guj,private_calls,1,0.05969,0.00393,0.02599,0.05977
guj,private_calls,0,0.15530,0.97071,0.09463,0.25528
guj,private_calls,0,0.90758,0.01468,0.02265,0.02618
guj,private_calls,1,0.62528,0.00577,0.04701,0.03395
guj,private_calls,0,0.88968,0.00406,0.01371,0.01426
guj,private_calls,0,0.75809,0.03853,0.05087,0.12694
guj,private_calls,0,0.52951,0.98590,0.74429,0.79451
guj,private_calls,1,0.82290,0.06239,0.06429,0.15577
guj,private_calls,0,0.84470,0.00391,0.01256,0.02168
guj,private_calls,0,0.07717,0.00705,0.02128,0.05036
guj,private_calls,1,0.57813,0.51407,0.06779,0.18579
guj,private_calls,0,0.96731,0.01313,0.03342,0.04453
guj,private_calls,0,0.87325,0.99042,0.24017,0.30676
guj,private_calls,0,0.89718,0.00409,0.01826,0.01767
guj,private_calls,0,0.96335,0.00660,0.03406,0.17255
guj,private_calls,0,0.95045,0.00386,0.01726,0.01528
guj,private_calls,0,0.25665,0.00395,0.02409,0.01867
guj,private_calls,1,0.80502,0.98754,0.59466,0.79970
guj,private_calls,1,0.96604,0.99181,0.93769,0.95512
guj,private_calls,0,0.98090,0.99214,0.83189,0.90540
guj,private_calls,0,0.96047,0.02298,0.02878,0.11827
guj,private_calls,0,0.09924,0.00394,0.01252,0.01548
guj,private_calls,0,0.41230,0.00651,0.02607,0.03664
guj,private_calls,0,0.93574,0.00440,0.04899,0.08005
guj,private_calls,1,0.95573,0.21728,0.13096,0.60336
guj,private_calls,1,0.93806,0.99008,0.92322,0.91099
guj,private_calls,1,0.96194,0.99208,0.88721,0.97086
guj,private_calls,0,0.25665,0.00949,0.06179,0.06116
guj,private_calls,0,0.93333,0.05298,0.09182,0.13993
guj,private_calls,0,0.82290,0.08172,0.09194,0.11569
guj,private_calls,1,0.96853,0.97864,0.57290,0.81592
guj,private_calls,1,0.70402,0.99164,0.76525,0.94031
guj,private_calls,1,0.81708,0.00396,0.02727,0.07780
guj,private_calls,1,0.89718,0.98631,0.49302,0.67550
guj,private_calls,1,0.86427,0.99038,0.36256,0.72924
guj,private_calls,1,0.98232,0.99222,0.97128,0.98386
guj,private_calls,1,0.67017,0.00445,0.01365,0.01451
guj,private_calls,1,0.97771,0.95759,0.82892,0.96471
guj,private_calls,1,0.96731,0.17030,0.08331,0.16189
guj,private_calls,1,0.92559,0.99156,0.20912,0.30687
guj,private_calls,0,0.96731,0.38568,0.07746,0.13160
guj,private_calls,0,0.60665,0.00470,0.00852,0.01575
guj,private_calls,0,0.01574,0.00393,0.00739,0.00996
guj,private_calls,1,0.97684,0.98969,0.78390,0.90936
guj,private_calls,0,0.97299,0.97053,0.51051,0.72464
guj,private_calls,1,0.97593,0.93016,0.16249,0.16772
guj,private_calls,1,0.96047,0.99076,0.69079,0.90882
guj,private_calls,0,0.96971,0.77579,0.26324,0.66999
guj,private_calls,1,0.97855,0.99165,0.42253,0.62970
guj,private_calls,1,0.92283,0.19605,0.02538,0.03813
guj,private_calls,0,0.95403,0.00399,0.01500,0.01828
guj,private_calls,0,0.94249,0.00471,0.03114,0.04607
guj,private_calls,1,0.74335,0.99218,0.98382,0.98287
guj,private_calls,0,0.96194,0.00434,0.01792,0.02650
guj,private_calls,0,0.94661,0.00412,0.00831,0.00896
guj,private_calls,0,0.46069,0.00437,0.00881,0.01291
guj,private_calls,1,0.97401,0.99105,0.62247,0.81003
guj,private_calls,0,0.97299,0.98490,0.21465,0.34570
guj,private_calls,1,0.97684,0.99186,0.95486,0.97303
guj,private_calls,0,0.01768,0.00394,0.00703,0.00829
guj,private_calls,0,0.88968,0.00394,0.00771,0.00820
guj,private_calls,1,0.47049,0.99142,0.92483,0.97902
guj,private_calls,1,0.96194,0.99172,0.70249,0.89848
guj,private_calls,1,0.95045,0.99160,0.80243,0.89442
guj,private_calls,0,0.93806,0.84100,0.04034,0.05693
guj,private_calls,0,0.43151,0.00392,0.00703,0.00818
guj,private_calls,1,0.93806,0.84425,0.27126,0.41949
guj,private_calls,0,0.96335,0.98679,0.20659,0.17983
guj,private_calls,0,0.75809,0.97691,0.03498,0.08567
guj,private_calls,1,0.94857,0.88525,0.28421,0.67492
guj,private_calls,0,0.47049,0.00453,0.01251,0.01890
guj,private_calls,0,0.02316,0.00394,0.00644,0.00520
guj,private_calls,0,0.75079,0.00395,0.00752,0.00806
guj,private_calls,0,0.77224,0.98240,0.14308,0.46003
guj,private_calls,1,0.95573,0.99055,0.25579,0.38911
guj,private_calls,0,0.47049,0.99182,0.66961,0.77747
guj,private_calls,1,0.96472,0.02834,0.05124,0.14330
guj,private_calls,1,0.92559,0.99184,0.98629,0.98928
guj,private_calls,1,0.96335,0.98991,0.87765,0.95718
guj,private_calls,1,0.43151,0.01167,0.13563,0.34887
guj,private_calls,0,0.96853,0.96783,0.09748,0.12123
guj,private_calls,1,0.95403,0.98552,0.50792,0.70158
guj,private_calls,1,0.97593,0.99051,0.61094,0.77282
guj,private_calls,1,0.98162,0.00432,0.02630,0.04126
guj,private_calls,1,0.97299,0.98975,0.91231,0.90876
guj,private_calls,0,0.52951,0.00408,0.01217,0.01595
guj,private_calls,1,0.95737,0.98880,0.68258,0.88391
guj,private_calls,0,0.87754,0.91918,0.01435,0.01589
guj,private_calls,1,0.97593,0.99175,0.30979,0.47745
guj,private_calls,0,0.82856,0.00390,0.00821,0.00969
guj,private_calls,0,0.72804,0.00395,0.01658,0.03549
guj,private_calls,1,0.47049,0.00439,0.03497,0.05991
guj,private_calls,1,0.62528,0.00542,0.05636,0.05986
guj,private_calls,1,0.94458,0.76040,0.24955,0.29571
guj,private_calls,0,0.91703,0.01408,0.07490,0.13754
guj,private_calls,0,0.92825,0.03181,0.09044,0.14900
guj,private_calls,0,0.97855,0.81406,0.13670,0.24067
guj,private_calls,1,0.75809,0.99196,0.36935,0.44382
guj,private_calls,1,0.96335,0.98773,0.20653,0.19238
guj,private_calls,0,0.76524,0.00638,0.02272,0.02644
guj,private_calls,0,0.01636,0.00388,0.00590,0.00445
guj,private_calls,0,0.95573,0.00582,0.05324,0.07490
guj,private_calls,1,0.93083,0.06114,0.12942,0.16236
guj,private_calls,0,0.84470,0.92147,0.05913,0.06882
guj,private_calls,1,0.35645,0.98606,0.11968,0.27780
guj,private_calls,1,0.98015,0.00446,0.04054,0.04682
guj,private_calls,1,0.85958,0.00613,0.05728,0.10474
guj,private_calls,0,0.13573,0.98054,0.03072,0.03954
guj,private_calls,1,0.54908,0.98421,0.10182,0.19324
guj,private_calls,0,0.93806,0.01348,0.03000,0.09264
guj,private_calls,0,0.63447,0.00381,0.00710,0.00853
guj,private_calls,1,0.95045,0.17130,0.05940,0.05698
guj,private_calls,1,0.98232,0.79094,0.13471,0.16945
guj,private_calls,1,0.96731,0.99196,0.32869,0.58674
guj,private_calls,0,0.01154,0.00391,0.01266,0.01197
guj,private_calls,1,0.97084,0.98339,0.20337,0.46381
guj,private_calls,0,0.01574,0.00388,0.00731,0.00703
guj,private_calls,0,0.86427,0.00381,0.00748,0.00808
guj,private_calls,1,0.96604,0.96257,0.44883,0.83938
guj,private_calls,1,0.93083,0.98915,0.62200,0.83221
guj,private_calls,1,0.54908,0.00550,0.05653,0.10535
guj,private_calls,1,0.63447,0.03207,0.04083,0.08524
guj,private_calls,1,0.84470,0.98571,0.74520,0.77688
guj,private_calls,0,0.02599,0.00384,0.00902,0.00981
guj,private_calls,1,0.96194,0.98062,0.41024,0.77605
guj,private_calls,0,0.67017,0.00382,0.00871,0.00728
guj,private_calls,1,0.89718,0.98555,0.39553,0.61192
guj,private_calls,1,0.96472,0.99132,0.93225,0.94885
guj,private_calls,1,0.95895,0.99114,0.19788,0.28180
guj,private_calls,0,0.96971,0.00604,0.09898,0.46851
guj,private_calls,0,0.94458,0.00562,0.01366,0.01562
guj,private_calls,1,0.95573,0.00611,0.05176,0.10983
guj,private_calls,0,0.88576,0.73547,0.04992,0.15022
guj,private_calls,0,0.59721,0.83398,0.12699,0.14882
guj,private_calls,0,0.96472,0.00390,0.01127,0.01203
guj,private_calls,0,0.96853,0.24802,0.06101,0.30225
guj,private_calls,0,0.98015,0.97211,0.22685,0.76056
guj,private_calls,0,0.70402,0.00387,0.01231,0.01157
guj,private_calls,0,0.98364,0.81172,0.05497,0.09215
guj,private_calls,0,0.94857,0.00390,0.01082,0.01656
guj,private_calls,1,0.53931,0.02098,0.03589,0.10147
guj,private_calls,0,0.95228,0.00384,0.00876,0.01196
guj,private_calls,1,0.96472,0.69504,0.43055,0.65334
guj,private_calls,0,0.97401,0.98606,0.50365,0.41215
guj,private_calls,1,0.97684,0.79503,0.36435,0.57193
guj,private_calls,0,0.96335,0.98545,0.07640,0.06704
guj,private_calls,0,0.98015,0.15523,0.19253,0.29620
guj,private_calls,0,0.81708,0.00395,0.01651,0.02483
guj,private_calls,0,0.93574,0.00409,0.01811,0.02607
guj,private_calls,0,0.29598,0.00402,0.01974,0.03693
guj,private_calls,1,0.97593,0.96869,0.45972,0.52679
guj,private_calls,1,0.98090,0.99187,0.86956,0.95546
guj,private_calls,1,0.91398,0.97651,0.54341,0.82710
guj,private_calls,1,0.96472,0.99041,0.83435,0.88926
guj,private_calls,1,0.97855,0.98969,0.56299,0.88812
guj,private_calls,0,0.26424,0.00446,0.01581,0.02352
guj,private_calls,1,0.97299,0.96455,0.25460,0.47692
guj,private_calls,1,0.86882,0.00482,0.02022,0.04578
guj,private_calls,0,0.89718,0.00387,0.00872,0.01308
guj,private_calls,0,0.97299,0.09179,0.05582,0.06501
guj,private_calls,1,0.90758,0.02999,0.05359,0.09064
guj,private_calls,0,0.95573,0.00751,0.02981,0.08227
guj,private_calls,0,0.98015,0.99028,0.75204,0.90365
guj,private_calls,0,0.97194,0.01097,0.03483,0.04341
guj,private_calls,1,0.98704,0.98669,0.40131,0.45972
guj,private_calls,1,0.98426,0.35101,0.04360,0.06898
guj,private_calls,0,0.97401,0.01157,0.02446,0.03158
guj,private_calls,1,0.98015,0.01384,0.07743,0.22348
guj,private_calls,0,0.93806,0.02021,0.05099,0.07870
guj,private_calls,0,0.67017,0.98180,0.05535,0.06781
guj,private_calls,0,0.25665,0.00386,0.00759,0.01330
guj,private_calls,0,0.95895,0.01694,0.04957,0.07947
guj,private_calls,1,0.93083,0.91696,0.08506,0.13595
guj,private_calls,1,0.94249,0.98103,0.67314,0.86759
guj,private_calls,1,0.98599,0.00974,0.04810,0.05661
guj,private_calls,0,0.94661,0.00464,0.01610,0.02114
guj,private_calls,1,0.89718,0.00424,0.03530,0.07242
guj,private_calls,0,0.96335,0.89196,0.01887,0.02991
guj,private_calls,1,0.96731,0.94046,0.15819,0.38211
guj,private_calls,1,0.90076,0.08136,0.14898,0.32419
guj,private_calls,1,0.30425,0.00467,0.05946,0.07393
guj,private_calls,1,0.28784,0.97998,0.07360,0.07464
guj,private_calls,1,0.82290,0.06288,0.07351,0.08366
guj,private_calls,1,0.75809,0.98777,0.72320,0.86392
guj,private_calls,1,0.98426,0.52006,0.14709,0.30841
guj,private_calls,1,0.96604,0.98806,0.84928,0.92825
guj,private_calls,0,0.84470,0.00393,0.01286,0.01658
guj,private_calls,0,0.55881,0.23247,0.01625,0.01840
guj,private_calls,0,0.34747,0.00389,0.01278,0.01401
guj,private_calls,0,0.02229,0.07113,0.06468,0.10835
guj,private_calls,0,0.64355,0.99021,0.52393,0.72105
guj,private_calls,0,0.58770,0.00390,0.00480,0.00317
guj,private_calls,0,0.86427,0.00391,0.01064,0.01952
guj,private_calls,1,0.10282,0.05366,0.06780,0.08525
guj,private_calls,1,0.73576,0.98383,0.61118,0.73621
guj,private_calls,1,0.60665,0.00772,0.16372,0.30975
guj,private_calls,0,0.92559,0.00410,0.02525,0.02410
guj,private_calls,1,0.70402,0.98888,0.45704,0.49579
guj,private_calls,1,0.43151,0.44142,0.06347,0.05316
guj,private_calls,0,0.67882,0.42005,0.18328,0.16350
guj,private_calls,0,0.71216,0.00395,0.02008,0.02153
guj,private_calls,0,0.57813,0.00428,0.01737,0.02194
guj,private_calls,1,0.04772,0.00433,0.01896,0.02490
guj,private_calls,1,0.91997,0.01391,0.06083,0.08522
guj,private_calls,0,0.05969,0.98721,0.13702,0.13808
guj,private_calls,1,0.63447,0.98584,0.21476,0.28343
guj,private_calls,0,0.66141,0.02468,0.01730,0.02466
guj,private_calls,1,0.22776,0.99065,0.32643,0.43684
guj,private_calls,0,0.91703,0.00385,0.01275,0.01779
guj,private_calls,0,0.05542,0.00418,0.01923,0.02305
guj,private_calls,1,0.81112,0.98310,0.63433,0.83342
guj,private_calls,1,0.97401,0.99193,0.94934,0.95561
guj,private_calls,1,0.94031,0.99192,0.56877,0.65273
guj,private_calls,0,0.16053,0.00388,0.02209,0.02535
guj,private_calls,1,0.57813,0.97132,0.58917,0.47928
guj,private_calls,1,0.96335,0.45194,0.11620,0.22943
guj,private_calls,1,0.33859,0.67734,0.09754,0.10867
guj,private_calls,1,0.79876,0.97088,0.35416,0.40111
guj,private_calls,1,0.70402,0.00409,0.03462,0.06419
guj,private_calls,0,0.92559,0.00405,0.01479,0.01630
guj,private_calls,0,0.23476,0.00384,0.00720,0.00847
guj,private_calls,0,0.27983,0.00392,0.00891,0.01004
guj,private_calls,0,0.93333,0.00400,0.02187,0.02637
guj,private_calls,1,0.93083,0.96842,0.32645,0.31353
guj,private_calls,1,0.88171,0.26825,0.11177,0.20548
guj,private_calls,1,0.93083,0.84863,0.19789,0.28232
guj,private_calls,0,0.95737,0.98823,0.71380,0.71669
guj,private_calls,0,0.01247,0.00384,0.00486,0.00327
guj,private_calls,0,0.95895,0.98735,0.71636,0.93224
guj,private_calls,1,0.79876,0.88570,0.25241,0.50198
guj,private_calls,0,0.95737,0.00381,0.01333,0.02497
guj,private_calls,0,0.23476,0.00382,0.00542,0.00524
guj,private_calls,0,0.45092,0.00492,0.05997,0.46946
guj,private_calls,0,0.04597,0.00378,0.00673,0.01754
guj,private_calls,1,0.90758,0.54700,0.29052,0.38611
guj,private_calls,0,0.83947,0.99153,0.96224,0.97739
guj,private_calls,1,0.81708,0.99168,0.91250,0.96670
guj,private_calls,1,0.28784,0.00959,0.05118,0.20756
guj,private_calls,1,0.03528,0.00386,0.00578,0.00712
guj,private_calls,1,0.01701,0.00393,0.00655,0.01591
guj,private_calls,0,0.04955,0.01568,0.05697,0.60697
guj,private_calls,0,0.02407,0.00377,0.00829,0.01142
guj,private_calls,1,0.97084,0.99221,0.59513,0.62246
guj,private_calls,0,0.96971,0.00416,0.02700,0.06062
guj,private_calls,0,0.66141,0.00452,0.02278,0.02156
guj,private_calls,1,0.83409,0.00426,0.02435,0.04003
guj,private_calls,1,0.06194,0.09472,0.07015,0.08510
guj,private_calls,0,0.92283,0.98087,0.29992,0.45854
guj,private_calls,0,0.91398,0.97147,0.12534,0.33598
guj,private_calls,0,0.93806,0.00740,0.02554,0.04557
guj,private_calls,1,0.93806,0.96364,0.31991,0.72151
guj,private_calls,0,0.98299,0.98779,0.65573,0.85080
guj,private_calls,0,0.95045,0.00572,0.03260,0.06458
guj,private_calls,0,0.95737,0.97911,0.08406,0.19227
guj,private_calls,0,0.97855,0.00386,0.00727,0.00879
guj,private_calls,1,0.93574,0.98981,0.89222,0.94382
guj,private_calls,0,0.97299,0.01739,0.20943,0.21762
guj,private_calls,0,0.50985,0.00438,0.03151,0.09000
guj,private_calls,0,0.87325,0.00386,0.00870,0.01345
guj,private_calls,1,0.96971,0.11161,0.03372,0.06776
guj,private_calls,1,0.94249,0.98767,0.70531,0.92766
guj,private_calls,0,0.24921,0.00377,0.00587,0.00534
guj,private_calls,0,0.55881,0.00381,0.00730,0.00874
guj,private_calls,0,0.89718,0.00388,0.00770,0.01040
guj,private_calls,0,0.97855,0.36260,0.02739,0.08072
guj,private_calls,0,0.96604,0.97804,0.40767,0.63472
guj,private_calls,1,0.97593,0.99160,0.90060,0.91242
guj,private_calls,1,0.98162,0.99144,0.87195,0.92858
guj,private_calls,0,0.60665,0.00478,0.04607,0.08859
guj,private_calls,0,0.01574,0.00380,0.00606,0.00835
guj,private_calls,0,0.93574,0.00381,0.00858,0.00935
guj,private_calls,0,0.20124,0.00393,0.02971,0.05637
guj,private_calls,0,0.28784,0.00401,0.01376,0.03323
guj,private_calls,0,0.13118,0.05376,0.07185,0.07465
guj,private_calls,0,0.97593,0.98360,0.84619,0.81990
guj,private_calls,0,0.72017,0.00378,0.00650,0.00812
guj,private_calls,0,0.95895,0.00569,0.01685,0.03772
guj,private_calls,1,0.98090,0.98770,0.80524,0.94846
guj,private_calls,0,0.00694,0.00381,0.00519,0.00407
guj,private_calls,1,0.96604,0.99190,0.95840,0.97211
guj,private_calls,0,0.06194,0.00371,0.00753,0.00945
guj,private_calls,1,0.98299,0.97656,0.81909,0.83609
guj,private_calls,1,0.08003,0.00380,0.00862,0.00872
guj,private_calls,1,0.90422,0.01375,0.06881,0.10610
guj,private_calls,1,0.94857,0.99088,0.97413,0.98031
guj,private_calls,1,0.93574,0.99033,0.93868,0.95973
guj,private_calls,0,0.02063,0.00376,0.00557,0.00409
guj,private_calls,0,0.32118,0.00376,0.00583,0.00483
guj,private_calls,0,0.96335,0.99208,0.97957,0.98279
guj,private_calls,0,0.03528,0.00370,0.00672,0.00847
guj,private_calls,1,0.11829,0.99206,0.92504,0.95631
guj,private_calls,0,0.54908,0.00442,0.05828,0.06016
guj,private_calls,0,0.93806,0.15511,0.01086,0.01259
guj,private_calls,1,0.92559,0.99189,0.96543,0.96730
guj,private_calls,0,0.00913,0.00370,0.00583,0.00437
guj,private_calls,1,0.95573,0.99057,0.60998,0.36873
guj,private_calls,1,0.96971,0.92330,0.22009,0.29155
guj,private_calls,1,0.97684,0.98920,0.50357,0.53922
guj,private_calls,0,0.92559,0.00387,0.01478,0.02827
guj,private_calls,0,0.10651,0.00371,0.01525,0.03987
guj,private_calls,1,0.83409,0.67554,0.04400,0.17700
guj,private_calls,1,0.97084,0.99108,0.96991,0.97997
guj,private_calls,0,0.61601,0.00425,0.00986,0.01420
guj,private_calls,1,0.94661,0.98970,0.91570,0.97605
guj,private_calls,0,0.61601,0.00390,0.01759,0.03723
guj,private_calls,1,0.82290,0.95238,0.37117,0.95859
guj,private_calls,0,0.82290,0.96896,0.07170,0.12995
guj,private_calls,0,0.88171,0.00384,0.00932,0.00981
guj,private_calls,1,0.90422,0.01406,0.02894,0.04926
guj,private_calls,0,0.00913,0.00375,0.00789,0.01008
guj,private_calls,0,0.97194,0.99083,0.86473,0.95130
guj,private_calls,0,0.94857,0.98825,0.12625,0.17594
guj,private_calls,0,0.02145,0.00381,0.01812,0.03636
guj,private_calls,1,0.96853,0.27863,0.15250,0.69267
guj,private_calls,1,0.93083,0.99101,0.67242,0.94486
guj,private_calls,0,0.91703,0.19097,0.20925,0.23274
guj,private_calls,0,0.96047,0.99143,0.77144,0.90493
guj,private_calls,1,0.97299,0.98913,0.61470,0.84659
guj,private_calls,0,0.50985,0.00386,0.01272,0.01207
guj,private_calls,0,0.42187,0.00384,0.01382,0.01406
guj,private_calls,1,0.81708,0.99181,0.53698,0.76361
guj,private_calls,0,0.30425,0.00370,0.00610,0.00600
guj,private_calls,0,0.88576,0.02523,0.02951,0.02022
guj,private_calls,0,0.87325,0.00377,0.00659,0.00528
guj,private_calls,1,0.97194,0.99127,0.57627,0.68625
guj,private_calls,0,0.06667,0.00373,0.01016,0.01674
guj,private_calls,0,0.03147,0.00376,0.00634,0.00634
guj,private_calls,0,0.29598,0.00370,0.00794,0.01179
guj,private_calls,1,0.97684,0.99167,0.98126,0.98492
guj,private_calls,1,0.92825,0.90965,0.61480,0.85083
guj,private_calls,1,0.89718,0.98817,0.90774,0.94673
guj,private_calls,1,0.93574,0.98783,0.97465,0.98220
guj,private_calls,1,0.49015,0.00519,0.14142,0.22777
guj,private_calls,1,0.15530,0.00372,0.00909,0.01495
guj,private_calls,1,0.93806,0.20187,0.27203,0.59274
guj,private_calls,0,0.00878,0.00375,0.00586,0.00525
guj,private_calls,0,0.45092,0.98947,0.21508,0.25911
guj,private_calls,0,0.88576,0.26679,0.28586,0.39776
guj,private_calls,1,0.98426,0.99227,0.96332,0.97663
guj,private_calls,0,0.23476,0.00368,0.00666,0.00757
guj,private_calls,0,0.78580,0.00562,0.01293,0.02622
guj,private_calls,1,0.98090,0.98970,0.94197,0.97242
guj,private_calls,1,0.65253,0.98957,0.59187,0.84957
guj,private_calls,0,0.00594,0.00375,0.00577,0.00490
guj,private_calls,1,0.96604,0.01529,0.03929,0.14035
guj,private_calls,0,0.01401,0.00372,0.00583,0.00456
guj,private_calls,0,0.96047,0.96870,0.71269,0.93330
guj,private_calls,1,0.96472,0.99028,0.80891,0.94210
guj,private_calls,0,0.02407,0.00411,0.01058,0.01906
guj,private_calls,1,0.11032,0.99037,0.72823,0.91852
guj,private_calls,0,0.67017,0.00399,0.01285,0.02609
guj,private_calls,1,0.96047,0.95230,0.41405,0.85888
guj,private_calls,1,0.96335,0.99120,0.87812,0.95800
guj,private_calls,0,0.15020,0.00389,0.00867,0.00947
guj,private_calls,1,0.94857,0.99191,0.98584,0.98881
guj,private_calls,0,0.01574,0.00383,0.00647,0.00882
guj,private_calls,1,0.98299,0.99158,0.92738,0.94435
guj,private_calls,1,0.85958,0.00470,0.04371,0.19283
guj,private_calls,1,0.82856,0.98390,0.84720,0.95665
guj,private_calls,1,0.90758,0.25236,0.07330,0.21895
guj,private_calls,1,0.94249,0.68095,0.10417,0.33081
guj,private_calls,0,0.90422,0.53981,0.42154,0.58528
guj,private_calls,1,0.80502,0.98963,0.55985,0.80936
guj,private_calls,0,0.96853,0.99120,0.74203,0.89101
guj,private_calls,1,0.97084,0.94717,0.54513,0.67103
guj,private_calls,1,0.77224,0.98953,0.55661,0.89840
guj,private_calls,1,0.86427,0.97122,0.36867,0.55637
guj,private_calls,1,0.83947,0.99184,0.81963,0.91913
guj,private_calls,0,0.98090,0.01017,0.00875,0.01396
guj,private_calls,1,0.95737,0.00411,0.05888,0.17390
guj,private_calls,1,0.96604,0.98970,0.81897,0.95474
guj,private_calls,1,0.92825,0.99168,0.48581,0.50826
guj,private_calls,0,0.16591,0.08172,0.05349,0.05272
guj,private_calls,1,0.94661,0.98868,0.90392,0.95487
guj,private_calls,0,0.26424,0.00436,0.01717,0.04021
guj,private_calls,0,0.55881,0.00471,0.02766,0.04750
guj,private_calls,0,0.96971,0.74032,0.10136,0.16460
guj,private_calls,1,0.96472,0.99257,0.96975,0.98090
guj,private_calls,1,0.06917,0.00464,0.01269,0.02029
guj,private_calls,1,0.94857,0.99018,0.48698,0.68051
guj,private_calls,1,0.98364,0.99228,0.97670,0.98876
guj,private_calls,0,0.96194,0.85680,0.39612,0.66908
guj,private_calls,0,0.02145,0.00385,0.00799,0.00893
guj,private_calls,0,0.89349,0.99190,0.96139,0.96336
guj,private_calls,0,0.50000,0.00404,0.01448,0.01723
guj,private_calls,1,0.93333,0.99145,0.96220,0.98155
guj,private_calls,0,0.80502,0.00671,0.01667,0.03974
guj,private_calls,1,0.95737,0.98976,0.67744,0.82143
guj,private_calls,1,0.93333,0.99127,0.49965,0.65745
guj,private_calls,1,0.84980,0.02927,0.03718,0.09945
guj,private_calls,0,0.13573,0.02894,0.05695,0.11739
guj,private_calls,0,0.97084,0.99204,0.49454,0.59821
guj,private_calls,1,0.96731,0.98993,0.67112,0.79766
guj,private_calls,1,0.90758,0.99029,0.95815,0.97733
guj,private_calls,1,0.94458,0.99157,0.05450,0.25289
guj,private_calls,1,0.82290,0.99114,0.82255,0.83542
guj,private_calls,0,0.94661,0.00436,0.03339,0.07096
guj,private_calls,1,0.97499,0.99109,0.81498,0.91474
guj,private_calls,0,0.91083,0.11182,0.04926,0.07374
guj,private_calls,0,0.01701,0.00389,0.00555,0.00447
guj,private_calls,0,0.30425,0.00386,0.00562,0.00539
guj,private_calls,1,0.76524,0.96088,0.47771,0.90380
guj,private_calls,1,0.95737,0.98621,0.65316,0.86971
guj,private_calls,0,0.46069,0.08798,0.00937,0.00733
guj,private_calls,1,0.94031,0.99207,0.86607,0.91226
guj,private_calls,1,0.56849,0.02027,0.01354,0.01510
guj,private_calls,0,0.90422,0.99085,0.96497,0.98232
guj,private_calls,0,0.93574,0.00389,0.00820,0.01165
guj,private_calls,1,0.97771,0.99181,0.95238,0.97268
guj,private_calls,1,0.98801,0.99220,0.95953,0.98055
guj,private_calls,1,0.85958,0.87582,0.74181,0.87767
guj,private_calls,1,0.97194,0.96175,0.77709,0.91411
guj,private_calls,0,0.79235,0.00385,0.00625,0.00554
guj,private_calls,0,0.32118,0.00385,0.00680,0.00933
guj,private_calls,1,0.91083,0.99201,0.95691,0.97347
guj,private_calls,1,0.95737,0.91780,0.08857,0.15103
guj,private_calls,1,0.89349,0.98523,0.68700,0.90340
guj,private_calls,0,0.95228,0.00436,0.00978,0.03310
guj,private_calls,0,0.09242,0.00396,0.01142,0.01252
guj,private_calls,0,0.00751,0.00383,0.00733,0.00841
guj,private_calls,0,0.85476,0.00382,0.00864,0.01154
guj,private_calls,1,0.95573,0.00389,0.01093,0.01886
guj,private_calls,0,0.79235,0.00818,0.06436,0.06629
guj,private_calls,0,0.67882,0.96039,0.36336,0.59145
guj,private_calls,1,0.97299,0.99142,0.45098,0.33418
guj,private_calls,0,0.95573,0.00424,0.03313,0.03474
guj,private_calls,1,0.98090,0.99161,0.97192,0.97940
guj,private_calls,1,0.92283,0.98965,0.79877,0.93664
guj,private_calls,1,0.94857,0.99238,0.99063,0.99159
guj,private_calls,0,0.97194,0.99168,0.29565,0.24443
guj,private_calls,0,0.92559,0.00386,0.00852,0.01077
guj,private_calls,0,0.94458,0.99100,0.22778,0.44613
guj,private_calls,0,0.81112,0.00394,0.01284,0.01985
guj,private_calls,0,0.00549,0.00379,0.00713,0.00639
guj,private_calls,1,0.82290,0.98844,0.49754,0.63820
guj,private_calls,0,0.96472,0.00410,0.00849,0.01013
guj,private_calls,1,0.84980,0.99077,0.79986,0.91413
guj,private_calls,1,0.83409,0.98564,0.75695,0.88692
guj,private_calls,1,0.71216,0.99239,0.81446,0.80634
guj,private_calls,0,0.22776,0.00426,0.01487,0.03538
guj,private_calls,1,0.75809,0.98964,0.71721,0.87483
guj,private_calls,1,0.81112,0.98592,0.94155,0.97507
guj,private_calls,0,0.61601,0.00978,0.05496,0.09683
guj,private_calls,0,0.95737,0.00459,0.00793,0.00699
guj,private_calls,1,0.97299,0.97255,0.81207,0.93204
guj,private_calls,1,0.94249,0.99188,0.96488,0.98037
guj,private_calls,1,0.95737,0.95450,0.43329,0.85352
guj,private_calls,1,0.78580,0.00902,0.01372,0.01457
guj,private_calls,1,0.97499,0.99124,0.61865,0.80598
guj,private_calls,1,0.98543,0.98008,0.45087,0.89667
guj,private_calls,1,0.90422,0.98827,0.07251,0.20540
guj,private_calls,0,0.81112,0.98677,0.71481,0.83006
guj,private_calls,1,0.92283,0.00389,0.01807,0.04864
guj,private_calls,0,0.03665,0.00382,0.00734,0.00911
guj,private_calls,0,0.27983,0.00384,0.00696,0.00746
guj,private_calls,0,0.98299,0.99213,0.85818,0.88826
guj,private_calls,1,0.97499,0.99180,0.88176,0.91945
guj,private_calls,1,0.97194,0.99178,0.91553,0.94601
guj,private_calls,1,0.98232,0.99202,0.30253,0.18553
guj,private_calls,0,0.54908,0.00389,0.00777,0.00677
guj,private_calls,1,0.98599,0.99231,0.97447,0.98226
guj,private_calls,0,0.95737,0.98311,0.04705,0.05083
guj,private_calls,0,0.02701,0.00389,0.00688,0.00552
guj,private_calls,1,0.90422,0.98994,0.38102,0.80183
guj,private_calls,1,0.26424,0.91319,0.11218,0.29629
guj,private_calls,1,0.77909,0.15824,0.05232,0.11060
guj,private_calls,1,0.93806,0.98797,0.62699,0.88056
guj,private_calls,0,0.18292,0.00386,0.00848,0.01315
guj,private_calls,1,0.97855,0.99053,0.69079,0.94946
guj,private_calls,1,0.96047,0.99200,0.95997,0.98086
guj,private_calls,1,0.92825,0.98922,0.44048,0.75784
guj,private_calls,1,0.95573,0.99175,0.94029,0.89089
guj,private_calls,0,0.22776,0.00390,0.02108,0.03597
guj,private_calls,1,0.98162,0.99192,0.94404,0.97001
guj,private_calls,1,0.97684,0.99242,0.87543,0.92520
guj,private_calls,1,0.97499,0.99220,0.97147,0.98455
guj,private_calls,0,0.90076,0.10683,0.07774,0.07599
guj,private_calls,0,0.96604,0.00398,0.00952,0.01363
guj,private_calls,1,0.94857,0.99037,0.16378,0.56556
guj,private_calls,0,0.00812,0.00375,0.00642,0.00655
guj,private_calls,1,0.17144,0.02945,0.02282,0.05323
guj,private_calls,0,0.79876,0.01116,0.07024,0.05831
guj,private_calls,0,0.44119,0.00381,0.01118,0.01089
guj,private_calls,1,0.94661,0.91671,0.16263,0.21501
guj,private_calls,0,0.07175,0.00381,0.00986,0.01057
guj,private_calls,0,0.12246,0.00369,0.00647,0.00911
guj,private_calls,0,0.00913,0.00377,0.00650,0.00688
guj,private_calls,1,0.97299,0.97887,0.26346,0.38710
guj,private_calls,0,0.94249,0.99246,0.92530,0.94642
guj,private_calls,1,0.70402,0.00412,0.01554,0.03002
guj,private_calls,0,0.76524,0.97618,0.45627,0.77564
guj,private_calls,0,0.03269,0.00382,0.01155,0.02225
guj,private_calls,1,0.97771,0.97380,0.91450,0.97563
guj,private_calls,0,0.10282,0.00377,0.00631,0.00579
guj,private_calls,0,0.50985,0.00397,0.01135,0.02339
guj,private_calls,0,0.01910,0.00373,0.00822,0.01211
guj,private_calls,1,0.97299,0.99147,0.76012,0.76026
guj,private_calls,1,0.98232,0.33395,0.45367,0.58967
guj,private_calls,0,0.00949,0.00376,0.00577,0.00443
guj,private_calls,0,0.01636,0.00372,0.00608,0.00597
guj,private_calls,0,0.03147,0.00378,0.00695,0.00828
guj,private_calls,1,0.27983,0.00901,0.02029,0.03496
guj,private_calls,1,0.89718,0.52928,0.09189,0.19070
guj,private_calls,0,0.11829,0.00378,0.00589,0.00545
guj,private_calls,0,0.18292,0.00376,0.00566,0.00663
guj,private_calls,0,0.54908,0.00380,0.00792,0.01597
guj,private_calls,1,0.97194,0.99146,0.70971,0.85750
guj,private_calls,0,0.56849,0.00399,0.01530,0.01912
guj,private_calls,0,0.33859,0.00370,0.01939,0.02442
guj,private_calls,0,0.01109,0.00371,0.01094,0.01577
guj,private_calls,0,0.77909,0.00380,0.00735,0.01025
guj,private_calls,0,0.01026,0.00382,0.00870,0.01135
guj,private_calls,0,0.00642,0.00372,0.00582,0.00566
guj,private_calls,0,0.26424,0.00720,0.05900,0.14862
guj,private_calls,0,0.08917,0.00370,0.00721,0.00866
guj,private_calls,0,0.01026,0.00382,0.01280,0.01882
guj,private_calls,1,0.96047,0.99092,0.92841,0.95892
guj,private_calls,0,0.31265,0.91722,0.14096,0.33475
guj,private_calls,0,0.00618,0.00447,0.01251,0.02247
guj,private_calls,0,0.79235,0.00377,0.00601,0.00633
guj,private_calls,0,0.73576,0.76416,0.01215,0.05654
guj,private_calls,0,0.86427,0.00376,0.01228,0.01157
guj,private_calls,1,0.59721,0.00372,0.01088,0.01527
guj,private_calls,1,0.77909,0.95697,0.14245,0.13677
guj,private_calls,0,0.97299,0.00423,0.01962,0.03079
guj,private_calls,1,0.66141,0.99001,0.87283,0.94485
guj,private_calls,0,0.81112,0.97409,0.85411,0.96689
guj,private_calls,0,0.45092,0.00382,0.00587,0.00511
guj,private_calls,0,0.57813,0.00377,0.00683,0.00830
guj,private_calls,0,0.13118,0.00377,0.00673,0.01088
guj,private_calls,0,0.03953,0.00376,0.01152,0.02742
guj,private_calls,0,0.24191,0.08444,0.05504,0.12572
guj,private_calls,1,0.54908,0.98964,0.74127,0.81958
guj,private_calls,0,0.01910,0.00407,0.01274,0.03219
guj,private_calls,0,0.37472,0.00387,0.01789,0.04872
guj,private_calls,0,0.07717,0.00383,0.01192,0.02388
guj,private_calls,1,0.26424,0.00417,0.02646,0.05418
guj,private_calls,0,0.23476,0.00379,0.00693,0.00699
guj,private_calls,0,0.30425,0.01725,0.06186,0.13600
guj,private_calls,1,0.14042,0.98782,0.64350,0.92064
guj,private_calls,1,0.91703,0.97635,0.71586,0.87451
guj,private_calls,1,0.54908,0.98915,0.42892,0.43839
guj,private_calls,0,0.93806,0.11648,0.02402,0.02342
guj,private_calls,1,0.96472,0.01136,0.05138,0.14137
guj,private_calls,0,0.00722,0.00384,0.00721,0.00702
guj,private_calls,0,0.03147,0.00389,0.00762,0.00928
guj,private_calls,0,0.03665,0.00389,0.01163,0.01235
guj,private_calls,0,0.82856,0.98586,0.07393,0.11732
guj,private_calls,0,0.30425,0.00398,0.00818,0.01680
guj,private_calls,0,0.04427,0.00392,0.01136,0.02640
guj,private_calls,0,0.81708,0.98014,0.63436,0.72807
guj,private_calls,0,0.41230,0.00403,0.00933,0.03176
guj,private_calls,1,0.75809,0.13574,0.63255,0.83094
guj,private_calls,0,0.01401,0.00386,0.00680,0.00717
guj,private_calls,0,0.49015,0.04405,0.07138,0.27870
guj,private_calls,0,0.04597,0.00392,0.01316,0.01845
guj,private_calls,0,0.09242,0.00423,0.02627,0.02785
guj,private_calls,0,0.92825,0.00388,0.01063,0.01496
guj,private_calls,1,0.87754,0.04981,0.01741,0.02542
guj,private_calls,1,0.79876,0.93140,0.47714,0.60893
guj,private_calls,0,0.17710,0.00383,0.00881,0.01411
guj,private_calls,0,0.36553,0.97543,0.11635,0.09444
guj,private_calls,0,0.18888,0.00383,0.01023,0.01029
guj,private_calls,1,0.79235,0.91953,0.23750,0.41844
guj,private_calls,0,0.52951,0.13684,0.26236,0.31674
guj,private_calls,1,0.91398,0.00418,0.01110,0.01024
guj,private_calls,1,0.95228,0.97503,0.22279,0.39171
guj,private_calls,1,0.57813,0.99011,0.94556,0.97180
guj,private_calls,1,0.90076,0.99019,0.95100,0.97714
guj,private_calls,1,0.91997,0.99168,0.93218,0.96939
guj,private_calls,1,0.96194,0.99135,0.94655,0.97706
guj,private_calls,1,0.73576,0.99169,0.92600,0.97291
guj,private_calls,1,0.03147,0.55592,0.10459,0.39634
guj,private_calls,1,0.02599,0.65514,0.06179,0.14651
guj,private_calls,1,0.97771,0.99257,0.96876,0.97847
guj,private_calls,0,0.98801,0.99247,0.94912,0.95809
guj,private_calls,1,0.98232,0.98007,0.30826,0.52771
guj,private_calls,0,0.75809,0.00402,0.01484,0.02266
guj,private_calls,0,0.96047,0.01871,0.07218,0.15038
guj,private_calls,0,0.96604,0.00474,0.01325,0.03093
guj,private_calls,1,0.85958,0.86145,0.09051,0.13150
guj,private_calls,1,0.67882,0.99195,0.89436,0.97068
guj,private_calls,0,0.92283,0.00414,0.01222,0.02140
guj,private_calls,1,0.98090,0.99162,0.95145,0.97019
guj,private_calls,0,0.30425,0.00386,0.00806,0.01128
guj,private_calls,0,0.07441,0.00381,0.01896,0.02956
guj,private_calls,1,0.97771,0.99201,0.93285,0.94561
guj,private_calls,0,0.77909,0.00385,0.00852,0.01324
guj,private_calls,0,0.72017,0.01121,0.06497,0.19028
guj,private_calls,0,0.10651,0.00383,0.00650,0.00614
guj,private_calls,0,0.84980,0.00383,0.03004,0.06750
guj,private_calls,0,0.94031,0.00390,0.01197,0.01888
guj,private_calls,0,0.05143,0.00387,0.01471,0.01640
guj,private_calls,0,0.94458,0.36828,0.16315,0.35727
guj,private_calls,1,0.97771,0.99215,0.96422,0.96539
guj,private_calls,0,0.05339,0.00387,0.00684,0.00548
guj,private_calls,1,0.53931,0.00392,0.01679,0.02837
guj,private_calls,1,0.97499,0.99212,0.87622,0.90903
guj,private_calls,1,0.57813,0.99185,0.84258,0.91626
guj,private_calls,1,0.98364,0.99180,0.67153,0.56513
guj,private_calls,0,0.49015,0.01415,0.02276,0.05083
guj,private_calls,0,0.94249,0.01805,0.06503,0.11445
guj,private_calls,0,0.01199,0.00383,0.02121,0.03394
guj,private_calls,0,0.01514,0.00396,0.01569,0.02202
guj,private_calls,0,0.00949,0.00381,0.01461,0.02466
guj,private_calls,0,0.96335,0.99239,0.96159,0.97267
guj,private_calls,1,0.96731,0.99239,0.97292,0.97590
guj,private_calls,0,0.43151,0.00397,0.02317,0.04530
guj,private_calls,0,0.00594,0.00378,0.00567,0.00423
guj,private_calls,1,0.97084,0.99048,0.91912,0.97349
guj,private_calls,1,0.49015,0.44240,0.60125,0.87588
guj,private_calls,1,0.97855,0.99248,0.97542,0.98624
guj,private_calls,1,0.97855,0.91286,0.34041,0.53266
guj,private_calls,0,0.02145,0.00390,0.00588,0.00420
guj,private_calls,0,0.95045,0.01878,0.08316,0.09532
guj,private_calls,0,0.03269,0.00439,0.01681,0.01980
guj,private_calls,0,0.45092,0.15194,0.16425,0.17054
guj,private_calls,0,0.32118,0.01928,0.05064,0.06893
guj,private_calls,1,0.82290,0.99021,0.69761,0.87486
guj,private_calls,0,0.24921,0.44139,0.03975,0.03775
guj,private_calls,0,0.08917,0.00381,0.00721,0.00761
guj,private_calls,0,0.65253,0.00555,0.01264,0.01406
guj,private_calls,0,0.18888,0.00387,0.00648,0.00649
guj,private_calls,1,0.01636,0.00817,0.04007,0.08642
guj,private_calls,1,0.84470,0.59376,0.01677,0.01977
guj,private_calls,0,0.00781,0.00377,0.00747,0.00846
guj,private_calls,0,0.74335,0.08302,0.06093,0.07428
guj,private_calls,0,0.03528,0.00390,0.00995,0.01033
guj,private_calls,0,0.92825,0.95511,0.06924,0.14586
guj,private_calls,1,0.97684,0.98832,0.24810,0.27345
guj,private_calls,0,0.44119,0.02684,0.02739,0.03723
guj,private_calls,0,0.02806,0.00395,0.01629,0.02468
guj,private_calls,0,0.86427,0.00381,0.01096,0.01376
guj,private_calls,0,0.81112,0.11633,0.04386,0.06009
guj,private_calls,0,0.62528,0.00442,0.01783,0.01915
guj,private_calls,0,0.08917,0.33670,0.03887,0.03272
guj,private_calls,1,0.15530,0.97825,0.33496,0.29690
guj,private_calls,0,0.13573,0.27599,0.04298,0.04218
guj,private_calls,0,0.01401,0.93348,0.02715,0.03845
guj,private_calls,0,0.60665,0.00384,0.01279,0.03039
guj,private_calls,1,0.24921,0.00404,0.02474,0.07456
guj,private_calls,0,0.04105,0.00385,0.00717,0.00726
guj,private_calls,0,0.01910,0.00402,0.00811,0.01215
guj,private_calls,0,0.88171,0.00600,0.08584,0.19426
guj,private_calls,0,0.92283,0.00380,0.00977,0.01358
guj,private_calls,0,0.00528,0.00379,0.00640,0.00590
guj,private_calls,0,0.00668,0.00385,0.00604,0.00588
guj,private_calls,0,0.00594,0.00379,0.00667,0.00639
guj,private_calls,0,0.01067,0.00386,0.00730,0.00863
guj,private_calls,0,0.02701,0.08401,0.04477,0.04406
guj,private_calls,0,0.01636,0.00386,0.01446,0.01859
guj,private_calls,0,0.01636,0.00394,0.00964,0.01173
guj,private_calls,0,0.08602,0.00385,0.00741,0.00785
guj,private_calls,0,0.16591,0.00395,0.01132,0.01766
guj,private_calls,1,0.79235,0.00551,0.01030,0.01722
guj,private_calls,1,0.32983,0.00496,0.01134,0.01342
guj,private_calls,0,0.75079,0.98778,0.01231,0.02136
guj,private_calls,1,0.96971,0.23481,0.11696,0.15779
guj,private_calls,1,0.98162,0.98952,0.79867,0.80813
guj,private_calls,1,0.93083,0.06781,0.03967,0.08233
guj,private_calls,0,0.40279,0.00380,0.00663,0.00737
guj,private_calls,0,0.72017,0.86282,0.02694,0.03298
guj,private_calls,0,0.89718,0.73064,0.02356,0.02960
guj,private_calls,0,0.27196,0.00386,0.00917,0.01438
guj,private_calls,0,0.02501,0.00390,0.00651,0.00667
guj,private_calls,0,0.51968,0.00378,0.00827,0.01023
guj,private_calls,0,0.01701,0.00384,0.00704,0.00704
guj,private_calls,0,0.01026,0.34941,0.01627,0.01734
guj,private_calls,1,0.96853,0.98797,0.71882,0.79014
guj,private_calls,1,0.95403,0.88611,0.48001,0.75666
guj,private_calls,0,0.25665,0.00428,0.01765,0.01769
guj,private_calls,0,0.24191,0.00368,0.00741,0.01022
guj,private_calls,0,0.02145,0.00376,0.00792,0.01197
guj,private_calls,1,0.18888,0.00401,0.01167,0.02077
guj,private_calls,0,0.03953,0.00368,0.00759,0.01087
guj,private_calls,0,0.80502,0.00366,0.01471,0.02105
guj,private_calls,0,0.11032,0.00371,0.01181,0.01913
guj,private_calls,0,0.36553,0.00539,0.02836,0.05177
guj,private_calls,1,0.14042,0.00422,0.03982,0.06604
guj,private_calls,0,0.85476,0.00365,0.00776,0.00755
guj,private_calls,0,0.01199,0.00372,0.00925,0.01568
guj,private_calls,0,0.28784,0.00372,0.00693,0.00818
guj,private_calls,0,0.93083,0.00368,0.00865,0.01196
guj,private_calls,0,0.03806,0.00367,0.01382,0.02642
guj,private_calls,1,0.96472,0.97976,0.66143,0.81587
guj,private_calls,1,0.97684,0.99142,0.96148,0.98418
hin,private_calls,0,0.00694,0.00376,0.00654,0.00715
hin,private_calls,0,0.62528,0.00482,0.01667,0.02564
hin,private_calls,0,0.66141,0.02152,0.08226,0.10899
hin,private_calls,0,0.00618,0.00371,0.00585,0.00395
hin,private_calls,0,0.13573,0.00364,0.00864,0.01416
hin,private_calls,0,0.01910,0.00377,0.00587,0.00603
hin,private_calls,0,0.01067,0.00363,0.00706,0.01047
hin,private_calls,1,0.86427,0.97908,0.63255,0.76139
hin,private_calls,0,0.58770,0.96146,0.01832,0.03363
hin,private_calls,1,0.47049,0.99112,0.93559,0.96049
hin,private_calls,0,0.98426,0.99224,0.95383,0.96847
hin,private_calls,0,0.02145,0.00371,0.00589,0.00480
hin,private_calls,1,0.00812,0.95104,0.05418,0.04923
hin,private_calls,0,0.03269,0.00439,0.02784,0.04251
hin,private_calls,0,0.01154,0.00373,0.01160,0.01108
hin,private_calls,1,0.77909,0.99223,0.98464,0.98810
hin,private_calls,0,0.90076,0.00841,0.02172,0.02919
hin,private_calls,1,0.97194,0.99168,0.82192,0.81537
hin,private_calls,1,0.95228,0.99176,0.92430,0.93869
hin,private_calls,1,0.97937,0.99076,0.90573,0.95645
hin,private_calls,1,0.77909,0.00448,0.01281,0.02376
hin,private_calls,1,0.25665,0.00477,0.02972,0.04851
hin,private_calls,1,0.94031,0.99134,0.81646,0.82677
hin,private_calls,1,0.82856,0.98839,0.80729,0.94494
hin,private_calls,1,0.06917,0.00373,0.00901,0.01072
hin,private_calls,1,0.86882,0.97913,0.05892,0.08437
hin,private_calls,1,0.82856,0.99078,0.85677,0.93498
hin,private_calls,1,0.89718,0.98995,0.94151,0.92243
hin,private_calls,1,0.77909,0.98746,0.57585,0.82368
hin,private_calls,0,0.00722,0.00380,0.00674,0.01004
hin,private_calls,1,0.89718,0.99060,0.77805,0.83003
hin,private_calls,1,0.71216,0.99204,0.92153,0.90560
hin,private_calls,0,0.79876,0.00375,0.00612,0.00492
hin,private_calls,0,0.74335,0.00388,0.01066,0.01356
hin,private_calls,0,0.03029,0.00369,0.00688,0.00625
hin,private_calls,1,0.98090,0.98620,0.82071,0.83550
hin,private_calls,0,0.01154,0.00370,0.00744,0.00731
hin,private_calls,0,0.01636,0.00369,0.00681,0.00779
hin,private_calls,0,0.02063,0.00423,0.03814,0.04278
hin,private_calls,0,0.98015,0.95531,0.20685,0.21609
hin,private_calls,0,0.02407,0.00364,0.00756,0.00852
hin,private_calls,1,0.95403,0.00369,0.00811,0.00893
hin,private_calls,1,0.69575,0.99029,0.02391,0.04139
hin,private_calls,0,0.48032,0.00726,0.01816,0.03189
hin,private_calls,1,0.25665,0.98754,0.15336,0.24157
hin,private_calls,1,0.96731,0.99109,0.72216,0.85652
hin,private_calls,0,0.97084,0.94347,0.14166,0.16854
hin,private_calls,0,0.00751,0.00368,0.00719,0.00977
hin,private_calls,1,0.98426,0.99230,0.91837,0.94035
hin,private_calls,0,0.98232,0.96726,0.27627,0.37332
hin,private_calls,0,0.05751,0.00904,0.01898,0.02303
hin,private_calls,0,0.69575,0.98750,0.09638,0.13275
hin,private_calls,0,0.01838,0.00368,0.00579,0.00565
hin,private_calls,1,0.92283,0.99208,0.98498,0.98895
hin,private_calls,1,0.98891,0.99218,0.95084,0.93784
hin,private_calls,0,0.08003,0.00361,0.00820,0.00949
hin,private_calls,0,0.62528,0.61101,0.06253,0.06546
hin,private_calls,0,0.04955,0.98794,0.05531,0.03406
hin,private_calls,0,0.96472,0.99038,0.62720,0.78596
hin,private_calls,0,0.85476,0.00383,0.01659,0.03104
hin,private_calls,0,0.01109,0.00362,0.00627,0.00583
hin,private_calls,1,0.98090,0.99234,0.86105,0.92898
hin,private_calls,0,0.97771,0.98489,0.17387,0.23350
hin,private_calls,1,0.84470,0.00699,0.12086,0.15791
hin,private_calls,0,0.02501,0.00374,0.00548,0.00449
hin,private_calls,0,0.06667,0.00364,0.00763,0.00914
hin,private_calls,1,0.85958,0.90561,0.07168,0.09202
hin,private_calls,0,0.42187,0.00441,0.01615,0.02120
hin,private_calls,1,0.96731,0.98625,0.17228,0.18905
hin,private_calls,0,0.00844,0.00365,0.00618,0.00685
hin,private_calls,0,0.03528,0.00413,0.01715,0.03028
hin,private_calls,0,0.05542,0.00364,0.01711,0.02343
hin,private_calls,1,0.96604,0.99196,0.98340,0.98822
hin,private_calls,0,0.00913,0.00371,0.00505,0.00335
hin,private_calls,0,0.02599,0.00359,0.00759,0.00854
hin,private_calls,0,0.36553,0.00366,0.00776,0.00821
hin,private_calls,0,0.37472,0.99263,0.66387,0.69768
hin,private_calls,0,0.98704,0.99055,0.27626,0.34934
hin,private_calls,0,0.05751,0.00366,0.00605,0.00554
hin,private_calls,0,0.01401,0.00359,0.00571,0.00590
hin,private_calls,0,0.09578,0.00370,0.01111,0.01435
hin,private_calls,0,0.71216,0.00395,0.01624,0.02430
hin,private_calls,0,0.79235,0.00396,0.02790,0.02903
hin,private_calls,0,0.01636,0.00424,0.01683,0.01252
hin,private_calls,0,0.16591,0.82243,0.12002,0.26220
hin,private_calls,0,0.83409,0.00628,0.04124,0.04493
hin,private_calls,0,0.05339,0.00383,0.00954,0.01010
hin,private_calls,0,0.01348,0.00363,0.00620,0.00588
hin,private_calls,0,0.87754,0.07738,0.08948,0.07226
hin,private_calls,1,0.20124,0.98599,0.89166,0.87496
hin,private_calls,0,0.22776,0.00368,0.00761,0.01089
hin,private_calls,0,0.84980,0.00420,0.02648,0.01853
hin,private_calls,1,0.98543,0.99195,0.96359,0.97428
hin,private_calls,1,0.98543,0.99202,0.98030,0.98429
hin,private_calls,0,0.91703,0.09133,0.07326,0.21724
hin,private_calls,1,0.74335,0.00483,0.03660,0.08824
hin,private_calls,0,0.03665,0.00397,0.00842,0.02678
hin,private_calls,1,0.95403,0.98792,0.85002,0.97283
hin,private_calls,1,0.97937,0.90918,0.24852,0.30440
hin,private_calls,0,0.94857,0.00370,0.01117,0.02491
hin,private_calls,1,0.75809,0.98973,0.90095,0.96774
hin,private_calls,1,0.98599,0.99188,0.91663,0.95870
hin,private_calls,0,0.83409,0.99106,0.77809,0.91546
hin,private_calls,0,0.08602,0.00377,0.01055,0.01379
hin,private_calls,1,0.97684,0.98839,0.09591,0.13549
hin,private_calls,1,0.94661,0.98966,0.14259,0.17437
hin,private_calls,0,0.84470,0.80618,0.21602,0.41775
hin,private_calls,0,0.00751,0.00364,0.00667,0.00625
hin,private_calls,0,0.95045,0.97948,0.10779,0.19998
hin,private_calls,1,0.98015,0.99192,0.93816,0.95956
hin,private_calls,0,0.97194,0.98830,0.82113,0.96269
hin,private_calls,0,0.98162,0.75470,0.20126,0.28788
hin,private_calls,1,0.97771,0.99073,0.56582,0.90576
hin,private_calls,1,0.03665,0.99109,0.97519,0.98743
hin,private_calls,1,0.98090,0.99140,0.50547,0.54839
hin,private_calls,0,0.02501,0.00374,0.00785,0.00993
hin,private_calls,1,0.95573,0.99181,0.86046,0.94161
hin,private_calls,1,0.98599,0.99215,0.97351,0.97707
hin,private_calls,0,0.76524,0.00629,0.02088,0.04808
hin,private_calls,0,0.49015,0.00457,0.02949,0.05219
hin,private_calls,0,0.30425,0.94727,0.08127,0.06703
hin,private_calls,1,0.93333,0.99221,0.97315,0.96832
hin,private_calls,1,0.94458,0.76680,0.27107,0.57761
hin,private_calls,1,0.95228,0.99197,0.97678,0.98388
hin,private_calls,0,0.02916,0.01100,0.03113,0.02429
hin,private_calls,0,0.97855,0.99156,0.85226,0.96050
hin,private_calls,0,0.09578,0.00370,0.00796,0.00743
hin,private_calls,0,0.26424,0.00386,0.00693,0.00989
hin,private_calls,1,0.92283,0.99129,0.98095,0.98823
hin,private_calls,1,0.97299,0.99200,0.97559,0.98244
hin,private_calls,0,0.91703,0.02655,0.01141,0.02266
hin,private_calls,0,0.83409,0.00365,0.00755,0.01591
hin,private_calls,1,0.88576,0.97307,0.33252,0.57677
hin,private_calls,0,0.95573,0.00382,0.01406,0.02905
hin,private_calls,1,0.93806,0.99102,0.81758,0.90233
hin,private_calls,1,0.14524,0.00380,0.01384,0.01891
hin,private_calls,1,0.93083,0.00615,0.08911,0.26948
hin,private_calls,0,0.97194,0.17035,0.11194,0.42232
hin,private_calls,0,0.92283,0.00626,0.04180,0.05003
hin,private_calls,1,0.92283,0.99050,0.78952,0.86595
hin,private_calls,0,0.96604,0.00406,0.01765,0.02910
hin,private_calls,0,0.13118,0.00410,0.02963,0.09572
hin,private_calls,1,0.98801,0.99239,0.97831,0.97760
hin,private_calls,1,0.72804,0.00382,0.01434,0.01003
hin,private_calls,1,0.98232,0.99136,0.89180,0.94213
hin,private_calls,1,0.96194,0.99225,0.96982,0.98148
hin,private_calls,0,0.88576,0.97266,0.20366,0.15289
hin,private_calls,0,0.96971,0.12195,0.06520,0.13220
hin,private_calls,0,0.98599,0.89389,0.25043,0.46688
hin,private_calls,1,0.97593,0.98949,0.71754,0.77647
hin,private_calls,1,0.93574,0.01280,0.05044,0.10402
hin,private_calls,0,0.89349,0.00474,0.01617,0.03269
hin,private_calls,0,0.98015,0.00430,0.02136,0.03114
hin,private_calls,1,0.12675,0.96837,0.06850,0.08556
hin,private_calls,0,0.55881,0.17091,0.05530,0.09415
hin,private_calls,0,0.00642,0.00370,0.00691,0.00516
hin,private_calls,0,0.03953,0.00372,0.00829,0.01017
hin,private_calls,1,0.98162,0.00445,0.02179,0.03551
hin,private_calls,0,0.01348,0.00373,0.00744,0.00648
hin,private_calls,1,0.04772,0.00370,0.00908,0.01712
hin,private_calls,0,0.00642,0.00373,0.00711,0.00620
hin,private_calls,0,0.00642,0.00363,0.00730,0.00628
hin,private_calls,0,0.00642,0.00370,0.00985,0.01700
hin,private_calls,1,0.95045,0.99188,0.91153,0.94724
hin,private_calls,1,0.96335,0.49671,0.08916,0.07388
hin,private_calls,0,0.01457,0.00368,0.00643,0.00642
hin,private_calls,0,0.96971,0.00481,0.01491,0.03881
hin,private_calls,1,0.96731,0.98547,0.05130,0.08104
hin,private_calls,1,0.95737,0.98839,0.20058,0.22160
hin,private_calls,1,0.83409,0.77426,0.06588,0.06068
hin,private_calls,0,0.01838,0.00371,0.01175,0.01333
hin,private_calls,0,0.00751,0.97090,0.05268,0.08069
hin,private_calls,1,0.16591,0.98860,0.09111,0.19151
hin,private_calls,0,0.01026,0.00370,0.00652,0.00648
hin,private_calls,1,0.93083,0.98374,0.13890,0.22381
hin,private_calls,0,0.01296,0.00376,0.00759,0.00883
hin,private_calls,1,0.75079,0.98071,0.19224,0.28220
hin,private_calls,0,0.64355,0.64254,0.13061,0.17893
hin,private_calls,1,0.98299,0.98949,0.34245,0.40603
hin,private_calls,1,0.43151,0.99127,0.17396,0.22006
hin,private_calls,1,0.38399,0.64662,0.07123,0.10286
hin,private_calls,0,0.93083,0.00556,0.01228,0.01305
hin,private_calls,0,0.82856,0.98984,0.77755,0.89471
hin,private_calls,1,0.93806,0.99230,0.96290,0.97747
hin,private_calls,0,0.00844,0.00363,0.00612,0.00658
hin,private_calls,1,0.97937,0.00606,0.05295,0.04854
hin,private_calls,0,0.93333,0.98564,0.35944,0.55480
hin,private_calls,1,0.97771,0.98976,0.81313,0.89268
hin,private_calls,1,0.96335,0.99121,0.26375,0.48045
hin,private_calls,0,0.30425,0.00367,0.00552,0.00394
hin,private_calls,1,0.22776,0.00720,0.04482,0.06278
hin,private_calls,1,0.45092,0.00809,0.19750,0.28726
hin,private_calls,1,0.59721,0.45665,0.06029,0.04687
hin,private_calls,1,0.02063,0.00380,0.01461,0.02766
hin,private_calls,1,0.91398,0.99136,0.87892,0.84834
hin,private_calls,1,0.91997,0.99196,0.53082,0.28698
hin,private_calls,1,0.98232,0.98688,0.11076,0.14112
hin,private_calls,0,0.96604,0.00372,0.00680,0.00673
hin,private_calls,1,0.96335,0.99138,0.76917,0.79087
hin,private_calls,0,0.00722,0.00369,0.00587,0.00534
hin,private_calls,0,0.02145,0.00364,0.00635,0.00668
hin,private_calls,0,0.90076,0.00404,0.02104,0.03642
hin,private_calls,1,0.79235,0.09053,0.30151,0.31335
hin,private_calls,0,0.00594,0.00368,0.00554,0.00378
hin,private_calls,1,0.98162,0.97359,0.19775,0.43390
hin,private_calls,1,0.95573,0.99155,0.30546,0.34144
hin,private_calls,1,0.43151,0.97854,0.48427,0.68452
hin,private_calls,0,0.31265,0.00365,0.00591,0.00560
hin,private_calls,1,0.94458,0.99094,0.90568,0.94605
hin,private_calls,1,0.95895,0.77926,0.13618,0.20820
hin,private_calls,0,0.92559,0.49701,0.05887,0.08297
hin,private_calls,1,0.97855,0.99083,0.84532,0.91055
hin,private_calls,1,0.92283,0.97582,0.12809,0.19090
hin,private_calls,1,0.87754,0.98981,0.60192,0.66974
hin,private_calls,0,0.28784,0.73218,0.04056,0.04573
hin,private_calls,1,0.53931,0.00577,0.02085,0.01719
hin,private_calls,1,0.53931,0.97856,0.18177,0.16026
hin,private_calls,0,0.00949,0.00365,0.00590,0.00492
hin,private_calls,0,0.00642,0.00360,0.00623,0.00590
hin,private_calls,1,0.96335,0.00393,0.02510,0.04281
hin,private_calls,1,0.87325,0.92626,0.54361,0.71705
hin,private_calls,0,0.18888,0.00387,0.00875,0.01129
hin,private_calls,0,0.59721,0.27661,0.03279,0.05255
hin,private_calls,1,0.97684,0.92158,0.32764,0.60157
hin,private_calls,0,0.04427,0.04626,0.01067,0.01597
hin,private_calls,1,0.98015,0.99221,0.98393,0.98635
hin,private_calls,0,0.48032,0.00538,0.01859,0.02197
hin,private_calls,1,0.97499,0.99156,0.92256,0.96233
hin,private_calls,1,0.94031,0.99168,0.79079,0.84958
hin,private_calls,0,0.92283,0.98755,0.37713,0.47574
hin,private_calls,1,0.95895,0.99209,0.97812,0.98696
hin,private_calls,0,0.94031,0.00361,0.01033,0.01153
hin,private_calls,1,0.96472,0.99259,0.98021,0.98703
hin,private_calls,0,0.97084,0.98609,0.38610,0.41337
hin,private_calls,0,0.02407,0.00377,0.00832,0.00898
hin,private_calls,0,0.94249,0.98986,0.46294,0.65155
hin,private_calls,0,0.01109,0.00406,0.00873,0.01417
hin,private_calls,1,0.97855,0.99226,0.96311,0.98001
hin,private_calls,0,0.29598,0.00379,0.00904,0.01473
hin,private_calls,0,0.04955,0.00371,0.01190,0.01196
hin,private_calls,0,0.97499,0.10669,0.07742,0.12409
hin,private_calls,1,0.72017,0.98960,0.78147,0.89061
hin,private_calls,0,0.03029,0.00462,0.02099,0.04203
hin,private_calls,1,0.98543,0.99224,0.91738,0.92558
hin,private_calls,0,0.91997,0.00532,0.08335,0.13170
hin,private_calls,0,0.06426,0.00369,0.00811,0.00986
hin,private_calls,0,0.27983,0.00446,0.02551,0.02850
hin,private_calls,0,0.88171,0.00562,0.05641,0.09200
hin,private_calls,0,0.74335,0.00379,0.01473,0.02040
hin,private_calls,1,0.96731,0.99189,0.92202,0.95896
hin,private_calls,0,0.74335,0.89189,0.03411,0.04026
hin,private_calls,0,0.81708,0.00367,0.01396,0.01754
hin,private_calls,0,0.85958,0.98434,0.40158,0.29554
hin,private_calls,0,0.08602,0.27985,0.02202,0.03934
hin,private_calls,0,0.84980,0.00385,0.01419,0.02768
hin,private_calls,1,0.89718,0.02809,0.11031,0.08629
hin,private_calls,1,0.92559,0.98931,0.80503,0.89955
hin,private_calls,0,0.87754,0.02693,0.02201,0.02882
hin,private_calls,0,0.95737,0.00373,0.01419,0.03783
hin,private_calls,1,0.98090,0.99200,0.86072,0.89965
hin,private_calls,1,0.98364,0.99247,0.93256,0.94530
hin,private_calls,1,0.98015,0.99219,0.96408,0.97071
hin,private_calls,0,0.90422,0.09680,0.06869,0.08793
hin,private_calls,1,0.82290,0.99222,0.91014,0.90107
hin,private_calls,1,0.95045,0.99194,0.89456,0.95178
hin,private_calls,0,0.04427,0.00366,0.00790,0.00847
hin,private_calls,1,0.93574,0.99000,0.93091,0.96380
hin,private_calls,1,0.98090,0.99248,0.98947,0.99093
hin,private_calls,0,0.70402,0.01167,0.07684,0.07840
hin,private_calls,1,0.94031,0.99191,0.95369,0.94969
hin,private_calls,0,0.87754,0.98457,0.08339,0.12993
hin,private_calls,1,0.88171,0.98679,0.06055,0.07348
hin,private_calls,0,0.05542,0.00392,0.00904,0.00787
hin,private_calls,0,0.86427,0.02033,0.06891,0.08758
hin,private_calls,1,0.98015,0.99167,0.88519,0.94761
hin,private_calls,0,0.39335,0.00367,0.00742,0.00639
hin,private_calls,0,0.06917,0.06681,0.05702,0.09903
hin,private_calls,0,0.00642,0.00403,0.01039,0.01417
hin,private_calls,1,0.00987,0.98428,0.17228,0.42620
hin,private_calls,0,0.82290,0.00403,0.01546,0.02097
hin,private_calls,0,0.32983,0.00854,0.02172,0.03102
hin,private_calls,1,0.95045,0.99198,0.87441,0.79658
hin,private_calls,1,0.97684,0.99198,0.96058,0.97132
hin,private_calls,1,0.61601,0.98528,0.06976,0.18800
hin,private_calls,0,0.41230,0.00373,0.01048,0.01642
hin,private_calls,1,0.98486,0.99212,0.98366,0.98429
hin,private_calls,0,0.72017,0.00422,0.03787,0.03772
hin,private_calls,1,0.98162,0.99216,0.98761,0.98918
hin,private_calls,0,0.04597,0.00376,0.01072,0.01250
hin,private_calls,0,0.60665,0.00370,0.00666,0.00622
hin,private_calls,0,0.01701,0.00364,0.00699,0.00728
hin,private_calls,0,0.82290,0.99026,0.26353,0.28432
hin,private_calls,0,0.03806,0.00374,0.00823,0.01030
hin,private_calls,0,0.04105,0.00379,0.01537,0.02372
hin,private_calls,0,0.70402,0.98259,0.22037,0.22476
hin,private_calls,1,0.95737,0.99207,0.96142,0.97293
hin,private_calls,0,0.10651,0.00370,0.00739,0.00715
hin,private_calls,0,0.03665,0.00370,0.01257,0.01867
hin,private_calls,0,0.23476,0.00369,0.00953,0.00899
hin,private_calls,1,0.96194,0.79211,0.05449,0.11230
hin,private_calls,1,0.85958,0.31589,0.05058,0.04253
hin,private_calls,1,0.96853,0.99025,0.72905,0.80267
hin,private_calls,0,0.19498,0.00368,0.00563,0.00389
hin,private_calls,0,0.07441,0.00551,0.01743,0.02214
hin,private_calls,1,0.97593,0.00691,0.02742,0.04690
hin,private_calls,1,0.81112,0.99197,0.12024,0.16537
hin,private_calls,1,0.53931,0.43730,0.08542,0.13217
hin,private_calls,1,0.42187,0.99130,0.82666,0.91018
hin,private_calls,0,0.88576,0.96999,0.07937,0.09779
hin,private_calls,1,0.94661,0.99192,0.93808,0.94709
hin,private_calls,1,0.84470,0.99191,0.22279,0.20459
hin,private_calls,1,0.96731,0.99203,0.89024,0.92958
hin,private_calls,1,0.98364,0.99198,0.92709,0.93896
hin,private_calls,0,0.52951,0.00442,0.01543,0.01221
hin,private_calls,0,0.08602,0.00393,0.01090,0.01357
hin,private_calls,0,0.01457,0.00431,0.01760,0.02433
hin,private_calls,1,0.03396,0.00435,0.02266,0.02485
hin,private_calls,0,0.32983,0.00368,0.00988,0.01705
hin,private_calls,1,0.95573,0.99169,0.96661,0.97333
hin,private_calls,0,0.02916,0.00386,0.00793,0.00742
hin,private_calls,0,0.20124,0.00378,0.01549,0.02199
hin,private_calls,1,0.70402,0.00410,0.02635,0.04493
hin,private_calls,1,0.05143,0.00809,0.03148,0.06355
hin,private_calls,1,0.97684,0.99225,0.98467,0.98973
hin,private_calls,0,0.75809,0.01316,0.01724,0.01762
hin,private_calls,1,0.88968,0.60477,0.06479,0.14613
hin,private_calls,0,0.81112,0.00377,0.00712,0.00664
hin,private_calls,0,0.96194,0.00414,0.03246,0.04644
hin,private_calls,1,0.83947,0.98293,0.48129,0.64080
hin,private_calls,1,0.94458,0.99170,0.26801,0.56605
hin,private_calls,1,0.96472,0.99121,0.92439,0.93267
hin,private_calls,0,0.24191,0.00537,0.04647,0.11659
hin,private_calls,0,0.98162,0.99214,0.98015,0.98355
hin,private_calls,1,0.98364,0.98991,0.89392,0.90820
hin,private_calls,1,0.97499,0.74563,0.43742,0.88162
hin,private_calls,1,0.96047,0.54037,0.07167,0.11796
hin,private_calls,0,0.13573,0.00376,0.00645,0.00813
hin,private_calls,0,0.72804,0.00970,0.05764,0.05527
hin,private_calls,0,0.71216,0.00373,0.01414,0.01725
hin,private_calls,1,0.96335,0.99217,0.97856,0.98353
hin,private_calls,0,0.81708,0.00369,0.00818,0.01018
hin,private_calls,0,0.94031,0.00376,0.00848,0.01168
hin,private_calls,0,0.01514,0.00373,0.00956,0.03017
hin,private_calls,0,0.07717,0.00395,0.01253,0.02951
hin,private_calls,0,0.85958,0.00963,0.08481,0.08744
hin,private_calls,1,0.92825,0.99226,0.95526,0.97710
hin,private_calls,0,0.05542,0.00367,0.00773,0.00750
hin,private_calls,1,0.98015,0.99133,0.92547,0.94336
hin,private_calls,0,0.25665,0.98498,0.24177,0.38097
hin,private_calls,0,0.97855,0.99164,0.71741,0.89516
hin,private_calls,1,0.98090,0.99112,0.88884,0.95747
hin,private_calls,1,0.98704,0.98430,0.90288,0.96389
hin,private_calls,0,0.87754,0.00380,0.00983,0.01976
hin,private_calls,1,0.97684,0.98496,0.52023,0.84048
hin,private_calls,0,0.22776,0.00379,0.00672,0.00705
hin,private_calls,0,0.97855,0.99198,0.98090,0.98419
hin,private_calls,1,0.98543,0.99084,0.17487,0.19025
hin,private_calls,0,0.96604,0.00403,0.04330,0.07888
hin,private_calls,1,0.97194,0.99174,0.96366,0.98126
hin,private_calls,0,0.95045,0.02288,0.02919,0.09180
hin,private_calls,0,0.04105,0.00368,0.00776,0.00883
hin,private_calls,1,0.98426,0.02015,0.12789,0.14467
hin,private_calls,1,0.98753,0.99235,0.96681,0.98286
hin,private_calls,0,0.82856,0.00387,0.00840,0.01008
hin,private_calls,1,0.98753,0.99000,0.95669,0.98094
hin,private_calls,0,0.50985,0.00376,0.00598,0.00547
hin,private_calls,1,0.97084,0.98809,0.94557,0.97268
hin,private_calls,1,0.96731,0.11611,0.13360,0.16997
hin,private_calls,1,0.97771,0.99026,0.95855,0.95670
hin,private_calls,1,0.97499,0.96242,0.83291,0.90138
hin,private_calls,1,0.98015,0.84410,0.90383,0.70741
hin,private_calls,1,0.98846,0.99220,0.97093,0.98372
hin,private_calls,1,0.96335,0.97581,0.84982,0.90923
hin,private_calls,0,0.94458,0.98936,0.47531,0.64434
hin,private_calls,1,0.95573,0.97295,0.56411,0.78491
hin,private_calls,1,0.98704,0.99242,0.98798,0.98981
hin,private_calls,0,0.96472,0.99079,0.56539,0.64321
hin,private_calls,0,0.96971,0.00513,0.04199,0.06794
hin,private_calls,1,0.52951,0.98093,0.63343,0.80953
hin,private_calls,0,0.97855,0.02851,0.11138,0.16983
hin,private_calls,1,0.90076,0.99241,0.98970,0.99151
hin,private_calls,1,0.46069,0.99185,0.98424,0.98815
hin,private_calls,1,0.97937,0.97659,0.84098,0.93177
hin,private_calls,0,0.98232,0.64083,0.23918,0.41597
hin,private_calls,0,0.96335,0.01077,0.02678,0.06774
hin,private_calls,0,0.98299,0.92596,0.47204,0.65157
hin,private_calls,0,0.93574,0.99101,0.97815,0.98506
hin,private_calls,1,0.97684,0.99181,0.97373,0.97634
hin,private_calls,1,0.98364,0.98870,0.90246,0.92607
hin,private_calls,0,0.97194,0.36064,0.04562,0.11823
hin,private_calls,0,0.75079,0.00526,0.05116,0.09002
hin,private_calls,0,0.95228,0.00537,0.03710,0.03864
hin,private_calls,0,0.96853,0.00472,0.04587,0.09193
hin,private_calls,0,0.82856,0.29902,0.14700,0.27480
hin,private_calls,1,0.55881,0.00525,0.03245,0.09032
hin,private_calls,1,0.96335,0.99241,0.87520,0.89399
hin,private_calls,0,0.94661,0.00577,0.03128,0.04085
hin,private_calls,0,0.98486,0.00798,0.03780,0.05322
hin,private_calls,0,0.94661,0.00398,0.01071,0.01436
hin,private_calls,0,0.97299,0.03192,0.09934,0.25450
hin,private_calls,0,0.97684,0.88688,0.29126,0.81829
hin,private_calls,0,0.95573,0.00972,0.02138,0.02997
hin,private_calls,0,0.96047,0.14578,0.10617,0.09770
hin,private_calls,0,0.91997,0.87056,0.23387,0.55778
hin,private_calls,1,0.90422,0.99183,0.90742,0.94585
hin,private_calls,1,0.98486,0.99246,0.97707,0.98600
hin,private_calls,1,0.86427,0.98027,0.47129,0.78549
hin,private_calls,0,0.91703,0.00438,0.04655,0.08303
hin,private_calls,1,0.91997,0.71008,0.36631,0.67976
hin,private_calls,0,0.98232,0.00449,0.01920,0.03355
hin,private_calls,0,0.91083,0.00433,0.02898,0.05156
hin,private_calls,1,0.98426,0.99191,0.92649,0.96090
hin,private_calls,1,0.98599,0.99262,0.91609,0.93753
hin,private_calls,1,0.97194,0.99236,0.90941,0.97008
hin,private_calls,1,0.94031,0.99195,0.21277,0.29313
hin,private_calls,0,0.98652,0.99244,0.46577,0.74218
hin,private_calls,1,0.97684,0.99190,0.36587,0.53792
hin,private_calls,1,0.98486,0.99188,0.96488,0.97502
hin,private_calls,1,0.98486,0.99241,0.70068,0.74633
hin,private_calls,0,0.98486,0.99248,0.98071,0.98513
hin,private_calls,1,0.96853,0.99185,0.14647,0.24981
hin,private_calls,1,0.98486,0.99194,0.89394,0.93720
hin,private_calls,1,0.96731,0.99187,0.36741,0.73741
hin,private_calls,0,0.95045,0.00670,0.03529,0.07584
hin,private_calls,1,0.98704,0.99211,0.69350,0.75488
hin,private_calls,0,0.96971,0.00875,0.03534,0.04901
hin,private_calls,1,0.95045,0.97295,0.29647,0.32209
hin,private_calls,1,0.98846,0.99238,0.88263,0.93435
hin,private_calls,1,0.90076,0.00409,0.02853,0.06441
hin,private_calls,1,0.97593,0.99079,0.14920,0.25399
hin,private_calls,1,0.98704,0.98745,0.07848,0.16042
hin,private_calls,1,0.96971,0.98790,0.15626,0.27570
hin,private_calls,0,0.07441,0.00368,0.00563,0.00484
hin,private_calls,1,0.18888,0.99127,0.07472,0.10198
hin,private_calls,0,0.95573,0.00957,0.01894,0.02935
hin,private_calls,1,0.96853,0.98692,0.28042,0.29218
hin,private_calls,0,0.01067,0.00374,0.00546,0.00395
hin,private_calls,0,0.21420,0.00395,0.00726,0.00813
hin,private_calls,0,0.05542,0.00453,0.02941,0.03980
hin,private_calls,0,0.94661,0.99232,0.79049,0.93365
hin,private_calls,0,0.82856,0.00391,0.01225,0.02030
hin,private_calls,0,0.88171,0.98086,0.08653,0.11059
hin,private_calls,1,0.12675,0.99072,0.41904,0.51355
hin,private_calls,0,0.96971,0.99215,0.86717,0.87659
hin,private_calls,0,0.16053,0.00371,0.00605,0.00456
hin,private_calls,0,0.10282,0.00387,0.01101,0.01328
hin,private_calls,0,0.03953,0.00374,0.02059,0.02326
hin,private_calls,1,0.98090,0.99192,0.94065,0.91040
hin,private_calls,0,0.26424,0.00406,0.01345,0.02403
hin,private_calls,1,0.07717,0.00622,0.04654,0.05889
hin,private_calls,1,0.96731,0.98270,0.42054,0.62076
hin,private_calls,1,0.93806,0.99262,0.97267,0.98729
hin,private_calls,1,0.98299,0.99248,0.97530,0.97836
hin,private_calls,0,0.39335,0.43371,0.05111,0.09450
hin,private_calls,1,0.97593,0.99228,0.97421,0.97839
hin,private_calls,0,0.17710,0.00416,0.01464,0.01515
hin,private_calls,1,0.97855,0.99239,0.74828,0.88703
hin,private_calls,0,0.09578,0.00464,0.07934,0.17662
hin,private_calls,1,0.94249,0.99100,0.90377,0.95457
hin,private_calls,0,0.76524,0.01068,0.02108,0.02548
hin,private_calls,0,0.38399,0.00394,0.00817,0.01013
hin,private_calls,0,0.02701,0.00402,0.01790,0.02165
hin,private_calls,0,0.00812,0.00380,0.00544,0.00406
hin,private_calls,1,0.98543,0.99237,0.99052,0.99111
hin,private_calls,0,0.92825,0.80972,0.20525,0.24370
hin,private_calls,1,0.94857,0.99168,0.15593,0.21444
hin,private_calls,1,0.98599,0.99242,0.88106,0.91120
hin,private_calls,0,0.96971,0.98516,0.11205,0.15182
hin,private_calls,1,0.98232,0.99138,0.90353,0.95937
hin,private_calls,1,0.96194,0.99075,0.75796,0.81500
hin,private_calls,0,0.98599,0.99229,0.88043,0.97517
hin,private_calls,1,0.97684,0.02511,0.03527,0.08089
hin,private_calls,1,0.96194,0.98611,0.15845,0.25814
hin,private_calls,1,0.96047,0.99215,0.94096,0.97517
hin,private_calls,1,0.91398,0.99231,0.55030,0.81075
hin,private_calls,1,0.21420,0.98800,0.09051,0.34214
hin,private_calls,1,0.97299,0.99241,0.93661,0.94487
hin,private_calls,1,0.97855,0.96516,0.05811,0.02227
hin,private_calls,1,0.92825,0.99210,0.89344,0.94925
hin,private_calls,1,0.97499,0.98921,0.82615,0.88399
hin,private_calls,1,0.96853,0.99238,0.97024,0.98330
hin,private_calls,1,0.84980,0.95863,0.48002,0.73872
hin,private_calls,1,0.79876,0.99222,0.97886,0.98927
hin,private_calls,1,0.63447,0.11569,0.05224,0.14661
hin,private_calls,0,0.88576,0.99242,0.80146,0.91822
hin,private_calls,1,0.96971,0.99208,0.96182,0.96257
hin,private_calls,1,0.32983,0.99239,0.86888,0.92511
hin,private_calls,1,0.96604,0.99221,0.57545,0.58165
hin,private_calls,0,0.13118,0.00409,0.00688,0.00865
hin,private_calls,1,0.56849,0.99248,0.89598,0.95950
hin,private_calls,1,0.67017,0.99137,0.53407,0.74642
hin,private_calls,0,0.09242,0.00430,0.00857,0.00992
hin,private_calls,0,0.82856,0.00388,0.00824,0.00987
hin,private_calls,1,0.94857,0.99108,0.15235,0.45467
hin,private_calls,1,0.67017,0.00514,0.04245,0.07174
hin,private_calls,1,0.53931,0.70376,0.71410,0.76941
hin,private_calls,0,0.20124,0.10703,0.09470,0.17978
hin,private_calls,0,0.07717,0.00382,0.00781,0.00943
hin,private_calls,1,0.96194,0.99244,0.93633,0.96022
hin,private_calls,1,0.97855,0.99243,0.95193,0.88542
hin,private_calls,1,0.87754,0.99108,0.80078,0.89887
hin,private_calls,1,0.94031,0.97896,0.22897,0.40003
hin,private_calls,0,0.22091,0.00385,0.01103,0.01290
hin,private_calls,0,0.17144,0.00363,0.00604,0.00558
hin,private_calls,1,0.98599,0.99234,0.97267,0.98335
hin,private_calls,1,0.78580,0.61513,0.07824,0.09091
hin,private_calls,0,0.00668,0.00367,0.00582,0.00515
hin,private_calls,1,0.97937,0.99259,0.90127,0.94735
hin,private_calls,1,0.95895,0.99201,0.90915,0.93551
hin,private_calls,1,0.96335,0.99219,0.96335,0.97256
hin,private_calls,0,0.24191,0.00362,0.00598,0.00584
hin,private_calls,0,0.00571,0.00362,0.00603,0.00521
hin,private_calls,1,0.94031,0.99253,0.98510,0.98801
hin,private_calls,0,0.92283,0.99256,0.49350,0.58324
hin,private_calls,1,0.95045,0.99240,0.94969,0.95851
hin,private_calls,0,0.23476,0.00380,0.02373,0.02774
hin,private_calls,1,0.97684,0.99202,0.96924,0.98548
hin,private_calls,1,0.96194,0.99243,0.77846,0.85981
hin,private_calls,1,0.93574,0.99133,0.62886,0.75143
hin,private_calls,1,0.95737,0.99236,0.97804,0.98716
hin,private_calls,0,0.04427,0.00371,0.00587,0.00473
hin,private_calls,0,0.43151,0.99199,0.41738,0.54523
hin,private_calls,0,0.03029,0.59544,0.02297,0.01300
hin,private_calls,0,0.70402,0.94534,0.07776,0.22241
hin,private_calls,0,0.05143,0.00548,0.01244,0.01373
hin,private_calls,1,0.76524,0.96877,0.26322,0.32623
hin,private_calls,0,0.10282,0.00359,0.00974,0.01000
hin,private_calls,0,0.05542,0.00370,0.00671,0.00702
hin,private_calls,1,0.97593,0.99236,0.95523,0.97885
hin,private_calls,0,0.66141,0.00408,0.00932,0.01051
hin,private_calls,1,0.93083,0.99162,0.93475,0.95234
hin,private_calls,1,0.59721,0.99126,0.98123,0.98615
hin,private_calls,0,0.06917,0.26203,0.02554,0.04127
hin,private_calls,0,0.75079,0.00367,0.00853,0.01510
hin,private_calls,0,0.00812,0.00372,0.00549,0.00426
hin,private_calls,1,0.97499,0.99200,0.91649,0.89371
hin,private_calls,1,0.84470,0.98811,0.61829,0.64004
hin,private_calls,1,0.85958,0.99219,0.31017,0.20367
hin,private_calls,1,0.36553,0.47406,0.01704,0.01955
hin,private_calls,0,0.91083,0.17889,0.02685,0.02715
hin,private_calls,1,0.98486,0.99244,0.25154,0.40072
hin,private_calls,1,0.98299,0.99240,0.90121,0.94963
hin,private_calls,1,0.98426,0.99201,0.80615,0.87001
hin,private_calls,1,0.97593,0.99225,0.97586,0.97820
hin,private_calls,1,0.97855,0.96133,0.10567,0.13978
hin,private_calls,0,0.07717,0.00384,0.00898,0.00818
hin,private_calls,1,0.62528,0.11059,0.07579,0.10154
hin,private_calls,0,0.00668,0.00365,0.00592,0.00458
hin,private_calls,0,0.97771,0.00438,0.01828,0.04090
hin,private_calls,0,0.00668,0.00365,0.00608,0.00563
hin,private_calls,0,0.03528,0.00370,0.00895,0.00843
hin,private_calls,1,0.24191,0.25901,0.06309,0.12218
hin,private_calls,0,0.49015,0.00417,0.01179,0.01652
hin,private_calls,1,0.87325,0.98621,0.26764,0.32403
hin,private_calls,0,0.93574,0.03180,0.05163,0.07712
hin,private_calls,0,0.22776,0.00372,0.00722,0.00844
hin,private_calls,0,0.51968,0.99098,0.06600,0.11111
hin,private_calls,0,0.92559,0.96284,0.09065,0.12490
hin,private_calls,1,0.98486,0.99251,0.92305,0.94943
hin,private_calls,0,0.94857,0.98665,0.43269,0.55563
hin,private_calls,0,0.16053,0.00379,0.00889,0.00865
hin,private_calls,0,0.09578,0.00458,0.01386,0.01719
hin,private_calls,0,0.39335,0.00382,0.01163,0.01105
hin,private_calls,0,0.00594,0.00370,0.00821,0.00685
hin,private_calls,1,0.90422,0.64813,0.38725,0.55659
hin,private_calls,0,0.84470,0.29731,0.06907,0.05518
hin,private_calls,1,0.97593,0.99017,0.68993,0.79093
hin,private_calls,0,0.31265,0.96516,0.04001,0.06082
hin,private_calls,1,0.97401,0.97048,0.54146,0.88516
hin,private_calls,0,0.85958,0.03267,0.00991,0.02501
hin,private_calls,1,0.98753,0.98916,0.85599,0.94208
hin,private_calls,1,0.04427,0.00403,0.03794,0.08460
hin,private_calls,1,0.67882,0.97002,0.41574,0.54582
hin,private_calls,0,0.96731,0.98997,0.13803,0.18104
hin,private_calls,0,0.02599,0.00535,0.01496,0.01381
hin,private_calls,0,0.98364,0.00423,0.01426,0.01418
hin,private_calls,1,0.98364,0.99161,0.90998,0.94228
hin,private_calls,1,0.98652,0.98271,0.65547,0.85673
hin,private_calls,1,0.95403,0.99213,0.97882,0.98516
hin,private_calls,1,0.96731,0.98765,0.62277,0.90346
hin,private_calls,0,0.25665,0.00721,0.01582,0.01667
hin,private_calls,0,0.94031,0.09942,0.10999,0.28680
hin,private_calls,0,0.01026,0.00374,0.00967,0.01596
hin,private_calls,1,0.97401,0.99222,0.96574,0.98559
hin,private_calls,0,0.46069,0.00379,0.00779,0.00606
hin,private_calls,0,0.92559,0.98513,0.76673,0.92459
hin,private_calls,1,0.94458,0.99221,0.98218,0.98146
hin,private_calls,1,0.96335,0.99231,0.62515,0.95277
hin,private_calls,0,0.18292,0.00377,0.00853,0.00846
hin,private_calls,1,0.98015,0.98591,0.77815,0.81803
hin,private_calls,1,0.98753,0.99188,0.93449,0.95138
hin,private_calls,1,0.98704,0.99235,0.98484,0.98801
hin,private_calls,0,0.04427,0.00386,0.01102,0.01383
hin,private_calls,1,0.87325,0.98950,0.82715,0.94529
hin,private_calls,1,0.98162,0.98469,0.41850,0.35874
hin,private_calls,1,0.96472,0.99195,0.93281,0.94631
hin,private_calls,1,0.98364,0.99150,0.95417,0.97714
hin,private_calls,1,0.93333,0.86557,0.23019,0.38382
hin,private_calls,1,0.98162,0.99113,0.92950,0.98106
hin,private_calls,1,0.97401,0.99243,0.97269,0.98428
hin,private_calls,0,0.95573,0.99220,0.86555,0.95516
hin,private_calls,1,0.96194,0.62188,0.27407,0.31779
hin,private_calls,1,0.92825,0.82660,0.07949,0.12481
hin,private_calls,1,0.87754,0.00386,0.01064,0.03149
hin,private_calls,0,0.92559,0.01230,0.02198,0.03378
hin,private_calls,1,0.93333,0.59666,0.25792,0.34992
hin,private_calls,0,0.71216,0.00532,0.06827,0.12309
hin,private_calls,0,0.89349,0.99171,0.62676,0.61777
hin,private_calls,1,0.94458,0.99003,0.16719,0.19314
hin,private_calls,1,0.95403,0.99199,0.96819,0.98071
hin,private_calls,1,0.95403,0.98900,0.08219,0.15447
hin,private_calls,0,0.40279,0.00799,0.01460,0.01427
hin,private_calls,0,0.27983,0.00375,0.01032,0.01263
hin,private_calls,0,0.85958,0.98793,0.23587,0.45157
hin,private_calls,1,0.84470,0.99216,0.92229,0.95633
hin,private_calls,0,0.87754,0.00611,0.02178,0.03989
hin,private_calls,0,0.95737,0.99198,0.87654,0.94246
hin,private_calls,0,0.19498,0.00395,0.01698,0.01817
hin,private_calls,0,0.27196,0.00561,0.01885,0.02351
hin,private_calls,0,0.70402,0.96833,0.06508,0.10136
hin,private_calls,0,0.15530,0.00520,0.01589,0.03196
hin,private_calls,0,0.05339,0.00370,0.00886,0.01131
hin,private_calls,1,0.77224,0.99195,0.91941,0.94260
hin,private_calls,1,0.96335,0.93149,0.15828,0.20686
hin,private_calls,0,0.73576,0.94157,0.06913,0.08009
hin,private_calls,0,0.85476,0.00400,0.03318,0.06034
hin,private_calls,0,0.76524,0.64390,0.05350,0.11508
hin,private_calls,0,0.07175,0.00925,0.01737,0.02038
hin,private_calls,1,0.96335,0.99218,0.89821,0.91336
hin,private_calls,0,0.79876,0.00387,0.00904,0.01091
hin,private_calls,0,0.66141,0.32026,0.01834,0.02272
hin,private_calls,0,0.76524,0.00432,0.01561,0.01823
hin,private_calls,1,0.81708,0.97987,0.15121,0.33718
hin,private_calls,1,0.95737,0.99229,0.98639,0.98801
hin,private_calls,0,0.12675,0.00396,0.01269,0.01456
hin,private_calls,1,0.86427,0.97272,0.06585,0.10652
hin,private_calls,1,0.97771,0.99099,0.90636,0.92475
hin,private_calls,0,0.68735,0.00429,0.00725,0.00713
hin,private_calls,0,0.96731,0.98217,0.12750,0.14234
hin,private_calls,0,0.92825,0.99198,0.89580,0.89214
hin,private_calls,0,0.62528,0.00383,0.01423,0.01536
hin,private_calls,0,0.07441,0.00382,0.01544,0.02209
hin,private_calls,0,0.49015,0.26373,0.07136,0.08394
hin,private_calls,0,0.08917,0.00374,0.00738,0.00787
hin,private_calls,1,0.71216,0.98985,0.31887,0.35004
hin,private_calls,0,0.56849,0.01275,0.03245,0.04373
hin,private_calls,1,0.77909,0.02536,0.06569,0.08317
hin,private_calls,0,0.94458,0.00441,0.01099,0.01710
hin,private_calls,0,0.76524,0.00382,0.00912,0.01987
hin,private_calls,0,0.04597,0.00371,0.00836,0.01150
hin,private_calls,0,0.14042,0.00377,0.00747,0.00790
hin,private_calls,0,0.79235,0.00370,0.00943,0.01278
hin,private_calls,0,0.14042,0.00370,0.01031,0.01697
hin,private_calls,1,0.77909,0.00573,0.01909,0.02689
hin,private_calls,1,0.98486,0.99082,0.79307,0.79192
hin,private_calls,1,0.98543,0.99213,0.86988,0.90814
hin,private_calls,0,0.01109,0.00373,0.00621,0.00483
hin,private_calls,0,0.04105,0.00374,0.00784,0.00846
hin,private_calls,1,0.14524,0.00785,0.02618,0.04511
hin,private_calls,0,0.01247,0.37991,0.03640,0.04898
hin,private_calls,1,0.66141,0.99220,0.92287,0.95836
hin,private_calls,1,0.98299,0.96890,0.09829,0.20087
hin,private_calls,0,0.33859,0.00371,0.00704,0.00870
hin,private_calls,0,0.92825,0.00438,0.01158,0.01348
hin,private_calls,1,0.94249,0.99217,0.89137,0.93058
hin,private_calls,1,0.96971,0.98057,0.15882,0.26929
hin,private_calls,1,0.91398,0.99028,0.27349,0.53033
hin,private_calls,1,0.92283,0.99210,0.54836,0.64502
hin,private_calls,1,0.98015,0.99215,0.98618,0.99010
hin,private_calls,0,0.96335,0.00362,0.00755,0.01202
hin,private_calls,0,0.00844,0.00372,0.00721,0.00792
hin,private_calls,0,0.01348,0.00367,0.00702,0.00666
hin,private_calls,0,0.58770,0.00382,0.01576,0.01352
hin,private_calls,0,0.16053,0.00371,0.00798,0.00915
hin,private_calls,0,0.17710,0.00455,0.05409,0.10909
hin,private_calls,0,0.72804,0.00372,0.01120,0.01433
hin,private_calls,0,0.76524,0.99244,0.63847,0.76545
hin,private_calls,0,0.03806,0.00364,0.00736,0.00745
hin,private_calls,0,0.13118,0.00364,0.00897,0.01446
hin,private_calls,0,0.11032,0.12425,0.04953,0.09869
hin,private_calls,0,0.96731,0.99226,0.83832,0.90209
hin,private_calls,0,0.10651,0.00361,0.00721,0.00800
hin,private_calls,0,0.32983,0.00364,0.00831,0.01266
hin,private_calls,1,0.80502,0.99236,0.30452,0.27824
hin,private_calls,0,0.01067,0.00369,0.00646,0.00506
hin,private_calls,1,0.97855,0.99216,0.97385,0.98388
hin,private_calls,0,0.57813,0.77460,0.02047,0.03293
hin,private_calls,1,0.93083,0.99248,0.94188,0.95614
hin,private_calls,0,0.11829,0.32459,0.03760,0.03103
hin,private_calls,1,0.33859,0.99227,0.33521,0.28304
hin,private_calls,0,0.01636,0.00379,0.01063,0.02314
hin,private_calls,0,0.12246,0.00992,0.07990,0.18968
hin,private_calls,0,0.02229,0.00377,0.01079,0.01815
hin,private_calls,0,0.91703,0.00371,0.01160,0.03506
hin,private_calls,0,0.30425,0.01923,0.04782,0.07785
hin,private_calls,0,0.01701,0.00369,0.00831,0.01107
hin,private_calls,0,0.41230,0.00369,0.00697,0.00839
hin,private_calls,0,0.94458,0.00373,0.01142,0.03089
hin,private_calls,0,0.79876,0.00665,0.01956,0.04034
hin,private_calls,0,0.00844,0.00367,0.00661,0.00664
hin,private_calls,1,0.50985,0.00804,0.03423,0.16487
hin,private_calls,0,0.45092,0.92537,0.10786,0.36872
hin,private_calls,0,0.67017,0.00369,0.02984,0.08254
hin,private_calls,1,0.95045,0.99233,0.98198,0.98486
hin,private_calls,0,0.00812,0.00368,0.00634,0.00611
hin,private_calls,0,0.08297,0.00379,0.01525,0.02660
hin,private_calls,0,0.05969,0.00385,0.01513,0.01742
hin,private_calls,1,0.87325,0.99207,0.23766,0.39517
hin,private_calls,0,0.83409,0.00369,0.00878,0.01400
hin,private_calls,0,0.97499,0.02906,0.12027,0.31798
hin,private_calls,0,0.22776,0.00409,0.00923,0.01508
hin,private_calls,0,0.11032,0.00408,0.02328,0.03736
hin,private_calls,0,0.03396,0.00370,0.01291,0.01789
hin,private_calls,0,0.94857,0.00448,0.05394,0.31330
hin,private_calls,1,0.75079,0.00381,0.01363,0.04133
hin,private_calls,0,0.02501,0.00366,0.01098,0.02943
hin,private_calls,0,0.09242,0.00862,0.02749,0.07757
hin,private_calls,0,0.40279,0.00381,0.01024,0.02227
hin,private_calls,1,0.97401,0.96884,0.68596,0.92779
hin,private_calls,1,0.93806,0.99001,0.07789,0.06868
hin,private_calls,0,0.09924,0.00368,0.01030,0.01934
hin,private_calls,0,0.65253,0.00384,0.01354,0.03173
hin,private_calls,0,0.01247,0.00369,0.00716,0.00746
hin,private_calls,0,0.97684,0.98725,0.15297,0.44882
hin,private_calls,0,0.87754,0.20664,0.12806,0.45172
hin,private_calls,0,0.53931,0.84080,0.24123,0.43268
hin,private_calls,1,0.96604,0.99217,0.94328,0.91222
hin,private_calls,0,0.72804,0.00365,0.00667,0.00934
hin,private_calls,1,0.96472,0.99038,0.60577,0.95817
hin,private_calls,0,0.95737,0.00803,0.07419,0.09253
hin,private_calls,0,0.87325,0.01855,0.03329,0.06645
hin,private_calls,0,0.95228,0.93396,0.35821,0.83791
hin,private_calls,0,0.88968,0.05469,0.16019,0.35226
hin,private_calls,0,0.00668,0.00364,0.00730,0.01062
hin,private_calls,1,0.98090,0.99236,0.98384,0.98824
hin,private_calls,0,0.97084,0.00441,0.03560,0.05060
hin,private_calls,1,0.68735,0.98717,0.77558,0.89106
hin,private_calls,0,0.12246,0.00372,0.00627,0.00527
hin,private_calls,0,0.29598,0.00395,0.01088,0.01664
hin,private_calls,1,0.98162,0.99218,0.95051,0.96823
hin,private_calls,1,0.49015,0.03452,0.03123,0.03360
hin,private_calls,0,0.03147,0.00372,0.00702,0.00925
hin,private_calls,0,0.00694,0.00370,0.00700,0.00613
hin,private_calls,1,0.98015,0.99138,0.94784,0.96736
hin,private_calls,1,0.94249,0.99229,0.84491,0.88393
hin,private_calls,0,0.00722,0.00381,0.00719,0.00542
hin,private_calls,0,0.21420,0.00373,0.00837,0.00924
hin,private_calls,1,0.97937,0.99204,0.80930,0.91336
hin,private_calls,0,0.11032,0.00366,0.00625,0.00553
hin,private_calls,0,0.95228,0.98238,0.12392,0.23814
hin,private_calls,1,0.92825,0.99206,0.86911,0.94835
hin,private_calls,1,0.98543,0.99157,0.94847,0.96357
hin,private_calls,1,0.92559,0.99132,0.78657,0.86375
hin,private_calls,1,0.90758,0.98509,0.05732,0.09578
hin,private_calls,0,0.75809,0.00435,0.01348,0.01995
hin,private_calls,1,0.97684,0.99213,0.98350,0.98666
hin,private_calls,0,0.96853,0.99225,0.97537,0.98210
hin,private_calls,1,0.91398,0.98771,0.07533,0.06773
hin,private_calls,1,0.98426,0.99239,0.94435,0.96244
hin,private_calls,1,0.95403,0.98776,0.32624,0.27559
hin,private_calls,0,0.74335,0.00424,0.03991,0.05422
hin,private_calls,1,0.96335,0.99142,0.92549,0.95290
hin,private_calls,0,0.95895,0.92713,0.03710,0.04045
hin,private_calls,0,0.22776,0.00381,0.00616,0.00443
hin,private_calls,0,0.00642,0.00377,0.00808,0.00775
hin,private_calls,1,0.97937,0.98647,0.53263,0.70972
hin,private_calls,1,0.95403,0.98767,0.76803,0.80314
hin,private_calls,1,0.55881,0.99134,0.38905,0.61232
hin,private_calls,1,0.85476,0.00434,0.06191,0.27716
hin,private_calls,0,0.36553,0.00793,0.11997,0.29704
hin,private_calls,1,0.89718,0.99196,0.95678,0.95808
hin,private_calls,0,0.97684,0.99250,0.85908,0.89320
hin,private_calls,0,0.13573,0.01441,0.06284,0.17906
hin,private_calls,1,0.96971,0.99172,0.95716,0.96221
hin,private_calls,0,0.94857,0.00398,0.01821,0.03370
hin,private_calls,0,0.42187,0.97257,0.05941,0.05334
hin,private_calls,0,0.22091,0.00408,0.02434,0.10131
hin,private_calls,1,0.96853,0.99256,0.99017,0.99128
hin,private_calls,1,0.90076,0.99204,0.67213,0.83208
hin,private_calls,0,0.87754,0.99097,0.29690,0.64819
hin,private_calls,1,0.95045,0.97308,0.40505,0.46051
hin,private_calls,0,0.00913,0.00383,0.00821,0.01302
hin,private_calls,0,0.91398,0.00385,0.01149,0.01264
hin,private_calls,0,0.22776,0.99187,0.51745,0.48773
hin,private_calls,1,0.92283,0.99129,0.87540,0.90521
hin,private_calls,0,0.98299,0.99239,0.91963,0.94129
hin,private_calls,0,0.01701,0.00392,0.00558,0.00372
hin,private_calls,0,0.01701,0.00631,0.01238,0.01871
hin,private_calls,0,0.96971,0.00396,0.00931,0.01310
hin,private_calls,1,0.95403,0.99214,0.96965,0.98105
hin,private_calls,0,0.98162,0.96824,0.14269,0.26679
hin,private_calls,0,0.95573,0.00645,0.02201,0.06854
hin,private_calls,0,0.97299,0.94657,0.10129,0.27532
hin,private_calls,1,0.98232,0.99213,0.97445,0.97851
hin,private_calls,1,0.98652,0.99266,0.97015,0.98495
hin,private_calls,1,0.82290,0.98792,0.50986,0.58047
hin,private_calls,1,0.98232,0.99133,0.90933,0.92788
hin,private_calls,0,0.88171,0.99252,0.95069,0.93826
hin,private_calls,0,0.32983,0.00458,0.02598,0.05391
hin,private_calls,1,0.91083,0.99071,0.35674,0.36893
hin,private_calls,1,0.82856,0.31721,0.03330,0.04430
hin,private_calls,1,0.97684,0.99148,0.92141,0.95807
hin,private_calls,0,0.12246,0.00831,0.00740,0.00709
hin,private_calls,1,0.96604,0.99222,0.96736,0.97305
hin,private_calls,1,0.87325,0.99227,0.98434,0.98898
hin,private_calls,1,0.94661,0.22836,0.18403,0.26443
hin,private_calls,0,0.00812,0.00380,0.00666,0.00785
hin,private_calls,0,0.06194,0.00382,0.00952,0.00917
hin,private_calls,1,0.29598,0.96139,0.09707,0.18652
hin,private_calls,0,0.24191,0.00398,0.01799,0.01747
hin,private_calls,0,0.04955,0.11993,0.07213,0.11811
hin,private_calls,1,0.77909,0.99073,0.94151,0.96884
hin,private_calls,0,0.11424,0.84925,0.03470,0.02424
hin,private_calls,1,0.97855,0.99244,0.79852,0.89720
hin,private_calls,1,0.96047,0.99209,0.92482,0.97701
hin,private_calls,1,0.55881,0.00468,0.01131,0.01141
hin,private_calls,0,0.08602,0.01825,0.02622,0.03215
hin,private_calls,0,0.62528,0.00712,0.03029,0.03363
hin,private_calls,0,0.05143,0.00375,0.00546,0.00450
hin,private_calls,0,0.75809,0.81755,0.07393,0.12933
hin,private_calls,0,0.81708,0.57039,0.10625,0.09362
hin,private_calls,1,0.34747,0.99041,0.25694,0.35173
hin,private_calls,1,0.00781,0.00375,0.02409,0.05616
hin,private_calls,0,0.57813,0.00457,0.03018,0.04642
hin,private_calls,1,0.52951,0.98859,0.80993,0.89855
hin,private_calls,0,0.67882,0.00379,0.00852,0.01521
hin,private_calls,0,0.01026,0.00371,0.01026,0.01103
hin,private_calls,0,0.42187,0.98710,0.17010,0.58918
hin,private_calls,1,0.11424,0.99046,0.74704,0.89806
hin,private_calls,1,0.77909,0.99078,0.67509,0.72781
hin,private_calls,0,0.95045,0.98862,0.69829,0.81809
hin,private_calls,0,0.01768,0.00374,0.00611,0.00733
hin,private_calls,0,0.96971,0.00503,0.02812,0.07504
hin,private_calls,0,0.23476,0.91560,0.02441,0.02874
hin,private_calls,0,0.72017,0.00539,0.01302,0.01505
hin,private_calls,0,0.80502,0.00372,0.00844,0.01194
hin,private_calls,0,0.90076,0.01194,0.01480,0.02654
hin,private_calls,0,0.02229,0.00373,0.01034,0.01442
hin,private_calls,1,0.15020,0.94412,0.07753,0.07029
hin,private_calls,0,0.55881,0.00383,0.01204,0.01412
hin,private_calls,0,0.95573,0.96634,0.25814,0.42285
hin,private_calls,0,0.01026,0.00376,0.00655,0.00662
hin,private_calls,1,0.15530,0.99079,0.19696,0.15817
hin,private_calls,1,0.95895,0.99216,0.91631,0.95575
hin,private_calls,1,0.88171,0.86304,0.26865,0.42305
hin,private_calls,1,0.96047,0.98870,0.43620,0.37908
hin,private_calls,0,0.00618,0.00368,0.00555,0.00546
hin,private_calls,1,0.17710,0.00382,0.02539,0.03532
hin,private_calls,0,0.46069,0.00370,0.00585,0.00776
hin,private_calls,0,0.72804,0.99234,0.93996,0.97526
hin,private_calls,1,0.80502,0.74910,0.06613,0.16857
hin,private_calls,0,0.01067,0.00375,0.00529,0.00378
hin,private_calls,0,0.00618,0.00372,0.00545,0.00486
hin,private_calls,0,0.01026,0.00377,0.00582,0.00571
hin,private_calls,0,0.01348,0.00374,0.00615,0.00544
hin,private_calls,0,0.80502,0.00388,0.01579,0.05439
hin,private_calls,0,0.82856,0.00799,0.03546,0.14686
hin,private_calls,0,0.91083,0.00375,0.01522,0.04664
hin,private_calls,1,0.82856,0.99161,0.93531,0.96504
hin,private_calls,0,0.00913,0.00384,0.00505,0.00365
hin,private_calls,1,0.97771,0.99136,0.96100,0.97540
hin,private_calls,0,0.04263,0.98968,0.15562,0.31317
hin,private_calls,1,0.93574,0.99087,0.33576,0.63800
hin,private_calls,1,0.93806,0.99200,0.73301,0.89898
hin,private_calls,0,0.81112,0.99056,0.87938,0.96840
hin,private_calls,0,0.83409,0.00372,0.02073,0.20627
hin,private_calls,1,0.89718,0.99075,0.66516,0.69107
hin,private_calls,0,0.61601,0.95912,0.22848,0.13610
hin,private_calls,0,0.96194,0.00380,0.03122,0.04243
hin,private_calls,1,0.93083,0.89073,0.50846,0.61505
hin,private_calls,0,0.90758,0.00840,0.02792,0.08444
hin,private_calls,1,0.83409,0.99116,0.94700,0.97764
hin,private_calls,0,0.50985,0.00371,0.00929,0.02017
hin,private_calls,1,0.97937,0.99217,0.95122,0.94962
hin,private_calls,0,0.01026,0.00371,0.01504,0.03696
hin,private_calls,1,0.72804,0.97959,0.33637,0.76625
hin,private_calls,1,0.95737,0.99232,0.98395,0.98825
hin,private_calls,1,0.96194,0.28548,0.47547,0.62388
hin,private_calls,1,0.98090,0.99066,0.85966,0.93687
hin,private_calls,0,0.91398,0.01498,0.03007,0.17389
hin,private_calls,0,0.81112,0.00439,0.07670,0.12141
hin,private_calls,1,0.97855,0.99159,0.88314,0.95310
hin,private_calls,0,0.96472,0.98912,0.62970,0.70115
hin,private_calls,0,0.77909,0.00392,0.00973,0.00980
hin,private_calls,0,0.11032,0.00385,0.00911,0.01634
hin,private_calls,1,0.84980,0.34329,0.07046,0.09482
hin,private_calls,0,0.98015,0.00521,0.04482,0.08761
hin,private_calls,0,0.98543,0.98131,0.87616,0.94137
hin,private_calls,0,0.38399,0.00438,0.02195,0.08001
hin,private_calls,0,0.96853,0.00523,0.01385,0.06283
hin,private_calls,1,0.98015,0.07750,0.24396,0.32099
hin,private_calls,0,0.10282,0.00450,0.02695,0.07918
hin,private_calls,0,0.94249,0.00390,0.00645,0.01065
hin,private_calls,0,0.83409,0.01760,0.08291,0.22618
hin,private_calls,0,0.85476,0.00779,0.05237,0.09291
hin,private_calls,1,0.93333,0.42497,0.43184,0.71638
hin,private_calls,0,0.01701,0.00386,0.00625,0.00443
hin,private_calls,0,0.84980,0.00394,0.02282,0.05576
hin,private_calls,0,0.92825,0.00383,0.00713,0.01497
hin,private_calls,0,0.85476,0.00420,0.01894,0.04007
hin,private_calls,0,0.77909,0.00428,0.03222,0.08053
hin,private_calls,0,0.85958,0.00385,0.01126,0.02593
hin,private_calls,0,0.86427,0.89975,0.14466,0.22856
hin,private_calls,0,0.96047,0.00425,0.01572,0.02542
hin,private_calls,0,0.03396,0.00383,0.01220,0.03156
hin,private_calls,1,0.96971,0.45751,0.16853,0.31434
hin,private_calls,0,0.19498,0.00400,0.00816,0.01359
hin,private_calls,1,0.92825,0.98200,0.20664,0.69806
hin,private_calls,1,0.97937,0.99150,0.97721,0.98647
hin,private_calls,0,0.49015,0.00521,0.01775,0.03685
hin,private_calls,0,0.93806,0.00644,0.04043,0.08332
hin,private_calls,1,0.96853,0.99202,0.96875,0.96920
hin,private_calls,0,0.96335,0.00644,0.02368,0.02330
hin,private_calls,1,0.96731,0.99216,0.83288,0.88717
hin,private_calls,1,0.96731,0.99003,0.93708,0.92173
hin,private_calls,0,0.27983,0.06441,0.17802,0.41431
hin,private_calls,0,0.90076,0.00404,0.01101,0.01259
hin,private_calls,1,0.77224,0.99172,0.96466,0.98521
hin,private_calls,0,0.66141,0.99210,0.74125,0.82294
hin,private_calls,0,0.93083,0.83576,0.09944,0.19604
hin,private_calls,1,0.93083,0.99216,0.95528,0.97560
hin,private_calls,0,0.95737,0.98650,0.82222,0.90833
hin,private_calls,0,0.85476,0.99177,0.81803,0.90666
hin,private_calls,1,0.97771,0.98941,0.92465,0.98293
hin,private_calls,1,0.96604,0.99021,0.51848,0.77790
hin,private_calls,0,0.93333,0.96147,0.21972,0.43361
hin,private_calls,0,0.95737,0.98999,0.09283,0.38124
hin,private_calls,1,0.97771,0.99151,0.85169,0.90744
hin,private_calls,0,0.05339,0.22733,0.04040,0.05107
hin,private_calls,1,0.98486,0.99148,0.78543,0.94447
hin,private_calls,0,0.84980,0.00599,0.02117,0.02139
hin,private_calls,1,0.98364,0.99068,0.93328,0.95835
hin,private_calls,0,0.97937,0.99152,0.97977,0.98642
hin,private_calls,1,0.94458,0.96810,0.25796,0.25185
hin,private_calls,1,0.98232,0.99243,0.28022,0.58374
hin,private_calls,0,0.05751,0.00391,0.00679,0.00622
hin,private_calls,1,0.96472,0.99073,0.92551,0.95275
hin,private_calls,0,0.95228,0.99115,0.76603,0.68252
hin,private_calls,0,0.81708,0.00408,0.02160,0.03506
hin,private_calls,0,0.96335,0.00423,0.02122,0.03524
hin,private_calls,0,0.95045,0.99207,0.63538,0.64485
hin,private_calls,0,0.58770,0.00405,0.01425,0.01591
hin,private_calls,1,0.95228,0.99054,0.09681,0.68582
hin,private_calls,0,0.96731,0.02301,0.09832,0.19692
hin,private_calls,0,0.93574,0.97479,0.02897,0.05006
hin,private_calls,0,0.94249,0.02017,0.13174,0.14279
hin,private_calls,1,0.96047,0.98448,0.29731,0.77058
hin,private_calls,1,0.97593,0.99172,0.78463,0.94800
hin,private_calls,1,0.96047,0.99192,0.85664,0.92528
hin,private_calls,0,0.81708,0.00735,0.13817,0.52346
hin,private_calls,1,0.97771,0.99219,0.96515,0.98030
hin,private_calls,1,0.97194,0.99229,0.90179,0.91639
hin,private_calls,1,0.95573,0.98694,0.23000,0.46520
hin,private_calls,0,0.50985,0.00385,0.00813,0.00614
hin,private_calls,1,0.93574,0.98610,0.84162,0.97252
hin,private_calls,1,0.96971,0.99220,0.98945,0.99015
hin,private_calls,1,0.55881,0.99218,0.98657,0.98765
hin,private_calls,1,0.96047,0.22996,0.06689,0.12412
hin,private_calls,0,0.92559,0.00390,0.00852,0.01911
hin,private_calls,1,0.06194,0.99153,0.93923,0.97431
hin,private_calls,1,0.92825,0.99220,0.95591,0.97357
hin,private_calls,1,0.82290,0.99213,0.96477,0.97351
hin,private_calls,0,0.30425,0.82437,0.05377,0.10106
hin,private_calls,1,0.06917,0.99188,0.90205,0.93201
hin,private_calls,1,0.84470,0.99262,0.88743,0.95603
hin,private_calls,1,0.92283,0.98987,0.89451,0.95375
hin,private_calls,1,0.95045,0.98983,0.32763,0.49554
hin,private_calls,0,0.96472,0.99015,0.71748,0.93232
hin,private_calls,0,0.02806,0.00436,0.02330,0.02898
hin,private_calls,1,0.98232,0.99201,0.95843,0.98456
hin,private_calls,1,0.98090,0.99241,0.47124,0.81596
hin,private_calls,0,0.78580,0.88499,0.14193,0.25905
hin,private_calls,1,0.97299,0.99130,0.25153,0.30165
hin,private_calls,0,0.00949,0.00381,0.01075,0.00904
hin,private_calls,0,0.05339,0.00379,0.00744,0.00683
hin,private_calls,1,0.74335,0.00679,0.03349,0.06295
hin,private_calls,0,0.00571,0.00380,0.00709,0.00654
hin,private_calls,1,0.95895,0.98832,0.81468,0.97252
hin,private_calls,0,0.05339,0.01630,0.06350,0.11718
hin,private_calls,0,0.65253,0.72756,0.06979,0.22093
hin,private_calls,0,0.56849,0.64800,0.43703,0.71696
hin,private_calls,1,0.45092,0.98123,0.45662,0.88548
hin,private_calls,1,0.64355,0.99134,0.42837,0.41105
hin,private_calls,1,0.97855,0.99037,0.37003,0.39697
hin,private_calls,1,0.98090,0.01997,0.02303,0.02943
hin,private_calls,1,0.98015,0.79163,0.14762,0.50350
hin,private_calls,1,0.87325,0.99176,0.86681,0.93554
hin,private_calls,1,0.43151,0.00497,0.01479,0.02363
hin,private_calls,1,0.96604,0.98804,0.34858,0.38289
hin,private_calls,1,0.95228,0.92918,0.05623,0.05609
hin,private_calls,1,0.68735,0.00403,0.02778,0.04654
hin,private_calls,0,0.11032,0.00411,0.01068,0.01214
hin,private_calls,1,0.93083,0.98384,0.19821,0.25846
hin,private_calls,0,0.90422,0.01607,0.03711,0.05870
hin,private_calls,0,0.05542,0.00434,0.01595,0.03999
hin,private_calls,0,0.34747,0.00392,0.06703,0.11006
hin,private_calls,0,0.31265,0.00426,0.01848,0.03435
hin,private_calls,0,0.91997,0.00385,0.00918,0.01155
hin,private_calls,0,0.20124,0.00388,0.00817,0.01259
hin,private_calls,0,0.01154,0.00386,0.01090,0.01281
hin,private_calls,1,0.24191,0.00476,0.05396,0.08644
hin,private_calls,0,0.22091,0.00399,0.01174,0.01458
hin,private_calls,0,0.00987,0.00384,0.00719,0.00574
hin,private_calls,1,0.05969,0.00441,0.03120,0.05797
hin,private_calls,0,0.93083,0.00418,0.02438,0.03377
hin,private_calls,1,0.72804,0.01297,0.03613,0.06269
hin,private_calls,0,0.44119,0.00390,0.00952,0.00980
hin,private_calls,0,0.02701,0.00386,0.02328,0.05419
hin,private_calls,0,0.11032,0.00385,0.01501,0.02077
hin,private_calls,1,0.94249,0.01145,0.08276,0.11245
hin,private_calls,0,0.04597,0.00533,0.02631,0.04091
hin,private_calls,1,0.97855,0.09028,0.15934,0.37943
hin,private_calls,1,0.85958,0.00437,0.01262,0.01712
hin,private_calls,0,0.04105,0.00401,0.00899,0.01510
hin,private_calls,0,0.39335,0.00375,0.00748,0.01029
hin,private_calls,0,0.13118,0.00399,0.01230,0.01464
hin,private_calls,0,0.92283,0.00373,0.00670,0.00803
hin,private_calls,0,0.10651,0.00374,0.00643,0.00584
hin,private_calls,1,0.92559,0.98880,0.33367,0.57360
hin,private_calls,0,0.65253,0.00382,0.00929,0.01432
hin,private_calls,0,0.04597,0.00415,0.01513,0.01645
hin,private_calls,0,0.66141,0.93425,0.20607,0.26926
hin,private_calls,0,0.01401,0.00447,0.02288,0.01933
hin,private_calls,0,0.06426,0.00900,0.03939,0.05617
hin,private_calls,0,0.23476,0.00580,0.04116,0.05394
hin,private_calls,1,0.91703,0.98249,0.16693,0.21223
hin,private_calls,1,0.10282,0.00408,0.01911,0.02618
hin,private_calls,0,0.02916,0.00376,0.00802,0.00823
hin,private_calls,0,0.00844,0.00372,0.00682,0.00579
hin,private_calls,0,0.50000,0.00379,0.00568,0.00424
hin,private_calls,0,0.97684,0.00380,0.00679,0.00750
hin,private_calls,0,0.13573,0.00394,0.00822,0.01814
hin,private_calls,1,0.95045,0.99107,0.97793,0.98501
hin,private_calls,0,0.88576,0.02661,0.10930,0.18083
hin,private_calls,0,0.00844,0.00379,0.00541,0.00383
hin,private_calls,0,0.01026,0.00373,0.00680,0.00914
hin,private_calls,0,0.08602,0.00381,0.00894,0.01291
hin,private_calls,0,0.93083,0.00445,0.01862,0.04596
hin,private_calls,0,0.17144,0.00380,0.01069,0.01134
hin,private_calls,0,0.63447,0.01167,0.05981,0.10747
hin,private_calls,0,0.00781,0.00379,0.00588,0.00519
hin,private_calls,0,0.93574,0.00442,0.00924,0.04068
hin,private_calls,0,0.16053,0.00390,0.01605,0.03484
hin,private_calls,0,0.50000,0.00449,0.01984,0.03717
hin,private_calls,0,0.27983,0.00375,0.00675,0.00821
hin,private_calls,0,0.60665,0.00780,0.03544,0.03061
hin,private_calls,1,0.95737,0.99211,0.96822,0.97557
hin,private_calls,0,0.07441,0.00499,0.02389,0.02206
hin,private_calls,0,0.36553,0.00377,0.02253,0.04532
hin,private_calls,0,0.02407,0.00423,0.01759,0.01773
hin,private_calls,1,0.96731,0.99237,0.96657,0.97957
hin,private_calls,1,0.93333,0.99245,0.73601,0.90109
hin,private_calls,1,0.98299,0.90838,0.55649,0.81580
hin,private_calls,1,0.98599,0.99153,0.97050,0.98501
hin,private_calls,1,0.89718,0.98579,0.43480,0.81087
hin,private_calls,1,0.79876,0.98669,0.42112,0.56287
hin,private_calls,0,0.00812,0.00376,0.00727,0.00944
hin,private_calls,1,0.48032,0.00476,0.03162,0.06824
hin,private_calls,1,0.96194,0.99079,0.69705,0.86447
hin,private_calls,0,0.98486,0.98952,0.38832,0.43413
hin,private_calls,0,0.90076,0.02713,0.16951,0.18555
hin,private_calls,0,0.81708,0.01483,0.08371,0.08649
hin,private_calls,1,0.97299,0.99122,0.92216,0.97479
hin,private_calls,0,0.96971,0.09766,0.02345,0.03706
hin,private_calls,0,0.01348,0.00372,0.00629,0.00584
hin,private_calls,1,0.95045,0.99041,0.52533,0.84051
hin,private_calls,1,0.83947,0.09783,0.21096,0.61295
hin,private_calls,1,0.79235,0.03580,0.03982,0.03768
hin,private_calls,0,0.85958,0.98181,0.23351,0.56765
hin,private_calls,0,0.93083,0.92441,0.14548,0.25666
hin,private_calls,0,0.92825,0.98691,0.95219,0.96966
hin,private_calls,1,0.96194,0.98025,0.25937,0.60668
hin,private_calls,0,0.83947,0.98600,0.26118,0.37877
hin,private_calls,0,0.00844,0.00366,0.00687,0.00463
hin,private_calls,0,0.00571,0.00365,0.00740,0.00603
hin,private_calls,0,0.72017,0.98682,0.29783,0.33083
hin,private_calls,0,0.05969,0.00371,0.00772,0.00756
hin,private_calls,1,0.09242,0.99205,0.09739,0.17890
hin,private_calls,0,0.97937,0.99182,0.96761,0.98014
hin,private_calls,0,0.80502,0.98828,0.47044,0.50629
hin,private_calls,1,0.16591,0.02826,0.03365,0.03631
hin,private_calls,0,0.61601,0.02528,0.02011,0.01426
hin,private_calls,1,0.88576,0.99174,0.80324,0.78021
hin,private_calls,0,0.50000,0.00518,0.01851,0.01961
hin,private_calls,1,0.93333,0.97869,0.45681,0.85424
hin,private_calls,1,0.96971,0.97811,0.69370,0.87927
hin,private_calls,0,0.03269,0.01478,0.03584,0.07047
hin,private_calls,1,0.94249,0.99223,0.70186,0.79560
hin,private_calls,0,0.04263,0.00373,0.00757,0.00676
hin,private_calls,1,0.98652,0.99229,0.77363,0.83058
hin,private_calls,1,0.94249,0.98660,0.81215,0.75857
hin,private_calls,0,0.01348,0.06388,0.04637,0.04293
hin,private_calls,1,0.74335,0.00460,0.05279,0.09888
hin,private_calls,0,0.96971,0.98719,0.84557,0.91808
hin,private_calls,0,0.49015,0.00377,0.00733,0.00666
hin,private_calls,1,0.95573,0.99079,0.91971,0.96517
hin,private_calls,0,0.77224,0.00419,0.02236,0.03386
hin,private_calls,1,0.89349,0.95544,0.39608,0.49154
hin,private_calls,1,0.82856,0.59840,0.25285,0.27292
hin,private_calls,0,0.96971,0.99062,0.95159,0.97535
hin,private_calls,0,0.83409,0.00375,0.01051,0.00884
hin,private_calls,1,0.97299,0.99192,0.98543,0.98736
hin,private_calls,0,0.90422,0.00836,0.04211,0.03458
hin,private_calls,1,0.92559,0.99162,0.76036,0.58538
hin,private_calls,0,0.93574,0.00468,0.02855,0.02866
hin,private_calls,1,0.89718,0.99118,0.78718,0.79963
hin,private_calls,1,0.94458,0.99232,0.93371,0.95504
hin,private_calls,0,0.87754,0.06065,0.06562,0.09043
hin,private_calls,1,0.97084,0.12622,0.03789,0.06624
hin,private_calls,1,0.94661,0.99100,0.95534,0.94117
hin,private_calls,1,0.44119,0.50969,0.32557,0.44670
hin,private_calls,0,0.77224,0.46080,0.06777,0.08310
hin,private_calls,0,0.36553,0.00394,0.01521,0.03350
hin,private_calls,0,0.06917,0.00377,0.00847,0.01008
hin,private_calls,1,0.89349,0.98511,0.20710,0.22145
hin,private_calls,1,0.92825,0.99217,0.97159,0.97934
hin,private_calls,1,0.07441,0.99178,0.85954,0.88902
hin,private_calls,1,0.98232,0.92686,0.60441,0.88872
hin,private_calls,1,0.95228,0.98512,0.16090,0.10883
hin,private_calls,0,0.02229,0.00371,0.01075,0.00924
hin,private_calls,0,0.56849,0.00435,0.01964,0.02225
hin,private_calls,0,0.98364,0.68567,0.43538,0.62688
hin,private_calls,1,0.85958,0.99242,0.71308,0.89124
hin,private_calls,0,0.80502,0.24461,0.10918,0.12336
hin,private_calls,0,0.00594,0.00364,0.00711,0.00628
hin,private_calls,1,0.98543,0.99140,0.26658,0.19566
hin,private_calls,1,0.83947,0.06099,0.01289,0.01237
hin,private_calls,0,0.94249,0.98532,0.57944,0.60060
hin,private_calls,0,0.96335,0.24819,0.01752,0.01835
hin,private_calls,1,0.98090,0.99227,0.89585,0.91422
hin,private_calls,0,0.95045,0.01244,0.01465,0.01548
hin,private_calls,0,0.95045,0.57197,0.01835,0.02802
hin,private_calls,0,0.03147,0.00502,0.01726,0.02302
hin,private_calls,1,0.96971,0.99225,0.94644,0.96727
hin,private_calls,1,0.96047,0.99212,0.37381,0.70338
hin,private_calls,0,0.74335,0.00394,0.01189,0.01647
hin,private_calls,1,0.97499,0.99091,0.06149,0.08764
hin,private_calls,0,0.51968,0.00375,0.00565,0.00496
hin,private_calls,1,0.96971,0.99118,0.87392,0.90349
hin,private_calls,0,0.05542,0.00387,0.00785,0.00982
hin,private_calls,0,0.01910,0.04126,0.01674,0.01862
hin,private_calls,1,0.96472,0.99194,0.45932,0.74741
hin,private_calls,0,0.26424,0.00377,0.00715,0.00728
hin,private_calls,0,0.00949,0.16560,0.02136,0.02586
hin,private_calls,0,0.23476,0.00368,0.00589,0.00476
hin,private_calls,1,0.97401,0.99098,0.86225,0.89463
hin,private_calls,1,0.39335,0.99179,0.53493,0.50234
hin,private_calls,0,0.00751,0.00377,0.00801,0.00721
hin,private_calls,0,0.01026,0.00379,0.00561,0.00468
hin,private_calls,0,0.15530,0.87410,0.07666,0.14997
hin,private_calls,0,0.20765,0.00494,0.02539,0.04244
hin,private_calls,1,0.96731,0.99245,0.50028,0.43731
hin,private_calls,0,0.41230,0.00373,0.00646,0.00697
hin,private_calls,1,0.98364,0.99147,0.60000,0.69777
hin,private_calls,0,0.96853,0.00440,0.01271,0.01515
hin,private_calls,0,0.08297,0.01416,0.02289,0.03006
hin,private_calls,1,0.96971,0.99230,0.63847,0.70957
hin,private_calls,1,0.86882,0.97971,0.13683,0.20169
hin,private_calls,0,0.58770,0.00442,0.01914,0.01959
hin,private_calls,1,0.95895,0.99219,0.43526,0.59722
hin,private_calls,0,0.19498,0.00370,0.00702,0.00757
hin,private_calls,1,0.96853,0.99192,0.91919,0.94420
hin,private_calls,0,0.71216,0.98779,0.11508,0.11442
hin,private_calls,0,0.22091,0.98849,0.02291,0.02783
hin,private_calls,0,0.19498,0.60871,0.04878,0.04424
hin,private_calls,1,0.95403,0.99231,0.97250,0.97283
hin,private_calls,0,0.03396,0.00372,0.00619,0.00672
hin,private_calls,0,0.04955,0.99240,0.25509,0.31947
hin,private_calls,1,0.91997,0.99200,0.74024,0.73249
hin,private_calls,0,0.16591,0.00676,0.02218,0.03899
hin,private_calls,0,0.93083,0.00620,0.03053,0.08692
hin,private_calls,0,0.09924,0.00599,0.01600,0.02122
hin,private_calls,0,0.01701,0.00372,0.00585,0.00561
hin,private_calls,1,0.67882,0.99218,0.15375,0.17221
hin,private_calls,1,0.97401,0.99087,0.38663,0.44759
hin,private_calls,1,0.96971,0.99141,0.26633,0.31112
hin,private_calls,0,0.00668,0.00381,0.00508,0.00340
hin,private_calls,0,0.09242,0.00399,0.00584,0.00575
hin,private_calls,1,0.98599,0.99247,0.69124,0.66496
hin,private_calls,0,0.50985,0.00539,0.02409,0.03420
hin,private_calls,0,0.36553,0.98540,0.05233,0.04818
hin,private_calls,0,0.02229,0.00371,0.00514,0.00329
hin,private_calls,1,0.11829,0.39744,0.02119,0.03497
hin,private_calls,1,0.97937,0.99260,0.68884,0.76206
hin,private_calls,1,0.03269,0.99261,0.45276,0.37169
hin,private_calls,0,0.79876,0.99023,0.06083,0.21061
hin,private_calls,0,0.06667,0.00380,0.01520,0.02194
hin,private_calls,0,0.97299,0.99179,0.03206,0.04617
hin,private_calls,0,0.32118,0.00405,0.00936,0.00871
hin,private_calls,1,0.97771,0.99138,0.81032,0.95405
hin,private_calls,0,0.56849,0.00372,0.00840,0.00679
hin,private_calls,1,0.22091,0.06021,0.09094,0.14688
hin,private_calls,1,0.94661,0.99216,0.96780,0.98452
hin,private_calls,1,0.05339,0.62028,0.35196,0.45547
hin,private_calls,1,0.95228,0.99253,0.95695,0.92592
hin,private_calls,1,0.14042,0.91828,0.95884,0.98176
hin,private_calls,0,0.98846,0.99263,0.84532,0.90322
hin,private_calls,0,0.94458,0.00377,0.00594,0.00490
hin,private_calls,1,0.98299,0.98606,0.31036,0.57452
hin,private_calls,1,0.95403,0.91567,0.18249,0.57106
hin,private_calls,0,0.86882,0.01340,0.03412,0.03301
hin,private_calls,1,0.95573,0.99216,0.77427,0.91183
hin,private_calls,1,0.97401,0.99215,0.98129,0.98468
hin,private_calls,0,0.83409,0.90843,0.09249,0.08137
hin,private_calls,0,0.74335,0.00371,0.01263,0.01568
hin,private_calls,0,0.80502,0.98603,0.03812,0.06015
hin,private_calls,0,0.97593,0.98119,0.39987,0.60844
hin,private_calls,0,0.96731,0.00389,0.02167,0.02545
hin,private_calls,1,0.96047,0.99027,0.78834,0.91324
hin,private_calls,0,0.94249,0.40503,0.04250,0.04642
hin,private_calls,0,0.02501,0.00373,0.00920,0.00997
hin,private_calls,0,0.90758,0.91299,0.23306,0.29094
hin,private_calls,1,0.98364,0.99201,0.98502,0.98975
hin,private_calls,1,0.77909,0.99229,0.12783,0.34353
hin,private_calls,0,0.80502,0.00387,0.02051,0.03020
hin,private_calls,0,0.64355,0.00379,0.00974,0.01044
hin,private_calls,0,0.96971,0.00377,0.00932,0.01161
hin,private_calls,0,0.87754,0.00388,0.00864,0.00946
hin,private_calls,0,0.93806,0.00384,0.00847,0.01048
hin,private_calls,0,0.02806,0.00850,0.01288,0.02406
hin,private_calls,0,0.58770,0.00405,0.05398,0.06336
hin,private_calls,1,0.43151,0.01919,0.02166,0.02411
hin,private_calls,0,0.39335,0.01155,0.02147,0.02966
hin,private_calls,0,0.73576,0.99208,0.07080,0.12289
hin,private_calls,0,0.60665,0.99224,0.90939,0.95183
hin,private_calls,0,0.96853,0.98972,0.50569,0.65953
hin,private_calls,1,0.95895,0.01761,0.01011,0.00968
hin,private_calls,0,0.85476,0.00384,0.01201,0.01253
hin,private_calls,1,0.97937,0.99206,0.69273,0.76404
hin,private_calls,0,0.93574,0.00399,0.01479,0.02486
hin,private_calls,0,0.67017,0.00378,0.00794,0.00534
hin,private_calls,1,0.93083,0.98662,0.07119,0.21881
hin,private_calls,1,0.96853,0.99212,0.84489,0.90796
hin,private_calls,1,0.98486,0.99246,0.87889,0.91995
hin,private_calls,0,0.79235,0.00375,0.01077,0.00977
hin,private_calls,1,0.95737,0.99237,0.58367,0.53643
hin,private_calls,0,0.36553,0.91472,0.03031,0.07017
hin,private_calls,0,0.67882,0.00376,0.01063,0.01227
hin,private_calls,0,0.93083,0.03618,0.06961,0.10350
hin,private_calls,0,0.95895,0.03178,0.06075,0.08210
hin,private_calls,0,0.31265,0.00369,0.02977,0.05024
hin,private_calls,0,0.68735,0.98633,0.18683,0.22159
hin,private_calls,0,0.96731,0.23688,0.03433,0.04297
hin,private_calls,1,0.97299,0.98959,0.02505,0.09643
hin,private_calls,0,0.98652,0.99215,0.70060,0.86540
hin,private_calls,0,0.96047,0.00425,0.01745,0.02306
hin,private_calls,0,0.21420,0.00380,0.01031,0.00994
hin,private_calls,1,0.63447,0.98525,0.14969,0.35665
hin,private_calls,0,0.86882,0.00380,0.00929,0.01078
hin,private_calls,0,0.11829,0.00372,0.01015,0.01248
hin,private_calls,0,0.30425,0.00642,0.07391,0.12098
hin,private_calls,0,0.88968,0.00506,0.03048,0.05589
hin,private_calls,0,0.93333,0.00394,0.01741,0.02240
hin,private_calls,0,0.60665,0.00384,0.01451,0.02134
hin,private_calls,1,0.01154,0.99186,0.28304,0.43987
hin,private_calls,1,0.92559,0.99214,0.98614,0.98922
hin,private_calls,0,0.81708,0.96461,0.05290,0.07017
hin,private_calls,1,0.78580,0.53936,0.05112,0.04979
hin,private_calls,0,0.49015,0.99105,0.05658,0.08046
hin,private_calls,0,0.02501,0.00373,0.01082,0.01234
hin,private_calls,0,0.96194,0.00374,0.01264,0.02210
hin,private_calls,1,0.96335,0.99152,0.60416,0.63348
hin,private_calls,0,0.92825,0.31215,0.05666,0.12761
hin,private_calls,0,0.96335,0.00411,0.02958,0.04811
hin,private_calls,0,0.87754,0.00390,0.01962,0.03139
hin,private_calls,0,0.71216,0.03061,0.01383,0.03568
hin,private_calls,0,0.46069,0.56965,0.11387,0.16241
hin,private_calls,1,0.41230,0.99082,0.88420,0.92872
hin,private_calls,0,0.71216,0.98978,0.20408,0.35954
hin,private_calls,0,0.82856,0.00369,0.01270,0.01602
hin,private_calls,0,0.49015,0.00412,0.01633,0.02902
hin,private_calls,0,0.94031,0.00366,0.00849,0.00765
hin,private_calls,0,0.92283,0.00677,0.03399,0.03726
hin,private_calls,1,0.97593,0.99251,0.96399,0.98456
hin,private_calls,1,0.97194,0.98862,0.90565,0.97146
hin,private_calls,0,0.00812,0.00373,0.00604,0.00603
hin,private_calls,1,0.96335,0.98834,0.59521,0.69502
hin,private_calls,0,0.08003,0.00380,0.01326,0.01934
hin,private_calls,1,0.79235,0.99150,0.75821,0.91375
hin,private_calls,1,0.97855,0.01020,0.07250,0.14890
hin,private_calls,0,0.03269,0.00371,0.00680,0.00935
hin,private_calls,0,0.13573,0.00403,0.01423,0.01971
hin,private_calls,1,0.98090,0.99208,0.76976,0.95064
hin,private_calls,1,0.97593,0.99229,0.98786,0.98997
hin,private_calls,1,0.98652,0.99229,0.98215,0.98734
hin,private_calls,0,0.61601,0.06742,0.02702,0.04815
hin,private_calls,1,0.00781,0.99245,0.24419,0.34527
hin,private_calls,0,0.97937,0.00550,0.08975,0.21666
hin,private_calls,1,0.98426,0.99240,0.96731,0.97786
hin,private_calls,0,0.93083,0.00372,0.00637,0.00721
hin,private_calls,0,0.45092,0.00369,0.00616,0.00765
hin,private_calls,0,0.41230,0.00363,0.00668,0.00929
hin,private_calls,0,0.27196,0.00421,0.03693,0.10630
hin,private_calls,1,0.88171,0.99225,0.97376,0.98285
hin,private_calls,1,0.94249,0.99249,0.93702,0.96727
hin,private_calls,1,0.96731,0.99249,0.98345,0.98880
hin,private_calls,1,0.98015,0.99167,0.97655,0.98171
hin,private_calls,0,0.02916,0.00377,0.00874,0.01206
hin,private_calls,0,0.00949,0.00374,0.00738,0.00845
hin,private_calls,0,0.03953,0.00503,0.08277,0.10970
hin,private_calls,1,0.78580,0.99242,0.97824,0.98619
hin,private_calls,0,0.89718,0.00372,0.01375,0.02695
hin,private_calls,1,0.95403,0.99253,0.98139,0.98631
hin,private_calls,1,0.96335,0.02058,0.15542,0.30196
hin,private_calls,1,0.97593,0.95415,0.34239,0.39985
hin,private_calls,0,0.24921,0.00775,0.02748,0.04815
hin,private_calls,0,0.72017,0.00366,0.00899,0.01366
hin,private_calls,0,0.46069,0.96567,0.35773,0.53601
hin,private_calls,1,0.91083,0.98972,0.60574,0.66063
hin,private_calls,0,0.11829,0.00436,0.01333,0.01215
hin,private_calls,0,0.03147,0.00378,0.00800,0.00847
hin,private_calls,1,0.97684,0.99237,0.92854,0.96557
hin,private_calls,0,0.98486,0.00962,0.09103,0.19432
hin,private_calls,0,0.07441,0.00372,0.00566,0.00453
hin,private_calls,1,0.85958,0.99065,0.77219,0.84197
hin,private_calls,0,0.85958,0.00366,0.00610,0.00561
hin,private_calls,0,0.00751,0.64988,0.04233,0.07081
hin,private_calls,0,0.01768,0.00373,0.00777,0.00803
hin,private_calls,0,0.03953,0.00373,0.00636,0.00684
hin,private_calls,1,0.91083,0.98767,0.88263,0.92983
hin,private_calls,0,0.01296,0.00376,0.00669,0.00885
hin,private_calls,1,0.92283,0.99202,0.89488,0.94073
hin,private_calls,0,0.97401,0.01573,0.12628,0.36951
hin,private_calls,1,0.96047,0.03145,0.08458,0.16188
hin,private_calls,1,0.08297,0.99231,0.86020,0.91399
hin,private_calls,0,0.82856,0.99031,0.88591,0.96734
hin,private_calls,0,0.01296,0.00370,0.00540,0.00379
hin,private_calls,1,0.67017,0.01007,0.03452,0.06392
hin,private_calls,1,0.97401,0.98343,0.92516,0.98137
hin,private_calls,1,0.97401,0.95721,0.64786,0.97045
hin,private_calls,1,0.96472,0.98109,0.67648,0.96769
hin,private_calls,1,0.94857,0.92894,0.67508,0.90490
hin,private_calls,1,0.90076,0.99025,0.10873,0.65842
hin,private_calls,1,0.95045,0.99222,0.90576,0.95404
hin,private_calls,0,0.96335,0.00521,0.03787,0.06468
hin,private_calls,0,0.81112,0.00388,0.01148,0.02640
hin,private_calls,0,0.97401,0.98980,0.72303,0.87778
hin,private_calls,1,0.97684,0.99187,0.80566,0.93722
hin,private_calls,0,0.70402,0.33351,0.11202,0.15688
hin,private_calls,0,0.90422,0.01838,0.03873,0.06031
hin,private_calls,0,0.54908,0.98768,0.32742,0.49397
hin,private_calls,0,0.95045,0.00728,0.05963,0.05618
hin,private_calls,0,0.94031,0.99167,0.98372,0.98474
hin,private_calls,0,0.84980,0.00379,0.01137,0.01141
hin,private_calls,0,0.64355,0.00379,0.00739,0.00840
hin,private_calls,0,0.01838,0.00382,0.00649,0.00539
hin,private_calls,0,0.51968,0.00379,0.00892,0.01883
hin,private_calls,0,0.91083,0.00442,0.02800,0.03146
hin,private_calls,0,0.87325,0.99119,0.49834,0.63191
hin,private_calls,1,0.97499,0.99206,0.95011,0.97380
hin,private_calls,1,0.85958,0.99123,0.92611,0.93214
hin,private_calls,1,0.92283,0.99194,0.98415,0.98768
hin,private_calls,0,0.94857,0.03509,0.09261,0.23156
hin,private_calls,1,0.98232,0.98266,0.11354,0.11741
hin,private_calls,0,0.56849,0.00377,0.00908,0.01298
hin,private_calls,0,0.63447,0.00372,0.00766,0.01342
hin,private_calls,0,0.85958,0.00376,0.01200,0.01621
hin,private_calls,0,0.88968,0.00390,0.01068,0.01668
hin,private_calls,1,0.79235,0.00771,0.01457,0.03245
hin,private_calls,0,0.34747,0.00373,0.01895,0.02167
hin,private_calls,0,0.31265,0.00447,0.01575,0.02035
hin,private_calls,0,0.81708,0.76407,0.15667,0.55695
hin,private_calls,0,0.94661,0.98681,0.38557,0.45475
hin,private_calls,0,0.95895,0.47292,0.20814,0.44188
hin,private_calls,0,0.17144,0.00372,0.01450,0.02258
hin,private_calls,0,0.98162,0.00487,0.03024,0.07216
hin,private_calls,1,0.96194,0.98853,0.87756,0.97879
hin,private_calls,0,0.97593,0.02450,0.10151,0.58921
hin,private_calls,0,0.77909,0.20404,0.78367,0.90407
hin,private_calls,0,0.96335,0.00447,0.02455,0.04831
hin,private_calls,1,0.88576,0.92007,0.46248,0.61221
hin,private_calls,1,0.81112,0.99033,0.75345,0.82988
hin,private_calls,0,0.71216,0.02511,0.07150,0.09674
hin,private_calls,0,0.84980,0.00439,0.04052,0.09224
hin,private_calls,1,0.97499,0.99175,0.79050,0.92861
hin,private_calls,0,0.84980,0.12922,0.19380,0.30659
hin,private_calls,1,0.87754,0.99209,0.95059,0.95975
hin,private_calls,0,0.20765,0.00536,0.01177,0.01512
hin,private_calls,1,0.55881,0.96833,0.92302,0.95636
hin,private_calls,0,0.66141,0.00374,0.00815,0.01208
hin,private_calls,0,0.95737,0.00381,0.00822,0.01398
hin,private_calls,0,0.88576,0.29836,0.37276,0.61336
hin,private_calls,0,0.04772,0.00381,0.01049,0.02723
hin,private_calls,0,0.87754,0.00400,0.01909,0.06943
hin,private_calls,0,0.18888,0.00655,0.01305,0.01528
hin,private_calls,1,0.98801,0.04716,0.04295,0.05616
hin,private_calls,0,0.96853,0.00905,0.03151,0.07323
hin,private_calls,0,0.42187,0.10831,0.06713,0.17516
hin,private_calls,0,0.00571,0.00369,0.00644,0.00503
hin,private_calls,0,0.01574,0.96559,0.35768,0.65793
hin,private_calls,1,0.97937,0.00864,0.05185,0.10866
hin,private_calls,0,0.97084,0.00411,0.00867,0.04140
hin,private_calls,1,0.96472,0.01413,0.01577,0.03612
hin,private_calls,1,0.52951,0.99143,0.89929,0.96346
hin,private_calls,1,0.92559,0.99130,0.96779,0.97417
hin,private_calls,0,0.00987,0.00365,0.00585,0.00503
hin,private_calls,1,0.96604,0.98443,0.15428,0.21924
hin,private_calls,0,0.48032,0.98901,0.05135,0.09554
hin,private_calls,0,0.79876,0.99193,0.60141,0.77068
hin,private_calls,0,0.79876,0.99160,0.05814,0.11181
hin,private_calls,1,0.44119,0.00421,0.01586,0.02635
hin,private_calls,1,0.96472,0.99244,0.71964,0.80576
hin,private_calls,0,0.88171,0.03209,0.03141,0.08876
hin,private_calls,1,0.95895,0.99232,0.97266,0.98365
hin,private_calls,0,0.00694,0.00367,0.00549,0.00384
hin,private_calls,1,0.91398,0.92393,0.67141,0.67142
hin,private_calls,1,0.54908,0.99245,0.98829,0.99063
hin,private_calls,0,0.01701,0.31640,0.01783,0.03084
hin,private_calls,1,0.96194,0.98456,0.65899,0.80718
hin,private_calls,0,0.01457,0.00366,0.00770,0.01094
hin,private_calls,1,0.68735,0.00388,0.00866,0.02062
hin,private_calls,1,0.85476,0.99223,0.08127,0.21201
hin,private_calls,0,0.00694,0.00365,0.00612,0.00604
hin,private_calls,0,0.81708,0.98318,0.71983,0.79835
hin,private_calls,1,0.98090,0.99219,0.98568,0.98896
hin,private_calls,0,0.07717,0.00360,0.00656,0.00646
hin,private_calls,1,0.95228,0.99213,0.98756,0.98968
hin,private_calls,1,0.96971,0.99215,0.98327,0.98637
hin,private_calls,0,0.04597,0.00368,0.00765,0.00744
hin,private_calls,1,0.51968,0.98951,0.46191,0.51124
hin,private_calls,0,0.00722,0.00693,0.03018,0.03409
hin,private_calls,0,0.92825,0.86915,0.60386,0.73052
hin,private_calls,0,0.01514,0.00388,0.00634,0.00588
hin,private_calls,0,0.13573,0.00372,0.00784,0.01297
hin,private_calls,1,0.98486,0.99243,0.98676,0.98997
hin,private_calls,0,0.05143,0.84389,0.16560,0.65840
hin,private_calls,1,0.73576,0.98914,0.87881,0.96996
hin,private_calls,1,0.96853,0.98999,0.93772,0.96919
hin,private_calls,1,0.96853,0.99226,0.87942,0.94233
hin,private_calls,0,0.00571,0.00361,0.00583,0.00402
hin,private_calls,0,0.00844,0.00361,0.00716,0.00939
hin,private_calls,1,0.98232,0.99231,0.99002,0.98998
hin,private_calls,0,0.00781,0.00372,0.00678,0.00684
hin,private_calls,0,0.01154,0.00386,0.02464,0.02785
hin,private_calls,0,0.92283,0.00359,0.00836,0.00982
hin,private_calls,1,0.98652,0.99237,0.99047,0.99142
hin,private_calls,1,0.91083,0.99192,0.47937,0.72116
hin,private_calls,0,0.97084,0.97200,0.39027,0.48410
hin,private_calls,1,0.97194,0.96898,0.17420,0.16752
hin,private_calls,1,0.90758,0.98151,0.37698,0.54620
hin,private_calls,1,0.96472,0.00464,0.07184,0.12336
hin,private_calls,0,0.30425,0.00368,0.01729,0.02911
hin,private_calls,1,0.28784,0.00662,0.04455,0.05360
hin,private_calls,0,0.70402,0.00397,0.01988,0.02628
hin,private_calls,1,0.89718,0.99094,0.33091,0.70078
hin,private_calls,0,0.89349,0.98680,0.36075,0.25787
hin,private_calls,0,0.00878,0.00371,0.01116,0.01114
hin,private_calls,0,0.95573,0.98313,0.03177,0.04685
hin,private_calls,1,0.89718,0.97945,0.18828,0.34183
hin,private_calls,1,0.96971,0.94703,0.18745,0.41954
hin,private_calls,0,0.14042,0.00371,0.00823,0.01091
hin,private_calls,0,0.04263,0.00373,0.00945,0.01288
hin,private_calls,0,0.56849,0.99165,0.72808,0.87172
hin,private_calls,0,0.42187,0.00382,0.01405,0.01181
hin,private_calls,1,0.62528,0.84930,0.11322,0.22465
hin,private_calls,0,0.36553,0.00519,0.03964,0.08712
hin,private_calls,0,0.79235,0.00491,0.02818,0.03550
hin,private_calls,1,0.95045,0.99132,0.34202,0.34851
hin,private_calls,0,0.94458,0.98412,0.24378,0.33366
hin,private_calls,0,0.97299,0.01136,0.09746,0.08958
hin,private_calls,0,0.94458,0.99238,0.17818,0.31241
hin,private_calls,0,0.75079,0.79287,0.02239,0.03551
hin,private_calls,0,0.91703,0.00486,0.02866,0.04802
hin,private_calls,1,0.97684,0.99173,0.75110,0.81299
hin,private_calls,0,0.56849,0.01815,0.02757,0.04134
hin,private_calls,0,0.85476,0.22070,0.08345,0.13172
hin,private_calls,0,0.95228,0.00367,0.00840,0.00859
hin,private_calls,0,0.98015,0.07111,0.07215,0.11083
hin,private_calls,0,0.98162,0.98924,0.85138,0.88795
hin,private_calls,0,0.02916,0.00368,0.00722,0.00550
hin,private_calls,0,0.92559,0.06861,0.01555,0.01852
hin,private_calls,0,0.05969,0.07244,0.06507,0.08251
hin,private_calls,0,0.85958,0.00504,0.05735,0.09955
hin,private_calls,0,0.81708,0.00378,0.00912,0.00854
hin,private_calls,1,0.98162,0.99158,0.40013,0.54625
hin,private_calls,0,0.63447,0.98077,0.02178,0.03028
hin,private_calls,1,0.96853,0.99203,0.88543,0.93229
hin,private_calls,0,0.94661,0.99221,0.89780,0.88088
hin,private_calls,0,0.97401,0.00393,0.00871,0.01268
hin,private_calls,0,0.96194,0.99237,0.73603,0.73355
hin,private_calls,0,0.91997,0.00374,0.00757,0.00699
hin,private_calls,0,0.76524,0.01477,0.01952,0.02116
hin,private_calls,0,0.52951,0.00986,0.02108,0.02861
hin,private_calls,0,0.45092,0.00371,0.00944,0.00942
hin,private_calls,0,0.97684,0.98289,0.31433,0.47083
hin,private_calls,0,0.94031,0.98431,0.27466,0.26033
hin,private_calls,0,0.85476,0.00623,0.01948,0.02025
hin,private_calls,0,0.96853,0.98943,0.35831,0.45830
hin,private_calls,0,0.73576,0.95232,0.03652,0.03408
hin,private_calls,0,0.21420,0.00414,0.01052,0.00877
hin,private_calls,0,0.72804,0.00428,0.02358,0.03991
hin,private_calls,0,0.19498,0.00375,0.01326,0.02052
hin,private_calls,0,0.76524,0.02107,0.05388,0.10857
hin,private_calls,0,0.73576,0.00435,0.04175,0.06318
hin,private_calls,1,0.97593,0.99183,0.97205,0.98101
hin,private_calls,0,0.36553,0.00855,0.03822,0.07114
hin,private_calls,1,0.58770,0.98632,0.40654,0.65337
hin,private_calls,1,0.97299,0.99177,0.94278,0.96996
hin,private_calls,0,0.98299,0.99222,0.60092,0.69131
hin,private_calls,0,0.93083,0.99187,0.31550,0.74934
hin,private_calls,0,0.76524,0.00446,0.04441,0.04515
hin,private_calls,0,0.91703,0.00606,0.07405,0.09468
hin,private_calls,1,0.96047,0.99058,0.50839,0.52919
hin,private_calls,0,0.72804,0.00423,0.02046,0.02411
hin,private_calls,1,0.89718,0.00385,0.01260,0.01225
hin,private_calls,0,0.84470,0.98660,0.49112,0.55938
hin,private_calls,0,0.40279,0.02155,0.03998,0.03675
hin,private_calls,0,0.84470,0.98793,0.27214,0.68369
hin,private_calls,0,0.82290,0.98044,0.36594,0.48047
hin,private_calls,0,0.80502,0.05468,0.03872,0.07077
hin,private_calls,0,0.92825,0.89532,0.06447,0.09671
hin,private_calls,0,0.90422,0.00852,0.05291,0.06610
hin,private_calls,0,0.79876,0.03807,0.04210,0.04721
hin,private_calls,0,0.95228,0.98845,0.60131,0.69214
hin,private_calls,0,0.91083,0.99102,0.33160,0.46232
hin,private_calls,0,0.96731,0.99187,0.13492,0.13783
hin,private_calls,0,0.68735,0.00586,0.02436,0.04978
hin,private_calls,0,0.48032,0.00405,0.01491,0.01858
hin,private_calls,1,0.97084,0.98894,0.54983,0.67689
hin,private_calls,0,0.77224,0.96628,0.05777,0.06536
hin,private_calls,0,0.31265,0.01634,0.03084,0.05081
hin,private_calls,0,0.89349,0.00411,0.07029,0.09458
hin,private_calls,0,0.94857,0.00748,0.05897,0.08352
hin,private_calls,0,0.78580,0.00422,0.04625,0.04448
hin,private_calls,0,0.10282,0.00390,0.00910,0.01110
hin,private_calls,1,0.90422,0.99203,0.92395,0.96814
hin,private_calls,1,0.50985,0.99007,0.56134,0.53296
hin,private_calls,1,0.97299,0.00770,0.03415,0.11044
hin,private_calls,0,0.16591,0.00382,0.00766,0.00854
hin,private_calls,1,0.16591,0.00431,0.03400,0.06741
hin,private_calls,0,0.01838,0.00387,0.00718,0.00654
hin,private_calls,0,0.00722,0.00398,0.00689,0.00535
hin,private_calls,0,0.03953,0.00388,0.00730,0.00787
hin,private_calls,1,0.22776,0.98239,0.39879,0.58607
hin,private_calls,1,0.96604,0.99009,0.07820,0.16916
hin,private_calls,1,0.98090,0.99222,0.95534,0.96859
hin,private_calls,1,0.95403,0.99233,0.98168,0.98261
hin,private_calls,0,0.00668,0.00386,0.00797,0.00843
hin,private_calls,0,0.91083,0.98211,0.13901,0.14120
hin,private_calls,0,0.01026,0.00384,0.00668,0.00489
hin,private_calls,0,0.41230,0.00385,0.00903,0.01162
hin,private_calls,0,0.84980,0.00420,0.02131,0.03250
hin,private_calls,1,0.95737,0.99074,0.88953,0.94060
hin,private_calls,0,0.03396,0.00392,0.00814,0.00880
hin,private_calls,1,0.81708,0.99208,0.20233,0.31081
hin,private_calls,1,0.95403,0.99190,0.93558,0.97382
hin,private_calls,1,0.96971,0.99121,0.48183,0.62969
hin,private_calls,1,0.32983,0.44990,0.03603,0.06910
hin,private_calls,1,0.95403,0.99104,0.88358,0.92860
hin,private_calls,0,0.09924,0.00390,0.00941,0.01071
hin,private_calls,1,0.97084,0.97327,0.04506,0.06639
hin,private_calls,1,0.96335,0.99170,0.29828,0.66863
hin,private_calls,1,0.96853,0.99196,0.54279,0.58116
hin,private_calls,0,0.77909,0.00394,0.00916,0.02049
hin,private_calls,0,0.74335,0.01440,0.01488,0.03916
hin,private_calls,0,0.39335,0.00386,0.00715,0.00707
hin,private_calls,0,0.94458,0.00850,0.14444,0.34802
hin,private_calls,1,0.97401,0.94846,0.17464,0.24960
hin,private_calls,1,0.98543,0.99006,0.93527,0.97173
hin,private_calls,1,0.96971,0.02981,0.06283,0.05876
hin,private_calls,0,0.03029,0.00396,0.00697,0.00577
hin,private_calls,1,0.96047,0.99029,0.51511,0.82746
hin,private_calls,1,0.97855,0.99206,0.98131,0.98769
hin,private_calls,0,0.11032,0.00436,0.00994,0.01012
hin,private_calls,1,0.91703,0.99169,0.94513,0.97003
hin,private_calls,1,0.94031,0.98345,0.05033,0.06405
hin,private_calls,1,0.95228,0.99066,0.38202,0.48447
hin,private_calls,0,0.65253,0.00438,0.02453,0.02778
hin,private_calls,1,0.98364,0.99211,0.92936,0.96822
hin,private_calls,1,0.97194,0.95237,0.46116,0.75879
hin,private_calls,1,0.82856,0.00419,0.01867,0.02294
hin,private_calls,0,0.98704,0.39566,0.19954,0.55092
hin,private_calls,1,0.83409,0.00536,0.07906,0.10310
hin,private_calls,1,0.96853,0.98951,0.89998,0.92532
hin,private_calls,1,0.94249,0.99231,0.81941,0.91690
hin,private_calls,1,0.93574,0.99255,0.71729,0.81614
hin,private_calls,1,0.95045,0.98518,0.24177,0.21971
hin,private_calls,0,0.22776,0.00390,0.01264,0.01542
hin,private_calls,0,0.17710,0.00442,0.03939,0.03897
hin,private_calls,0,0.14524,0.00409,0.01970,0.02036
hin,private_calls,1,0.91398,0.99142,0.60410,0.77702
hin,private_calls,1,0.98364,0.98981,0.90747,0.94467
hin,private_calls,0,0.87325,0.98844,0.71806,0.77118
hin,private_calls,1,0.89349,0.95860,0.77662,0.88898
hin,private_calls,0,0.84470,0.94512,0.32780,0.65976
hin,private_calls,1,0.96194,0.99218,0.98482,0.98718
hin,private_calls,0,0.90422,0.00931,0.02826,0.05049
hin,private_calls,1,0.84980,0.99227,0.90616,0.93089
hin,private_calls,0,0.75809,0.98818,0.10238,0.13171
hin,private_calls,1,0.98299,0.99219,0.98362,0.98655
hin,private_calls,1,0.96731,0.99222,0.90935,0.95330
hin,private_calls,0,0.98090,0.99086,0.17728,0.26330
hin,private_calls,1,0.98162,0.99237,0.98639,0.98862
hin,private_calls,0,0.37472,0.00370,0.00729,0.00714
hin,private_calls,1,0.88171,0.98112,0.25605,0.47224
hin,private_calls,0,0.95895,0.00437,0.03221,0.08426
hin,private_calls,1,0.94031,0.59728,0.16110,0.16621
hin,private_calls,1,0.88968,0.95681,0.53174,0.53531
hin,private_calls,1,0.98015,0.99167,0.92710,0.94593
hin,private_calls,1,0.95045,0.25625,0.41633,0.46620
hin,private_calls,1,0.97771,0.99140,0.21989,0.39093
hin,private_calls,1,0.88171,0.99192,0.96158,0.97576
hin,private_calls,0,0.45092,0.51412,0.07108,0.13544
hin,private_calls,0,0.81708,0.00371,0.00843,0.00970
hin,private_calls,0,0.97684,0.00404,0.03839,0.03821
hin,private_calls,1,0.96731,0.99132,0.98455,0.98655
hin,private_calls,1,0.98299,0.99123,0.86345,0.91501
hin,private_calls,1,0.98846,0.99234,0.96514,0.97457
hin,private_calls,1,0.89718,0.99156,0.95531,0.95694
hin,private_calls,0,0.00571,0.00363,0.00625,0.00564
hin,private_calls,0,0.24921,0.00367,0.01467,0.02701
hin,private_calls,1,0.98299,0.99237,0.95025,0.96204
hin,private_calls,1,0.98753,0.99244,0.97111,0.98317
hin,private_calls,0,0.01701,0.00371,0.00575,0.00460
hin,private_calls,0,0.02145,0.03320,0.01654,0.04007
hin,private_calls,0,0.97771,0.99248,0.97124,0.97755
hin,private_calls,1,0.98299,0.99207,0.89703,0.95293
hin,private_calls,1,0.97684,0.99226,0.98007,0.98474
hin,private_calls,1,0.98015,0.99168,0.95167,0.97059
hin,private_calls,1,0.98426,0.99169,0.95975,0.96629
hin,private_calls,1,0.86882,0.99241,0.96796,0.96722
hin,private_calls,0,0.00751,0.00360,0.00627,0.00565
hin,private_calls,1,0.74335,0.58077,0.11828,0.17131
hin,private_calls,1,0.97299,0.99003,0.91237,0.95449
hin,private_calls,1,0.98015,0.99058,0.97713,0.98469
hin,private_calls,1,0.87325,0.99220,0.91357,0.95767
hin,private_calls,0,0.00694,0.00364,0.00560,0.00428
hin,private_calls,1,0.98486,0.99250,0.92534,0.96167
hin,private_calls,1,0.97684,0.99241,0.98198,0.98494
hin,private_calls,1,0.98426,0.99254,0.98444,0.98684
hin,private_calls,1,0.26424,0.96327,0.17954,0.36346
hin,private_calls,0,0.96604,0.00395,0.02170,0.06146
hin,private_calls,1,0.96731,0.90957,0.33334,0.74496
hin,private_calls,1,0.97593,0.25958,0.06318,0.28491
hin,private_calls,1,0.95573,0.92479,0.20021,0.41108
hin,private_calls,1,0.92559,0.99174,0.97214,0.98843
hin,private_calls,1,0.92283,0.98349,0.81701,0.87331
hin,private_calls,1,0.91398,0.00399,0.02843,0.04893
hin,private_calls,1,0.96853,0.98801,0.81268,0.92513
hin,private_calls,1,0.88576,0.98703,0.76507,0.89009
hin,private_calls,0,0.02229,0.00415,0.00923,0.01154
hin,private_calls,0,0.95228,0.99050,0.86458,0.93734
hin,private_calls,1,0.93574,0.93431,0.74000,0.89033
hin,private_calls,1,0.98426,0.99215,0.89742,0.87978
hin,private_calls,0,0.72017,0.00385,0.00975,0.01702
hin,private_calls,0,0.61601,0.00379,0.01159,0.01015
hin,private_calls,0,0.97401,0.95115,0.18659,0.23640
hin,private_calls,1,0.95228,0.99234,0.94261,0.92538
hin,private_calls,1,0.70402,0.99058,0.95806,0.96706
hin,private_calls,0,0.97684,0.00565,0.05056,0.10903
hin,private_calls,1,0.83409,0.97785,0.22580,0.75130
hin,private_calls,0,0.30425,0.96662,0.29417,0.57537
hin,private_calls,0,0.87754,0.95951,0.17633,0.66260
hin,private_calls,0,0.81708,0.99034,0.21308,0.38467
hin,private_calls,1,0.86882,0.99142,0.59262,0.86581
hin,private_calls,0,0.93806,0.99159,0.97974,0.98974
hin,private_calls,0,0.03665,0.00380,0.00604,0.00428
hin,private_calls,0,0.92559,0.00394,0.02135,0.02215
hin,private_calls,0,0.95228,0.98401,0.19086,0.69336
hin,private_calls,1,0.97684,0.99215,0.97632,0.98599
hin,private_calls,1,0.97299,0.99216,0.98756,0.98933
hin,private_calls,1,0.96853,0.99101,0.79614,0.90540
hin,private_calls,1,0.85958,0.00395,0.00850,0.01430
hin,private_calls,1,0.71216,0.96577,0.67719,0.86397
hin,private_calls,1,0.91997,0.40137,0.10608,0.21309
hin,private_calls,1,0.06426,0.90347,0.35943,0.81451
hin,private_calls,0,0.96472,0.20025,0.16069,0.49469
hin,private_calls,0,0.96853,0.00407,0.01365,0.01815
hin,private_calls,0,0.03396,0.00408,0.01601,0.02719
hin,private_calls,1,0.98090,0.99133,0.98120,0.98239
hin,private_calls,1,0.97937,0.98375,0.95560,0.93579
hin,private_calls,1,0.77909,0.99095,0.94914,0.94307
hin,private_calls,0,0.93083,0.99161,0.97256,0.98496
hin,private_calls,1,0.93083,0.99099,0.07166,0.13609
hin,private_calls,0,0.86882,0.00384,0.00649,0.00621
hin,private_calls,1,0.90758,0.99170,0.42272,0.68729
hin,private_calls,0,0.72804,0.68427,0.24728,0.47624
hin,private_calls,1,0.90076,0.99127,0.94295,0.97438
hin,private_calls,1,0.91398,0.99193,0.95745,0.97881
hin,private_calls,1,0.85958,0.98650,0.44415,0.60259
hin,private_calls,0,0.91083,0.00509,0.01038,0.01429
hin,private_calls,1,0.50000,0.98978,0.13024,0.12990
hin,private_calls,0,0.51968,0.00398,0.01171,0.01716
hin,private_calls,0,0.67017,0.99008,0.42919,0.61895
hin,private_calls,0,0.97401,0.99152,0.91294,0.93538
hin,private_calls,0,0.77909,0.00820,0.03897,0.07366
hin,private_calls,1,0.97084,0.99106,0.91322,0.95973
hin,private_calls,0,0.95573,0.98470,0.63805,0.75778
hin,private_calls,1,0.76524,0.98792,0.35257,0.30834
hin,private_calls,1,0.91398,0.00388,0.01944,0.03837
hin,private_calls,1,0.82856,0.99177,0.98299,0.98514
hin,private_calls,1,0.95403,0.98902,0.10977,0.11526
hin,private_calls,0,0.94857,0.00444,0.03198,0.03296
hin,private_calls,1,0.97084,0.99107,0.67869,0.83053
hin,private_calls,1,0.98090,0.99178,0.93468,0.94066
hin,private_calls,1,0.65253,0.00430,0.02186,0.03621
hin,private_calls,1,0.96047,0.99171,0.76682,0.81372
hin,private_calls,1,0.84980,0.98807,0.12149,0.11332
hin,private_calls,0,0.98299,0.00388,0.00660,0.00782
hin,private_calls,0,0.97593,0.00422,0.01140,0.02037
hin,private_calls,0,0.88968,0.00446,0.02726,0.02650
hin,private_calls,1,0.09242,0.03224,0.06138,0.04821
hin,private_calls,1,0.81708,0.98769,0.77524,0.91150
hin,private_calls,1,0.04955,0.96821,0.19177,0.27108
hin,private_calls,0,0.82856,0.00650,0.05321,0.09532
hin,private_calls,1,0.20765,0.99021,0.22983,0.32047
hin,private_calls,1,0.03953,0.70184,0.23529,0.31914
hin,private_calls,0,0.94458,0.99017,0.82891,0.91086
hin,private_calls,0,0.32118,0.00475,0.02692,0.03292
hin,private_calls,0,0.03528,0.02224,0.01891,0.02260
hin,private_calls,0,0.97194,0.99201,0.95157,0.93651
hin,private_calls,1,0.96731,0.52658,0.02205,0.06822
hin,private_calls,1,0.25665,0.00477,0.01656,0.01845
hin,private_calls,1,0.89349,0.99191,0.94771,0.96872
hin,private_calls,0,0.98090,0.01637,0.05081,0.07798
hin,private_calls,1,0.98015,0.98647,0.18598,0.45203
hin,private_calls,1,0.98232,0.99155,0.98022,0.97223
hin,private_calls,1,0.97499,0.99069,0.91252,0.96939
hin,private_calls,1,0.96731,0.98480,0.97078,0.98134
hin,private_calls,1,0.93083,0.98610,0.77282,0.95327
hin,private_calls,0,0.96604,0.00415,0.02362,0.04287
hin,private_calls,0,0.43151,0.80008,0.07661,0.07911
hin,private_calls,1,0.95045,0.99157,0.96447,0.98168
hin,private_calls,0,0.07441,0.00470,0.02859,0.05134
hin,private_calls,1,0.17710,0.11757,0.02982,0.20309
hin,private_calls,0,0.11829,0.00452,0.02253,0.02400
hin,private_calls,1,0.96335,0.99214,0.97878,0.98579
hin,private_calls,1,0.97771,0.99042,0.72361,0.92981
hin,private_calls,0,0.88171,0.65004,0.03207,0.04676
hin,private_calls,1,0.95895,0.99224,0.97196,0.96681
hin,private_calls,0,0.04105,0.00375,0.00726,0.00915
hin,private_calls,1,0.97937,0.99049,0.93551,0.96874
hin,private_calls,0,0.60665,0.00613,0.01419,0.01798
hin,private_calls,0,0.00594,0.00371,0.00589,0.00496
hin,private_calls,0,0.01838,0.00383,0.00594,0.00497
hin,private_calls,0,0.81708,0.99106,0.52577,0.78159
hin,private_calls,1,0.88576,0.98956,0.89024,0.95244
hin,private_calls,1,0.96335,0.97755,0.55572,0.43307
hin,private_calls,0,0.95228,0.00383,0.03548,0.05325
hin,private_calls,1,0.97937,0.99159,0.82662,0.89659
hin,private_calls,0,0.97937,0.95379,0.02952,0.05488
hin,private_calls,1,0.96194,0.99201,0.98454,0.98612
hin,private_calls,1,0.98090,0.99124,0.87256,0.90532
hin,private_calls,0,0.07441,0.00370,0.00624,0.00551
hin,private_calls,1,0.94661,0.99144,0.75310,0.93033
hin,private_calls,1,0.03269,0.00388,0.00704,0.00749
hin,private_calls,0,0.96047,0.00440,0.01369,0.03154
hin,private_calls,1,0.97194,0.99193,0.95781,0.98060
hin,private_calls,1,0.95403,0.99136,0.98157,0.98488
hin,private_calls,1,0.98543,0.99122,0.96631,0.97537
hin,private_calls,1,0.94661,0.99209,0.96983,0.98344
hin,private_calls,0,0.45092,0.00381,0.00904,0.01043
hin,private_calls,1,0.98015,0.97894,0.86534,0.96299
hin,private_calls,1,0.91703,0.99141,0.98219,0.98860
hin,private_calls,1,0.87754,0.99154,0.98080,0.98620
hin,private_calls,1,0.94249,0.98021,0.26966,0.40977
hin,private_calls,1,0.98162,0.99203,0.98632,0.99000
hin,private_calls,1,0.90758,0.98931,0.35115,0.33948
hin,private_calls,0,0.97593,0.99266,0.13652,0.31445
hin,private_calls,0,0.03029,0.00831,0.02699,0.04410
hin,private_calls,0,0.03528,0.00379,0.00569,0.00441
hin,private_calls,1,0.89718,0.99204,0.94399,0.98520
hin,private_calls,1,0.96971,0.99197,0.95401,0.98005
hin,private_calls,0,0.00642,0.00379,0.00743,0.00918
hin,private_calls,1,0.96731,0.99081,0.52534,0.80288
hin,private_calls,0,0.01985,0.00371,0.00788,0.01171
hin,private_calls,0,0.02916,0.99226,0.52055,0.50837
hin,private_calls,0,0.00571,0.00378,0.00584,0.00392
hin,private_calls,0,0.01348,0.00388,0.00660,0.00908
hin,private_calls,0,0.00913,0.00382,0.00839,0.01043
hin,private_calls,0,0.00668,0.00366,0.00598,0.00464
hin,private_calls,1,0.91703,0.99206,0.97220,0.98460
hin,private_calls,0,0.17144,0.97387,0.21031,0.31595
hin,private_calls,1,0.67882,0.99241,0.79118,0.74873
hin,private_calls,0,0.22776,0.74864,0.07536,0.05618
hin,private_calls,0,0.10651,0.00716,0.03111,0.03912
hin,private_calls,0,0.11829,0.96955,0.14292,0.15763
hin,private_calls,1,0.98486,0.99209,0.98555,0.98984
hin,private_calls,0,0.29598,0.68966,0.17555,0.29536
hin,private_calls,0,0.00781,0.00368,0.01024,0.01527
hin,private_calls,0,0.96194,0.99203,0.98509,0.98787
hin,private_calls,0,0.00751,0.00379,0.00555,0.00379
hin,private_calls,0,0.00949,0.00378,0.00576,0.00426
hin,private_calls,0,0.43151,0.00386,0.01348,0.02311
hin,private_calls,1,0.54908,0.99228,0.86845,0.92655
hin,private_calls,1,0.56849,0.98313,0.74021,0.73034
hin,private_calls,1,0.06667,0.89610,0.07605,0.08458
hin,private_calls,0,0.08602,0.98217,0.23579,0.25404
hin,private_calls,0,0.03029,0.00377,0.00604,0.00544
hin,private_calls,1,0.12675,0.99208,0.34820,0.54172
hin,private_calls,0,0.00618,0.00379,0.00727,0.01047
hin,private_calls,0,0.03029,0.00391,0.00846,0.00807
hin,private_calls,0,0.00878,0.00378,0.01024,0.01685
hin,private_calls,1,0.01026,0.99204,0.60187,0.77677
hin,private_calls,0,0.19498,0.00378,0.00704,0.00635
hin,private_calls,0,0.18888,0.28161,0.08140,0.11098
hin,private_calls,0,0.16591,0.00672,0.07981,0.09566
hin,private_calls,0,0.00878,0.00376,0.00567,0.00386
hin,private_calls,0,0.04955,0.00374,0.00626,0.00490
hin,private_calls,0,0.03528,0.00385,0.01190,0.01592
hin,private_calls,1,0.44119,0.99251,0.96618,0.97292
hin,private_calls,0,0.53931,0.76312,0.03333,0.03119
hin,private_calls,0,0.05542,0.00418,0.02011,0.02821
hin,private_calls,1,0.96604,0.99221,0.19310,0.19983
hin,private_calls,0,0.03396,0.00380,0.00741,0.00786
hin,private_calls,0,0.01109,0.00411,0.02167,0.03373
hin,private_calls,1,0.89349,0.99232,0.97614,0.98289
hin,private_calls,0,0.00878,0.99028,0.55730,0.51529
hin,private_calls,0,0.81708,0.99144,0.86128,0.83745
hin,private_calls,1,0.94458,0.99216,0.93635,0.93248
hin,private_calls,0,0.27983,0.51660,0.07446,0.09816
hin,private_calls,0,0.15020,0.12825,0.04219,0.05974
hin,private_calls,1,0.97593,0.99237,0.09361,0.19814
hin,private_calls,1,0.84980,0.99219,0.35334,0.35295
hin,private_calls,0,0.02145,0.00383,0.01021,0.01780
hin,private_calls,0,0.34747,0.00595,0.02428,0.03939
hin,private_calls,0,0.00844,0.00375,0.00617,0.00568
hin,private_calls,1,0.81708,0.99222,0.93549,0.93742
hin,private_calls,0,0.01636,0.00445,0.01816,0.02911
hin,private_calls,0,0.00949,0.97705,0.01181,0.01637
hin,private_calls,0,0.01985,0.00368,0.00653,0.00685
hin,private_calls,1,0.21420,0.98469,0.22817,0.27236
hin,private_calls,0,0.01109,0.00367,0.00627,0.00740
hin,private_calls,0,0.00668,0.00372,0.00632,0.00880
hin,private_calls,0,0.04263,0.00419,0.02040,0.03184
hin,private_calls,0,0.20124,0.00399,0.01701,0.03217
hin,private_calls,0,0.02806,0.00379,0.00774,0.01228
hin,private_calls,0,0.01838,0.00508,0.03645,0.04079
hin,private_calls,0,0.59721,0.91147,0.41153,0.42153
hin,private_calls,0,0.33859,0.99221,0.23779,0.32078
hin,private_calls,0,0.00812,0.00375,0.00674,0.00636
hin,private_calls,1,0.81112,0.01061,0.09989,0.12291
hin,private_calls,0,0.01636,0.98967,0.37233,0.37572
hin,private_calls,0,0.09924,0.00584,0.03975,0.03025
hin,private_calls,0,0.17144,0.00413,0.02730,0.03013
hin,private_calls,1,0.38399,0.99241,0.98095,0.98577
hin,private_calls,0,0.09578,0.00385,0.00815,0.00795
hin,private_calls,0,0.01199,0.00413,0.01169,0.01356
hin,private_calls,0,0.01296,0.00441,0.01576,0.02501
hin,private_calls,0,0.00949,0.00385,0.00680,0.01274
hin,private_calls,0,0.09242,0.00530,0.01961,0.02537
hin,private_calls,0,0.45092,0.01359,0.02307,0.03330
hin,private_calls,1,0.96604,0.99204,0.97751,0.98148
hin,private_calls,1,0.93333,0.99228,0.97403,0.97997
hin,private_calls,0,0.01985,0.00413,0.01228,0.01663
hin,private_calls,1,0.97401,0.99214,0.98464,0.98755
hin,private_calls,1,0.00571,0.00383,0.01033,0.01393
hin,private_calls,1,0.78580,0.03211,0.09346,0.07418
hin,private_calls,1,0.85958,0.24018,0.12325,0.20203
hin,private_calls,0,0.05143,0.99071,0.24163,0.26647
hin,private_calls,0,0.01247,0.00364,0.00674,0.00497
hin,private_calls,0,0.00668,0.00359,0.00689,0.00504
hin,private_calls,0,0.35645,0.00715,0.05720,0.04138
hin,private_calls,1,0.21420,0.97991,0.13469,0.12352
hin,private_calls,0,0.05542,0.00413,0.01468,0.01902
hin,private_calls,0,0.90076,0.97964,0.06500,0.07919
hin,private_calls,0,0.01067,0.00368,0.00825,0.00883
hin,private_calls,1,0.95895,0.99052,0.78265,0.87720
hin,private_calls,0,0.00844,0.00362,0.00921,0.01646
hin,private_calls,1,0.18888,0.99000,0.19565,0.23565
hin,private_calls,0,0.00751,0.00361,0.00942,0.01306
hin,private_calls,0,0.08602,0.00366,0.00954,0.01577
hin,private_calls,0,0.11032,0.00365,0.00979,0.02121
hin,private_calls,1,0.52951,0.99085,0.89851,0.94605
hin,private_calls,0,0.00668,0.00369,0.00704,0.00532
hin,private_calls,0,0.00812,0.00381,0.00880,0.01139
hin,private_calls,0,0.00878,0.00370,0.00710,0.00697
hin,private_calls,0,0.02063,0.00450,0.02133,0.02689
hin,private_calls,0,0.38399,0.00367,0.00734,0.00609
hin,private_calls,0,0.08003,0.00391,0.00933,0.00959
hin,private_calls,0,0.07441,0.00379,0.00786,0.00789
hin,private_calls,0,0.01985,0.00393,0.02979,0.03558
hin,private_calls,0,0.01910,0.00367,0.00788,0.00809
hin,private_calls,0,0.48032,0.00595,0.01775,0.02285
hin,private_calls,1,0.47049,0.99020,0.31757,0.39078
hin,private_calls,0,0.01296,0.00367,0.00688,0.00423
hin,private_calls,0,0.00844,0.00371,0.00744,0.00691
hin,private_calls,0,0.00642,0.00396,0.00791,0.00943
hin,private_calls,1,0.94458,0.99233,0.98867,0.99045
hin,private_calls,1,0.88968,0.00393,0.01906,0.04328
hin,private_calls,1,0.04597,0.92397,0.45053,0.82959
hin,private_calls,1,0.79876,0.00445,0.04299,0.06309
hin,private_calls,1,0.90758,0.95978,0.68648,0.77587
hin,private_calls,0,0.20124,0.00370,0.00909,0.01445
hin,private_calls,1,0.88968,0.99212,0.63741,0.63409
hin,private_calls,0,0.83947,0.00454,0.02861,0.05350
hin,private_calls,1,0.97499,0.92767,0.11545,0.15266
hin,private_calls,0,0.14524,0.12510,0.01627,0.03201
hin,private_calls,0,0.02501,0.00383,0.02013,0.02748
hin,private_calls,0,0.24191,0.00416,0.01435,0.01399
hin,private_calls,1,0.95045,0.99219,0.91316,0.95065
hin,private_calls,1,0.72804,0.96927,0.46135,0.59469
hin,private_calls,0,0.66141,0.00393,0.00766,0.00756
hin,private_calls,0,0.92283,0.00411,0.03049,0.03794
hin,private_calls,0,0.53931,0.00375,0.01269,0.01844
hin,private_calls,0,0.88576,0.45605,0.02885,0.04056
hin,private_calls,1,0.61601,0.34784,0.01777,0.04491
hin,private_calls,0,0.89718,0.00388,0.00990,0.00889
hin,private_calls,0,0.96047,0.99233,0.98245,0.98312
hin,private_calls,0,0.38399,0.00369,0.01459,0.02146
hin,private_calls,0,0.01910,0.00397,0.01462,0.01632
hin,private_calls,1,0.93333,0.98115,0.21075,0.41318
hin,private_calls,1,0.98543,0.99215,0.95735,0.97448
hin,private_calls,0,0.86427,0.00402,0.00829,0.00869
hin,private_calls,0,0.91997,0.98969,0.09126,0.09101
hin,private_calls,1,0.97084,0.99256,0.97232,0.97765
hin,private_calls,0,0.91398,0.99226,0.95165,0.94391
hin,private_calls,0,0.35645,0.00432,0.02791,0.04425
hin,private_calls,0,0.89349,0.00415,0.01833,0.03052
hin,private_calls,1,0.79876,0.99222,0.58826,0.76030
hin,private_calls,1,0.93574,0.99194,0.84135,0.92029
hin,private_calls,0,0.94661,0.99100,0.49109,0.60757
hin,private_calls,1,0.42187,0.98331,0.14208,0.32560
hin,private_calls,0,0.95403,0.98342,0.08954,0.10081
hin,private_calls,0,0.96971,0.18847,0.01244,0.02209
hin,private_calls,0,0.18292,0.00381,0.00826,0.00913
hin,private_calls,1,0.79235,0.98923,0.78835,0.89194
hin,private_calls,0,0.65253,0.00523,0.03354,0.03991
hin,private_calls,0,0.30425,0.03737,0.01686,0.04565
hin,private_calls,0,0.92825,0.00459,0.02910,0.12090
hin,private_calls,0,0.81708,0.03461,0.03579,0.03227
hin,private_calls,0,0.66141,0.00379,0.00993,0.01634
hin,private_calls,0,0.14524,0.00370,0.00635,0.00699
hin,private_calls,0,0.50000,0.88453,0.04897,0.08105
hin,private_calls,1,0.96853,0.98872,0.53123,0.76093
hin,private_calls,0,0.20124,0.00401,0.01706,0.03822
hin,private_calls,0,0.81708,0.02784,0.02885,0.04304
hin,private_calls,0,0.46069,0.00495,0.01767,0.02403
hin,private_calls,0,0.89349,0.00390,0.01374,0.01118
hin,private_calls,0,0.93574,0.00521,0.05972,0.14343
hin,private_calls,1,0.94857,0.99123,0.57875,0.77903
hin,private_calls,1,0.28784,0.00449,0.01237,0.02497
hin,private_calls,1,0.93333,0.99211,0.95680,0.98149
hin,private_calls,0,0.00913,0.00379,0.00604,0.00527
hin,private_calls,0,0.92825,0.00372,0.01043,0.02955
hin,private_calls,0,0.85958,0.01040,0.03015,0.14167
hin,private_calls,0,0.96731,0.00682,0.02074,0.03372
hin,private_calls,1,0.96853,0.99211,0.97446,0.97830
hin,private_calls,1,0.97401,0.99186,0.89786,0.94043
hin,private_calls,0,0.30425,0.98336,0.05300,0.04930
hin,private_calls,1,0.96853,0.99022,0.68653,0.85620
hin,private_calls,0,0.91703,0.00382,0.00757,0.00807
hin,private_calls,1,0.97299,0.98934,0.78582,0.81224
hin,private_calls,0,0.61601,0.00392,0.00990,0.01833
hin,private_calls,0,0.92825,0.00399,0.00836,0.01811
hin,private_calls,1,0.38399,0.00414,0.06180,0.10603
hin,private_calls,1,0.96604,0.99182,0.90619,0.97181
hin,private_calls,1,0.35645,0.99102,0.35512,0.74426
hin,private_calls,1,0.67882,0.00529,0.02000,0.03381
hin,private_calls,1,0.56849,0.98201,0.14061,0.48655
hin,private_calls,1,0.97771,0.99247,0.96276,0.98153
hin,private_calls,1,0.95737,0.99201,0.97733,0.98788
hin,private_calls,0,0.01514,0.00384,0.00806,0.01726
hin,private_calls,1,0.93574,0.98955,0.75072,0.95201
hin,private_calls,0,0.50985,0.47387,0.09204,0.18172
hin,private_calls,1,0.06917,0.99204,0.95425,0.96854
hin,private_calls,0,0.97855,0.14201,0.14331,0.27046
hin,private_calls,1,0.96731,0.99199,0.98071,0.98744
hin,private_calls,0,0.79876,0.00386,0.01257,0.01527
hin,private_calls,1,0.96472,0.99015,0.20491,0.31694
hin,private_calls,1,0.15020,0.00587,0.01211,0.02561
hin,private_calls,1,0.97401,0.99009,0.97409,0.98296
hin,private_calls,0,0.24191,0.97485,0.03527,0.04353
hin,private_calls,0,0.46069,0.99130,0.86654,0.94588
hin,private_calls,0,0.01457,0.00383,0.00573,0.00410
hin,private_calls,1,0.96047,0.98602,0.21297,0.51524
hin,private_calls,1,0.77224,0.98874,0.81899,0.92701
hin,private_calls,0,0.83947,0.99007,0.69211,0.92467
hin,private_calls,1,0.98232,0.99203,0.72399,0.89045
hin,private_calls,1,0.92825,0.99036,0.66126,0.84346
hin,private_calls,1,0.98753,0.99240,0.97780,0.98548
hin,private_calls,1,0.98090,0.99227,0.93913,0.93490
hin,private_calls,0,0.85958,0.00617,0.01379,0.03120
hin,private_calls,0,0.96194,0.99246,0.76229,0.86451
hin,private_calls,1,0.79235,0.95044,0.17270,0.23263
hin,private_calls,1,0.94661,0.98945,0.64371,0.85067
hin,private_calls,1,0.95573,0.98987,0.88781,0.95310
hin,private_calls,1,0.98486,0.99235,0.98856,0.99063
hin,private_calls,0,0.00722,0.00379,0.00550,0.00535
hin,private_calls,1,0.92559,0.99232,0.98570,0.98943
hin,private_calls,1,0.97084,0.99168,0.95860,0.96422
hin,private_calls,1,0.19498,0.98524,0.20109,0.28722
hin,private_calls,0,0.94857,0.99047,0.37426,0.58981
hin,private_calls,0,0.29598,0.00369,0.00873,0.00943
hin,private_calls,1,0.97299,0.99240,0.95170,0.97390
hin,private_calls,1,0.97401,0.99038,0.92452,0.88281
hin,private_calls,1,0.85958,0.99241,0.98285,0.98717
hin,private_calls,1,0.93083,0.99182,0.69416,0.89739
hin,private_calls,1,0.95045,0.99151,0.74135,0.84584
hin,private_calls,0,0.00751,0.00371,0.00748,0.01016
hin,private_calls,1,0.98486,0.99195,0.84762,0.89078
hin,private_calls,0,0.83409,0.00418,0.02723,0.05557
hin,private_calls,0,0.04263,0.00374,0.00585,0.00592
hin,private_calls,0,0.85476,0.99236,0.80761,0.91054
hin,private_calls,1,0.57813,0.00788,0.06515,0.09645
hin,private_calls,1,0.93333,0.99227,0.85193,0.92290
hin,private_calls,1,0.72804,0.47869,0.30494,0.47551
hin,private_calls,1,0.94857,0.98644,0.46758,0.50033
hin,private_calls,0,0.95573,0.99206,0.72051,0.75301
hin,private_calls,1,0.94249,0.99250,0.96472,0.97914
hin,private_calls,1,0.98753,0.99119,0.11399,0.12767
hin,private_calls,1,0.94249,0.98928,0.72144,0.84356
hin,private_calls,1,0.98299,0.99100,0.91674,0.93558
hin,private_calls,0,0.90422,0.98884,0.49437,0.62116
hin,private_calls,1,0.97771,0.31071,0.06139,0.14941
hin,private_calls,0,0.68735,0.00381,0.00629,0.00578
hin,private_calls,0,0.95737,0.12272,0.04945,0.06703
hin,private_calls,0,0.13118,0.99036,0.17497,0.23658
hin,private_calls,0,0.30425,0.00367,0.01022,0.00919
hin,private_calls,1,0.97771,0.99059,0.88377,0.91371
hin,private_calls,1,0.98364,0.99179,0.98486,0.98965
hin,private_calls,1,0.92559,0.99251,0.98004,0.98643
hin,private_calls,1,0.90758,0.99154,0.79563,0.58848
hin,private_calls,1,0.53931,0.00393,0.01719,0.02023
hin,private_calls,0,0.94661,0.99127,0.52472,0.58245
hin,private_calls,0,0.97194,0.99104,0.22049,0.28435
hin,private_calls,1,0.98232,0.99183,0.29756,0.36033
hin,private_calls,0,0.03396,0.00890,0.03115,0.04205
hin,private_calls,1,0.97684,0.99215,0.98442,0.98534
hin,private_calls,0,0.95228,0.99184,0.34801,0.39839
hin,private_calls,0,0.01514,0.00381,0.00502,0.00336
hin,private_calls,0,0.77909,0.99142,0.16075,0.22909
hin,private_calls,1,0.73576,0.98606,0.07292,0.14185
hin,private_calls,0,0.13118,0.00826,0.01699,0.02902
hin,private_calls,0,0.98426,0.99191,0.55988,0.68475
hin,private_calls,0,0.88576,0.98507,0.48411,0.62751
hin,private_calls,1,0.96971,0.99252,0.31166,0.68603
hin,private_calls,0,0.94249,0.45953,0.18674,0.27191
hin,private_calls,1,0.45092,0.99104,0.03622,0.26049
hin,private_calls,0,0.83409,0.00964,0.02459,0.03943
hin,private_calls,0,0.75809,0.00568,0.02028,0.02822
hin,private_calls,1,0.89349,0.99210,0.98347,0.98697
hin,private_calls,0,0.97194,0.90277,0.02674,0.03955
hin,private_calls,0,0.96604,0.97936,0.11145,0.20940
hin,private_calls,1,0.97401,0.99245,0.68756,0.45822
hin,private_calls,1,0.98090,0.99216,0.97684,0.98088
hin,private_calls,0,0.81708,0.99110,0.04435,0.05318
hin,private_calls,0,0.29598,0.00389,0.00632,0.00598
hin,private_calls,1,0.67017,0.99181,0.82387,0.89691
hin,private_calls,1,0.83409,0.15192,0.02682,0.02592
hin,private_calls,1,0.92283,0.99239,0.77416,0.90522
hin,private_calls,1,0.74335,0.99112,0.68762,0.78899
hin,private_calls,1,0.80502,0.79228,0.05825,0.03661
hin,private_calls,0,0.64355,0.00419,0.01529,0.02021
hin,private_calls,1,0.97299,0.99240,0.98613,0.98927
hin,private_calls,0,0.98090,0.99222,0.50547,0.51715
hin,private_calls,1,0.82290,0.99228,0.77832,0.81861
hin,private_calls,1,0.91703,0.99210,0.38281,0.46065
hin,private_calls,1,0.92559,0.98109,0.12416,0.22636
hin,private_calls,0,0.04105,0.00496,0.01357,0.01637
hin,private_calls,0,0.82290,0.98943,0.06210,0.06251
hin,private_calls,0,0.90422,0.00390,0.01261,0.01438
hin,private_calls,0,0.91398,0.98106,0.03518,0.03410
hin,private_calls,1,0.93574,0.99243,0.29085,0.40866
hin,private_calls,0,0.50985,0.99206,0.93989,0.93020
hin,private_calls,1,0.97299,0.99232,0.98483,0.98520
hin,private_calls,1,0.95403,0.99220,0.95416,0.96218
hin,private_calls,0,0.66141,0.00391,0.00896,0.01052
hin,private_calls,1,0.84470,0.99105,0.75021,0.87269
hin,private_calls,1,0.98486,0.99248,0.35441,0.40689
hin,private_calls,0,0.58770,0.00434,0.01146,0.01535
hin,private_calls,0,0.90422,0.00488,0.01631,0.03124
hin,private_calls,0,0.00987,0.00390,0.00881,0.01260
hin,private_calls,0,0.93083,0.01034,0.01168,0.01838
hin,private_calls,1,0.66141,0.99245,0.74377,0.84813
hin,private_calls,1,0.51968,0.99209,0.80925,0.89190
hin,private_calls,1,0.61601,0.85012,0.86977,0.86093
hin,private_calls,0,0.94857,0.11347,0.05751,0.08430
hin,private_calls,0,0.07175,0.00393,0.00793,0.00725
hin,private_calls,0,0.59721,0.00774,0.01216,0.02540
hin,private_calls,1,0.82856,0.00969,0.02551,0.03732
hin,private_calls,0,0.94857,0.98420,0.48044,0.67197
hin,private_calls,0,0.01838,0.00413,0.01274,0.01630
hin,private_calls,0,0.36553,0.80459,0.03182,0.02841
hin,private_calls,0,0.90076,0.00622,0.02793,0.03327
hin,private_calls,1,0.97937,0.99239,0.98218,0.98785
hin,private_calls,1,0.97771,0.98673,0.20704,0.20249
hin,private_calls,0,0.05751,0.00427,0.00823,0.01178
hin,private_calls,0,0.05542,0.00612,0.01303,0.01872
hin,private_calls,0,0.63447,0.24731,0.04617,0.06500
hin,private_calls,0,0.05542,0.00406,0.01405,0.01651
hin,private_calls,0,0.27196,0.01002,0.02006,0.04284
hin,private_calls,0,0.08003,0.00529,0.02863,0.03797
hin,private_calls,0,0.27196,0.00731,0.06104,0.06648
hin,private_calls,0,0.05969,0.00396,0.01576,0.02103
hin,private_calls,1,0.88171,0.99185,0.39252,0.75440
hin,private_calls,1,0.90758,0.03028,0.02436,0.03318
hin,private_calls,0,0.03953,0.00420,0.01383,0.01708
hin,private_calls,0,0.00781,0.00395,0.00616,0.00454
hin,private_calls,1,0.61601,0.99093,0.34432,0.40840
hin,private_calls,1,0.75809,0.91734,0.10224,0.13733
hin,private_calls,0,0.05542,0.00395,0.01766,0.02007
hin,private_calls,0,0.01910,0.00450,0.03156,0.03512
hin,private_calls,0,0.49015,0.00437,0.00894,0.00932
hin,private_calls,0,0.16591,0.00408,0.01634,0.02388
hin,private_calls,0,0.01296,0.94048,0.05623,0.08558
hin,private_calls,0,0.20765,0.84932,0.23477,0.78913
hin,private_calls,0,0.05542,0.05853,0.07382,0.19772
hin,private_calls,0,0.02407,0.00616,0.01853,0.04181
hin,private_calls,1,0.01768,0.00533,0.02254,0.07152
hin,private_calls,1,0.12675,0.24208,0.20309,0.52798
hin,private_calls,1,0.68735,0.99175,0.97547,0.98560
hin,private_calls,1,0.85958,0.99076,0.80448,0.70605
hin,private_calls,0,0.98426,0.99055,0.87370,0.88636
hin,private_calls,0,0.14042,0.99037,0.03892,0.08193
hin,private_calls,1,0.11424,0.99253,0.94680,0.98294
hin,private_calls,0,0.96731,0.97365,0.18811,0.17385
hin,private_calls,0,0.01067,0.00387,0.00583,0.00445
hin,private_calls,0,0.94458,0.00581,0.01384,0.05486
hin,private_calls,1,0.88576,0.01592,0.01028,0.04233
hin,private_calls,0,0.03665,0.00373,0.00734,0.01371
hin,private_calls,0,0.25665,0.00570,0.01201,0.01217
hin,private_calls,0,0.00987,0.00427,0.01143,0.01680
hin,private_calls,0,0.95573,0.00532,0.01320,0.02047
hin,private_calls,1,0.97299,0.97846,0.29371,0.47162
hin,private_calls,0,0.00878,0.00373,0.00566,0.00396
hin,private_calls,1,0.82856,0.34455,0.03077,0.04361
hin,private_calls,1,0.14042,0.97377,0.04488,0.06420
hin,private_calls,0,0.75079,0.21426,0.02430,0.04779
hin,private_calls,0,0.00812,0.00374,0.00805,0.01429
hin,private_calls,0,0.00913,0.15276,0.13932,0.35472
hin,private_calls,0,0.11829,0.98991,0.25237,0.37189
hin,private_calls,0,0.63447,0.00582,0.01761,0.01602
hin,private_calls,1,0.97499,0.99102,0.81570,0.84276
hin,private_calls,0,0.96731,0.00903,0.02435,0.05012
hin,private_calls,0,0.02806,0.00414,0.01133,0.01243
hin,private_calls,0,0.97299,0.00961,0.03574,0.09260
hin,private_calls,1,0.96472,0.98749,0.53601,0.88793
hin,private_calls,0,0.97084,0.01580,0.26527,0.60274
hin,private_calls,1,0.97593,0.00497,0.02009,0.08981
hin,private_calls,1,0.87754,0.97080,0.81956,0.95715
hin,private_calls,1,0.01768,0.98862,0.62374,0.85231
hin,private_calls,0,0.00694,0.00375,0.00644,0.00647
hin,private_calls,1,0.73576,0.99130,0.85165,0.91366
hin,private_calls,1,0.86882,0.99174,0.59398,0.51528
hin,private_calls,0,0.81112,0.00405,0.01769,0.08956
hin,private_calls,0,0.78580,0.03462,0.01973,0.02781
hin,private_calls,1,0.97684,0.98612,0.20636,0.34580
hin,private_calls,1,0.79235,0.98364,0.42587,0.69780
hin,private_calls,1,0.98364,0.96880,0.69475,0.82229
hin,private_calls,0,0.95228,0.00376,0.00963,0.01262
hin,private_calls,0,0.85958,0.04246,0.02448,0.05399
hin,private_calls,0,0.93806,0.99216,0.95589,0.96291
hin,private_calls,1,0.95573,0.98095,0.80927,0.93840
hin,private_calls,1,0.32118,0.09466,0.06514,0.06902
hin,private_calls,0,0.01574,0.00371,0.00754,0.00772
hin,private_calls,0,0.01247,0.00374,0.00784,0.01155
hin,private_calls,0,0.82856,0.00379,0.00851,0.01357
hin,private_calls,1,0.97937,0.89308,0.23147,0.80361
hin,private_calls,1,0.93806,0.99222,0.83751,0.93985
hin,private_calls,0,0.86427,0.00610,0.04276,0.04967
hin,private_calls,0,0.91398,0.92434,0.01439,0.01534
hin,private_calls,1,0.95228,0.83203,0.36969,0.43734
hin,private_calls,1,0.98232,0.99239,0.97057,0.97650
hin,private_calls,1,0.98364,0.94338,0.69094,0.81390
hin,private_calls,1,0.93806,0.99187,0.16261,0.13734
hin,private_calls,1,0.98232,0.99225,0.89961,0.91526
hin,private_calls,1,0.48032,0.98913,0.76805,0.86499
hin,private_calls,0,0.67882,0.99156,0.76423,0.84520
hin,private_calls,0,0.98364,0.99147,0.95794,0.95499
hin,private_calls,0,0.49015,0.99201,0.89699,0.89325
hin,private_calls,1,0.95403,0.99188,0.92588,0.97080
hin,private_calls,1,0.87754,0.98931,0.96808,0.97600
hin,private_calls,1,0.98543,0.99244,0.96993,0.98465
hin,private_calls,1,0.91083,0.99223,0.98816,0.99026
kan,private_calls,1,0.87754,0.98588,0.81235,0.94450
kan,private_calls,1,0.96604,0.98972,0.80412,0.94032
kan,private_calls,1,0.97937,0.99069,0.96845,0.98073
kan,private_calls,1,0.88576,0.98766,0.91290,0.94305
kan,private_calls,0,0.07441,0.00373,0.00854,0.00859
kan,private_calls,1,0.96194,0.90894,0.36590,0.64370
kan,private_calls,0,0.13573,0.00427,0.01503,0.01730
kan,private_calls,0,0.95403,0.95653,0.32431,0.55101
kan,private_calls,0,0.94857,0.96024,0.03110,0.05043
kan,private_calls,0,0.63447,0.76079,0.03123,0.03931
kan,private_calls,1,0.96194,0.99118,0.90994,0.94184
kan,private_calls,1,0.97499,0.99076,0.95611,0.97480
kan,private_calls,0,0.01636,0.00381,0.00841,0.00642
kan,private_calls,1,0.91703,0.99075,0.95575,0.96257
kan,private_calls,1,0.82856,0.05482,0.07563,0.22989
kan,private_calls,0,0.86427,0.15547,0.03482,0.05673
kan,private_calls,1,0.89718,0.99041,0.88211,0.94383
kan,private_calls,0,0.62528,0.00379,0.01294,0.01168
kan,private_calls,0,0.12675,0.02683,0.09128,0.16540
kan,private_calls,0,0.96971,0.62493,0.04114,0.06437
kan,private_calls,1,0.97194,0.99084,0.91344,0.96882
kan,private_calls,0,0.86882,0.38909,0.02073,0.03314
kan,private_calls,1,0.93083,0.09203,0.15790,0.32608
kan,private_calls,0,0.95045,0.99232,0.98649,0.98584
kan,private_calls,1,0.95228,0.99177,0.95390,0.95708
kan,private_calls,0,0.87325,0.98646,0.06435,0.06140
kan,private_calls,0,0.76524,0.00376,0.00876,0.02585
kan,private_calls,1,0.95403,0.05963,0.18997,0.84095
kan,private_calls,1,0.97855,0.98616,0.52371,0.70647
kan,private_calls,1,0.94249,0.97875,0.11509,0.38401
kan,private_calls,1,0.90422,0.98994,0.95057,0.98125
kan,private_calls,0,0.84470,0.00373,0.00870,0.01253
kan,private_calls,0,0.96472,0.01179,0.06320,0.14718
kan,private_calls,1,0.94458,0.98060,0.34786,0.73428
kan,private_calls,0,0.67017,0.04594,0.04090,0.05403
kan,private_calls,1,0.93083,0.93365,0.28972,0.87640
kan,private_calls,1,0.90758,0.99148,0.90184,0.95979
kan,private_calls,0,0.74335,0.99181,0.04394,0.05850
kan,private_calls,0,0.96047,0.00423,0.03496,0.04054
kan,private_calls,1,0.96971,0.99144,0.73841,0.86807
kan,private_calls,1,0.95573,0.98796,0.75930,0.78580
kan,private_calls,1,0.98015,0.80191,0.16076,0.38725
kan,private_calls,0,0.96731,0.00369,0.00751,0.00606
kan,private_calls,0,0.97684,0.97776,0.13750,0.31265
kan,private_calls,0,0.73576,0.00376,0.00894,0.01627
kan,private_calls,0,0.45092,0.00372,0.01334,0.02049
kan,private_calls,0,0.94661,0.00533,0.04090,0.09467
kan,private_calls,1,0.98704,0.99202,0.83277,0.93115
kan,private_calls,1,0.98486,0.98830,0.80647,0.89763
kan,private_calls,0,0.07717,0.00433,0.01200,0.01439
kan,private_calls,1,0.51968,0.00763,0.08199,0.11197
kan,private_calls,0,0.21420,0.05556,0.02705,0.03263
kan,private_calls,0,0.96731,0.00436,0.02907,0.04657
kan,private_calls,0,0.92559,0.00410,0.01938,0.03041
kan,private_calls,1,0.91398,0.98940,0.95104,0.98284
kan,private_calls,1,0.95737,0.99172,0.97154,0.97839
kan,private_calls,1,0.97299,0.99056,0.64231,0.79589
kan,private_calls,1,0.98299,0.97835,0.55978,0.79986
kan,private_calls,1,0.97593,0.99215,0.96460,0.97096
kan,private_calls,1,0.98801,0.98662,0.93853,0.95902
kan,private_calls,1,0.81112,0.99021,0.91607,0.91697
kan,private_calls,0,0.90076,0.00373,0.00992,0.01076
kan,private_calls,1,0.96047,0.99223,0.92385,0.95677
kan,private_calls,0,0.07717,0.00365,0.00777,0.00781
kan,private_calls,1,0.95737,0.99240,0.96492,0.98020
kan,private_calls,0,0.98801,0.99208,0.96458,0.96163
kan,private_calls,1,0.97593,0.99196,0.94340,0.95990
kan,private_calls,0,0.01457,0.00375,0.00863,0.00809
kan,private_calls,1,0.97084,0.95655,0.54363,0.71427
kan,private_calls,1,0.97684,0.99044,0.59475,0.53454
kan,private_calls,0,0.50985,0.00385,0.01406,0.01664
kan,private_calls,1,0.02701,0.01720,0.09267,0.11492
kan,private_calls,1,0.98543,0.99205,0.98185,0.98494
kan,private_calls,1,0.77224,0.99120,0.80392,0.83087
kan,private_calls,1,0.91703,0.99105,0.94567,0.97313
kan,private_calls,0,0.98090,0.99245,0.98749,0.98962
kan,private_calls,0,0.40279,0.00661,0.05618,0.05904
kan,private_calls,0,0.03806,0.00655,0.02425,0.02460
kan,private_calls,0,0.13573,0.00736,0.04628,0.05847
kan,private_calls,1,0.94661,0.99133,0.97243,0.97074
kan,private_calls,0,0.01985,0.00379,0.01414,0.01868
kan,private_calls,0,0.90422,0.99213,0.96457,0.95913
kan,private_calls,1,0.96971,0.98974,0.87643,0.93034
kan,private_calls,0,0.77224,0.00380,0.00920,0.00757
kan,private_calls,1,0.97499,0.99002,0.87238,0.87510
kan,private_calls,0,0.84980,0.00373,0.02045,0.02706
kan,private_calls,1,0.97855,0.99137,0.83465,0.87773
kan,private_calls,1,0.69575,0.99118,0.96164,0.97489
kan,private_calls,1,0.96604,0.99142,0.96193,0.94463
kan,private_calls,0,0.05542,0.00397,0.01254,0.01737
kan,private_calls,1,0.77909,0.98958,0.39499,0.63823
kan,private_calls,1,0.91398,0.01001,0.03073,0.04256
kan,private_calls,1,0.98162,0.99206,0.98507,0.98730
kan,private_calls,0,0.17144,0.02281,0.02612,0.03462
kan,private_calls,0,0.91083,0.91082,0.14372,0.16120
kan,private_calls,0,0.17144,0.00388,0.03806,0.05663
kan,private_calls,1,0.97684,0.79120,0.77899,0.87925
kan,private_calls,1,0.97299,0.99220,0.96900,0.98395
kan,private_calls,1,0.96194,0.98875,0.46139,0.51609
kan,private_calls,0,0.97684,0.00576,0.04090,0.05653
kan,private_calls,1,0.97684,0.99235,0.45266,0.62647
kan,private_calls,0,0.95045,0.00379,0.01094,0.01239
kan,private_calls,0,0.96194,0.98733,0.27940,0.28533
kan,private_calls,0,0.97299,0.00390,0.00958,0.01225
kan,private_calls,1,0.96472,0.97312,0.11721,0.27815
kan,private_calls,0,0.97855,0.00567,0.01168,0.02963
kan,private_calls,0,0.91997,0.00392,0.00776,0.00714
kan,private_calls,0,0.91997,0.97206,0.09406,0.39043
kan,private_calls,1,0.68735,0.99077,0.85237,0.93127
kan,private_calls,0,0.74335,0.85346,0.27338,0.78781
kan,private_calls,0,0.60665,0.98124,0.21660,0.34094
kan,private_calls,0,0.94857,0.99101,0.41946,0.74856
kan,private_calls,0,0.91997,0.01560,0.04773,0.08050
kan,private_calls,1,0.92825,0.84640,0.13925,0.12797
kan,private_calls,0,0.96604,0.98071,0.58950,0.83757
kan,private_calls,0,0.55881,0.00896,0.02922,0.06033
kan,private_calls,0,0.97684,0.97781,0.53296,0.88410
kan,private_calls,0,0.84470,0.00376,0.01105,0.01351
kan,private_calls,0,0.96335,0.00397,0.01097,0.01688
kan,private_calls,1,0.92283,0.98071,0.41987,0.77641
kan,private_calls,0,0.84470,0.00398,0.01259,0.01986
kan,private_calls,0,0.96853,0.97702,0.20328,0.60464
kan,private_calls,0,0.96194,0.92615,0.05451,0.06844
kan,private_calls,0,0.08602,0.00395,0.00604,0.00422
kan,private_calls,0,0.98090,0.00445,0.01232,0.01784
kan,private_calls,0,0.96853,0.00478,0.01230,0.01117
kan,private_calls,1,0.97771,0.98114,0.18900,0.28730
kan,private_calls,0,0.83947,0.00651,0.02202,0.02880
kan,private_calls,0,0.93083,0.11265,0.06130,0.12203
kan,private_calls,0,0.94458,0.00949,0.03600,0.05523
kan,private_calls,0,0.95045,0.98974,0.85100,0.88474
kan,private_calls,0,0.68735,0.00429,0.02983,0.03118
kan,private_calls,0,0.91398,0.96176,0.36617,0.70177
kan,private_calls,1,0.96047,0.00467,0.01109,0.01673
kan,private_calls,0,0.90422,0.00607,0.02744,0.02674
kan,private_calls,1,0.92559,0.99179,0.79632,0.87377
kan,private_calls,1,0.94031,0.04119,0.08915,0.13068
kan,private_calls,1,0.85958,0.98901,0.25508,0.25219
kan,private_calls,0,0.97937,0.99057,0.80749,0.90347
kan,private_calls,0,0.93083,0.00711,0.06311,0.12195
kan,private_calls,1,0.97855,0.93863,0.08184,0.09805
kan,private_calls,0,0.98364,0.96799,0.44109,0.39002
kan,private_calls,0,0.95403,0.02273,0.01378,0.02044
kan,private_calls,0,0.97684,0.83240,0.10549,0.17023
kan,private_calls,0,0.96472,0.02392,0.04217,0.05065
kan,private_calls,0,0.64355,0.18988,0.05121,0.09736
kan,private_calls,0,0.96853,0.98450,0.22046,0.41302
kan,private_calls,0,0.95045,0.93514,0.15567,0.22349
kan,private_calls,0,0.96472,0.97345,0.04135,0.04640
kan,private_calls,0,0.97499,0.00665,0.01617,0.02389
kan,private_calls,0,0.86882,0.00391,0.00703,0.00791
kan,private_calls,0,0.82856,0.00425,0.02152,0.04162
kan,private_calls,0,0.77224,0.05023,0.02572,0.04795
kan,private_calls,0,0.93333,0.98970,0.07959,0.16409
kan,private_calls,0,0.56849,0.00425,0.01818,0.02978
kan,private_calls,1,0.96472,0.98913,0.40413,0.77011
kan,private_calls,0,0.91997,0.00428,0.01119,0.01420
kan,private_calls,1,0.93574,0.94196,0.20497,0.52435
kan,private_calls,0,0.77224,0.92154,0.12139,0.16510
kan,private_calls,1,0.54908,0.00513,0.01949,0.03756
kan,private_calls,1,0.96047,0.98963,0.28299,0.48974
kan,private_calls,0,0.92283,0.99118,0.95018,0.97022
kan,private_calls,0,0.95737,0.00395,0.01743,0.01968
kan,private_calls,0,0.91703,0.98869,0.07822,0.07113
kan,private_calls,0,0.82290,0.98875,0.05004,0.10783
kan,private_calls,0,0.95737,0.86252,0.15350,0.24348
kan,private_calls,0,0.94458,0.98685,0.44163,0.88320
kan,private_calls,0,0.93083,0.97927,0.21467,0.40164
kan,private_calls,0,0.96472,0.99137,0.44978,0.36668
kan,private_calls,0,0.95737,0.00391,0.01087,0.01524
kan,private_calls,1,0.96604,0.97767,0.71708,0.70614
kan,private_calls,1,0.97684,0.97854,0.36817,0.33670
kan,private_calls,0,0.90422,0.52902,0.10900,0.15528
kan,private_calls,0,0.97401,0.01337,0.06306,0.11215
kan,private_calls,1,0.95045,0.99138,0.90585,0.94212
kan,private_calls,1,0.65253,0.72357,0.33184,0.48417
kan,private_calls,0,0.90758,0.00385,0.00649,0.00809
kan,private_calls,0,0.01199,0.00383,0.00645,0.00637
kan,private_calls,0,0.54908,0.00390,0.00936,0.01162
kan,private_calls,0,0.03528,0.95041,0.11342,0.37970
kan,private_calls,0,0.01199,0.00385,0.00630,0.00513
kan,private_calls,0,0.00571,0.00384,0.00659,0.00590
kan,private_calls,1,0.24921,0.61414,0.02966,0.05053
kan,private_calls,1,0.96472,0.99187,0.80837,0.82985
kan,private_calls,0,0.00571,0.00388,0.00622,0.00486
kan,private_calls,0,0.02806,0.00418,0.01853,0.03356
kan,private_calls,0,0.13573,0.00392,0.00885,0.01446
kan,private_calls,0,0.27196,0.07132,0.03522,0.05367
kan,private_calls,0,0.11829,0.00674,0.01100,0.00878
kan,private_calls,0,0.54908,0.00391,0.00690,0.00740
kan,private_calls,1,0.89718,0.98959,0.46873,0.44761
kan,private_calls,0,0.85476,0.00396,0.00799,0.01177
kan,private_calls,0,0.00668,0.00381,0.00625,0.00660
kan,private_calls,1,0.81112,0.99150,0.72927,0.77807
kan,private_calls,0,0.46069,0.00385,0.00601,0.00544
kan,private_calls,0,0.05339,0.00385,0.00576,0.00482
kan,private_calls,1,0.67882,0.99122,0.47639,0.63362
kan,private_calls,1,0.18888,0.99207,0.94723,0.96901
kan,private_calls,1,0.91997,0.99237,0.96949,0.97538
kan,private_calls,0,0.16591,0.00412,0.00751,0.00877
kan,private_calls,0,0.01514,0.00392,0.00546,0.00526
kan,private_calls,0,0.04263,0.98847,0.03960,0.04679
kan,private_calls,1,0.95737,0.99229,0.97092,0.97781
kan,private_calls,0,0.91703,0.00381,0.00709,0.00781
kan,private_calls,0,0.04955,0.00391,0.00630,0.00626
kan,private_calls,1,0.93333,0.99142,0.96576,0.97885
kan,private_calls,0,0.46069,0.99093,0.05639,0.06151
kan,private_calls,0,0.47049,0.00394,0.00747,0.01020
kan,private_calls,0,0.01636,0.00391,0.00617,0.00678
kan,private_calls,0,0.01514,0.78688,0.02121,0.02618
kan,private_calls,0,0.01401,0.00385,0.00608,0.00554
kan,private_calls,1,0.39335,0.99149,0.78346,0.86256
kan,private_calls,0,0.03528,0.00392,0.00628,0.00524
kan,private_calls,0,0.65253,0.98860,0.21395,0.39085
kan,private_calls,0,0.43151,0.00383,0.01344,0.01603
kan,private_calls,1,0.91997,0.96976,0.26804,0.43142
kan,private_calls,0,0.09924,0.00385,0.00838,0.01506
kan,private_calls,1,0.97684,0.99079,0.90442,0.94811
kan,private_calls,0,0.41230,0.00390,0.00674,0.00691
kan,private_calls,0,0.24191,0.98375,0.08607,0.11184
kan,private_calls,0,0.08003,0.12172,0.02088,0.03248
kan,private_calls,0,0.20765,0.01922,0.01949,0.02898
kan,private_calls,0,0.85958,0.00392,0.00621,0.00631
kan,private_calls,1,0.88576,0.99106,0.92807,0.93842
kan,private_calls,0,0.23476,0.00383,0.00553,0.00492
kan,private_calls,0,0.15530,0.00911,0.01866,0.02310
kan,private_calls,0,0.03806,0.00484,0.01598,0.02314
kan,private_calls,0,0.84470,0.98205,0.04537,0.04679
kan,private_calls,0,0.01838,0.00391,0.00566,0.00471
kan,private_calls,0,0.00913,0.00382,0.00618,0.00612
kan,private_calls,1,0.71216,0.00396,0.01418,0.03466
kan,private_calls,1,0.29598,0.00385,0.00961,0.01515
kan,private_calls,0,0.60665,0.00387,0.00715,0.00648
kan,private_calls,1,0.09242,0.99085,0.90057,0.96686
kan,private_calls,1,0.87325,0.99199,0.97751,0.97672
kan,private_calls,0,0.26424,0.00474,0.01846,0.02389
kan,private_calls,0,0.08602,0.98928,0.01813,0.02475
kan,private_calls,0,0.91083,0.99157,0.81718,0.89990
kan,private_calls,0,0.15020,0.99133,0.15494,0.18130
kan,private_calls,0,0.72017,0.00839,0.00909,0.01649
kan,private_calls,0,0.08917,0.00385,0.00661,0.00687
kan,private_calls,0,0.94249,0.98606,0.13574,0.32505
kan,private_calls,1,0.98162,0.99240,0.97343,0.98211
kan,private_calls,0,0.00878,0.00385,0.00775,0.00825
kan,private_calls,1,0.12675,0.00384,0.01088,0.01771
kan,private_calls,1,0.91997,0.99100,0.75865,0.70033
kan,private_calls,0,0.74335,0.00389,0.00631,0.00750
kan,private_calls,1,0.85476,0.96065,0.59575,0.88893
kan,private_calls,0,0.31265,0.00848,0.01994,0.03296
kan,private_calls,0,0.11424,0.00739,0.03025,0.05153
kan,private_calls,1,0.05339,0.98989,0.56172,0.56365
kan,private_calls,0,0.03528,0.00382,0.00832,0.01143
kan,private_calls,0,0.72017,0.90994,0.12667,0.08964
kan,private_calls,1,0.54908,0.99162,0.73913,0.91640
kan,private_calls,1,0.78580,0.00948,0.02836,0.03009
kan,private_calls,1,0.90758,0.98958,0.78034,0.95929
kan,private_calls,1,0.98299,0.99167,0.96869,0.97692
kan,private_calls,0,0.00812,0.00380,0.00610,0.00676
kan,private_calls,1,0.96853,0.99233,0.96810,0.97644
kan,private_calls,1,0.95895,0.99105,0.92171,0.96929
kan,private_calls,1,0.97771,0.98995,0.89873,0.94355
kan,private_calls,1,0.90758,0.00446,0.01741,0.02282
kan,private_calls,1,0.96853,0.00415,0.00712,0.01001
kan,private_calls,1,0.98015,0.98566,0.87942,0.94137
kan,private_calls,1,0.97499,0.98763,0.82422,0.89610
kan,private_calls,1,0.96853,0.98993,0.91923,0.96946
kan,private_calls,1,0.97194,0.99208,0.93205,0.95505
kan,private_calls,1,0.97299,0.98144,0.39736,0.32703
kan,private_calls,1,0.91997,0.99229,0.97893,0.98627
kan,private_calls,1,0.77224,0.12858,0.09306,0.25401
kan,private_calls,1,0.95045,0.16911,0.19909,0.20980
kan,private_calls,1,0.72017,0.37459,0.17703,0.34955
kan,private_calls,1,0.45092,0.21569,0.23117,0.09500
kan,private_calls,0,0.35645,0.00383,0.00905,0.01116
kan,private_calls,0,0.82856,0.54161,0.08244,0.08164
kan,private_calls,0,0.16053,0.03001,0.02890,0.05381
kan,private_calls,1,0.93333,0.99185,0.96706,0.97688
kan,private_calls,0,0.72804,0.92362,0.12508,0.16699
kan,private_calls,0,0.88968,0.99144,0.70050,0.74376
kan,private_calls,1,0.93806,0.99135,0.90627,0.94563
kan,private_calls,0,0.00594,0.00382,0.00584,0.00440
kan,private_calls,1,0.97937,0.98359,0.49801,0.56304
kan,private_calls,0,0.36553,0.98962,0.21767,0.33223
kan,private_calls,0,0.03396,0.00388,0.01252,0.02765
kan,private_calls,1,0.82856,0.01177,0.08000,0.12286
kan,private_calls,0,0.33859,0.00384,0.00697,0.00735
kan,private_calls,0,0.07717,0.00443,0.01277,0.01899
kan,private_calls,1,0.02229,0.48055,0.08913,0.08814
kan,private_calls,0,0.94661,0.00424,0.00867,0.01055
kan,private_calls,1,0.98543,0.99209,0.93859,0.93480
kan,private_calls,1,0.98232,0.99090,0.45822,0.75841
kan,private_calls,1,0.96047,0.97313,0.47304,0.84053
kan,private_calls,0,0.20124,0.00384,0.00766,0.00849
kan,private_calls,1,0.97084,0.98875,0.85356,0.91656
kan,private_calls,0,0.01026,0.00383,0.00761,0.00548
kan,private_calls,0,0.05751,0.00385,0.01639,0.04262
kan,private_calls,0,0.86427,0.91754,0.15354,0.14280
kan,private_calls,0,0.01574,0.00385,0.00731,0.01149
kan,private_calls,1,0.96604,0.99139,0.50078,0.79755
kan,private_calls,0,0.00594,0.00383,0.00583,0.00672
kan,private_calls,1,0.98652,0.99167,0.55863,0.78998
kan,private_calls,0,0.87325,0.98626,0.64666,0.80430
kan,private_calls,0,0.15020,0.00385,0.00705,0.00692
kan,private_calls,1,0.88968,0.98872,0.81559,0.92635
kan,private_calls,0,0.00571,0.00384,0.00630,0.00662
kan,private_calls,1,0.15020,0.99026,0.74839,0.92608
kan,private_calls,0,0.00642,0.00383,0.00645,0.00715
kan,private_calls,0,0.00618,0.00384,0.00614,0.00523
kan,private_calls,1,0.98599,0.99190,0.95144,0.97055
kan,private_calls,1,0.93574,0.52942,0.62336,0.90345
kan,private_calls,0,0.04772,0.00397,0.00649,0.00635
kan,private_calls,1,0.94031,0.99203,0.93377,0.96953
kan,private_calls,1,0.90422,0.97153,0.35512,0.20241
kan,private_calls,0,0.39335,0.00387,0.00703,0.01123
kan,private_calls,0,0.95737,0.46930,0.59723,0.72340
kan,private_calls,0,0.04772,0.00374,0.00611,0.00480
kan,private_calls,1,0.95737,0.99129,0.88870,0.88010
kan,private_calls,1,0.97194,0.99186,0.97873,0.98214
kan,private_calls,0,0.70402,0.00507,0.05664,0.08343
kan,private_calls,1,0.96971,0.96379,0.12624,0.34256
kan,private_calls,1,0.98753,0.98876,0.81538,0.86413
kan,private_calls,0,0.93574,0.00569,0.01529,0.01565
kan,private_calls,1,0.91083,0.99219,0.68801,0.72082
kan,private_calls,0,0.75809,0.98220,0.07912,0.09235
kan,private_calls,0,0.03147,0.00372,0.00565,0.00377
kan,private_calls,1,0.95573,0.99173,0.83274,0.90962
kan,private_calls,1,0.96194,0.99034,0.68363,0.62967
kan,private_calls,0,0.12246,0.00797,0.02622,0.03088
kan,private_calls,0,0.15020,0.97033,0.04552,0.06208
kan,private_calls,0,0.63447,0.05853,0.02556,0.03804
kan,private_calls,1,0.93574,0.99193,0.96666,0.97359
kan,private_calls,0,0.95573,0.97758,0.11518,0.19547
kan,private_calls,0,0.05969,0.00387,0.00558,0.00464
kan,private_calls,0,0.00844,0.00375,0.00628,0.00619
kan,private_calls,1,0.23476,0.22902,0.03150,0.05463
kan,private_calls,0,0.90422,0.99189,0.95114,0.91935
kan,private_calls,0,0.00987,0.00374,0.00757,0.00985
kan,private_calls,0,0.01199,0.00389,0.01660,0.02518
kan,private_calls,1,0.94031,0.99182,0.97803,0.98501
kan,private_calls,0,0.98364,0.82406,0.04720,0.05432
kan,private_calls,0,0.61601,0.67394,0.06675,0.08687
kan,private_calls,0,0.56849,0.00386,0.01301,0.02762
kan,private_calls,1,0.95403,0.98394,0.72690,0.67220
kan,private_calls,1,0.92283,0.99202,0.94717,0.96796
kan,private_calls,0,0.85476,0.00440,0.01198,0.02061
kan,private_calls,1,0.98801,0.99260,0.97336,0.97682
kan,private_calls,1,0.81708,0.97693,0.55488,0.78319
kan,private_calls,0,0.01910,0.00382,0.00926,0.01191
kan,private_calls,0,0.16591,0.00439,0.00684,0.00863
kan,private_calls,0,0.94857,0.00372,0.00628,0.00797
kan,private_calls,0,0.96194,0.99158,0.90693,0.91804
kan,private_calls,0,0.06667,0.00372,0.00637,0.00545
kan,private_calls,0,0.00549,0.00375,0.00590,0.00507
kan,private_calls,0,0.89349,0.41024,0.02392,0.05449
kan,private_calls,0,0.96731,0.98618,0.28101,0.33048
kan,private_calls,1,0.97401,0.99201,0.98537,0.98854
kan,private_calls,1,0.98162,0.97369,0.54964,0.53778
kan,private_calls,0,0.88968,0.00528,0.02556,0.03649
kan,private_calls,0,0.16053,0.00403,0.00741,0.01151
kan,private_calls,1,0.96853,0.99235,0.98326,0.98151
kan,private_calls,0,0.82290,0.00371,0.00782,0.00913
kan,private_calls,0,0.36553,0.98247,0.05151,0.10203
kan,private_calls,0,0.01296,0.00373,0.00660,0.00613
kan,private_calls,0,0.88968,0.00436,0.00955,0.01500
kan,private_calls,1,0.95403,0.99071,0.88992,0.89974
kan,private_calls,0,0.96194,0.96139,0.24233,0.42305
kan,private_calls,0,0.85958,0.00438,0.02041,0.04146
mal,private_calls,0,0.09924,0.00374,0.00674,0.00808
mal,private_calls,1,0.95737,0.99234,0.94924,0.96194
mal,private_calls,1,0.96971,0.98956,0.71931,0.77777
mal,private_calls,1,0.01838,0.00372,0.00667,0.01010
mal,private_calls,1,0.96853,0.99057,0.65455,0.79842
mal,private_calls,0,0.97299,0.99206,0.89100,0.91473
mal,private_calls,1,0.96971,0.99137,0.67585,0.83923
mal,private_calls,0,0.03953,0.00367,0.00754,0.00937
mal,private_calls,1,0.95228,0.99144,0.80327,0.83991
mal,private_calls,0,0.12675,0.00577,0.02022,0.03676
mal,private_calls,0,0.91083,0.14735,0.07694,0.17128
mal,private_calls,0,0.66141,0.00391,0.01475,0.05640
mal,private_calls,1,0.96853,0.99097,0.68725,0.84712
mal,private_calls,0,0.01574,0.00384,0.01331,0.01625
mal,private_calls,1,0.92825,0.99180,0.92316,0.96508
mal,private_calls,1,0.97593,0.99078,0.70923,0.87420
mal,private_calls,0,0.84470,0.98780,0.51298,0.34060
mal,private_calls,0,0.75809,0.04100,0.15393,0.25552
mal,private_calls,0,0.32983,0.01541,0.02097,0.02673
mal,private_calls,1,0.94249,0.99179,0.93754,0.97553
mal,private_calls,0,0.98704,0.00422,0.02063,0.02264
mal,private_calls,1,0.77909,0.00386,0.01346,0.07649
mal,private_calls,0,0.00878,0.00366,0.00727,0.00771
mal,private_calls,0,0.00913,0.00448,0.02846,0.05797
mal,private_calls,1,0.64355,0.73333,0.08858,0.23295
mal,private_calls,1,0.88968,0.99037,0.47633,0.66877
mal,private_calls,0,0.95737,0.99123,0.86114,0.97656
mal,private_calls,1,0.67882,0.98429,0.44699,0.54442
mal,private_calls,1,0.89718,0.93847,0.11326,0.23671
mal,private_calls,0,0.88171,0.00369,0.00561,0.00430
mal,private_calls,0,0.27196,0.32115,0.02171,0.03828
mal,private_calls,1,0.90076,0.98952,0.78295,0.84426
mal,private_calls,0,0.92825,0.00365,0.02119,0.03157
mal,private_calls,1,0.92825,0.34015,0.09508,0.18178
mal,private_calls,1,0.87754,0.98689,0.50175,0.75141
mal,private_calls,0,0.96335,0.99132,0.81784,0.83471
mal,private_calls,0,0.88576,0.98909,0.66713,0.80870
mal,private_calls,0,0.26424,0.00372,0.01328,0.01319
mal,private_calls,1,0.05339,0.34761,0.13096,0.23762
mal,private_calls,0,0.84980,0.00376,0.01310,0.02006
mal,private_calls,0,0.94458,0.11295,0.02722,0.03159
mal,private_calls,0,0.93083,0.99218,0.98337,0.98627
mal,private_calls,1,0.94031,0.99227,0.99003,0.99148
mal,private_calls,0,0.76524,0.00375,0.00624,0.00656
mal,private_calls,0,0.81708,0.00396,0.01208,0.02308
mal,private_calls,0,0.76524,0.50486,0.06129,0.09878
mal,private_calls,1,0.96194,0.99115,0.89942,0.96210
mal,private_calls,0,0.94249,0.06506,0.50346,0.26078
mal,private_calls,0,0.96472,0.01437,0.01131,0.01961
mal,private_calls,1,0.95228,0.00704,0.28589,0.48066
mal,private_calls,0,0.02407,0.00360,0.00811,0.00965
mal,private_calls,0,0.84980,0.00368,0.00751,0.00850
mal,private_calls,1,0.27983,0.28462,0.40991,0.75035
mal,private_calls,0,0.03806,0.00471,0.02856,0.14805
mal,private_calls,1,0.77909,0.62579,0.20628,0.50363
mal,private_calls,0,0.66141,0.59314,0.09209,0.12628
mal,private_calls,0,0.06194,0.00374,0.00577,0.00618
mal,private_calls,0,0.37472,0.00367,0.00705,0.00893
mal,private_calls,1,0.77224,0.98367,0.64117,0.85690
mal,private_calls,1,0.86882,0.99030,0.89353,0.97533
mal,private_calls,1,0.94661,0.00545,0.02833,0.04294
mal,private_calls,0,0.38399,0.00379,0.00556,0.00514
mal,private_calls,1,0.81708,0.00417,0.00879,0.01248
mal,private_calls,0,0.00913,0.00371,0.00539,0.00428
mal,private_calls,1,0.97299,0.99177,0.90392,0.94291
mal,private_calls,1,0.81112,0.99160,0.96584,0.98139
mal,private_calls,1,0.98299,0.99077,0.97874,0.98491
mal,private_calls,1,0.93083,0.99218,0.88028,0.93322
mal,private_calls,0,0.98232,0.99197,0.93173,0.93732
mal,private_calls,1,0.96047,0.27772,0.12020,0.27191
mal,private_calls,1,0.98090,0.99237,0.97939,0.98602
mal,private_calls,1,0.95895,0.98300,0.55224,0.39275
mal,private_calls,1,0.97684,0.98936,0.82381,0.87865
mal,private_calls,1,0.97937,0.97998,0.80686,0.70830
mal,private_calls,0,0.69575,0.44557,0.01604,0.02437
mal,private_calls,1,0.98015,0.99214,0.94851,0.97844
mal,private_calls,1,0.01636,0.00670,0.03641,0.03755
mal,private_calls,1,0.95228,0.00863,0.05068,0.04221
mal,private_calls,0,0.97194,0.48364,0.09497,0.09928
mal,private_calls,1,0.97194,0.98700,0.77147,0.72937
mal,private_calls,0,0.93806,0.00373,0.00628,0.00804
mal,private_calls,1,0.97855,0.99207,0.93795,0.95632
mal,private_calls,0,0.95228,0.00365,0.00755,0.00684
mal,private_calls,1,0.73576,0.98141,0.69108,0.84835
mal,private_calls,0,0.97771,0.99082,0.34457,0.50963
mal,private_calls,1,0.98162,0.99244,0.97699,0.98412
mal,private_calls,0,0.97855,0.99228,0.96358,0.97580
mal,private_calls,0,0.97084,0.99103,0.92658,0.95281
mal,private_calls,1,0.90076,0.98944,0.89217,0.96019
mal,private_calls,0,0.89349,0.00868,0.01596,0.02112
mal,private_calls,1,0.94458,0.98472,0.65197,0.76668
mal,private_calls,0,0.00694,0.00371,0.00613,0.00457
mal,private_calls,0,0.97771,0.98681,0.53020,0.58277
mal,private_calls,0,0.86882,0.00647,0.02615,0.02724
mal,private_calls,1,0.98232,0.99217,0.92114,0.95552
mal,private_calls,1,0.97771,0.99228,0.97492,0.98264
mal,private_calls,1,0.89718,0.98740,0.88234,0.88851
mal,private_calls,0,0.00844,0.00694,0.00883,0.00950
mal,private_calls,1,0.44119,0.99242,0.97864,0.98498
mal,private_calls,0,0.61601,0.98904,0.80621,0.69778
mal,private_calls,1,0.96971,0.99225,0.97692,0.97885
mal,private_calls,1,0.96971,0.99229,0.98105,0.98475
mal,private_calls,0,0.96472,0.98578,0.86438,0.89107
mal,private_calls,1,0.97194,0.99060,0.80696,0.90026
mal,private_calls,0,0.96472,0.14235,0.08423,0.12804
mal,private_calls,0,0.82290,0.00370,0.00815,0.01328
mal,private_calls,0,0.24191,0.00370,0.00865,0.01012
mal,private_calls,0,0.96047,0.98799,0.73825,0.82185
mal,private_calls,0,0.18888,0.00482,0.03920,0.19163
mal,private_calls,0,0.93333,0.96537,0.71733,0.84421
mal,private_calls,1,0.97299,0.99195,0.96715,0.97482
mal,private_calls,0,0.92559,0.95935,0.05460,0.10217
mal,private_calls,1,0.94031,0.02339,0.26842,0.51643
mal,private_calls,0,0.02229,0.00368,0.00730,0.00899
mal,private_calls,0,0.83947,0.00455,0.04026,0.06365
mal,private_calls,0,0.97084,0.98616,0.10334,0.14538
mal,private_calls,0,0.87325,0.79741,0.20250,0.25049
mal,private_calls,0,0.05339,0.00379,0.00660,0.00528
mal,private_calls,1,0.91083,0.98899,0.93189,0.96451
mal,private_calls,0,0.88968,0.00964,0.03804,0.05746
mal,private_calls,0,0.03029,0.71860,0.06907,0.10060
mal,private_calls,1,0.98426,0.47455,0.46566,0.62381
mal,private_calls,1,0.91703,0.99202,0.98651,0.98965
mal,private_calls,0,0.95403,0.00374,0.00724,0.00724
mal,private_calls,1,0.72017,0.99235,0.96627,0.98213
mal,private_calls,0,0.01296,0.00370,0.00644,0.00898
mal,private_calls,1,0.24191,0.99004,0.61144,0.81570
mal,private_calls,0,0.96853,0.00377,0.01597,0.01820
mal,private_calls,1,0.87754,0.99229,0.95524,0.96951
mal,private_calls,0,0.00751,0.00376,0.00598,0.00470
mal,private_calls,0,0.01838,0.00369,0.00664,0.00585
mal,private_calls,0,0.71216,0.00372,0.00701,0.00887
mal,private_calls,0,0.79235,0.00388,0.00669,0.00663
mal,private_calls,1,0.81708,0.99236,0.97768,0.98245
mal,private_calls,1,0.97855,0.99088,0.87295,0.80635
mal,private_calls,0,0.11829,0.00465,0.01627,0.03061
mal,private_calls,1,0.98486,0.99248,0.98447,0.98265
mal,private_calls,1,0.96731,0.98928,0.90896,0.91958
mal,private_calls,0,0.91083,0.00366,0.01226,0.01819
mal,private_calls,1,0.92825,0.99114,0.89783,0.92163
mal,private_calls,0,0.61601,0.00375,0.01243,0.01316
mal,private_calls,1,0.95573,0.98099,0.83031,0.86002
mal,private_calls,1,0.98599,0.99025,0.43549,0.47948
mal,private_calls,0,0.65253,0.97318,0.04069,0.04284
mal,private_calls,0,0.22776,0.13457,0.03554,0.04284
mal,private_calls,1,0.96194,0.99167,0.92067,0.93199
mal,private_calls,1,0.67882,0.99191,0.61105,0.59426
mal,private_calls,1,0.98543,0.99171,0.85769,0.91267
mal,private_calls,0,0.64355,0.00400,0.01203,0.02213
mal,private_calls,0,0.95403,0.99173,0.62630,0.82628
mal,private_calls,1,0.97499,0.99003,0.57212,0.71476
mal,private_calls,0,0.10282,0.00379,0.00908,0.00860
mal,private_calls,1,0.95573,0.98866,0.67064,0.74194
mal,private_calls,0,0.25665,0.00439,0.03834,0.06355
mal,private_calls,0,0.91083,0.99127,0.23433,0.24237
mal,private_calls,0,0.86427,0.00385,0.02179,0.03036
mal,private_calls,0,0.90758,0.50993,0.14996,0.23587
mal,private_calls,0,0.95403,0.25911,0.02329,0.03321
mal,private_calls,0,0.92825,0.00543,0.03064,0.02923
mal,private_calls,1,0.91703,0.98572,0.49497,0.57252
mal,private_calls,1,0.98599,0.99234,0.97064,0.97412
mal,private_calls,1,0.96047,0.90639,0.31503,0.49624
mal,private_calls,0,0.81112,0.00375,0.00947,0.00929
mal,private_calls,0,0.45092,0.00424,0.01404,0.02199
mal,private_calls,0,0.02407,0.00455,0.08467,0.10246
mal,private_calls,0,0.17710,0.02405,0.06561,0.07235
mal,private_calls,0,0.00694,0.00383,0.02463,0.03037
mal,private_calls,0,0.02316,0.00376,0.01482,0.01022
mal,private_calls,0,0.55881,0.00392,0.03057,0.03420
mal,private_calls,0,0.49015,0.98809,0.16943,0.22713
mal,private_calls,0,0.83947,0.99017,0.08520,0.15941
mal,private_calls,1,0.90758,0.99186,0.92872,0.96263
mal,private_calls,0,0.61601,0.13693,0.05209,0.03772
mal,private_calls,0,0.91398,0.98165,0.16585,0.30669
mal,private_calls,0,0.38399,0.00615,0.11901,0.25501
mal,private_calls,1,0.91398,0.99121,0.77404,0.78304
mal,private_calls,0,0.72804,0.04584,0.08683,0.09837
mal,private_calls,0,0.92283,0.98415,0.39577,0.50279
mal,private_calls,1,0.90076,0.99195,0.94238,0.96592
mal,private_calls,0,0.96971,0.02206,0.04794,0.05763
mal,private_calls,1,0.89349,0.99215,0.95358,0.95949
mal,private_calls,1,0.97499,0.98642,0.59250,0.87190
mal,private_calls,0,0.93333,0.01325,0.02136,0.03103
mal,private_calls,0,0.96335,0.00813,0.00989,0.01387
mal,private_calls,0,0.09924,0.00378,0.00852,0.00708
mal,private_calls,0,0.89349,0.00374,0.00967,0.01086
mal,private_calls,0,0.05751,0.00378,0.00808,0.00605
mal,private_calls,0,0.44119,0.00713,0.01489,0.02059
mal,private_calls,0,0.87325,0.98764,0.38667,0.42104
mal,private_calls,0,0.11424,0.00402,0.01496,0.02933
mal,private_calls,0,0.14042,0.98000,0.14560,0.23152
mal,private_calls,0,0.68735,0.13116,0.02243,0.04817
mal,private_calls,0,0.87325,0.57243,0.35178,0.46918
mal,private_calls,1,0.97299,0.99003,0.45220,0.69900
mal,private_calls,0,0.92559,0.01716,0.06740,0.09022
mal,private_calls,0,0.88576,0.00377,0.01810,0.02505
mal,private_calls,0,0.74335,0.84268,0.04983,0.06301
mal,private_calls,1,0.88576,0.97523,0.43108,0.61449
mal,private_calls,1,0.98652,0.99241,0.98360,0.98706
mal,private_calls,1,0.94661,0.99195,0.74760,0.68264
mal,private_calls,0,0.10282,0.00374,0.00921,0.00882
mal,private_calls,1,0.60665,0.99196,0.80530,0.76559
mal,private_calls,1,0.97855,0.99146,0.90016,0.92579
mal,private_calls,0,0.95045,0.99158,0.42581,0.40425
mal,private_calls,0,0.07175,0.00368,0.01080,0.01144
mal,private_calls,1,0.93574,0.97348,0.30264,0.45083
mal,private_calls,1,0.50000,0.95584,0.19021,0.29692
mal,private_calls,1,0.10282,0.99177,0.84118,0.96382
mal,private_calls,1,0.97684,0.99230,0.95749,0.97586
mal,private_calls,1,0.96971,0.99235,0.96536,0.97920
mal,private_calls,0,0.91703,0.85428,0.08316,0.10032
mal,private_calls,1,0.36553,0.92789,0.18608,0.50233
mal,private_calls,1,0.90422,0.98705,0.85837,0.90960
mal,private_calls,0,0.00594,0.00359,0.00720,0.00912
mal,private_calls,1,0.98652,0.99243,0.95727,0.97863
mal,private_calls,1,0.97499,0.99223,0.97017,0.97356
mal,private_calls,1,0.98486,0.97993,0.81954,0.87648
mal,private_calls,0,0.02063,0.00371,0.00621,0.00460
mal,private_calls,0,0.14524,0.00377,0.00832,0.01281
mal,private_calls,0,0.43151,0.00375,0.00759,0.01297
mal,private_calls,0,0.93333,0.00368,0.00882,0.01430
mal,private_calls,0,0.89718,0.00364,0.00677,0.00947
mal,private_calls,1,0.89718,0.99216,0.90871,0.96893
mal,private_calls,1,0.88968,0.99213,0.96216,0.97867
mal,private_calls,0,0.00878,0.00363,0.00668,0.00680
mal,private_calls,1,0.84470,0.99001,0.77588,0.84145
mal,private_calls,1,0.94249,0.99112,0.22920,0.57123
mal,private_calls,1,0.44119,0.92364,0.43787,0.94432
mal,private_calls,1,0.95737,0.98128,0.45072,0.74311
mal,private_calls,1,0.97593,0.99098,0.91692,0.94097
mal,private_calls,1,0.96472,0.99169,0.96580,0.96481
mal,private_calls,1,0.86427,0.96534,0.04009,0.05643
mal,private_calls,1,0.98846,0.99127,0.87686,0.95467
mal,private_calls,0,0.98426,0.99195,0.86041,0.96918
mal,private_calls,1,0.98162,0.99246,0.95780,0.97826
mal,private_calls,1,0.93333,0.98722,0.85444,0.95807
mal,private_calls,1,0.96047,0.99187,0.97280,0.98255
mal,private_calls,1,0.96971,0.98925,0.96317,0.98122
mal,private_calls,0,0.23476,0.00375,0.00662,0.00692
mal,private_calls,1,0.98299,0.99160,0.96192,0.92744
mal,private_calls,1,0.97499,0.99235,0.95250,0.94999
mal,private_calls,1,0.95403,0.98573,0.81543,0.93562
mal,private_calls,0,0.92559,0.08591,0.02047,0.04149
mal,private_calls,0,0.90422,0.00573,0.01961,0.03519
mal,private_calls,1,0.88576,0.99156,0.93173,0.94441
mal,private_calls,0,0.95045,0.99225,0.81068,0.84068
mal,private_calls,0,0.95045,0.98074,0.14511,0.25080
mal,private_calls,1,0.96971,0.97881,0.92305,0.94010
mal,private_calls,0,0.93574,0.36422,0.12270,0.06807
mal,private_calls,1,0.98543,0.99188,0.96391,0.97267
mal,private_calls,1,0.96853,0.90814,0.38164,0.69971
mal,private_calls,1,0.97593,0.99195,0.97152,0.95931
mal,private_calls,0,0.62528,0.38916,0.04600,0.06310
mal,private_calls,1,0.97771,0.98799,0.88400,0.91650
mal,private_calls,0,0.97684,0.00451,0.00825,0.01024
mal,private_calls,0,0.91083,0.00406,0.00977,0.01254
mal,private_calls,1,0.97401,0.98768,0.91096,0.95555
mal,private_calls,1,0.98232,0.98933,0.08348,0.20677
mal,private_calls,1,0.95228,0.27359,0.22801,0.33224
mal,private_calls,1,0.90076,0.98911,0.78702,0.75571
mal,private_calls,1,0.96853,0.99259,0.90840,0.94567
mal,private_calls,1,0.97499,0.98833,0.90590,0.89987
mal,private_calls,1,0.97684,0.98511,0.48198,0.40047
mal,private_calls,1,0.97194,0.99224,0.95855,0.97653
mal,private_calls,1,0.97855,0.01078,0.00752,0.00946
mal,private_calls,1,0.74335,0.98867,0.76150,0.82237
mal,private_calls,1,0.60665,0.03477,0.07291,0.08306
mal,private_calls,0,0.98599,0.99104,0.45576,0.50241
mal,private_calls,1,0.96604,0.99229,0.98309,0.98793
mal,private_calls,0,0.90758,0.00570,0.01836,0.04438
mal,private_calls,0,0.96047,0.03357,0.21679,0.27224
mal,private_calls,1,0.77224,0.99132,0.63227,0.84385
mal,private_calls,1,0.90076,0.99194,0.75018,0.80804
mal,private_calls,0,0.96853,0.98611,0.68539,0.76070
mal,private_calls,1,0.90422,0.99076,0.91657,0.95118
mal,private_calls,1,0.97771,0.99217,0.98581,0.98864
mal,private_calls,0,0.98162,0.00440,0.03949,0.03195
mal,private_calls,1,0.94031,0.91574,0.36426,0.52327
mal,private_calls,0,0.43151,0.00418,0.01300,0.02270
mal,private_calls,1,0.95895,0.99215,0.73057,0.88536
mal,private_calls,1,0.93574,0.96326,0.55322,0.61066
mal,private_calls,0,0.96731,0.98605,0.21136,0.38239
mal,private_calls,0,0.97593,0.00451,0.02015,0.03332
mal,private_calls,1,0.97593,0.99254,0.97357,0.97944
mal,private_calls,1,0.96971,0.99239,0.96749,0.97713
mal,private_calls,0,0.69575,0.98756,0.44531,0.68502
mal,private_calls,0,0.16053,0.00553,0.05643,0.09549
mal,private_calls,0,0.03953,0.00377,0.01021,0.00993
mal,private_calls,1,0.96335,0.43927,0.31477,0.58302
mal,private_calls,1,0.94857,0.99109,0.69384,0.81664
mal,private_calls,0,0.01067,0.00366,0.00969,0.00650
mal,private_calls,1,0.88576,0.98097,0.76659,0.88294
mal,private_calls,1,0.89349,0.96658,0.38805,0.75181
mal,private_calls,1,0.98652,0.99224,0.98166,0.98729
mal,private_calls,0,0.95228,0.08914,0.08164,0.07470
mal,private_calls,1,0.95573,0.99034,0.76039,0.87358
mal,private_calls,1,0.43151,0.98333,0.70462,0.89703
mal,private_calls,1,0.95737,0.99216,0.97428,0.98247
mal,private_calls,1,0.79235,0.98254,0.54111,0.88262
mal,private_calls,1,0.94458,0.98936,0.65481,0.89145
mal,private_calls,1,0.94031,0.99170,0.97454,0.97998
mal,private_calls,0,0.78580,0.97669,0.33305,0.56250
mal,private_calls,1,0.95228,0.99142,0.95017,0.94786
mal,private_calls,0,0.84980,0.98161,0.69571,0.78621
mal,private_calls,0,0.98232,0.00371,0.00995,0.01001
mal,private_calls,0,0.01910,0.00503,0.12163,0.21286
mal,private_calls,1,0.95737,0.99213,0.95745,0.95380
mal,private_calls,1,0.26424,0.00562,0.02136,0.02120
mal,private_calls,1,0.88171,0.91451,0.31835,0.78118
mal,private_calls,1,0.98364,0.99258,0.98732,0.98797
mal,private_calls,0,0.97593,0.99037,0.49557,0.67708
mal,private_calls,1,0.97855,0.99115,0.81634,0.88984
mal,private_calls,1,0.19498,0.55631,0.02363,0.02620
mal,private_calls,1,0.97194,0.99240,0.98270,0.98818
mal,private_calls,1,0.97299,0.99212,0.92857,0.95457
mal,private_calls,1,0.02599,0.99108,0.22268,0.55895
mal,private_calls,1,0.88968,0.98949,0.67409,0.88717
mal,private_calls,1,0.98015,0.99132,0.81276,0.89881
mal,private_calls,0,0.93083,0.99139,0.05582,0.08644
mal,private_calls,0,0.93083,0.00389,0.01292,0.01471
mal,private_calls,1,0.95737,0.48398,0.25108,0.51632
mal,private_calls,1,0.97593,0.98799,0.81990,0.92737
mal,private_calls,1,0.94031,0.99021,0.60233,0.77689
mal,private_calls,1,0.02229,0.07020,0.01378,0.03026
mal,private_calls,0,0.71216,0.00410,0.01319,0.01056
mal,private_calls,1,0.97499,0.99070,0.83255,0.92832
mal,private_calls,1,0.93083,0.99204,0.96518,0.96735
mal,private_calls,0,0.06917,0.00380,0.01636,0.01749
mal,private_calls,1,0.96194,0.99234,0.95846,0.97434
mal,private_calls,1,0.94857,0.98495,0.44459,0.52328
mal,private_calls,1,0.96853,0.98822,0.87825,0.87561
mal,private_calls,1,0.56849,0.11078,0.03376,0.07687
mal,private_calls,0,0.91997,0.05059,0.03097,0.06002
mal,private_calls,1,0.96047,0.98933,0.84121,0.93780
mal,private_calls,1,0.96472,0.98814,0.93876,0.97045
mal,private_calls,1,0.96853,0.00390,0.03579,0.14761
mal,private_calls,1,0.97084,0.99187,0.96674,0.97084
mal,private_calls,1,0.98599,0.99228,0.97454,0.98349
mal,private_calls,1,0.98090,0.91071,0.60500,0.56329
mal,private_calls,0,0.24191,0.00375,0.00620,0.00761
mal,private_calls,0,0.98090,0.85471,0.36561,0.83558
mal,private_calls,0,0.95895,0.99162,0.95884,0.97297
mal,private_calls,0,0.89349,0.99027,0.62949,0.72764
mal,private_calls,0,0.63447,0.00412,0.00746,0.00829
mal,private_calls,1,0.74335,0.00877,0.10158,0.51005
mal,private_calls,1,0.07175,0.00386,0.01108,0.01769
mal,private_calls,1,0.82856,0.72896,0.19095,0.90105
mal,private_calls,1,0.34747,0.00502,0.09157,0.36244
mal,private_calls,0,0.91398,0.99192,0.97319,0.98068
mal,private_calls,1,0.94458,0.00563,0.09488,0.13020
mal,private_calls,1,0.65253,0.99083,0.91859,0.94647
mal,private_calls,0,0.00781,0.00365,0.00603,0.00509
mal,private_calls,0,0.24921,0.00363,0.00817,0.00880
mal,private_calls,1,0.95573,0.99206,0.94642,0.96849
mal,private_calls,0,0.64355,0.00383,0.00839,0.00880
mal,private_calls,0,0.69575,0.00375,0.00844,0.00793
mal,private_calls,1,0.74335,0.98019,0.20508,0.42889
mal,private_calls,1,0.95895,0.98603,0.09571,0.10625
mal,private_calls,1,0.75809,0.98520,0.41757,0.80333
mal,private_calls,0,0.65253,0.81400,0.10331,0.11811
mal,private_calls,0,0.54908,0.04884,0.20945,0.42111
mal,private_calls,0,0.91997,0.99048,0.37473,0.53498
mal,private_calls,0,0.16591,0.48850,0.05291,0.13599
mal,private_calls,0,0.02145,0.00363,0.00659,0.01520
mal,private_calls,0,0.49015,0.93263,0.13760,0.28211
mal,private_calls,0,0.80502,0.00380,0.01755,0.03725
mal,private_calls,1,0.96194,0.98444,0.70370,0.83228
mal,private_calls,1,0.50000,0.99153,0.84303,0.95907
mal,private_calls,1,0.93574,0.01359,0.07580,0.26053
mal,private_calls,0,0.26424,0.98152,0.08906,0.16004
mal,private_calls,0,0.01574,0.93881,0.10889,0.25968
mal,private_calls,0,0.32118,0.00393,0.01660,0.06359
mal,private_calls,1,0.93083,0.97143,0.21282,0.62465
mal,private_calls,0,0.27983,0.00419,0.01100,0.02404
mal,private_calls,0,0.41230,0.00375,0.00894,0.01664
mal,private_calls,1,0.34747,0.99153,0.98851,0.98951
mal,private_calls,1,0.79235,0.99194,0.95730,0.97091
mal,private_calls,1,0.41230,0.98288,0.46226,0.61994
mal,private_calls,0,0.95895,0.99188,0.98877,0.99092
mal,private_calls,0,0.24921,0.98777,0.19246,0.73818
mal,private_calls,1,0.84470,0.99131,0.95935,0.96970
mal,private_calls,1,0.97084,0.99227,0.97842,0.98465
mal,private_calls,0,0.12675,0.86613,0.01244,0.03368
mal,private_calls,1,0.01514,0.00367,0.00726,0.00907
mal,private_calls,0,0.02316,0.00369,0.00822,0.00960
mal,private_calls,1,0.94857,0.99140,0.81568,0.89692
mal,private_calls,0,0.09578,0.00386,0.00823,0.00800
mal,private_calls,1,0.84470,0.99146,0.91843,0.92404
mal,private_calls,1,0.98162,0.99201,0.93366,0.95844
mal,private_calls,1,0.97937,0.94175,0.31567,0.27945
mal,private_calls,1,0.95895,0.99163,0.95004,0.98109
mal,private_calls,1,0.97299,0.99116,0.90443,0.93238
mal,private_calls,0,0.00781,0.00370,0.00584,0.00461
mal,private_calls,1,0.42187,0.13151,0.09217,0.10348
mal,private_calls,1,0.14524,0.76267,0.04262,0.07624
mal,private_calls,1,0.84470,0.99143,0.94394,0.95246
mal,private_calls,1,0.26424,0.98960,0.92083,0.94332
mal,private_calls,1,0.97084,0.99221,0.98009,0.98429
mal,private_calls,0,0.17144,0.98859,0.90828,0.96821
mal,private_calls,1,0.90076,0.99040,0.96909,0.97390
mal,private_calls,0,0.00878,0.00371,0.00517,0.00366
mal,private_calls,1,0.96194,0.99166,0.96463,0.97337
mal,private_calls,1,0.93083,0.99100,0.89427,0.92219
mal,private_calls,0,0.00844,0.00379,0.00506,0.00373
mal,private_calls,0,0.19498,0.00563,0.02895,0.03906
mal,private_calls,1,0.93806,0.99197,0.96883,0.97421
mal,private_calls,1,0.96472,0.99222,0.97854,0.98336
mal,private_calls,0,0.14524,0.01483,0.05775,0.07049
mal,private_calls,1,0.17144,0.06494,0.03840,0.03701
mal,private_calls,1,0.96853,0.99012,0.98336,0.98672
mal,private_calls,1,0.95403,0.99214,0.99047,0.99130
mal,private_calls,0,0.97299,0.00390,0.00829,0.01061
mal,private_calls,0,0.48032,0.00373,0.01290,0.02001
mal,private_calls,1,0.79235,0.98840,0.76377,0.92206
mal,private_calls,1,0.98543,0.99190,0.98471,0.98395
mal,private_calls,0,0.97855,0.97993,0.24368,0.17739
mal,private_calls,0,0.96604,0.98484,0.87417,0.89985
mal,private_calls,1,0.93806,0.10982,0.84719,0.94441
mal,private_calls,1,0.98426,0.99060,0.58025,0.90400
mal,private_calls,1,0.91083,0.98258,0.88469,0.93831
mal,private_calls,1,0.94458,0.98732,0.81193,0.91206
mal,private_calls,1,0.98162,0.99249,0.97009,0.97539
mal,private_calls,0,0.18888,0.00366,0.00851,0.01542
mal,private_calls,0,0.98364,0.98065,0.47576,0.76518
mal,private_calls,1,0.95737,0.99233,0.98992,0.99077
mal,private_calls,1,0.88968,0.98895,0.69958,0.87604
mal,private_calls,1,0.96335,0.99223,0.96796,0.98604
mal,private_calls,1,0.71216,0.98995,0.92357,0.94511
mal,private_calls,1,0.98299,0.03476,0.12571,0.22540
mal,private_calls,0,0.98364,0.02633,0.08220,0.16688
mal,private_calls,0,0.04955,0.16188,0.07111,0.17500
mal,private_calls,0,0.08003,0.00361,0.00733,0.00784
mal,private_calls,1,0.18292,0.99117,0.95251,0.96085
mal,private_calls,1,0.97593,0.99114,0.95685,0.97847
mal,private_calls,0,0.71216,0.00378,0.04079,0.05309
mal,private_calls,1,0.90758,0.99196,0.84469,0.87164
mal,private_calls,1,0.95895,0.99224,0.86383,0.86585
mal,private_calls,0,0.98299,0.02365,0.10473,0.13577
mal,private_calls,0,0.90076,0.27969,0.56846,0.58649
mal,private_calls,0,0.01910,0.00363,0.00654,0.00611
mal,private_calls,0,0.01154,0.00373,0.00713,0.01107
mal,private_calls,0,0.11829,0.00364,0.01418,0.01573
mal,private_calls,0,0.01910,0.00376,0.03014,0.02884
mal,private_calls,1,0.05339,0.74911,0.47669,0.48698
mal,private_calls,0,0.07441,0.00731,0.04697,0.05829
mal,private_calls,0,0.34747,0.00372,0.00999,0.01181
mal,private_calls,0,0.57813,0.00490,0.01788,0.01458
mal,private_calls,0,0.73576,0.00376,0.02236,0.04029
mal,private_calls,1,0.96604,0.99250,0.98121,0.98436
mal,private_calls,0,0.06426,0.00365,0.00804,0.01237
mal,private_calls,0,0.00694,0.00372,0.00556,0.00489
mal,private_calls,1,0.84980,0.98999,0.63399,0.63149
mal,private_calls,0,0.14042,0.00391,0.01088,0.02280
mal,private_calls,0,0.20765,0.01221,0.01427,0.02200
mal,private_calls,0,0.70402,0.98774,0.20618,0.23624
mal,private_calls,0,0.34747,0.00390,0.02558,0.02794
mal,private_calls,0,0.00781,0.00449,0.01995,0.03737
mal,private_calls,1,0.46069,0.00492,0.11257,0.25217
mal,private_calls,0,0.69575,0.00389,0.02336,0.03542
mal,private_calls,1,0.93574,0.52182,0.33252,0.44904
mal,private_calls,1,0.94857,0.03003,0.42317,0.63045
mal,private_calls,0,0.01636,0.00416,0.02283,0.07728
mar,private_calls,1,0.96604,0.98200,0.55605,0.84111
mar,private_calls,0,0.00549,0.00381,0.00620,0.00694
mar,private_calls,0,0.00949,0.00381,0.00600,0.00547
mar,private_calls,0,0.97855,0.00398,0.00758,0.01704
mar,private_calls,1,0.00812,0.00426,0.02484,0.06119
mar,private_calls,1,0.96472,0.98882,0.47114,0.70041
mar,private_calls,0,0.19498,0.88956,0.08284,0.16025
mar,private_calls,0,0.95403,0.67281,0.01024,0.02661
mar,private_calls,1,0.96731,0.99005,0.82577,0.93117
mar,private_calls,1,0.11424,0.98960,0.60807,0.87181
mar,private_calls,0,0.04955,0.00426,0.04014,0.07888
mar,private_calls,0,0.95895,0.01249,0.03755,0.09145
mar,private_calls,1,0.96971,0.99195,0.48529,0.75357
mar,private_calls,0,0.97084,0.00396,0.01752,0.04366
mar,private_calls,0,0.96194,0.48250,0.11279,0.16478
mar,private_calls,1,0.67017,0.22935,0.34544,0.75280
mar,private_calls,0,0.98090,0.00379,0.00597,0.00633
mar,private_calls,0,0.97299,0.97511,0.22823,0.35494
mar,private_calls,1,0.82290,0.99177,0.97579,0.98126
mar,private_calls,1,0.83409,0.98863,0.86636,0.93326
mar,private_calls,1,0.93806,0.00442,0.02610,0.05027
mar,private_calls,1,0.97937,0.99002,0.37494,0.62388
mar,private_calls,1,0.97684,0.99222,0.51536,0.53979
mar,private_calls,1,0.68735,0.99158,0.39071,0.43696
mar,private_calls,1,0.96472,0.99019,0.89969,0.95285
mar,private_calls,1,0.97401,0.00417,0.02004,0.04101
mar,private_calls,0,0.87754,0.99151,0.53996,0.92310
mar,private_calls,1,0.95737,0.99011,0.93752,0.90691
mar,private_calls,0,0.96731,0.00390,0.00647,0.00531
mar,private_calls,0,0.22091,0.00389,0.00752,0.01303
mar,private_calls,0,0.92825,0.00421,0.06322,0.11399
mar,private_calls,0,0.81708,0.00387,0.00629,0.00690
mar,private_calls,1,0.96194,0.75824,0.54903,0.58697
mar,private_calls,0,0.79235,0.02106,0.05998,0.07939
mar,private_calls,0,0.87325,0.00388,0.00964,0.00953
mar,private_calls,1,0.68735,0.51272,0.04611,0.05689
mar,private_calls,1,0.98486,0.99237,0.95722,0.96292
mar,private_calls,0,0.95573,0.99248,0.82787,0.94486
mar,private_calls,0,0.98090,0.01228,0.02197,0.01923
mar,private_calls,1,0.95895,0.99217,0.89712,0.93741
mar,private_calls,0,0.69575,0.83356,0.05674,0.06106
mar,private_calls,1,0.96731,0.99160,0.95710,0.97358
mar,private_calls,0,0.12246,0.00380,0.00678,0.00648
mar,private_calls,0,0.74335,0.00383,0.00743,0.01280
mar,private_calls,1,0.90758,0.99219,0.73310,0.81203
mar,private_calls,1,0.97401,0.99139,0.33449,0.45187
mar,private_calls,1,0.94661,0.41730,0.35836,0.48686
mar,private_calls,0,0.72017,0.00390,0.00784,0.00906
mar,private_calls,1,0.96604,0.99104,0.77454,0.91929
mar,private_calls,1,0.94458,0.04333,0.05324,0.17924
mar,private_calls,0,0.03269,0.00387,0.00548,0.00421
mar,private_calls,0,0.09578,0.00492,0.03192,0.06393
mar,private_calls,1,0.91083,0.99228,0.94908,0.94384
mar,private_calls,1,0.96731,0.99224,0.74822,0.86112
mar,private_calls,1,0.90758,0.99204,0.81841,0.85541
mar,private_calls,0,0.30425,0.00383,0.00669,0.00647
mar,private_calls,1,0.97499,0.81024,0.06603,0.11334
mar,private_calls,1,0.03953,0.01353,0.03121,0.09790
mar,private_calls,1,0.92825,0.01779,0.05121,0.32307
mar,private_calls,0,0.96971,0.10960,0.05749,0.09414
mar,private_calls,1,0.43151,0.99141,0.95059,0.97621
mar,private_calls,1,0.97593,0.54604,0.06826,0.09178
mar,private_calls,0,0.94458,0.00417,0.02342,0.05765
mar,private_calls,1,0.94458,0.97986,0.23374,0.44178
mar,private_calls,0,0.97401,0.11937,0.07180,0.06266
mar,private_calls,1,0.98486,0.99089,0.77871,0.90370
mar,private_calls,1,0.96335,0.99199,0.93550,0.95670
mar,private_calls,1,0.89349,0.99147,0.94714,0.95774
mar,private_calls,1,0.98486,0.98222,0.86475,0.94757
mar,private_calls,0,0.92559,0.98477,0.20407,0.36320
mar,private_calls,1,0.95403,0.98876,0.44687,0.68791
mar,private_calls,0,0.96335,0.00382,0.02062,0.02255
mar,private_calls,0,0.98543,0.99117,0.52491,0.76128
mar,private_calls,0,0.88968,0.99081,0.41707,0.33402
mar,private_calls,1,0.97499,0.99210,0.46885,0.58277
mar,private_calls,0,0.84470,0.42277,0.04312,0.11460
mar,private_calls,1,0.84980,0.00563,0.04169,0.06329
mar,private_calls,0,0.90758,0.00376,0.01495,0.01764
mar,private_calls,1,0.66141,0.98920,0.23322,0.43373
mar,private_calls,0,0.22776,0.00379,0.01374,0.01809
mar,private_calls,0,0.97684,0.92852,0.20138,0.29248
mar,private_calls,0,0.01026,0.00369,0.00829,0.00839
mar,private_calls,0,0.95403,0.98903,0.39346,0.54392
mar,private_calls,0,0.70402,0.00609,0.02912,0.04166
mar,private_calls,0,0.90758,0.00378,0.01185,0.01912
mar,private_calls,0,0.15020,0.00369,0.00779,0.00680
mar,private_calls,0,0.83947,0.00382,0.00793,0.00858
mar,private_calls,1,0.95228,0.99213,0.89740,0.91252
mar,private_calls,1,0.97593,0.99155,0.95014,0.96274
mar,private_calls,1,0.93574,0.99114,0.40991,0.28766
mar,private_calls,0,0.41230,0.00372,0.00724,0.00586
mar,private_calls,1,0.96731,0.98912,0.46078,0.57639
mar,private_calls,0,0.29598,0.00723,0.02070,0.03321
mar,private_calls,1,0.20124,0.02725,0.03798,0.05095
mar,private_calls,0,0.97771,0.00465,0.01540,0.03293
mar,private_calls,1,0.88968,0.99261,0.97848,0.98622
mar,private_calls,0,0.88968,0.01148,0.02405,0.04228
mar,private_calls,1,0.98753,0.99219,0.95565,0.96730
mar,private_calls,0,0.08917,0.00378,0.00920,0.00988
mar,private_calls,0,0.95228,0.98703,0.05043,0.06778
mar,private_calls,1,0.93333,0.99210,0.94641,0.96995
mar,private_calls,1,0.82856,0.99196,0.73052,0.85055
mar,private_calls,1,0.95737,0.99216,0.97081,0.98350
mar,private_calls,0,0.94249,0.99120,0.35858,0.43680
mar,private_calls,1,0.97084,0.04882,0.06812,0.11821
mar,private_calls,0,0.57813,0.01266,0.03127,0.04726
mar,private_calls,1,0.94661,0.99223,0.86642,0.90379
mar,private_calls,1,0.98364,0.99244,0.98128,0.98330
mar,private_calls,1,0.96047,0.00684,0.04210,0.03909
mar,private_calls,1,0.97771,0.99216,0.98335,0.98660
mar,private_calls,0,0.98364,0.98601,0.13489,0.14440
mar,private_calls,1,0.96335,0.98428,0.23949,0.28863
mar,private_calls,0,0.94249,0.00370,0.00917,0.01040
mar,private_calls,1,0.86427,0.99030,0.03608,0.03843
mar,private_calls,0,0.64355,0.00381,0.01203,0.01443
mar,private_calls,1,0.89718,0.99200,0.80477,0.82738
mar,private_calls,1,0.91997,0.12705,0.10938,0.23742
mar,private_calls,0,0.69575,0.02076,0.04155,0.05353
mar,private_calls,0,0.06667,0.00369,0.00859,0.00934
mar,private_calls,1,0.95045,0.90399,0.05939,0.09939
mar,private_calls,0,0.81112,0.00400,0.01491,0.02053
mar,private_calls,0,0.90758,0.89903,0.23483,0.32473
mar,private_calls,1,0.94458,0.96748,0.10250,0.14058
mar,private_calls,0,0.88968,0.52909,0.11410,0.16039
mar,private_calls,1,0.81708,0.99219,0.90833,0.95831
mar,private_calls,0,0.95737,0.95573,0.23592,0.35504
mar,private_calls,0,0.16591,0.09217,0.07773,0.13144
mar,private_calls,1,0.98015,0.99212,0.97068,0.98234
mar,private_calls,0,0.94249,0.00370,0.01759,0.03602
mar,private_calls,0,0.80502,0.07945,0.05709,0.09980
mar,private_calls,0,0.46069,0.00414,0.01218,0.01159
mar,private_calls,0,0.00722,0.00374,0.00644,0.00594
mar,private_calls,0,0.94458,0.97914,0.19243,0.27715
mar,private_calls,1,0.94661,0.99076,0.28257,0.26933
mar,private_calls,0,0.98364,0.99223,0.98426,0.98613
mar,private_calls,0,0.01838,0.00381,0.00689,0.00944
mar,private_calls,0,0.96335,0.97481,0.14596,0.32449
mar,private_calls,0,0.03528,0.00372,0.00719,0.00956
mar,private_calls,1,0.13573,0.70898,0.15866,0.48258
mar,private_calls,1,0.97194,0.99230,0.75077,0.88641
mar,private_calls,0,0.91703,0.00379,0.00627,0.00519
mar,private_calls,0,0.57813,0.00475,0.05433,0.05816
mar,private_calls,0,0.82856,0.97207,0.07376,0.08326
mar,private_calls,1,0.94249,0.99142,0.96232,0.97032
mar,private_calls,1,0.98232,0.98790,0.23361,0.13030
mar,private_calls,0,0.93333,0.55358,0.05063,0.06158
mar,private_calls,1,0.97401,0.98899,0.11254,0.22358
mar,private_calls,0,0.96971,0.99170,0.63515,0.83443
mar,private_calls,1,0.98364,0.02000,0.04021,0.06263
mar,private_calls,1,0.98364,0.99136,0.14077,0.40225
mar,private_calls,1,0.97499,0.99247,0.95466,0.97761
mar,private_calls,1,0.93083,0.19408,0.01422,0.04646
mar,private_calls,1,0.97684,0.98663,0.27000,0.51176
mar,private_calls,1,0.96472,0.99240,0.95363,0.98029
mar,private_calls,0,0.97194,0.00375,0.00585,0.00453
mar,private_calls,1,0.90758,0.98993,0.74345,0.96555
mar,private_calls,1,0.98652,0.99225,0.99038,0.99131
mar,private_calls,1,0.96853,0.00537,0.08909,0.13217
mar,private_calls,1,0.96472,0.00370,0.01113,0.02020
mar,private_calls,0,0.82856,0.00733,0.02255,0.02530
mar,private_calls,1,0.94458,0.99177,0.42084,0.69154
mar,private_calls,1,0.97937,0.98850,0.48294,0.46116
mar,private_calls,0,0.00571,0.00371,0.00615,0.00472
mar,private_calls,0,0.08297,0.00376,0.00680,0.00876
mar,private_calls,1,0.98232,0.99217,0.23228,0.47128
mar,private_calls,0,0.00668,0.00370,0.00602,0.00513
mar,private_calls,0,0.57813,0.00369,0.00778,0.02654
mar,private_calls,0,0.22091,0.00375,0.01081,0.01855
mar,private_calls,0,0.32118,0.01643,0.03987,0.12487
mar,private_calls,0,0.97401,0.96383,0.15482,0.20235
mar,private_calls,0,0.00594,0.00366,0.00612,0.00499
mar,private_calls,0,0.87325,0.00412,0.02217,0.03622
mar,private_calls,1,0.61601,0.00392,0.01331,0.01685
mar,private_calls,0,0.38399,0.00386,0.01109,0.01452
mar,private_calls,1,0.87754,0.98126,0.08651,0.17641
mar,private_calls,1,0.98426,0.99239,0.98878,0.98915
mar,private_calls,0,0.53931,0.00412,0.01437,0.01543
mar,private_calls,0,0.97499,0.01365,0.02784,0.07262
mar,private_calls,1,0.90422,0.76777,0.03069,0.05056
mar,private_calls,0,0.02145,0.00543,0.02206,0.07393
mar,private_calls,0,0.63447,0.00369,0.00837,0.01358
mar,private_calls,0,0.63447,0.00419,0.02281,0.02097
mar,private_calls,0,0.86882,0.00407,0.01749,0.02852
mar,private_calls,0,0.11032,0.01250,0.01816,0.02446
mar,private_calls,1,0.95045,0.00425,0.04201,0.09333
mar,private_calls,1,0.96472,0.80152,0.45366,0.81699
mar,private_calls,1,0.97684,0.99243,0.96271,0.97843
mar,private_calls,0,0.08297,0.00373,0.00672,0.00694
mar,private_calls,1,0.84980,0.00404,0.01772,0.01733
mar,private_calls,0,0.78580,0.97371,0.13978,0.21990
mar,private_calls,1,0.94249,0.00467,0.03955,0.06205
mar,private_calls,0,0.81112,0.00448,0.02122,0.03595
mar,private_calls,0,0.94249,0.13298,0.02812,0.03313
mar,private_calls,1,0.96853,0.98942,0.30443,0.34312
mar,private_calls,1,0.98599,0.99080,0.98231,0.98510
mar,private_calls,0,0.86427,0.00403,0.02446,0.06032
mar,private_calls,1,0.92283,0.99159,0.20604,0.23912
mar,private_calls,1,0.85476,0.00370,0.00948,0.01390
mar,private_calls,1,0.97299,0.98963,0.06250,0.24783
mar,private_calls,1,0.95403,0.88421,0.61312,0.73562
mar,private_calls,1,0.97684,0.23565,0.04984,0.06181
mar,private_calls,0,0.94031,0.00378,0.00778,0.00796
mar,private_calls,0,0.59721,0.00386,0.02737,0.03910
mar,private_calls,0,0.85958,0.00376,0.02813,0.05797
mar,private_calls,0,0.96194,0.00390,0.01525,0.01689
mar,private_calls,0,0.89718,0.00574,0.02907,0.03925
mar,private_calls,0,0.95573,0.00394,0.00924,0.01051
mar,private_calls,1,0.93574,0.47510,0.11818,0.12572
mar,private_calls,1,0.80502,0.01337,0.02035,0.02437
mar,private_calls,0,0.97084,0.00372,0.01436,0.02696
mar,private_calls,1,0.93806,0.94215,0.09656,0.11994
mar,private_calls,1,0.88968,0.98531,0.03706,0.04175
mar,private_calls,1,0.93574,0.05044,0.02187,0.03221
mar,private_calls,1,0.98299,0.00367,0.00981,0.01456
mar,private_calls,1,0.98704,0.99217,0.98973,0.99079
mar,private_calls,0,0.20765,0.00395,0.00941,0.01130
mar,private_calls,1,0.93333,0.00601,0.02041,0.03131
mar,private_calls,0,0.98426,0.01097,0.05565,0.11186
mar,private_calls,1,0.93574,0.00419,0.01967,0.02390
mar,private_calls,0,0.05751,0.00381,0.00670,0.00556
mar,private_calls,1,0.01199,0.99064,0.40160,0.60268
mar,private_calls,0,0.01768,0.00376,0.02198,0.06356
mar,private_calls,0,0.69575,0.00429,0.09081,0.21596
mar,private_calls,0,0.87325,0.01096,0.15612,0.35525
mar,private_calls,0,0.49015,0.01300,0.04857,0.05296
mar,private_calls,0,0.91997,0.98022,0.44817,0.61027
mar,private_calls,1,0.47049,0.09038,0.07403,0.06993
mar,private_calls,0,0.45092,0.99004,0.36689,0.42660
mar,private_calls,0,0.51968,0.08226,0.05513,0.06740
mar,private_calls,0,0.14524,0.00375,0.00998,0.01276
mar,private_calls,1,0.62528,0.22985,0.09680,0.15833
mar,private_calls,0,0.90758,0.98777,0.19384,0.25923
mar,private_calls,0,0.01109,0.98795,0.08232,0.07235
mar,private_calls,1,0.92825,0.99237,0.97337,0.97847
mar,private_calls,0,0.93574,0.98765,0.10357,0.21813
mar,private_calls,0,0.90758,0.00367,0.00768,0.00909
mar,private_calls,0,0.35645,0.19985,0.04503,0.03481
mar,private_calls,0,0.98299,0.84238,0.09133,0.09628
mar,private_calls,1,0.86882,0.98942,0.75751,0.87796
mar,private_calls,0,0.46069,0.08120,0.04026,0.04448
mar,private_calls,0,0.13118,0.00383,0.01357,0.02041
mar,private_calls,1,0.98162,0.99216,0.96543,0.97424
mar,private_calls,0,0.84470,0.77618,0.05554,0.09623
mar,private_calls,0,0.22091,0.00372,0.00826,0.00899
mar,private_calls,0,0.94857,0.98096,0.20150,0.20567
mar,private_calls,1,0.97937,0.99219,0.93041,0.94181
mar,private_calls,0,0.97299,0.00378,0.00634,0.00489
mar,private_calls,0,0.06194,0.00368,0.00953,0.00939
mar,private_calls,0,0.81112,0.00414,0.01993,0.02330
mar,private_calls,1,0.97771,0.98999,0.92153,0.91637
mar,private_calls,1,0.96472,0.33790,0.06766,0.09053
mar,private_calls,0,0.97194,0.92903,0.11034,0.17194
mar,private_calls,1,0.93574,0.00603,0.05007,0.04259
mar,private_calls,1,0.96335,0.98142,0.08589,0.10719
mar,private_calls,0,0.95573,0.00417,0.01507,0.01966
mar,private_calls,1,0.98364,0.99218,0.97859,0.98162
mar,private_calls,1,0.96971,0.95693,0.08862,0.14641
mar,private_calls,0,0.88171,0.69351,0.07673,0.16118
mar,private_calls,0,0.94031,0.98839,0.10268,0.10877
mar,private_calls,1,0.96335,0.99100,0.83212,0.90916
mar,private_calls,1,0.85476,0.99011,0.65548,0.85557
mar,private_calls,0,0.98015,0.05091,0.05201,0.09027
mar,private_calls,0,0.33859,0.00370,0.00702,0.00875
mar,private_calls,1,0.91703,0.89974,0.29706,0.51846
mar,private_calls,0,0.91703,0.98981,0.12482,0.20844
mar,private_calls,0,0.22776,0.00364,0.00698,0.00671
mar,private_calls,0,0.98090,0.89967,0.33232,0.42556
mar,private_calls,1,0.92825,0.97075,0.08043,0.15382
mar,private_calls,0,0.90758,0.00391,0.01430,0.02249
mar,private_calls,1,0.97937,0.99186,0.97523,0.98102
mar,private_calls,0,0.24921,0.00373,0.01194,0.01121
mar,private_calls,0,0.96853,0.98222,0.69771,0.78551
mar,private_calls,0,0.89349,0.03209,0.02312,0.02434
mar,private_calls,0,0.02229,0.00535,0.02114,0.04106
mar,private_calls,1,0.96971,0.98973,0.59015,0.71912
mar,private_calls,1,0.94249,0.98876,0.35864,0.71601
mar,private_calls,0,0.97855,0.00373,0.00737,0.00873
mar,private_calls,0,0.95045,0.99054,0.80855,0.89764
mar,private_calls,0,0.46069,0.00373,0.00919,0.01083
mar,private_calls,0,0.79876,0.00379,0.00866,0.00868
mar,private_calls,1,0.84980,0.98614,0.05948,0.08557
mar,private_calls,0,0.20124,0.00395,0.01182,0.01462
mar,private_calls,0,0.91083,0.98964,0.84183,0.88900
mar,private_calls,1,0.90422,0.99233,0.92930,0.92674
mar,private_calls,1,0.98299,0.98764,0.45972,0.57347
mar,private_calls,0,0.67882,0.00364,0.00755,0.00777
mar,private_calls,1,0.98364,0.99073,0.54455,0.56089
mar,private_calls,0,0.02145,0.00363,0.01297,0.01413
mar,private_calls,1,0.95737,0.99169,0.95643,0.96506
mar,private_calls,1,0.67017,0.22642,0.11659,0.16156
mar,private_calls,0,0.60665,0.46944,0.02428,0.03787
mar,private_calls,1,0.96604,0.99120,0.89419,0.87502
mar,private_calls,0,0.94661,0.00618,0.11488,0.18565
mar,private_calls,0,0.95895,0.00365,0.00881,0.01314
mar,private_calls,1,0.97593,0.99224,0.97774,0.98411
mar,private_calls,1,0.95403,0.99228,0.95791,0.96846
mar,private_calls,1,0.98162,0.10474,0.12322,0.12837
mar,private_calls,0,0.96194,0.90141,0.16019,0.10907
mar,private_calls,1,0.97084,0.98932,0.64369,0.81503
mar,private_calls,0,0.07717,0.00375,0.00938,0.01169
mar,private_calls,1,0.77224,0.98268,0.65677,0.82612
mar,private_calls,1,0.60665,0.98886,0.47891,0.82617
mar,private_calls,1,0.96853,0.99204,0.95505,0.97613
mar,private_calls,0,0.05542,0.00376,0.00622,0.00508
mar,private_calls,1,0.79235,0.00624,0.04124,0.07534
mar,private_calls,0,0.01247,0.00741,0.01302,0.01939
mar,private_calls,0,0.01768,0.00368,0.00706,0.00714
mar,private_calls,0,0.02316,0.00758,0.01683,0.02222
mar,private_calls,1,0.91083,0.21082,0.11242,0.15323
mar,private_calls,1,0.47049,0.00467,0.02179,0.04091
mar,private_calls,0,0.00642,0.00400,0.00902,0.01155
mar,private_calls,1,0.74335,0.94336,0.03575,0.06077
mar,private_calls,0,0.00949,0.00377,0.00676,0.00650
mar,private_calls,1,0.02599,0.93971,0.01784,0.02619
mar,private_calls,0,0.86882,0.00396,0.01138,0.01528
mar,private_calls,1,0.02599,0.33462,0.08156,0.09007
mar,private_calls,0,0.96335,0.98406,0.90230,0.97783
mar,private_calls,0,0.96194,0.00374,0.00666,0.00761
mar,private_calls,0,0.72804,0.00390,0.00706,0.00916
mar,private_calls,0,0.33859,0.00411,0.00913,0.01134
mar,private_calls,0,0.16591,0.00384,0.00702,0.00620
mar,private_calls,0,0.06667,0.00399,0.01064,0.01564
mar,private_calls,1,0.41230,0.96190,0.02731,0.04235
mar,private_calls,0,0.05751,0.00412,0.01248,0.01653
mar,private_calls,0,0.00913,0.00387,0.00795,0.00928
mar,private_calls,1,0.61601,0.86400,0.10817,0.13114
mar,private_calls,1,0.59721,0.00473,0.04638,0.03975
mar,private_calls,0,0.01574,0.00391,0.00601,0.00515
mar,private_calls,0,0.01768,0.00407,0.00836,0.01113
mar,private_calls,1,0.79876,0.04525,0.14218,0.30563
mar,private_calls,1,0.02145,0.97168,0.37930,0.86517
mar,private_calls,0,0.96853,0.99179,0.97824,0.98922
mar,private_calls,1,0.96971,0.99173,0.86166,0.93746
mar,private_calls,0,0.02501,0.98025,0.04396,0.04309
mar,private_calls,1,0.96472,0.95132,0.27179,0.47157
mar,private_calls,0,0.02145,0.00384,0.00886,0.00870
mar,private_calls,0,0.58770,0.00987,0.02104,0.05020
mar,private_calls,1,0.19498,0.00398,0.00867,0.00900
mar,private_calls,0,0.01701,0.00411,0.00854,0.01023
mar,private_calls,1,0.95228,0.69466,0.12750,0.14809
mar,private_calls,1,0.79235,0.98578,0.26994,0.44311
mar,private_calls,0,0.77909,0.09274,0.05199,0.09878
mar,private_calls,0,0.75809,0.00412,0.01610,0.02019
mar,private_calls,1,0.06426,0.00392,0.00710,0.00979
mar,private_calls,0,0.00878,0.00387,0.00721,0.01004
mar,private_calls,0,0.33859,0.00407,0.00991,0.01821
mar,private_calls,0,0.09578,0.00527,0.01394,0.01561
mar,private_calls,0,0.14524,0.00425,0.02006,0.02982
mar,private_calls,0,0.50985,0.00396,0.01147,0.01563
mar,private_calls,0,0.03269,0.00420,0.01156,0.01012
mar,private_calls,0,0.09578,0.98193,0.28792,0.47737
mar,private_calls,0,0.02916,0.00383,0.00731,0.00832
mar,private_calls,1,0.58770,0.00485,0.02583,0.04112
mar,private_calls,1,0.97771,0.97164,0.88390,0.98095
mar,private_calls,1,0.91997,0.99232,0.97954,0.98786
mar,private_calls,0,0.90422,0.00463,0.01136,0.01011
mar,private_calls,0,0.00642,0.00391,0.00582,0.00471
mar,private_calls,0,0.01701,0.00395,0.00783,0.01041
mar,private_calls,0,0.01067,0.00391,0.00644,0.00652
mar,private_calls,0,0.61601,0.00415,0.01257,0.06080
mar,private_calls,0,0.70402,0.51653,0.03771,0.05859
mar,private_calls,0,0.84980,0.04326,0.04518,0.04101
mar,private_calls,0,0.00571,0.00383,0.00636,0.00637
mar,private_calls,1,0.48032,0.99204,0.87090,0.87246
mar,private_calls,0,0.00781,0.00384,0.00571,0.00514
mar,private_calls,0,0.93574,0.00394,0.01380,0.02422
mar,private_calls,0,0.33859,0.00397,0.01305,0.01786
mar,private_calls,1,0.55881,0.01049,0.09305,0.08020
mar,private_calls,0,0.47049,0.71382,0.21710,0.23325
mar,private_calls,0,0.81708,0.95277,0.15180,0.17502
mar,private_calls,1,0.96604,0.99183,0.94901,0.96732
mar,private_calls,0,0.56849,0.00392,0.04817,0.06336
mar,private_calls,0,0.97771,0.98985,0.74251,0.89539
mar,private_calls,1,0.72017,0.91177,0.63104,0.69246
mar,private_calls,0,0.73576,0.00419,0.02411,0.07764
mar,private_calls,0,0.01247,0.01421,0.09492,0.20507
mar,private_calls,1,0.87325,0.99102,0.95478,0.97709
mar,private_calls,0,0.04427,0.00385,0.00997,0.01354
mar,private_calls,0,0.69575,0.00393,0.01661,0.02904
mar,private_calls,1,0.86427,0.98923,0.89795,0.94482
mar,private_calls,0,0.08003,0.00386,0.00679,0.00664
mar,private_calls,1,0.35645,0.74801,0.10106,0.12177
mar,private_calls,1,0.95895,0.01366,0.22575,0.25270
mar,private_calls,1,0.94031,0.98454,0.22662,0.40863
mar,private_calls,1,0.90422,0.99013,0.14418,0.25431
mar,private_calls,0,0.22091,0.00379,0.00880,0.00974
mar,private_calls,1,0.95045,0.01714,0.12098,0.26176
mar,private_calls,0,0.62528,0.00384,0.00693,0.00721
mar,private_calls,0,0.00812,0.00380,0.00571,0.00450
mar,private_calls,0,0.00987,0.00374,0.00771,0.00811
mar,private_calls,0,0.43151,0.00483,0.04941,0.09732
mar,private_calls,0,0.75079,0.00393,0.03957,0.10218
mar,private_calls,1,0.11032,0.97357,0.39818,0.67233
mar,private_calls,0,0.77909,0.00402,0.09332,0.30685
mar,private_calls,0,0.20765,0.00378,0.01180,0.02305
mar,private_calls,1,0.79876,0.99095,0.98221,0.98771
mar,private_calls,0,0.00781,0.00384,0.00682,0.00837
mar,private_calls,1,0.39335,0.01454,0.05708,0.11666
mar,private_calls,1,0.90422,0.99224,0.96691,0.96350
mar,private_calls,0,0.91997,0.00394,0.01282,0.01971
mar,private_calls,0,0.84470,0.72819,0.05820,0.07733
mar,private_calls,0,0.92825,0.12474,0.08113,0.15966
mar,private_calls,1,0.95737,0.99172,0.97905,0.98270
mar,private_calls,1,0.85958,0.94494,0.10682,0.08570
mar,private_calls,1,0.08003,0.98446,0.27229,0.57875
mar,private_calls,0,0.98486,0.99221,0.95727,0.97268
mar,private_calls,1,0.97771,0.01550,0.03769,0.08371
mar,private_calls,0,0.75079,0.00446,0.01751,0.03884
mar,private_calls,1,0.87754,0.99033,0.03551,0.06159
mar,private_calls,0,0.01838,0.00454,0.01406,0.02077
mar,private_calls,0,0.03269,0.00466,0.02313,0.03696
mar,private_calls,0,0.59721,0.86355,0.06412,0.18684
mar,private_calls,0,0.34747,0.00379,0.01058,0.01583
mar,private_calls,0,0.02599,0.00447,0.03533,0.07395
mar,private_calls,1,0.94857,0.98975,0.67835,0.81542
mar,private_calls,1,0.98426,0.99188,0.97241,0.98764
mar,private_calls,0,0.04263,0.00376,0.00697,0.00681
mar,private_calls,1,0.95403,0.98909,0.55982,0.55350
mar,private_calls,1,0.97771,0.99144,0.53586,0.66903
mar,private_calls,0,0.95895,0.00380,0.01280,0.01377
mar,private_calls,1,0.98090,0.98759,0.28422,0.89211
mar,private_calls,1,0.97499,0.74841,0.18085,0.64675
mar,private_calls,1,0.98090,0.35541,0.06275,0.17148
mar,private_calls,0,0.92825,0.00377,0.01017,0.01654
mar,private_calls,1,0.98232,0.03503,0.05921,0.20151
mar,private_calls,0,0.78580,0.00374,0.00779,0.01093
mar,private_calls,0,0.97194,0.99150,0.94621,0.97316
mar,private_calls,0,0.04105,0.00435,0.01596,0.05268
mar,private_calls,1,0.97937,0.05088,0.26089,0.48936
mar,private_calls,1,0.27983,0.98879,0.50061,0.85935
mar,private_calls,1,0.54908,0.87055,0.33335,0.60793
mar,private_calls,1,0.04105,0.99140,0.92112,0.97556
mar,private_calls,1,0.90422,0.99139,0.07774,0.11956
mar,private_calls,1,0.15530,0.85733,0.28937,0.47280
mar,private_calls,0,0.02407,0.00399,0.00947,0.01453
mar,private_calls,1,0.94857,0.95156,0.43943,0.55211
mar,private_calls,1,0.94458,0.98968,0.91825,0.92570
mar,private_calls,1,0.92825,0.93633,0.20487,0.32732
mar,private_calls,0,0.88171,0.35510,0.03496,0.06945
mar,private_calls,0,0.92559,0.00373,0.00718,0.00881
mar,private_calls,1,0.95045,0.99131,0.75293,0.82913
mar,private_calls,1,0.98486,0.99123,0.80517,0.93568
mar,private_calls,1,0.98753,0.99245,0.97539,0.96105
mar,private_calls,1,0.96472,0.86265,0.06042,0.04928
mar,private_calls,1,0.96731,0.00509,0.02943,0.01854
mar,private_calls,1,0.77224,0.98982,0.70187,0.88181
mar,private_calls,0,0.96335,0.99251,0.46509,0.49484
mar,private_calls,0,0.98543,0.00396,0.04233,0.05572
mar,private_calls,0,0.81112,0.00376,0.00621,0.00654
mar,private_calls,1,0.98801,0.99156,0.70987,0.87709
mar,private_calls,1,0.58770,0.04454,0.04288,0.07424
mar,private_calls,0,0.00812,0.00369,0.00683,0.00724
mar,private_calls,0,0.00722,0.00362,0.01420,0.02833
mar,private_calls,1,0.97499,0.97811,0.35516,0.29604
mar,private_calls,0,0.00618,0.00364,0.00748,0.00830
mar,private_calls,1,0.98232,0.99216,0.67086,0.80249
mar,private_calls,1,0.96971,0.99240,0.95510,0.95954
mar,private_calls,0,0.94661,0.99219,0.90242,0.89613
mar,private_calls,1,0.97499,0.99216,0.97256,0.98379
mar,private_calls,1,0.94458,0.02827,0.09547,0.09035
mar,private_calls,1,0.96047,0.99099,0.85476,0.80903
mar,private_calls,1,0.97299,0.99111,0.95527,0.96531
mar,private_calls,1,0.91703,0.35602,0.06707,0.05675
mar,private_calls,0,0.44119,0.05385,0.03824,0.04575
mar,private_calls,0,0.29598,0.00379,0.01847,0.03078
mar,private_calls,1,0.96472,0.99177,0.89245,0.91459
mar,private_calls,0,0.95737,0.99231,0.80576,0.85816
mar,private_calls,1,0.96047,0.99067,0.54098,0.81150
mar,private_calls,1,0.95895,0.99121,0.39510,0.60683
mar,private_calls,0,0.18888,0.00580,0.02746,0.04408
mar,private_calls,0,0.59721,0.20222,0.26203,0.48276
mar,private_calls,1,0.96335,0.60243,0.25322,0.39932
mar,private_calls,0,0.81112,0.00365,0.00580,0.00483
mar,private_calls,0,0.11032,0.00362,0.00777,0.00864
mar,private_calls,1,0.96971,0.96559,0.57303,0.69330
mar,private_calls,0,0.96853,0.00426,0.02043,0.02753
mar,private_calls,1,0.96472,0.99194,0.97571,0.97824
mar,private_calls,1,0.27983,0.99195,0.97008,0.97752
mar,private_calls,0,0.00618,0.00367,0.00669,0.00794
mar,private_calls,1,0.77909,0.99217,0.83334,0.95824
mar,private_calls,0,0.88968,0.00364,0.00827,0.00981
mar,private_calls,1,0.94661,0.95281,0.78209,0.80354
mar,private_calls,1,0.95403,0.99157,0.66347,0.59460
mar,private_calls,1,0.97194,0.97962,0.52878,0.55349
mar,private_calls,0,0.17710,0.00379,0.00557,0.00446
mar,private_calls,0,0.77909,0.98679,0.25230,0.39070
mar,private_calls,1,0.98486,0.99161,0.95726,0.97423
mar,private_calls,1,0.97084,0.98931,0.31521,0.80157
mar,private_calls,0,0.85958,0.00367,0.01209,0.01621
mar,private_calls,1,0.91997,0.82917,0.59274,0.70927
mar,private_calls,1,0.97194,0.99203,0.83088,0.94349
mar,private_calls,1,0.96731,0.98901,0.58123,0.46483
mar,private_calls,1,0.97084,0.99214,0.98552,0.98642
mar,private_calls,1,0.93333,0.98279,0.80063,0.87369
mar,private_calls,1,0.96853,0.99156,0.47769,0.62806
mar,private_calls,1,0.62528,0.99232,0.98069,0.98552
mar,private_calls,0,0.00571,0.00368,0.00543,0.00374
mar,private_calls,0,0.03147,0.00370,0.00694,0.00810
mar,private_calls,1,0.07175,0.99091,0.14987,0.58995
mar,private_calls,0,0.00571,0.00363,0.00598,0.00539
mar,private_calls,0,0.00571,0.00368,0.00856,0.01274
mar,private_calls,1,0.98015,0.99069,0.82991,0.84928
mar,private_calls,0,0.01199,0.00391,0.01369,0.03133
mar,private_calls,0,0.12246,0.00370,0.00759,0.00988
mar,private_calls,1,0.98364,0.99201,0.97757,0.97792
mar,private_calls,0,0.00751,0.00368,0.00585,0.00504
mar,private_calls,1,0.97194,0.99227,0.97802,0.98477
mar,private_calls,0,0.00812,0.00363,0.00684,0.00748
mar,private_calls,1,0.96047,0.99244,0.95322,0.97065
mar,private_calls,0,0.63447,0.00367,0.00698,0.00950
mar,private_calls,1,0.97194,0.99228,0.73249,0.89018
mar,private_calls,0,0.97299,0.10277,0.04124,0.15988
mar,private_calls,1,0.96472,0.99234,0.98685,0.98742
mar,private_calls,1,0.97194,0.39542,0.62976,0.91364
mar,private_calls,1,0.96335,0.99216,0.97606,0.98303
mar,private_calls,0,0.00668,0.00375,0.00570,0.00422
mar,private_calls,1,0.93806,0.00372,0.01445,0.01327
mar,private_calls,0,0.96971,0.99192,0.98115,0.98635
mar,private_calls,1,0.98704,0.99088,0.96408,0.97545
mar,private_calls,1,0.97194,0.98628,0.15376,0.38319
mar,private_calls,0,0.45092,0.98290,0.10041,0.14145
mar,private_calls,1,0.93806,0.00408,0.01542,0.02493
mar,private_calls,1,0.91703,0.98757,0.58517,0.80712
mar,private_calls,0,0.95045,0.84851,0.03478,0.04049
mar,private_calls,0,0.83409,0.00417,0.01483,0.02456
mar,private_calls,0,0.12675,0.98545,0.05317,0.07550
mar,private_calls,0,0.00781,0.00378,0.00602,0.00548
mar,private_calls,0,0.97771,0.98093,0.49614,0.69695
mar,private_calls,0,0.89349,0.04867,0.01715,0.02501
mar,private_calls,1,0.96472,0.99148,0.72828,0.89936
mar,private_calls,1,0.47049,0.99191,0.95997,0.98212
mar,private_calls,1,0.33859,0.02610,0.01527,0.01702
mar,private_calls,0,0.97084,0.98618,0.56872,0.61458
mar,private_calls,0,0.86882,0.04510,0.04816,0.06682
mar,private_calls,0,0.83947,0.07082,0.02722,0.02497
mar,private_calls,1,0.93806,0.96497,0.02649,0.03874
mar,private_calls,1,0.95228,0.98884,0.29916,0.22810
mar,private_calls,1,0.98364,0.00896,0.01176,0.01295
mar,private_calls,1,0.44119,0.00698,0.02402,0.02790
mar,private_calls,0,0.38399,0.00368,0.01919,0.02878
mar,private_calls,1,0.94661,0.99032,0.88887,0.94558
mar,private_calls,0,0.94857,0.68402,0.01484,0.01517
mar,private_calls,1,0.96604,0.99200,0.95968,0.98256
mar,private_calls,0,0.20124,0.01118,0.01762,0.02272
mar,private_calls,0,0.89718,0.98325,0.06850,0.10007
mar,private_calls,0,0.59721,0.00397,0.01086,0.01192
mar,private_calls,1,0.93333,0.99130,0.91915,0.94129
mar,private_calls,1,0.54908,0.24379,0.01796,0.02692
mar,private_calls,0,0.95895,0.98815,0.05519,0.12251
mar,private_calls,0,0.91997,0.99117,0.37837,0.49343
mar,private_calls,0,0.24921,0.98822,0.52736,0.50808
mar,private_calls,1,0.97084,0.99106,0.66685,0.81138
mar,private_calls,0,0.95895,0.25608,0.04032,0.05738
mar,private_calls,1,0.74335,0.98967,0.41224,0.68934
mar,private_calls,1,0.77224,0.71028,0.02452,0.03189
mar,private_calls,1,0.85958,0.93860,0.04261,0.06069
mar,private_calls,1,0.67882,0.98652,0.02624,0.08343
mar,private_calls,1,0.13573,0.98854,0.22477,0.23754
mar,private_calls,1,0.94031,0.99155,0.51114,0.72090
mar,private_calls,0,0.96335,0.94374,0.24124,0.35659
mar,private_calls,1,0.95573,0.99246,0.94932,0.95986
mar,private_calls,1,0.97194,0.98996,0.61906,0.70595
mar,private_calls,1,0.96047,0.99227,0.33708,0.32617
mar,private_calls,1,0.98426,0.99230,0.96447,0.97082
mar,private_calls,1,0.72017,0.99175,0.93699,0.94625
mar,private_calls,0,0.04263,0.00535,0.02191,0.04283
mar,private_calls,0,0.27983,0.00372,0.00608,0.00495
mar,private_calls,1,0.96194,0.99238,0.84581,0.88140
mar,private_calls,1,0.68735,0.02751,0.02816,0.04462
mar,private_calls,1,0.96971,0.99098,0.33764,0.46264
mar,private_calls,0,0.90076,0.65067,0.06594,0.14284
mar,private_calls,1,0.97771,0.98913,0.27783,0.48994
mar,private_calls,0,0.97194,0.00623,0.02497,0.03314
mar,private_calls,1,0.01636,0.00371,0.01314,0.02074
mar,private_calls,0,0.91083,0.00369,0.00741,0.00706
mar,private_calls,1,0.97771,0.98403,0.21973,0.27395
mar,private_calls,0,0.91398,0.00376,0.01142,0.01502
mar,private_calls,1,0.01247,0.00406,0.02044,0.03568
mar,private_calls,1,0.85958,0.99094,0.76822,0.88461
mar,private_calls,1,0.97401,0.00373,0.01247,0.01180
mar,private_calls,0,0.23476,0.00371,0.00775,0.00699
mar,private_calls,0,0.94857,0.00376,0.00915,0.01507
mar,private_calls,1,0.92283,0.98974,0.92416,0.94889
mar,private_calls,0,0.81708,0.00367,0.00729,0.00657
mar,private_calls,0,0.10651,0.00367,0.01090,0.02617
mar,private_calls,0,0.47049,0.00574,0.02060,0.03032
mar,private_calls,0,0.00878,0.00365,0.00791,0.00717
mar,private_calls,1,0.96047,0.99004,0.32616,0.37030
mar,private_calls,0,0.81708,0.95081,0.04353,0.12170
mar,private_calls,1,0.94249,0.99091,0.43737,0.61230
mar,private_calls,0,0.47049,0.00376,0.00699,0.00731
mar,private_calls,1,0.50985,0.98484,0.85724,0.71022
mar,private_calls,0,0.95228,0.00519,0.01729,0.02155
mar,private_calls,0,0.26424,0.00371,0.00812,0.00853
mar,private_calls,0,0.94458,0.00447,0.01097,0.01545
mar,private_calls,1,0.94031,0.10555,0.04765,0.05677
mar,private_calls,1,0.95573,0.99070,0.83035,0.95124
mar,private_calls,1,0.95737,0.99058,0.71120,0.72930
mar,private_calls,0,0.95895,0.98701,0.44847,0.46670
mar,private_calls,0,0.91703,0.00452,0.01237,0.01283
mar,private_calls,1,0.96604,0.99028,0.75506,0.88415
mar,private_calls,0,0.51968,0.93804,0.22007,0.36060
mar,private_calls,0,0.13573,0.00928,0.02285,0.03378
mar,private_calls,0,0.91083,0.00511,0.01600,0.01845
mar,private_calls,0,0.91703,0.02194,0.02734,0.05168
mar,private_calls,1,0.55881,0.98870,0.23583,0.30745
mar,private_calls,0,0.88576,0.00843,0.04316,0.05476
mar,private_calls,1,0.32983,0.00379,0.00900,0.01480
mar,private_calls,1,0.95228,0.01537,0.05711,0.07365
mar,private_calls,1,0.97937,0.98923,0.64674,0.76761
mar,private_calls,0,0.29598,0.00370,0.01045,0.01048
mar,private_calls,0,0.79235,0.00433,0.03114,0.03531
mar,private_calls,1,0.50000,0.96818,0.15252,0.15304
mar,private_calls,1,0.78580,0.99203,0.69503,0.90192
mar,private_calls,0,0.89349,0.00395,0.01196,0.01754
mar,private_calls,0,0.97684,0.00378,0.01711,0.01543
mar,private_calls,1,0.94249,0.99028,0.27643,0.38437
mar,private_calls,0,0.85958,0.00457,0.00955,0.01142
mar,private_calls,0,0.56849,0.00365,0.00916,0.00999
mar,private_calls,0,0.93333,0.00458,0.04668,0.07659
mar,private_calls,0,0.89718,0.97503,0.10227,0.16014
mar,private_calls,0,0.80502,0.99194,0.86710,0.93807
mar,private_calls,1,0.67017,0.99224,0.97377,0.98469
mar,private_calls,0,0.09578,0.00376,0.01324,0.01266
mar,private_calls,0,0.00594,0.00374,0.00855,0.00880
mar,private_calls,0,0.96853,0.05296,0.11691,0.88891
mar,private_calls,1,0.96194,0.98719,0.78545,0.90310
mar,private_calls,1,0.92283,0.99042,0.96444,0.98646
mar,private_calls,1,0.88171,0.98678,0.92376,0.98061
mar,private_calls,0,0.57813,0.00549,0.11208,0.13097
mar,private_calls,1,0.96194,0.99174,0.77252,0.93743
mar,private_calls,1,0.80502,0.00535,0.04077,0.05006
mar,private_calls,0,0.13573,0.00376,0.00769,0.00875
mar,private_calls,1,0.97499,0.99151,0.92438,0.95242
mar,private_calls,0,0.31265,0.00380,0.00783,0.00933
mar,private_calls,0,0.19498,0.00375,0.00877,0.01197
mar,private_calls,0,0.05751,0.00725,0.05296,0.11392
mar,private_calls,0,0.90076,0.93832,0.09930,0.14829
mar,private_calls,0,0.85958,0.00391,0.00784,0.00985
mar,private_calls,1,0.67882,0.00468,0.02144,0.03980
mar,private_calls,1,0.33859,0.11539,0.05083,0.05416
mar,private_calls,1,0.97937,0.98962,0.83411,0.90651
mar,private_calls,0,0.83947,0.00386,0.01065,0.01144
mar,private_calls,1,0.98426,0.99144,0.88902,0.78712
mar,private_calls,0,0.64355,0.00423,0.01910,0.04363
mar,private_calls,0,0.94857,0.98482,0.22255,0.36482
mar,private_calls,0,0.17144,0.00407,0.01443,0.02804
mar,private_calls,1,0.06194,0.98919,0.16136,0.11676
mar,private_calls,1,0.98090,0.99117,0.75544,0.81304
mar,private_calls,0,0.95895,0.20192,0.01844,0.01536
mar,private_calls,1,0.97771,0.99243,0.85568,0.88316
mar,private_calls,0,0.94857,0.00388,0.00813,0.01012
mar,private_calls,0,0.82856,0.00526,0.02800,0.05809
mar,private_calls,0,0.39335,0.00446,0.02566,0.04811
mar,private_calls,0,0.97084,0.99235,0.15779,0.13888
mar,private_calls,0,0.65253,0.01229,0.03551,0.04699
mar,private_calls,1,0.91997,0.99177,0.69169,0.80918
mar,private_calls,0,0.00751,0.00387,0.00779,0.00655
mar,private_calls,0,0.85476,0.00388,0.02453,0.06204
mar,private_calls,0,0.05969,0.01216,0.04028,0.05098
mar,private_calls,1,0.98652,0.99188,0.70962,0.90623
mar,private_calls,0,0.60665,0.00397,0.01339,0.01539
mar,private_calls,0,0.00751,0.00390,0.00850,0.01140
mar,private_calls,0,0.00781,0.00391,0.00798,0.00899
mar,private_calls,0,0.75079,0.98325,0.08910,0.11755
mar,private_calls,0,0.50985,0.00392,0.00794,0.00557
mar,private_calls,0,0.00812,0.00389,0.00739,0.00562
mar,private_calls,0,0.79235,0.00394,0.00934,0.01543
mar,private_calls,0,0.82856,0.03309,0.00914,0.01155
mar,private_calls,1,0.98364,0.99176,0.94197,0.95741
mar,private_calls,0,0.98299,0.00917,0.04971,0.08799
mar,private_calls,0,0.36553,0.28902,0.06419,0.05866
mar,private_calls,0,0.08602,0.00422,0.01438,0.01728
mar,private_calls,0,0.25665,0.00390,0.00804,0.00695
mar,private_calls,1,0.43151,0.99068,0.29311,0.62112
mar,private_calls,0,0.19498,0.00621,0.02388,0.02522
mar,private_calls,1,0.96853,0.99212,0.96488,0.97342
mar,private_calls,0,0.60665,0.00398,0.00748,0.00629
mar,private_calls,0,0.72017,0.00389,0.01058,0.01216
mar,private_calls,1,0.97499,0.99200,0.86099,0.86843
mar,private_calls,0,0.27196,0.00491,0.01428,0.02107
mar,private_calls,0,0.06917,0.00879,0.01366,0.02315
mar,private_calls,0,0.56849,0.00903,0.03110,0.04485
mar,private_calls,0,0.90758,0.00824,0.07043,0.07997
mar,private_calls,1,0.93333,0.99213,0.31771,0.29556
mar,private_calls,0,0.05143,0.00403,0.02898,0.03287
mar,private_calls,0,0.50985,0.00637,0.01548,0.01914
mar,private_calls,0,0.84470,0.00396,0.00847,0.00870
mar,private_calls,0,0.05143,0.00896,0.04741,0.09525
mar,private_calls,0,0.59721,0.58518,0.09712,0.09085
mar,private_calls,1,0.93806,0.99157,0.78991,0.80285
mar,private_calls,0,0.03665,0.01401,0.04180,0.04530
mar,private_calls,0,0.02407,0.98835,0.09901,0.09586
mar,private_calls,0,0.01154,0.00415,0.02252,0.02404
mar,private_calls,1,0.91398,0.98661,0.43997,0.67546
mar,private_calls,0,0.01768,0.00580,0.03880,0.04232
mar,private_calls,0,0.03665,0.00393,0.00931,0.01059
mar,private_calls,0,0.94857,0.00827,0.03321,0.03803
mar,private_calls,1,0.94031,0.01889,0.15234,0.20793
mar,private_calls,1,0.95403,0.99102,0.27433,0.40663
mar,private_calls,0,0.93333,0.00403,0.01860,0.01874
mar,private_calls,1,0.96335,0.98737,0.78763,0.91898
mar,private_calls,0,0.06917,0.00433,0.06421,0.08693
mar,private_calls,0,0.96194,0.09532,0.04658,0.04505
mar,private_calls,1,0.37472,0.21495,0.07982,0.12364
mar,private_calls,0,0.93083,0.00853,0.01564,0.04200
mar,private_calls,0,0.27196,0.00402,0.01354,0.02066
mar,private_calls,1,0.50985,0.96500,0.23414,0.40474
mar,private_calls,0,0.20765,0.00381,0.01373,0.01688
mar,private_calls,0,0.94661,0.93005,0.26802,0.31102
mar,private_calls,0,0.01348,0.99036,0.46106,0.90042
mar,private_calls,1,0.92825,0.28249,0.06519,0.09867
mar,private_calls,1,0.98364,0.98964,0.68084,0.86785
mar,private_calls,1,0.78580,0.00507,0.02195,0.02030
mar,private_calls,1,0.93806,0.98889,0.36996,0.55430
mar,private_calls,0,0.21420,0.00370,0.00686,0.00693
mar,private_calls,1,0.92283,0.02326,0.07413,0.18053
mar,private_calls,0,0.81112,0.00388,0.00751,0.01150
mar,private_calls,0,0.41230,0.80999,0.08643,0.16376
mar,private_calls,1,0.98090,0.98740,0.73829,0.82779
mar,private_calls,0,0.87754,0.00388,0.00794,0.00779
mar,private_calls,0,0.95737,0.00390,0.02437,0.03649
mar,private_calls,1,0.98090,0.99186,0.96207,0.98027
mar,private_calls,1,0.51968,0.99092,0.83661,0.86228
mar,private_calls,1,0.97299,0.99201,0.98914,0.99092
mar,private_calls,0,0.77224,0.92471,0.04968,0.14137
mar,private_calls,0,0.97084,0.04435,0.05535,0.11705
mar,private_calls,1,0.95403,0.05565,0.06784,0.29165
mar,private_calls,1,0.23476,0.00394,0.00948,0.00848
mar,private_calls,0,0.10282,0.00380,0.01027,0.01409
mar,private_calls,0,0.98299,0.09843,0.03189,0.07073
mar,private_calls,0,0.94249,0.00490,0.01072,0.01336
mar,private_calls,1,0.64355,0.99166,0.88617,0.95696
mar,private_calls,1,0.98652,0.93371,0.72343,0.82357
mar,private_calls,0,0.00878,0.00379,0.00643,0.00606
mar,private_calls,1,0.88576,0.00381,0.03663,0.08346
mar,private_calls,0,0.49015,0.00370,0.00856,0.01813
mar,private_calls,0,0.22776,0.00379,0.00705,0.00730
mar,private_calls,1,0.86427,0.91711,0.21196,0.28883
mar,private_calls,1,0.97684,0.94726,0.52136,0.85688
mar,private_calls,1,0.96971,0.21027,0.14191,0.08706
mar,private_calls,0,0.80502,0.00386,0.00706,0.00952
mar,private_calls,1,0.94458,0.96705,0.04940,0.09477
mar,private_calls,0,0.70402,0.00569,0.01465,0.03344
mar,private_calls,1,0.93574,0.02293,0.09442,0.17733
mar,private_calls,1,0.92559,0.98471,0.31466,0.24814
mar,private_calls,0,0.90076,0.98613,0.56261,0.53230
mar,private_calls,0,0.97593,0.42308,0.10382,0.28197
mar,private_calls,1,0.97499,0.99199,0.93095,0.97968
mar,private_calls,0,0.22091,0.00372,0.01010,0.02763
mar,private_calls,1,0.97771,0.99144,0.50791,0.42236
mar,private_calls,0,0.93806,0.89743,0.03116,0.02227
mar,private_calls,1,0.98015,0.99238,0.94753,0.96871
mar,private_calls,1,0.89718,0.98800,0.03350,0.06837
mar,private_calls,0,0.82290,0.00365,0.01092,0.01185
mar,private_calls,0,0.02063,0.00381,0.01922,0.02186
mar,private_calls,0,0.00642,0.00373,0.00820,0.01131
mar,private_calls,0,0.38399,0.00377,0.00819,0.01442
mar,private_calls,1,0.98599,0.99240,0.98359,0.98816
mar,private_calls,1,0.38399,0.00377,0.01755,0.02701
mar,private_calls,0,0.03528,0.00381,0.00588,0.00520
mar,private_calls,0,0.88171,0.00370,0.00708,0.01094
mar,private_calls,1,0.98704,0.99194,0.96683,0.98472
mar,private_calls,1,0.97299,0.99173,0.78141,0.94252
mar,private_calls,1,0.49015,0.99169,0.93530,0.96949
mar,private_calls,1,0.95403,0.00723,0.02831,0.02895
mar,private_calls,1,0.96472,0.71615,0.71158,0.79991
mar,private_calls,1,0.61601,0.95212,0.02739,0.01854
mar,private_calls,0,0.08917,0.72066,0.06721,0.16161
mar,private_calls,1,0.76524,0.99133,0.89542,0.93635
mar,private_calls,1,0.98090,0.99225,0.39426,0.51004
mar,private_calls,0,0.00549,0.00377,0.00550,0.00422
mar,private_calls,0,0.12246,0.00371,0.00610,0.00575
mar,private_calls,1,0.98599,0.99192,0.95724,0.97404
mar,private_calls,0,0.46069,0.00521,0.02332,0.02415
mar,private_calls,1,0.91398,0.00452,0.06454,0.13227
mar,private_calls,0,0.00812,0.00371,0.00572,0.00429
mar,private_calls,0,0.96472,0.00376,0.00743,0.00860
mar,private_calls,1,0.46069,0.57609,0.44145,0.63960
mar,private_calls,1,0.78580,0.98942,0.62945,0.85676
mar,private_calls,0,0.01067,0.00627,0.01341,0.01378
mar,private_calls,0,0.01026,0.00379,0.00703,0.00652
mar,private_calls,0,0.28784,0.00379,0.00608,0.00524
mar,private_calls,1,0.97855,0.99205,0.95395,0.96335
mar,private_calls,1,0.97194,0.97088,0.54711,0.59603
mar,private_calls,1,0.98846,0.99161,0.84718,0.84260
mar,private_calls,1,0.98426,0.99252,0.96853,0.97232
mar,private_calls,0,0.98299,0.96188,0.20236,0.39499
mar,private_calls,1,0.93083,0.00664,0.04652,0.06116
mar,private_calls,0,0.94661,0.00543,0.02176,0.03888
mar,private_calls,1,0.94458,0.00652,0.20076,0.22502
mar,private_calls,1,0.97401,0.95796,0.13704,0.14641
mar,private_calls,0,0.01109,0.00377,0.00579,0.00478
mar,private_calls,0,0.01514,0.00379,0.00645,0.00601
mar,private_calls,1,0.93083,0.00812,0.06212,0.05057
mar,private_calls,1,0.97855,0.99083,0.85835,0.93534
mar,private_calls,1,0.85476,0.99256,0.85716,0.92541
mar,private_calls,1,0.67882,0.11158,0.05917,0.10715
mar,private_calls,0,0.95045,0.98564,0.34950,0.81981
mar,private_calls,1,0.98299,0.99177,0.87885,0.95348
mar,private_calls,1,0.94031,0.30677,0.02486,0.02844
mar,private_calls,1,0.98090,0.98990,0.67984,0.81435
mar,private_calls,1,0.91703,0.98472,0.44319,0.49253
mar,private_calls,1,0.88576,0.99105,0.95516,0.97145
mar,private_calls,1,0.96335,0.98983,0.81126,0.88032
mar,private_calls,1,0.15020,0.99199,0.98673,0.98882
mar,private_calls,0,0.49015,0.99103,0.35361,0.37066
mar,private_calls,1,0.93083,0.99210,0.86309,0.82907
mar,private_calls,0,0.87325,0.11177,0.02452,0.04330
mar,private_calls,0,0.03953,0.00379,0.01658,0.02355
mar,private_calls,0,0.91083,0.99222,0.97435,0.98311
mar,private_calls,0,0.26424,0.00375,0.00759,0.00630
mar,private_calls,0,0.97771,0.87515,0.10994,0.32749
mar,private_calls,0,0.32983,0.00378,0.00604,0.00562
mar,private_calls,1,0.11829,0.95953,0.02749,0.03887
mar,private_calls,0,0.10282,0.00388,0.01250,0.01514
mar,private_calls,0,0.04263,0.00517,0.02329,0.04412
mar,private_calls,0,0.04427,0.00568,0.02774,0.03590
mar,private_calls,0,0.23476,0.00389,0.01551,0.02096
mar,private_calls,1,0.96335,0.99214,0.90983,0.95976
mar,private_calls,1,0.86882,0.99119,0.88729,0.94304
mar,private_calls,1,0.97084,0.02360,0.24896,0.44730
mar,private_calls,1,0.92283,0.86980,0.14144,0.20343
mar,private_calls,0,0.01296,0.00371,0.00816,0.00831
mar,private_calls,0,0.94857,0.32157,0.23008,0.30245
mar,private_calls,1,0.89718,0.98897,0.70191,0.85409
mar,private_calls,1,0.90422,0.97916,0.44341,0.73519
mar,private_calls,1,0.95895,0.98865,0.85875,0.91845
mar,private_calls,1,0.95045,0.00441,0.02128,0.03235
mar,private_calls,1,0.94661,0.98223,0.76599,0.84527
mar,private_calls,0,0.83409,0.01138,0.01720,0.03734
mar,private_calls,0,0.33859,0.00394,0.01192,0.03146
mar,private_calls,0,0.64355,0.00614,0.06082,0.08318
mar,private_calls,0,0.94249,0.07834,0.02374,0.02539
mar,private_calls,0,0.95045,0.85075,0.34760,0.63102
mar,private_calls,1,0.91997,0.97799,0.70366,0.87159
mar,private_calls,0,0.91703,0.00385,0.01092,0.01964
mar,private_calls,0,0.15020,0.88338,0.04633,0.07153
mar,private_calls,1,0.93574,0.88704,0.53642,0.87650
mar,private_calls,0,0.80502,0.55458,0.04480,0.06191
mar,private_calls,0,0.95045,0.08109,0.03801,0.05749
mar,private_calls,1,0.97684,0.00501,0.06835,0.17056
mar,private_calls,0,0.49015,0.00380,0.00810,0.00878
mar,private_calls,0,0.83947,0.00385,0.01350,0.01425
mar,private_calls,0,0.83947,0.20149,0.15837,0.44470
mar,private_calls,0,0.73576,0.99181,0.95278,0.96952
mar,private_calls,0,0.90758,0.96880,0.52252,0.78891
mar,private_calls,1,0.77224,0.01299,0.03354,0.09663
mar,private_calls,0,0.97194,0.00628,0.02460,0.03350
mar,private_calls,0,0.61601,0.87342,0.18397,0.58966
mar,private_calls,0,0.10651,0.00380,0.00803,0.00827
mar,private_calls,0,0.01910,0.00418,0.01068,0.02502
mar,private_calls,0,0.02407,0.00390,0.00625,0.00566
mar,private_calls,0,0.01199,0.00397,0.00654,0.00799
mar,private_calls,1,0.96194,0.99150,0.91506,0.95114
mar,private_calls,0,0.86882,0.88481,0.03145,0.08474
mar,private_calls,0,0.72804,0.00449,0.01816,0.02242
mar,private_calls,0,0.28784,0.99102,0.13632,0.13070
mar,private_calls,0,0.90758,0.00458,0.01269,0.03508
mar,private_calls,1,0.96472,0.98709,0.88963,0.97310
mar,private_calls,1,0.92283,0.99244,0.98640,0.99064
mar,private_calls,0,0.80502,0.00520,0.01289,0.01957
mar,private_calls,0,0.48032,0.11997,0.22746,0.49725
mar,private_calls,1,0.04955,0.28184,0.10975,0.16069
mar,private_calls,0,0.64355,0.00430,0.02282,0.06108
mar,private_calls,0,0.39335,0.97469,0.17857,0.26146
mar,private_calls,0,0.06667,0.00396,0.01634,0.01971
mar,private_calls,1,0.96971,0.98806,0.50756,0.66024
mar,private_calls,0,0.01296,0.00384,0.00600,0.00568
mar,private_calls,0,0.67017,0.02318,0.03609,0.04494
mar,private_calls,1,0.94661,0.91963,0.10796,0.13092
mar,private_calls,0,0.93333,0.00379,0.00915,0.00804
mar,private_calls,1,0.91997,0.95573,0.15232,0.21332
mar,private_calls,0,0.06194,0.00385,0.00647,0.00496
mar,private_calls,0,0.06667,0.00380,0.01383,0.02802
mar,private_calls,0,0.00913,0.00380,0.01085,0.01505
mar,private_calls,1,0.92825,0.19917,0.15972,0.23981
mar,private_calls,0,0.94661,0.00388,0.00848,0.01199
mar,private_calls,0,0.01154,0.00389,0.02258,0.03188
mar,private_calls,0,0.20765,0.00440,0.01485,0.02593
mar,private_calls,1,0.98364,0.98334,0.11030,0.13829
mar,private_calls,1,0.96731,0.98882,0.86083,0.94902
mar,private_calls,0,0.93083,0.00528,0.08418,0.25913
mar,private_calls,1,0.96971,0.98402,0.42850,0.46080
mar,private_calls,0,0.01985,0.00384,0.00784,0.00909
mar,private_calls,1,0.98090,0.98861,0.26335,0.52621
mar,private_calls,0,0.95403,0.00450,0.01402,0.01904
mar,private_calls,0,0.50000,0.52158,0.03476,0.04217
mar,private_calls,1,0.96731,0.99170,0.62044,0.75432
mar,private_calls,1,0.95573,0.99206,0.92586,0.96226
mar,private_calls,0,0.87754,0.98856,0.52882,0.52154
mar,private_calls,0,0.65253,0.00484,0.04567,0.04765
mar,private_calls,0,0.85958,0.00436,0.01888,0.04032
mar,private_calls,0,0.48032,0.00425,0.01548,0.02390
mar,private_calls,0,0.93333,0.98496,0.68936,0.84558
mar,private_calls,1,0.97593,0.98645,0.75400,0.94312
mar,private_calls,0,0.96853,0.14998,0.34120,0.66460
mar,private_calls,0,0.97771,0.02180,0.11613,0.27936
mar,private_calls,1,0.97299,0.99112,0.81455,0.88643
mar,private_calls,1,0.97299,0.99125,0.68618,0.84501
mar,private_calls,1,0.35645,0.99108,0.14522,0.30802
mar,private_calls,1,0.97194,0.99136,0.84324,0.80055
mar,private_calls,1,0.96604,0.02194,0.01687,0.05890
mar,private_calls,0,0.38399,0.02081,0.01603,0.02697
mar,private_calls,1,0.90758,0.00439,0.03764,0.03756
mar,private_calls,0,0.95895,0.73613,0.14403,0.27522
mar,private_calls,1,0.04427,0.00842,0.02045,0.04685
mar,private_calls,1,0.96731,0.99201,0.94684,0.97750
mar,private_calls,0,0.97499,0.00452,0.01591,0.04749
mar,private_calls,1,0.94857,0.02352,0.01628,0.00988
mar,private_calls,1,0.98162,0.99209,0.98809,0.99005
mar,private_calls,0,0.03396,0.00412,0.01135,0.01874
mar,private_calls,1,0.96335,0.99205,0.84702,0.89078
mar,private_calls,1,0.98162,0.99243,0.61193,0.76723
mar,private_calls,1,0.96047,0.98676,0.16123,0.29298
mar,private_calls,0,0.11424,0.00404,0.01025,0.00977
mar,private_calls,1,0.95573,0.99242,0.66279,0.76011
mar,private_calls,1,0.96853,0.00393,0.01235,0.01621
mar,private_calls,0,0.98426,0.99125,0.60231,0.70946
mar,private_calls,0,0.65253,0.94390,0.02597,0.03195
mar,private_calls,0,0.98162,0.99201,0.78450,0.94502
mar,private_calls,1,0.96472,0.99244,0.97976,0.98968
mar,private_calls,1,0.84980,0.97602,0.22536,0.63021
mar,private_calls,1,0.98426,0.99203,0.96506,0.97327
mar,private_calls,1,0.94857,0.99214,0.95847,0.96819
ori,private_calls,1,0.95403,0.18993,0.06568,0.18118
ori,private_calls,0,0.06667,0.00411,0.00706,0.00903
ori,private_calls,0,0.90758,0.89421,0.04722,0.13257
ori,private_calls,0,0.02806,0.00398,0.00578,0.00449
ori,private_calls,1,0.96472,0.98694,0.13616,0.29833
ori,private_calls,1,0.61601,0.01416,0.01372,0.02569
ori,private_calls,0,0.52951,0.93333,0.02711,0.03798
ori,private_calls,0,0.05143,0.00406,0.01580,0.05208
ori,private_calls,1,0.72804,0.99020,0.49618,0.54976
ori,private_calls,0,0.95573,0.99018,0.47917,0.52193
ori,private_calls,0,0.01401,0.00387,0.00820,0.00765
ori,private_calls,0,0.09924,0.00385,0.00621,0.00517
ori,private_calls,1,0.76524,0.44989,0.30820,0.33591
ori,private_calls,0,0.87754,0.00492,0.05849,0.24285
ori,private_calls,1,0.74335,0.00563,0.02458,0.03347
ori,private_calls,0,0.09924,0.00701,0.01439,0.02116
ori,private_calls,0,0.78580,0.99080,0.18729,0.22967
ori,private_calls,1,0.88576,0.94761,0.34086,0.71643
ori,private_calls,0,0.10651,0.00392,0.00554,0.00452
ori,private_calls,0,0.08003,0.00441,0.02007,0.02972
ori,private_calls,0,0.52951,0.00433,0.04368,0.06281
ori,private_calls,0,0.88968,0.00560,0.01391,0.01725
ori,private_calls,0,0.91083,0.72432,0.08354,0.18954
ori,private_calls,0,0.53931,0.79887,0.04381,0.05871
ori,private_calls,0,0.57813,0.00427,0.01000,0.01222
ori,private_calls,0,0.22091,0.56030,0.03658,0.06444
ori,private_calls,0,0.02316,0.00383,0.00650,0.00627
ori,private_calls,0,0.43151,0.00391,0.00918,0.01186
ori,private_calls,0,0.97299,0.98955,0.69413,0.78285
ori,private_calls,1,0.85476,0.93419,0.08841,0.15820
ori,private_calls,0,0.81708,0.00575,0.00976,0.01442
ori,private_calls,0,0.48032,0.00386,0.00683,0.00655
ori,private_calls,1,0.96194,0.96749,0.33536,0.62587
ori,private_calls,0,0.32118,0.00366,0.00649,0.00571
ori,private_calls,1,0.72017,0.98917,0.11647,0.19032
ori,private_calls,0,0.00751,0.00372,0.00714,0.00669
ori,private_calls,0,0.58770,0.05117,0.06320,0.10698
ori,private_calls,0,0.01109,0.00373,0.00940,0.01231
ori,private_calls,1,0.75809,0.98998,0.14854,0.22372
ori,private_calls,0,0.02599,0.00376,0.00859,0.00945
ori,private_calls,0,0.01838,0.00373,0.00883,0.00734
ori,private_calls,0,0.77224,0.00876,0.01618,0.03223
ori,private_calls,1,0.88576,0.99186,0.49813,0.36963
ori,private_calls,0,0.95573,0.00508,0.01601,0.01650
ori,private_calls,0,0.81708,0.00365,0.00849,0.01306
ori,private_calls,0,0.18888,0.00374,0.00717,0.00720
ori,private_calls,0,0.00812,0.00456,0.01550,0.01507
ori,private_calls,1,0.98232,0.99072,0.97474,0.98303
ori,private_calls,0,0.04597,0.00378,0.00636,0.00505
ori,private_calls,1,0.74335,0.00392,0.08106,0.09134
ori,private_calls,0,0.01768,0.00373,0.00966,0.01015
ori,private_calls,0,0.01199,0.00371,0.00884,0.00983
ori,private_calls,0,0.01838,0.00374,0.00698,0.00628
ori,private_calls,0,0.05751,0.00367,0.00961,0.01072
ori,private_calls,0,0.05339,0.00371,0.00908,0.01000
ori,private_calls,0,0.40279,0.98768,0.26865,0.32450
ori,private_calls,1,0.75809,0.98181,0.17425,0.28093
ori,private_calls,0,0.92559,0.00467,0.07085,0.11347
ori,private_calls,1,0.20124,0.99213,0.56657,0.56932
ori,private_calls,1,0.59721,0.43838,0.05489,0.08149
ori,private_calls,1,0.12675,0.97855,0.24052,0.31869
ori,private_calls,0,0.91083,0.35555,0.07290,0.10796
ori,private_calls,1,0.96853,0.97645,0.29006,0.44587
ori,private_calls,0,0.27983,0.00499,0.00970,0.01178
ori,private_calls,0,0.09924,0.10943,0.01014,0.00979
ori,private_calls,0,0.01574,0.00686,0.03714,0.07582
ori,private_calls,1,0.96194,0.99208,0.82006,0.91865
ori,private_calls,0,0.02701,0.00377,0.01225,0.01346
ori,private_calls,1,0.95403,0.99202,0.74627,0.71813
ori,private_calls,0,0.27983,0.15791,0.06819,0.09524
ori,private_calls,0,0.06917,0.00377,0.00787,0.00925
ori,private_calls,1,0.09242,0.99220,0.92375,0.94089
ori,private_calls,0,0.01636,0.00371,0.00802,0.00947
ori,private_calls,1,0.88576,0.99056,0.64530,0.75263
ori,private_calls,0,0.93083,0.99016,0.57832,0.72317
ori,private_calls,0,0.79235,0.00373,0.00755,0.00798
ori,private_calls,0,0.02599,0.00363,0.01274,0.01538
ori,private_calls,0,0.02316,0.00375,0.00646,0.00571
ori,private_calls,1,0.87754,0.99086,0.26713,0.43208
ori,private_calls,0,0.01067,0.00371,0.00621,0.00477
ori,private_calls,1,0.93806,0.98646,0.10029,0.19512
ori,private_calls,0,0.01109,0.00376,0.00706,0.00748
ori,private_calls,0,0.95403,0.04325,0.02279,0.03793
ori,private_calls,1,0.96472,0.99179,0.41819,0.48942
ori,private_calls,1,0.96853,0.99237,0.64938,0.87352
ori,private_calls,0,0.16591,0.00366,0.00828,0.00800
ori,private_calls,1,0.84470,0.98566,0.43526,0.64821
ori,private_calls,1,0.94458,0.99114,0.86474,0.95912
ori,private_calls,0,0.21420,0.03450,0.03674,0.03049
ori,private_calls,0,0.88171,0.50151,0.11769,0.13348
ori,private_calls,0,0.86882,0.89413,0.15233,0.23646
ori,private_calls,1,0.97855,0.99105,0.51444,0.66892
ori,private_calls,0,0.02701,0.97707,0.02888,0.03138
ori,private_calls,1,0.82856,0.99161,0.83682,0.80268
ori,private_calls,0,0.05542,0.00393,0.00792,0.00820
tam,private_calls,1,0.98232,0.99219,0.98731,0.98774
tam,private_calls,0,0.98652,0.03998,0.03002,0.02463
tam,private_calls,0,0.98162,0.94512,0.16604,0.40526
tam,private_calls,1,0.92283,0.99211,0.96640,0.97937
tam,private_calls,1,0.94458,0.99185,0.92458,0.97079
tam,private_calls,1,0.96731,0.99199,0.90946,0.92874
tam,private_calls,0,0.09242,0.00431,0.01143,0.01566
tam,private_calls,1,0.98015,0.99204,0.98661,0.98817
tam,private_calls,1,0.91703,0.99235,0.98056,0.98537
tam,private_calls,1,0.94661,0.98715,0.80360,0.90106
tam,private_calls,1,0.98162,0.98918,0.95245,0.96515
tam,private_calls,0,0.70402,0.00411,0.02322,0.04974
tam,private_calls,0,0.85476,0.48265,0.07038,0.28269
tam,private_calls,1,0.96731,0.98978,0.89985,0.97033
tam,private_calls,1,0.64355,0.98214,0.72672,0.95221
tam,private_calls,0,0.74335,0.01394,0.05227,0.03694
tam,private_calls,1,0.93333,0.99223,0.97236,0.98297
tam,private_calls,0,0.95045,0.98939,0.34538,0.47844
tam,private_calls,0,0.98232,0.00404,0.00901,0.01476
tam,private_calls,1,0.97084,0.99204,0.95428,0.96277
tam,private_calls,1,0.97937,0.98917,0.85354,0.93541
tam,private_calls,1,0.98299,0.99170,0.97290,0.98642
tam,private_calls,0,0.05339,0.00379,0.00563,0.00435
tam,private_calls,1,0.98299,0.98895,0.96435,0.97495
tam,private_calls,1,0.96194,0.99083,0.94310,0.96999
tam,private_calls,1,0.91083,0.98883,0.92691,0.92602
tam,private_calls,1,0.96604,0.99111,0.98442,0.98767
tam,private_calls,0,0.97593,0.01459,0.03812,0.04455
tam,private_calls,1,0.95737,0.99099,0.83395,0.93044
tam,private_calls,1,0.83947,0.91339,0.66685,0.88919
tam,private_calls,0,0.96853,0.01829,0.01824,0.01463
tam,private_calls,1,0.90758,0.90303,0.41098,0.61220
tam,private_calls,0,0.97499,0.02241,0.01263,0.01371
tam,private_calls,0,0.97684,0.02770,0.08445,0.21609
tam,private_calls,1,0.96472,0.01405,0.06273,0.13696
tam,private_calls,1,0.94857,0.96997,0.75042,0.93608
tam,private_calls,1,0.96335,0.98780,0.46670,0.81864
tam,private_calls,0,0.28784,0.00380,0.00608,0.00535
tam,private_calls,1,0.97084,0.99055,0.96849,0.97783
tam,private_calls,1,0.97084,0.99155,0.96028,0.96841
tam,private_calls,0,0.95737,0.00370,0.00645,0.01045
tam,private_calls,1,0.97499,0.99146,0.94458,0.95160
tam,private_calls,1,0.89349,0.99144,0.86884,0.93952
tam,private_calls,1,0.88171,0.98969,0.93472,0.97522
tam,private_calls,1,0.97593,0.99204,0.97588,0.97589
tam,private_calls,0,0.97593,0.07522,0.01917,0.02397
tam,private_calls,1,0.94249,0.99216,0.97420,0.97676
tam,private_calls,0,0.14524,0.61307,0.04106,0.19670
tam,private_calls,0,0.03806,0.00365,0.00662,0.00695
tam,private_calls,1,0.97084,0.99065,0.80133,0.83710
tam,private_calls,0,0.52951,0.00371,0.00624,0.01272
tam,private_calls,0,0.77909,0.99129,0.72021,0.61711
tam,private_calls,0,0.03953,0.00367,0.00841,0.00975
tam,private_calls,0,0.11424,0.98783,0.13313,0.13409
tam,private_calls,0,0.04955,0.00363,0.00707,0.00690
tam,private_calls,0,0.24191,0.00373,0.01584,0.01433
tam,private_calls,0,0.03806,0.00377,0.01126,0.02351
tam,private_calls,1,0.67882,0.99134,0.93756,0.96457
tam,private_calls,1,0.96194,0.99021,0.84841,0.92352
tam,private_calls,0,0.70402,0.99107,0.74436,0.89201
tam,private_calls,0,0.94031,0.00380,0.00697,0.01006
tam,private_calls,1,0.97937,0.97816,0.30307,0.56477
tam,private_calls,1,0.98162,0.98935,0.77818,0.90424
tam,private_calls,0,0.01296,0.00373,0.00555,0.00438
tam,private_calls,0,0.57813,0.00368,0.01200,0.01666
tam,private_calls,0,0.50000,0.98248,0.78428,0.89927
tam,private_calls,0,0.01067,0.00363,0.00786,0.00978
tam,private_calls,1,0.66141,0.99105,0.91781,0.94211
tam,private_calls,0,0.02806,0.00364,0.00700,0.00954
tam,private_calls,0,0.01457,0.00373,0.01116,0.01275
tam,private_calls,0,0.10282,0.00505,0.01869,0.01560
tam,private_calls,0,0.02145,0.00373,0.00758,0.01711
tam,private_calls,0,0.90758,0.02140,0.00628,0.00626
tam,private_calls,0,0.08602,0.00361,0.01526,0.01632
tam,private_calls,1,0.66141,0.99182,0.98194,0.98732
tam,private_calls,1,0.00812,0.00377,0.00785,0.01368
tam,private_calls,0,0.22091,0.00372,0.00952,0.01279
tam,private_calls,0,0.42187,0.00380,0.01316,0.02137
tam,private_calls,0,0.05751,0.00388,0.01350,0.01861
tam,private_calls,1,0.67882,0.99233,0.98305,0.98555
tam,private_calls,0,0.96731,0.49821,0.09511,0.08166
tam,private_calls,1,0.97684,0.99050,0.70697,0.86401
tam,private_calls,0,0.00781,0.00378,0.01054,0.01269
tam,private_calls,0,0.00642,0.00414,0.02203,0.03578
tam,private_calls,0,0.00913,0.00363,0.00612,0.00697
tam,private_calls,1,0.95403,0.95514,0.66806,0.71341
tam,private_calls,1,0.98162,0.99229,0.98728,0.98989
tam,private_calls,0,0.84470,0.00500,0.10402,0.60892
tam,private_calls,0,0.03953,0.00361,0.00543,0.00487
tam,private_calls,0,0.48032,0.00403,0.00904,0.01417
tam,private_calls,1,0.67882,0.97863,0.42455,0.64698
tam,private_calls,0,0.36553,0.00448,0.01893,0.02779
tam,private_calls,1,0.97937,0.99234,0.93416,0.94627
tam,private_calls,1,0.96047,0.99247,0.97917,0.97627
tam,private_calls,1,0.95573,0.99231,0.93720,0.96657
tam,private_calls,0,0.90422,0.00373,0.00558,0.00584
tam,private_calls,0,0.56849,0.00362,0.00699,0.00721
tam,private_calls,0,0.36553,0.00365,0.00504,0.00450
tam,private_calls,0,0.02701,0.00373,0.00502,0.00420
tam,private_calls,1,0.97684,0.99199,0.91639,0.93826
tam,private_calls,0,0.76524,0.00387,0.00873,0.01007
tam,private_calls,0,0.64355,0.00382,0.01743,0.02203
tam,private_calls,0,0.89718,0.98968,0.75644,0.85631
tam,private_calls,0,0.01247,0.00371,0.00479,0.00349
tam,private_calls,1,0.97937,0.96302,0.11392,0.24153
tam,private_calls,0,0.77909,0.00613,0.04457,0.24594
tam,private_calls,0,0.28784,0.00704,0.03518,0.11643
tam,private_calls,0,0.91997,0.09309,0.02101,0.08354
tam,private_calls,0,0.20124,0.00370,0.00604,0.00819
tam,private_calls,0,0.07717,0.03460,0.04972,0.06578
tam,private_calls,1,0.98652,0.46143,0.45596,0.68540
tam,private_calls,0,0.72804,0.02282,0.05604,0.05745
tam,private_calls,0,0.89349,0.00393,0.01452,0.02094
tam,private_calls,1,0.36553,0.96037,0.21927,0.60963
tam,private_calls,1,0.23476,0.98979,0.30209,0.63352
tam,private_calls,0,0.89349,0.00921,0.02860,0.05739
tam,private_calls,1,0.96604,0.00718,0.05075,0.09538
tam,private_calls,1,0.94249,0.98280,0.31450,0.62781
tam,private_calls,0,0.90076,0.00370,0.00659,0.00639
tam,private_calls,1,0.93083,0.44385,0.18015,0.58217
tam,private_calls,0,0.91703,0.00369,0.00665,0.01109
tam,private_calls,0,0.96731,0.98324,0.13180,0.31590
tam,private_calls,0,0.86427,0.23425,0.06459,0.13906
tam,private_calls,0,0.96472,0.00478,0.01991,0.08917
tam,private_calls,1,0.39335,0.98701,0.76095,0.90195
tam,private_calls,1,0.96731,0.98512,0.58387,0.91864
tam,private_calls,0,0.93574,0.06088,0.08214,0.43968
tam,private_calls,0,0.95573,0.57235,0.07337,0.13510
tam,private_calls,0,0.96335,0.90853,0.34790,0.64831
tam,private_calls,0,0.98364,0.99205,0.96137,0.98005
tam,private_calls,0,0.86427,0.98700,0.31197,0.25218
tam,private_calls,0,0.11424,0.00390,0.00920,0.00911
tam,private_calls,0,0.96853,0.00418,0.00667,0.00560
tam,private_calls,1,0.96047,0.99018,0.31349,0.59879
tam,private_calls,0,0.71216,0.00390,0.00674,0.00488
tam,private_calls,1,0.96853,0.99099,0.43030,0.39646
tam,private_calls,1,0.96472,0.99137,0.96018,0.97673
tam,private_calls,0,0.95895,0.00530,0.02511,0.02975
tam,private_calls,1,0.94661,0.99148,0.97082,0.98121
tam,private_calls,1,0.97937,0.98438,0.50763,0.57416
tam,private_calls,0,0.98015,0.00414,0.00905,0.01712
tam,private_calls,0,0.97593,0.21303,0.04618,0.02968
tam,private_calls,1,0.96731,0.98922,0.77717,0.85691
tam,private_calls,0,0.97401,0.01949,0.03767,0.03303
tam,private_calls,0,0.41230,0.00366,0.00814,0.00856
tam,private_calls,1,0.94249,0.99172,0.93594,0.95933
tam,private_calls,0,0.05339,0.00380,0.00613,0.00471
tam,private_calls,1,0.98364,0.99191,0.96260,0.98082
tam,private_calls,0,0.55881,0.09277,0.02471,0.01708
tam,private_calls,0,0.95228,0.00375,0.01138,0.01273
tam,private_calls,0,0.91083,0.00379,0.00596,0.00460
tam,private_calls,1,0.98015,0.99035,0.95634,0.97176
tam,private_calls,1,0.96472,0.99217,0.80053,0.87456
tam,private_calls,0,0.94458,0.00382,0.00671,0.00823
tam,private_calls,0,0.94661,0.00422,0.01818,0.02447
tam,private_calls,1,0.97593,0.99209,0.97976,0.98649
tam,private_calls,0,0.96971,0.00389,0.01805,0.03690
tam,private_calls,0,0.87754,0.00376,0.00660,0.00515
tam,private_calls,0,0.83947,0.00369,0.01154,0.02802
tam,private_calls,0,0.95403,0.00460,0.00876,0.00882
tam,private_calls,1,0.95228,0.99035,0.91280,0.97291
tam,private_calls,0,0.95737,0.98970,0.84662,0.95658
tam,private_calls,0,0.97084,0.98710,0.09911,0.21681
tam,private_calls,0,0.97299,0.75717,0.06553,0.11859
tam,private_calls,1,0.95045,0.18417,0.08593,0.17431
tam,private_calls,0,0.37472,0.00426,0.02096,0.02610
tam,private_calls,0,0.90076,0.00372,0.00646,0.00509
tam,private_calls,1,0.98364,0.99221,0.97890,0.98387
tam,private_calls,0,0.13118,0.00372,0.00682,0.00650
tam,private_calls,0,0.96853,0.03533,0.01349,0.02267
tam,private_calls,0,0.24191,0.00484,0.01100,0.01402
tam,private_calls,0,0.31265,0.00389,0.00667,0.00856
tam,private_calls,1,0.94661,0.97609,0.73534,0.88704
tam,private_calls,1,0.97401,0.95524,0.35043,0.46150
tam,private_calls,0,0.96335,0.83541,0.20044,0.32435
tam,private_calls,1,0.96472,0.96445,0.17745,0.23994
tam,private_calls,1,0.75079,0.97831,0.20465,0.33078
tam,private_calls,0,0.75079,0.00370,0.00676,0.00713
tam,private_calls,0,0.97499,0.00733,0.05495,0.05996
tam,private_calls,1,0.95895,0.01892,0.26587,0.67315
tam,private_calls,0,0.44119,0.20846,0.13564,0.22072
tam,private_calls,1,0.94249,0.98921,0.84533,0.90891
tam,private_calls,0,0.84980,0.00397,0.03128,0.06357
tam,private_calls,1,0.05339,0.00468,0.05767,0.12922
tam,private_calls,0,0.00594,0.00372,0.00584,0.00456
tam,private_calls,1,0.56849,0.99172,0.87912,0.95383
tam,private_calls,0,0.01985,0.00374,0.00670,0.00886
tam,private_calls,1,0.50000,0.99029,0.85344,0.83291
tam,private_calls,1,0.69575,0.00634,0.01806,0.02092
tam,private_calls,0,0.85958,0.00374,0.00672,0.00559
tam,private_calls,1,0.97084,0.99052,0.93407,0.97572
tam,private_calls,0,0.00812,0.00375,0.00606,0.00505
tam,private_calls,1,0.96853,0.99112,0.97827,0.98554
tam,private_calls,0,0.01574,0.00406,0.01039,0.02396
tam,private_calls,1,0.96604,0.98039,0.58045,0.54194
tam,private_calls,1,0.88968,0.99215,0.98030,0.98597
tam,private_calls,0,0.18292,0.00525,0.08964,0.13016
tam,private_calls,1,0.26424,0.99199,0.81866,0.84330
tam,private_calls,1,0.97684,0.99254,0.98908,0.99079
tam,private_calls,0,0.88968,0.97221,0.32329,0.39063
tam,private_calls,0,0.93333,0.00744,0.03246,0.05675
tam,private_calls,0,0.95403,0.74176,0.08101,0.24861
tam,private_calls,1,0.95403,0.97168,0.10542,0.31702
tam,private_calls,1,0.97299,0.60830,0.07600,0.14414
tam,private_calls,1,0.95895,0.91750,0.13821,0.28907
tam,private_calls,0,0.16053,0.00371,0.00610,0.00505
tam,private_calls,1,0.97299,0.97584,0.58902,0.82403
tam,private_calls,0,0.90076,0.13451,0.06964,0.16610
tam,private_calls,0,0.96731,0.00430,0.02048,0.06843
tam,private_calls,1,0.94249,0.98945,0.74591,0.95406
tam,private_calls,0,0.97771,0.02335,0.30233,0.88256
tam,private_calls,0,0.82856,0.72767,0.33598,0.79120
tam,private_calls,0,0.20124,0.00367,0.00691,0.01101
tam,private_calls,0,0.91703,0.01132,0.06463,0.50432
tam,private_calls,1,0.96194,0.99014,0.64062,0.86467
tam,private_calls,1,0.96047,0.99092,0.74055,0.88101
tam,private_calls,0,0.92825,0.00744,0.02254,0.04617
tam,private_calls,0,0.97401,0.98760,0.09384,0.46071
tam,private_calls,1,0.84980,0.98136,0.14749,0.56147
tam,private_calls,1,0.45092,0.00377,0.02075,0.05973
tam,private_calls,0,0.75079,0.00545,0.02985,0.05545
tam,private_calls,0,0.01985,0.00375,0.00687,0.01790
tam,private_calls,1,0.94458,0.00388,0.01515,0.09520
tam,private_calls,0,0.95895,0.99148,0.85636,0.96332
tam,private_calls,0,0.98364,0.00449,0.02591,0.04936
tam,private_calls,1,0.95895,0.01982,0.15826,0.35220
tam,private_calls,1,0.96853,0.08182,0.24901,0.78456
tam,private_calls,1,0.29598,0.97030,0.72560,0.91012
tam,private_calls,0,0.92559,0.00388,0.01108,0.03035
tam,private_calls,1,0.79235,0.51062,0.13447,0.58979
tam,private_calls,0,0.98364,0.98820,0.81982,0.94482
tam,private_calls,1,0.95045,0.12049,0.01274,0.03756
tam,private_calls,0,0.87325,0.00413,0.06228,0.26637
tam,private_calls,0,0.96194,0.99182,0.96667,0.98583
tam,private_calls,0,0.93806,0.01304,0.11457,0.19362
tam,private_calls,0,0.96971,0.97994,0.21916,0.76881
tam,private_calls,0,0.02145,0.00369,0.00678,0.00698
tam,private_calls,1,0.87754,0.74978,0.10302,0.86360
tam,private_calls,0,0.28784,0.00377,0.01494,0.03841
tam,private_calls,0,0.86882,0.63496,0.24605,0.56892
tam,private_calls,0,0.13118,0.00371,0.00666,0.00493
tam,private_calls,1,0.94031,0.97854,0.50808,0.92413
tam,private_calls,1,0.27196,0.03577,0.04839,0.09847
tam,private_calls,1,0.87325,0.97970,0.19615,0.60536
tam,private_calls,1,0.55881,0.00430,0.03943,0.15375
tam,private_calls,0,0.77224,0.00426,0.00947,0.01224
tam,private_calls,0,0.96472,0.50560,0.22973,0.56466
tam,private_calls,0,0.97593,0.00383,0.00682,0.00649
tam,private_calls,0,0.72804,0.00387,0.00597,0.00429
tam,private_calls,0,0.85476,0.00938,0.01291,0.05989
tam,private_calls,0,0.06426,0.00373,0.00619,0.00471
tam,private_calls,1,0.92559,0.98844,0.81681,0.94066
tam,private_calls,1,0.98232,0.99016,0.93762,0.96830
tam,private_calls,0,0.00722,0.00419,0.02180,0.02921
tam,private_calls,0,0.94857,0.98901,0.41518,0.63322
tam,private_calls,1,0.97937,0.03732,0.08724,0.15231
tam,private_calls,0,0.00751,0.00375,0.00616,0.00486
tam,private_calls,1,0.91398,0.99214,0.96627,0.97673
tam,private_calls,1,0.94857,0.99079,0.88349,0.94517
tam,private_calls,1,0.97499,0.97851,0.65517,0.91001
tam,private_calls,1,0.97499,0.99185,0.97430,0.97834
tam,private_calls,0,0.90758,0.00381,0.00971,0.01078
tam,private_calls,0,0.00618,0.00369,0.00640,0.01027
tam,private_calls,1,0.91398,0.97497,0.51497,0.72037
tam,private_calls,0,0.96194,0.00376,0.00772,0.00964
tam,private_calls,1,0.74335,0.93498,0.18424,0.22617
tam,private_calls,0,0.83947,0.00372,0.01151,0.03273
tam,private_calls,1,0.95403,0.99089,0.96108,0.98154
tam,private_calls,0,0.88171,0.00369,0.00595,0.00512
tam,private_calls,0,0.72017,0.00374,0.01519,0.02038
tam,private_calls,0,0.43151,0.98596,0.61385,0.90382
tam,private_calls,0,0.15530,0.00378,0.00584,0.00506
tam,private_calls,1,0.93083,0.98757,0.90203,0.95972
tam,private_calls,0,0.04772,0.00386,0.01232,0.02476
tam,private_calls,1,0.96604,0.97482,0.52005,0.86399
tam,private_calls,0,0.00571,0.00380,0.00539,0.00373
tam,private_calls,0,0.14524,0.00376,0.00573,0.00469
tam,private_calls,0,0.01574,0.34979,0.03990,0.04265
tam,private_calls,0,0.00949,0.00391,0.01036,0.01228
tam,private_calls,1,0.98232,0.99012,0.92411,0.96163
tam,private_calls,0,0.02407,0.00388,0.00544,0.00417
tam,private_calls,0,0.93333,0.00372,0.00651,0.00629
tam,private_calls,0,0.97401,0.00385,0.00723,0.01125
tam,private_calls,1,0.16053,0.00607,0.02953,0.12715
tam,private_calls,0,0.00913,0.00376,0.00557,0.00483
tam,private_calls,1,0.97937,0.99102,0.97301,0.98157
tam,private_calls,0,0.13573,0.00373,0.00623,0.00812
tam,private_calls,1,0.92825,0.98768,0.76191,0.93645
tam,private_calls,0,0.00571,0.00375,0.00554,0.00436
tam,private_calls,0,0.00594,0.00379,0.00551,0.00408
tam,private_calls,1,0.85958,0.98992,0.66481,0.74529
tam,private_calls,0,0.25665,0.00375,0.01951,0.03940
tam,private_calls,1,0.98090,0.99228,0.98615,0.98918
tam,private_calls,0,0.01199,0.00370,0.00625,0.00486
tam,private_calls,0,0.98846,0.95727,0.50465,0.80257
tam,private_calls,1,0.98846,0.99159,0.67034,0.83373
tam,private_calls,1,0.98364,0.98757,0.86848,0.95035
tam,private_calls,1,0.96853,0.98623,0.28491,0.59982
tam,private_calls,1,0.97771,0.98835,0.66975,0.81106
tam,private_calls,0,0.91997,0.00418,0.01062,0.03079
tam,private_calls,0,0.83947,0.49189,0.05134,0.08187
tam,private_calls,1,0.96731,0.98257,0.82726,0.90683
tam,private_calls,0,0.94857,0.00444,0.02747,0.04293
tam,private_calls,0,0.86882,0.00387,0.01985,0.02002
tam,private_calls,1,0.97593,0.45954,0.72177,0.92673
tam,private_calls,0,0.16591,0.00375,0.00614,0.00598
tam,private_calls,0,0.00594,0.00373,0.00612,0.00567
tam,private_calls,1,0.98753,0.99154,0.94422,0.97033
tam,private_calls,1,0.03147,0.99175,0.97465,0.98035
tam,private_calls,1,0.98232,0.98700,0.86962,0.94183
tam,private_calls,1,0.96853,0.91848,0.50698,0.58549
tam,private_calls,1,0.98599,0.95274,0.58432,0.79328
tam,private_calls,0,0.76524,0.00413,0.01943,0.01926
tam,private_calls,1,0.97937,0.99223,0.95985,0.98393
tam,private_calls,1,0.95045,0.99237,0.98896,0.99101
tam,private_calls,1,0.97499,0.98808,0.67333,0.91388
tam,private_calls,1,0.95895,0.99038,0.72233,0.83986
tam,private_calls,1,0.97593,0.99236,0.96292,0.97191
tam,private_calls,0,0.02316,0.00377,0.00596,0.00475
tam,private_calls,1,0.98232,0.98837,0.84040,0.92349
tam,private_calls,1,0.98652,0.97713,0.39502,0.58507
tam,private_calls,0,0.96853,0.99124,0.71304,0.88147
tam,private_calls,1,0.97937,0.99220,0.55719,0.76529
tam,private_calls,0,0.93574,0.00372,0.00633,0.00668
tam,private_calls,1,0.97401,0.99162,0.33747,0.39241
tam,private_calls,0,0.45092,0.00373,0.00535,0.00395
tam,private_calls,1,0.98015,0.91988,0.70305,0.75942
tam,private_calls,0,0.00594,0.00363,0.00537,0.00383
tam,private_calls,0,0.00878,0.00364,0.00566,0.00458
tam,private_calls,0,0.88576,0.05519,0.05160,0.10894
tam,private_calls,1,0.95895,0.99135,0.85603,0.96744
tam,private_calls,0,0.50000,0.00359,0.00780,0.00948
tam,private_calls,0,0.83947,0.00367,0.00722,0.00688
tam,private_calls,0,0.00618,0.00366,0.00551,0.00434
tam,private_calls,1,0.97084,0.99227,0.98122,0.98606
tam,private_calls,1,0.97084,0.99164,0.97424,0.98213
tam,private_calls,0,0.97499,0.99000,0.56371,0.69004
tam,private_calls,0,0.96731,0.00453,0.02183,0.02846
tam,private_calls,0,0.95737,0.98275,0.15335,0.20274
tam,private_calls,0,0.88171,0.00423,0.00983,0.01259
tam,private_calls,1,0.68735,0.99164,0.95834,0.96910
tam,private_calls,0,0.00878,0.00364,0.00566,0.00457
tam,private_calls,0,0.40279,0.00361,0.01356,0.05189
tam,private_calls,0,0.83947,0.43955,0.10093,0.33800
tam,private_calls,1,0.97684,0.98460,0.67305,0.90433
tam,private_calls,1,0.87754,0.02075,0.51343,0.88548
tam,private_calls,0,0.54908,0.00367,0.00579,0.00532
tam,private_calls,0,0.98543,0.98734,0.49543,0.70932
tam,private_calls,0,0.01574,0.00362,0.00825,0.01057
tam,private_calls,1,0.96335,0.99054,0.97412,0.98534
tam,private_calls,0,0.00812,0.00374,0.00571,0.00516
tam,private_calls,0,0.91398,0.00650,0.04857,0.14948
tam,private_calls,1,0.61601,0.99205,0.95657,0.98014
tam,private_calls,0,0.09242,0.00367,0.00683,0.00951
tam,private_calls,0,0.96971,0.20328,0.58349,0.74795
tam,private_calls,0,0.00694,0.00369,0.00548,0.00400
tam,private_calls,1,0.91398,0.98964,0.94290,0.95438
tam,private_calls,0,0.74335,0.00442,0.02715,0.02445
tam,private_calls,0,0.00571,0.00366,0.00544,0.00415
tam,private_calls,0,0.18888,0.00397,0.01663,0.02906
tam,private_calls,0,0.00571,0.00365,0.00553,0.00420
tam,private_calls,1,0.98543,0.99208,0.98169,0.98733
tam,private_calls,1,0.97684,0.98998,0.92967,0.96174
tam,private_calls,0,0.11424,0.00366,0.00657,0.00706
tam,private_calls,1,0.97684,0.99156,0.98385,0.98690
tam,private_calls,0,0.98162,0.99212,0.97587,0.98193
tam,private_calls,0,0.01701,0.00365,0.00536,0.00392
tam,private_calls,0,0.00549,0.00367,0.00552,0.00514
tam,private_calls,0,0.47049,0.93075,0.72017,0.78863
tam,private_calls,0,0.96472,0.99136,0.86770,0.95302
tam,private_calls,1,0.96047,0.99158,0.98275,0.98848
tam,private_calls,1,0.95895,0.98610,0.92513,0.95784
tam,private_calls,0,0.63447,0.99203,0.98342,0.98897
tam,private_calls,1,0.98426,0.99165,0.98205,0.98705
tam,private_calls,0,0.72804,0.00384,0.01293,0.01754
tam,private_calls,0,0.03528,0.00377,0.01126,0.01624
tam,private_calls,0,0.22091,0.00941,0.06287,0.08261
tam,private_calls,0,0.85476,0.00376,0.01705,0.04253
tam,private_calls,0,0.08917,0.02003,0.06305,0.21896
tam,private_calls,0,0.96731,0.98364,0.79239,0.90760
tam,private_calls,0,0.97299,0.10738,0.20129,0.19295
tam,private_calls,1,0.96731,0.98836,0.69706,0.77982
tam,private_calls,0,0.67882,0.00363,0.00971,0.02584
tam,private_calls,0,0.14042,0.34383,0.87607,0.88213
tam,private_calls,0,0.48032,0.00487,0.02992,0.04193
tam,private_calls,0,0.79876,0.00370,0.00601,0.00594
tam,private_calls,0,0.95895,0.00407,0.01651,0.03579
tam,private_calls,1,0.98162,0.99211,0.97731,0.98554
tam,private_calls,0,0.04772,0.00373,0.00921,0.01128
tam,private_calls,1,0.96604,0.96400,0.47957,0.69488
tam,private_calls,0,0.94031,0.23951,0.25091,0.56348
tam,private_calls,1,0.96047,0.99227,0.98467,0.98677
tam,private_calls,0,0.87754,0.00371,0.01227,0.01830
tam,private_calls,1,0.97771,0.99193,0.94947,0.95896
tam,private_calls,0,0.51968,0.00370,0.00602,0.00942
tam,private_calls,0,0.91083,0.98967,0.88016,0.93738
tam,private_calls,0,0.98543,0.22887,0.04022,0.05865
tam,private_calls,0,0.48032,0.00372,0.00744,0.01066
tam,private_calls,1,0.04597,0.99208,0.97827,0.98483
tam,private_calls,1,0.98090,0.00365,0.00959,0.01390
tam,private_calls,1,0.19498,0.99163,0.93475,0.96339
tam,private_calls,0,0.56849,0.00399,0.02345,0.02477
tam,private_calls,1,0.61601,0.98077,0.49449,0.68771
tam,private_calls,1,0.85958,0.97479,0.60839,0.92946
tam,private_calls,0,0.90076,0.09169,0.01509,0.02739
tam,private_calls,0,0.94031,0.00367,0.00950,0.01508
tam,private_calls,0,0.81708,0.00371,0.01011,0.02196
tam,private_calls,0,0.86882,0.01965,0.04078,0.06729
tam,private_calls,0,0.13573,0.00386,0.01735,0.09863
tam,private_calls,0,0.45092,0.00464,0.03956,0.05070
tam,private_calls,0,0.97684,0.01668,0.18133,0.47493
tam,private_calls,0,0.83409,0.00446,0.02198,0.06018
tam,private_calls,0,0.33859,0.00958,0.02835,0.21020
tam,private_calls,0,0.24921,0.00638,0.01211,0.05560
tam,private_calls,0,0.05339,0.00373,0.00708,0.01172
tam,private_calls,0,0.39335,0.00371,0.01332,0.01425
tam,private_calls,0,0.09578,0.00596,0.02926,0.10695
tam,private_calls,0,0.75809,0.00375,0.00803,0.01853
tam,private_calls,0,0.01026,0.00372,0.00649,0.01039
tam,private_calls,0,0.03665,0.00434,0.01325,0.02756
tam,private_calls,0,0.68735,0.00374,0.00968,0.03387
tam,private_calls,0,0.92825,0.00373,0.00752,0.00991
tam,private_calls,0,0.92825,0.00373,0.00752,0.00991
tam,private_calls,1,0.27196,0.00367,0.00682,0.00651
tam,private_calls,0,0.14524,0.00372,0.00580,0.00483
tam,private_calls,1,0.93333,0.98086,0.32580,0.36842
tam,private_calls,0,0.18888,0.00374,0.00905,0.01254
tam,private_calls,0,0.13118,0.00383,0.00537,0.00407
tam,private_calls,0,0.39335,0.98440,0.06134,0.09166
tam,private_calls,1,0.02316,0.97953,0.76772,0.94526
tam,private_calls,0,0.37472,0.26301,0.17683,0.19484
tam,private_calls,1,0.39335,0.98883,0.22030,0.21652
tam,private_calls,0,0.88171,0.00378,0.01174,0.01714
tam,private_calls,1,0.95045,0.99017,0.49705,0.52563
tam,private_calls,0,0.03953,0.00377,0.01142,0.01651
tam,private_calls,1,0.86882,0.00506,0.03852,0.08764
tam,private_calls,0,0.00751,0.00372,0.00586,0.00633
tam,private_calls,0,0.91997,0.61379,0.29444,0.80138
tam,private_calls,1,0.96194,0.98295,0.06973,0.28603
tam,private_calls,0,0.96047,0.98466,0.07427,0.13272
tam,private_calls,1,0.97937,0.99203,0.96036,0.97655
tam,private_calls,1,0.98486,0.99235,0.95253,0.97821
tam,private_calls,0,0.82290,0.00514,0.00688,0.00882
tam,private_calls,0,0.96194,0.99024,0.08108,0.15907
tam,private_calls,0,0.36553,0.04570,0.07967,0.12532
tam,private_calls,0,0.96853,0.98834,0.37983,0.72980
tam,private_calls,0,0.86882,0.77198,0.01789,0.01159
tam,private_calls,1,0.96853,0.99203,0.95499,0.97396
tam,private_calls,0,0.85476,0.00388,0.00755,0.00782
tam,private_calls,0,0.88171,0.99127,0.47706,0.93395
tam,private_calls,0,0.61601,0.99240,0.96680,0.98106
tam,private_calls,0,0.96335,0.98961,0.90254,0.95042
tam,private_calls,0,0.37472,0.99078,0.40211,0.18585
tam,private_calls,1,0.30425,0.00412,0.00998,0.01744
tam,private_calls,0,0.37472,0.98805,0.85102,0.97277
tam,private_calls,0,0.87754,0.99109,0.84903,0.86675
tam,private_calls,0,0.59721,0.00439,0.01031,0.01860
tam,private_calls,1,0.95045,0.99142,0.91408,0.95268
tam,private_calls,0,0.00987,0.00392,0.00752,0.00766
tam,private_calls,0,0.02701,0.00875,0.00927,0.06092
tam,private_calls,0,0.70402,0.00400,0.01301,0.01487
tam,private_calls,0,0.83409,0.99087,0.54285,0.71367
tam,private_calls,0,0.91997,0.98968,0.06276,0.04298
tam,private_calls,0,0.97855,0.99102,0.93548,0.93634
tam,private_calls,0,0.63447,0.00434,0.01324,0.03343
tam,private_calls,1,0.57813,0.99162,0.94666,0.96673
tam,private_calls,1,0.98426,0.99156,0.77924,0.79506
tam,private_calls,0,0.61601,0.00443,0.07105,0.20872
tam,private_calls,0,0.67882,0.96927,0.17935,0.66065
tam,private_calls,1,0.88576,0.99220,0.90168,0.95812
tam,private_calls,1,0.81708,0.99191,0.90034,0.94356
tam,private_calls,0,0.46069,0.99141,0.07551,0.18934
tam,private_calls,0,0.71216,0.99162,0.11622,0.17368
tam,private_calls,1,0.98299,0.99176,0.96655,0.98034
tam,private_calls,0,0.95045,0.99089,0.39469,0.58462
tam,private_calls,1,0.90758,0.99168,0.55125,0.76816
tam,private_calls,0,0.94249,0.99223,0.45321,0.49986
tam,private_calls,0,0.97401,0.99141,0.92894,0.95896
tam,private_calls,0,0.81708,0.97460,0.02062,0.04531
tam,private_calls,0,0.90422,0.99200,0.87491,0.93547
tam,private_calls,0,0.88576,0.00409,0.01134,0.02019
tam,private_calls,0,0.93083,0.00408,0.01121,0.03547
tam,private_calls,0,0.91398,0.98665,0.65257,0.86042
tam,private_calls,1,0.75079,0.99085,0.69458,0.82017
tam,private_calls,1,0.96853,0.99172,0.80818,0.94873
tam,private_calls,1,0.85958,0.33379,0.08439,0.13317
tam,private_calls,0,0.31265,0.00449,0.00810,0.00802
tam,private_calls,1,0.04427,0.98919,0.79108,0.94342
tam,private_calls,1,0.81708,0.07364,0.07528,0.21090
tam,private_calls,0,0.44119,0.00420,0.02099,0.03242
tam,private_calls,1,0.57813,0.99065,0.92686,0.97574
tam,private_calls,0,0.08297,0.98610,0.09229,0.35260
tam,private_calls,0,0.01348,0.98180,0.02001,0.02016
tam,private_calls,0,0.88576,0.00495,0.00968,0.01109
tam,private_calls,1,0.88576,0.99241,0.97038,0.98301
tam,private_calls,0,0.51968,0.04127,0.27800,0.65336
tam,private_calls,1,0.93083,0.98644,0.45609,0.69303
tam,private_calls,0,0.67017,0.00400,0.00841,0.00826
tam,private_calls,1,0.98232,0.98254,0.65275,0.80319
tam,private_calls,0,0.92283,0.00435,0.01795,0.01776
tam,private_calls,1,0.96604,0.99238,0.98539,0.98748
tam,private_calls,1,0.96047,0.01039,0.19263,0.36638
tam,private_calls,1,0.97084,0.98844,0.92897,0.92779
tam,private_calls,1,0.96194,0.99197,0.96576,0.97433
tam,private_calls,0,0.96731,0.98061,0.65077,0.74234
tam,private_calls,0,0.65253,0.00639,0.07266,0.15059
tam,private_calls,0,0.66141,0.01847,0.03063,0.03847
tam,private_calls,0,0.89718,0.00410,0.00820,0.01283
tam,private_calls,1,0.67017,0.98824,0.87898,0.93297
tam,private_calls,1,0.95228,0.99229,0.92532,0.96531
tam,private_calls,0,0.54908,0.82726,0.00965,0.00988
tam,private_calls,1,0.94857,0.11261,0.07324,0.12758
tam,private_calls,0,0.71216,0.95696,0.02992,0.08090
tam,private_calls,1,0.08917,0.99180,0.72313,0.75302
tam,private_calls,1,0.97937,0.99219,0.80451,0.87805
tam,private_calls,0,0.91703,0.98540,0.25002,0.48676
tam,private_calls,1,0.75809,0.99197,0.96875,0.96991
tam,private_calls,1,0.53931,0.99018,0.59147,0.71559
tam,private_calls,0,0.02806,0.00371,0.00623,0.00449
tam,private_calls,1,0.88968,0.99193,0.98769,0.98900
tam,private_calls,1,0.97937,0.98331,0.84410,0.87750
tam,private_calls,1,0.96971,0.97977,0.24663,0.54963
tam,private_calls,0,0.67017,0.00847,0.10337,0.21985
tam,private_calls,1,0.85476,0.99198,0.89856,0.94789
tam,private_calls,1,0.31265,0.99219,0.90709,0.95531
tam,private_calls,0,0.38399,0.00534,0.01283,0.01722
tam,private_calls,1,0.95737,0.98495,0.66300,0.68716
tam,private_calls,0,0.94458,0.00580,0.01959,0.03605
tam,private_calls,0,0.83947,0.14935,0.05579,0.05174
tam,private_calls,1,0.97299,0.99219,0.98668,0.98806
tam,private_calls,1,0.88171,0.99163,0.98205,0.98445
tam,private_calls,1,0.98486,0.99230,0.98533,0.98785
tam,private_calls,0,0.91997,0.99246,0.88369,0.93867
tam,private_calls,1,0.98232,0.90300,0.14817,0.13690
tam,private_calls,0,0.97194,0.98510,0.19803,0.18821
tam,private_calls,1,0.98090,0.99151,0.68156,0.89548
tam,private_calls,0,0.32118,0.00384,0.00721,0.00744
tam,private_calls,0,0.82290,0.07072,0.06928,0.08244
tam,private_calls,1,0.97771,0.99080,0.51722,0.55584
tam,private_calls,0,0.00812,0.00369,0.00675,0.00699
tam,private_calls,1,0.58770,0.98257,0.04934,0.13323
tam,private_calls,0,0.01514,0.00372,0.00891,0.01336
tam,private_calls,0,0.89718,0.86536,0.04346,0.05863
tam,private_calls,0,0.77224,0.98507,0.04637,0.05122
tam,private_calls,0,0.36553,0.00367,0.00835,0.00820
tam,private_calls,1,0.97194,0.99202,0.81422,0.85422
tam,private_calls,0,0.94031,0.00378,0.01530,0.02467
tam,private_calls,0,0.92283,0.00738,0.05080,0.10071
tam,private_calls,0,0.17144,0.00384,0.01097,0.01285
tam,private_calls,1,0.69575,0.00485,0.01438,0.03125
tam,private_calls,1,0.09924,0.00385,0.01116,0.01721
tam,private_calls,0,0.98426,0.03063,0.02714,0.03312
tam,private_calls,0,0.92559,0.39514,0.09522,0.12473
tam,private_calls,0,0.08917,0.05965,0.02133,0.04630
tam,private_calls,0,0.02806,0.00367,0.01147,0.02229
tam,private_calls,1,0.68735,0.75483,0.18248,0.27308
tam,private_calls,0,0.01026,0.01518,0.01438,0.01633
tam,private_calls,0,0.83947,0.00517,0.00945,0.01120
tam,private_calls,0,0.04597,0.00484,0.01853,0.02370
tam,private_calls,1,0.93574,0.99143,0.59233,0.72519
tam,private_calls,1,0.38399,0.99169,0.64791,0.76277
tam,private_calls,0,0.04427,0.00546,0.00824,0.01077
tam,private_calls,1,0.37472,0.14836,0.05758,0.10178
tam,private_calls,0,0.90422,0.02878,0.13240,0.20452
tam,private_calls,0,0.36553,0.71887,0.00962,0.01344
tam,private_calls,1,0.94249,0.98931,0.29915,0.65080
tam,private_calls,1,0.95895,0.00436,0.06173,0.11804
tam,private_calls,1,0.96194,0.98736,0.23204,0.48540
tam,private_calls,0,0.05542,0.00393,0.00674,0.00595
tam,private_calls,0,0.97855,0.99055,0.68304,0.72065
tam,private_calls,0,0.87325,0.00361,0.00749,0.00667
tam,private_calls,0,0.14524,0.00380,0.01154,0.01130
tam,private_calls,1,0.97593,0.87586,0.22109,0.20760
tam,private_calls,1,0.96731,0.96364,0.11845,0.17436
tam,private_calls,0,0.04105,0.00386,0.00948,0.01179
tam,private_calls,1,0.96194,0.99079,0.73700,0.80468
tam,private_calls,0,0.07175,0.00375,0.00708,0.00918
tam,private_calls,0,0.00722,0.00370,0.00671,0.00885
tam,private_calls,0,0.41230,0.01750,0.04909,0.07605
tam,private_calls,0,0.20765,0.00373,0.00960,0.01070
tam,private_calls,0,0.57813,0.00379,0.00752,0.00708
tam,private_calls,0,0.90076,0.00641,0.03320,0.04751
tam,private_calls,0,0.61601,0.01042,0.01942,0.02375
tam,private_calls,1,0.77224,0.99222,0.80622,0.91091
tam,private_calls,0,0.00913,0.00369,0.00752,0.00615
tam,private_calls,0,0.78580,0.99258,0.90630,0.95438
tam,private_calls,0,0.98090,0.98876,0.43830,0.61303
tam,private_calls,0,0.88576,0.00561,0.01152,0.01619
tam,private_calls,0,0.55881,0.00395,0.01037,0.01649
tam,private_calls,0,0.07441,0.00372,0.00798,0.00909
tam,private_calls,0,0.18888,0.00486,0.01984,0.02835
tam,private_calls,1,0.96731,0.99226,0.93278,0.93907
tam,private_calls,1,0.98599,0.98871,0.08684,0.11713
tam,private_calls,0,0.72804,0.00614,0.02580,0.02641
tam,private_calls,0,0.81708,0.00897,0.01984,0.02461
tam,private_calls,0,0.32983,0.00492,0.01978,0.01912
tam,private_calls,0,0.02316,0.00411,0.02295,0.02205
tam,private_calls,0,0.00949,0.00493,0.03202,0.04061
tam,private_calls,0,0.97084,0.99246,0.92124,0.95258
tam,private_calls,0,0.18292,0.00803,0.02116,0.03123
tam,private_calls,1,0.54908,0.99187,0.95013,0.97111
tam,private_calls,1,0.29598,0.99235,0.87948,0.89860
tam,private_calls,0,0.19498,0.97623,0.04646,0.13972
tam,private_calls,0,0.58770,0.00386,0.00915,0.00997
tam,private_calls,0,0.96472,0.98679,0.52781,0.77841
tam,private_calls,0,0.95045,0.00390,0.00861,0.00816
tam,private_calls,0,0.77909,0.99161,0.48105,0.36321
tam,private_calls,1,0.95573,0.99228,0.94276,0.95804
tam,private_calls,1,0.98753,0.98382,0.51655,0.58713
tam,private_calls,0,0.72017,0.00409,0.00963,0.01423
tam,private_calls,1,0.91703,0.99107,0.67581,0.66766
tam,private_calls,1,0.96194,0.98931,0.20821,0.16942
tam,private_calls,0,0.89349,0.46895,0.21798,0.47885
tam,private_calls,0,0.88576,0.46053,0.06612,0.06701
tam,private_calls,0,0.91997,0.83299,0.01555,0.01788
tam,private_calls,0,0.50000,0.00415,0.03168,0.06399
tam,private_calls,0,0.95228,0.04831,0.02364,0.03850
tam,private_calls,0,0.08602,0.76171,0.01160,0.01521
tam,private_calls,0,0.24191,0.01375,0.02530,0.03839
tam,private_calls,0,0.94661,0.99189,0.62056,0.66004
tam,private_calls,0,0.62528,0.01277,0.01100,0.01169
tam,private_calls,0,0.89718,0.04546,0.03967,0.05202
tam,private_calls,1,0.91083,0.04009,0.11311,0.21122
tam,private_calls,0,0.94661,0.68704,0.06009,0.08672
tam,private_calls,0,0.97401,0.00851,0.12251,0.17159
tam,private_calls,1,0.72017,0.98761,0.43509,0.68454
tam,private_calls,1,0.90076,0.99194,0.89805,0.96217
tam,private_calls,0,0.95228,0.04221,0.03083,0.05072
tam,private_calls,0,0.09924,0.00392,0.01283,0.01491
tam,private_calls,0,0.67017,0.00370,0.00766,0.00963
tam,private_calls,0,0.41230,0.00434,0.01621,0.03554
tam,private_calls,0,0.95403,0.99156,0.86646,0.85493
tam,private_calls,1,0.96335,0.98943,0.76962,0.83137
tam,private_calls,0,0.94031,0.17360,0.09602,0.08194
tam,private_calls,0,0.47049,0.00500,0.01235,0.01734
tam,private_calls,1,0.68735,0.77226,0.40824,0.42743
tam,private_calls,0,0.82856,0.00366,0.00740,0.00611
tam,private_calls,1,0.81112,0.81149,0.15545,0.23640
tam,private_calls,0,0.14042,0.00442,0.03380,0.13449
tam,private_calls,1,0.49015,0.70863,0.13383,0.32691
tam,private_calls,0,0.02407,0.00440,0.00992,0.01118
tam,private_calls,0,0.96472,0.01466,0.06288,0.06885
tam,private_calls,0,0.65253,0.00373,0.00621,0.00574
tam,private_calls,0,0.09924,0.00368,0.01083,0.01436
tam,private_calls,0,0.95573,0.00643,0.01125,0.01270
tam,private_calls,1,0.14524,0.08811,0.05847,0.22288
tam,private_calls,0,0.24921,0.00371,0.00575,0.00467
tam,private_calls,1,0.75809,0.92363,0.06719,0.35293
tam,private_calls,1,0.98599,0.99156,0.82352,0.91121
tam,private_calls,1,0.56849,0.99075,0.52848,0.41556
tam,private_calls,0,0.14042,0.00367,0.00876,0.01894
tam,private_calls,0,0.92283,0.15654,0.01989,0.02207
tam,private_calls,0,0.06426,0.04136,0.01984,0.01389
tam,private_calls,0,0.06194,0.00390,0.03344,0.07089
tam,private_calls,0,0.34747,0.00375,0.00622,0.00511
tam,private_calls,1,0.96335,0.99214,0.91294,0.93509
tam,private_calls,0,0.92559,0.00366,0.00766,0.01213
tam,private_calls,1,0.95403,0.99082,0.22588,0.55947
tam,private_calls,1,0.56849,0.99079,0.18308,0.31980
tam,private_calls,0,0.92559,0.04813,0.01996,0.03991
tam,private_calls,0,0.84980,0.00390,0.00888,0.01224
tam,private_calls,0,0.50000,0.00648,0.03025,0.03734
tam,private_calls,1,0.95737,0.99079,0.30728,0.81618
tam,private_calls,1,0.84980,0.97795,0.73056,0.87063
tam,private_calls,1,0.03953,0.99172,0.83889,0.92866
tam,private_calls,1,0.93574,0.99169,0.95442,0.96819
tam,private_calls,1,0.80502,0.99240,0.99140,0.99173
tam,private_calls,1,0.88576,0.06602,0.03678,0.05735
tam,private_calls,1,0.92283,0.96517,0.08954,0.27882
tam,private_calls,0,0.97084,0.98818,0.00914,0.02607
tam,private_calls,0,0.97684,0.99176,0.94396,0.97311
tam,private_calls,0,0.90422,0.00374,0.00774,0.01640
tam,private_calls,0,0.63447,0.00385,0.00774,0.00746
tam,private_calls,0,0.86882,0.00435,0.01233,0.02287
tam,private_calls,1,0.80502,0.98906,0.83368,0.90357
tam,private_calls,1,0.96194,0.98924,0.55691,0.75662
tam,private_calls,0,0.94031,0.59510,0.03498,0.06454
tam,private_calls,1,0.93806,0.99016,0.86547,0.95603
tam,private_calls,0,0.95737,0.99164,0.42544,0.41695
tam,private_calls,1,0.89349,0.00367,0.00910,0.01614
tam,private_calls,0,0.90422,0.00405,0.02346,0.03414
tam,private_calls,1,0.09242,0.00376,0.00605,0.00827
tam,private_calls,0,0.97299,0.01623,0.07865,0.27492
tam,private_calls,0,0.71216,0.02696,0.02903,0.04604
tam,private_calls,1,0.88968,0.99248,0.92303,0.95377
tam,private_calls,0,0.67017,0.00363,0.01080,0.01167
tam,private_calls,1,0.95228,0.99160,0.79981,0.93339
tam,private_calls,1,0.96194,0.99202,0.97278,0.97954
tam,private_calls,0,0.21420,0.00368,0.00615,0.00609
tam,private_calls,0,0.87325,0.00380,0.02039,0.02820
tam,private_calls,1,0.91398,0.97489,0.35987,0.84483
tam,private_calls,0,0.18888,0.00622,0.01878,0.02215
tam,private_calls,1,0.31265,0.97195,0.57958,0.86502
tam,private_calls,1,0.97855,0.99124,0.87833,0.93372
tam,private_calls,1,0.97593,0.95827,0.67307,0.77856
tam,private_calls,1,0.97855,0.66208,0.21314,0.54349
tam,private_calls,1,0.85958,0.98956,0.53987,0.68392
tam,private_calls,0,0.86427,0.01577,0.07339,0.09157
tam,private_calls,0,0.67017,0.00368,0.00734,0.00775
tam,private_calls,1,0.95228,0.99064,0.65826,0.88161
tam,private_calls,0,0.01457,0.00369,0.00705,0.00561
tam,private_calls,1,0.96731,0.99202,0.94296,0.96855
tam,private_calls,0,0.85958,0.09723,0.02579,0.04290
tam,private_calls,0,0.08297,0.00364,0.00773,0.00915
tam,private_calls,1,0.93806,0.98934,0.77012,0.79805
tam,private_calls,1,0.90076,0.99120,0.90893,0.96244
tam,private_calls,0,0.96731,0.00380,0.01084,0.01292
tam,private_calls,0,0.81708,0.94364,0.09970,0.21326
tam,private_calls,1,0.96472,0.98861,0.77851,0.93545
tam,private_calls,0,0.95228,0.61477,0.27242,0.61843
tam,private_calls,0,0.04263,0.00380,0.02867,0.06221
tam,private_calls,1,0.97771,0.99227,0.97178,0.98373
tam,private_calls,0,0.94458,0.93366,0.13521,0.24485
tam,private_calls,0,0.96047,0.99205,0.77398,0.82118
tam,private_calls,1,0.95737,0.78696,0.21225,0.46591
tam,private_calls,1,0.61601,0.98694,0.47022,0.71606
tam,private_calls,1,0.84980,0.00619,0.01039,0.01443
tam,private_calls,1,0.96047,0.99238,0.98193,0.98908
tam,private_calls,0,0.76524,0.00378,0.01094,0.01094
tam,private_calls,1,0.58770,0.98954,0.82883,0.92575
tam,private_calls,1,0.88576,0.94010,0.16704,0.51306
tam,private_calls,0,0.00913,0.00383,0.02019,0.04580
tam,private_calls,1,0.88576,0.00415,0.40168,0.66840
tam,private_calls,1,0.89718,0.99176,0.90574,0.97525
tam,private_calls,1,0.80502,0.99134,0.80071,0.92866
tam,private_calls,1,0.78580,0.99208,0.93518,0.96720
tam,private_calls,1,0.93574,0.99210,0.97848,0.98843
tam,private_calls,0,0.86882,0.00429,0.04621,0.04597
tam,private_calls,1,0.94458,0.99219,0.95278,0.97748
tam,private_calls,1,0.97401,0.03067,0.03426,0.25050
tam,private_calls,0,0.98162,0.99071,0.16937,0.47166
tam,private_calls,0,0.02806,0.50656,0.05055,0.19310
tam,private_calls,1,0.94249,0.33823,0.06532,0.14701
tam,private_calls,0,0.75079,0.00550,0.03790,0.03624
tam,private_calls,0,0.43151,0.00784,0.02479,0.06278
tam,private_calls,1,0.96047,0.99148,0.64988,0.81623
tam,private_calls,0,0.97401,0.97559,0.03996,0.03714
tam,private_calls,0,0.97401,0.00431,0.02448,0.10787
tam,private_calls,0,0.79235,0.00379,0.01023,0.01819
tam,private_calls,1,0.95573,0.99116,0.89067,0.95896
tam,private_calls,1,0.97937,0.99176,0.84803,0.97765
tam,private_calls,1,0.93806,0.98702,0.86289,0.97526
tam,private_calls,0,0.66141,0.00379,0.01233,0.01988
tam,private_calls,1,0.95228,0.98509,0.69505,0.91525
tam,private_calls,1,0.96047,0.99185,0.93921,0.96893
tam,private_calls,1,0.83947,0.00375,0.01082,0.01172
tam,private_calls,0,0.98299,0.98413,0.22266,0.56273
tam,private_calls,0,0.79235,0.00371,0.00956,0.01684
tam,private_calls,0,0.93083,0.00555,0.01310,0.02744
tam,private_calls,1,0.96971,0.09257,0.02981,0.06951
tam,private_calls,1,0.97499,0.99024,0.83422,0.93731
tam,private_calls,1,0.97499,0.99174,0.96776,0.98144
tam,private_calls,0,0.94031,0.00376,0.00695,0.00816
tam,private_calls,1,0.17144,0.00697,0.01174,0.03173
tam,private_calls,1,0.82856,0.98452,0.62481,0.89511
tam,private_calls,1,0.95895,0.99006,0.95878,0.98009
tam,private_calls,1,0.98426,0.96076,0.27996,0.82648
tam,private_calls,1,0.95573,0.99152,0.97646,0.98893
tam,private_calls,1,0.95228,0.99139,0.96959,0.97595
tam,private_calls,1,0.96971,0.61552,0.13206,0.32182
tam,private_calls,1,0.94031,0.99191,0.91400,0.93790
tam,private_calls,0,0.90422,0.00371,0.00615,0.00515
tam,private_calls,0,0.98299,0.99164,0.44161,0.67272
tam,private_calls,0,0.65253,0.00370,0.00726,0.00818
tam,private_calls,0,0.84980,0.00373,0.00609,0.00498
tam,private_calls,0,0.94031,0.00370,0.02064,0.02747
tam,private_calls,0,0.16053,0.00373,0.00678,0.00715
tam,private_calls,1,0.94031,0.98345,0.23881,0.43277
tam,private_calls,0,0.83947,0.00364,0.01529,0.03792
tam,private_calls,0,0.90422,0.00365,0.00736,0.01162
tam,private_calls,1,0.95895,0.99143,0.93612,0.95635
tam,private_calls,0,0.97299,0.00452,0.02785,0.02722
tam,private_calls,0,0.98162,0.77938,0.12568,0.26545
tam,private_calls,1,0.86427,0.98652,0.51188,0.89005
tam,private_calls,1,0.97084,0.99079,0.93903,0.95226
tam,private_calls,0,0.92559,0.34292,0.02174,0.01624
tam,private_calls,0,0.97593,0.99092,0.49267,0.47728
tam,private_calls,1,0.93333,0.99151,0.57542,0.76803
tam,private_calls,1,0.95045,0.99147,0.86213,0.93557
tam,private_calls,0,0.96194,0.99075,0.91690,0.95774
tam,private_calls,1,0.58770,0.99027,0.76484,0.92129
tam,private_calls,0,0.15020,0.89884,0.04323,0.04045
tam,private_calls,0,0.95737,0.34714,0.02442,0.07000
tam,private_calls,0,0.32118,0.00389,0.00801,0.00807
tam,private_calls,1,0.97499,0.98940,0.53226,0.83178
tam,private_calls,0,0.72017,0.00869,0.03436,0.04631
tam,private_calls,1,0.91398,0.97964,0.18297,0.14945
tam,private_calls,0,0.73576,0.98824,0.55347,0.86803
tam,private_calls,0,0.88968,0.00756,0.02469,0.03989
tam,private_calls,1,0.94031,0.98501,0.66846,0.75131
tam,private_calls,1,0.91398,0.02790,0.05348,0.08581
tam,private_calls,1,0.98801,0.99103,0.96078,0.97970
tam,private_calls,0,0.98364,0.03045,0.03143,0.04197
tam,private_calls,0,0.86427,0.98980,0.77694,0.95318
tam,private_calls,1,0.93333,0.83975,0.04662,0.11606
tam,private_calls,0,0.00878,0.00385,0.00704,0.00769
tam,private_calls,1,0.88576,0.00548,0.07157,0.12512
tam,private_calls,1,0.88171,0.99017,0.74903,0.87104
tam,private_calls,1,0.03806,0.96665,0.04815,0.24467
tam,private_calls,0,0.03665,0.00395,0.01384,0.01945
tam,private_calls,0,0.98162,0.04506,0.09239,0.21611
tam,private_calls,1,0.95228,0.99165,0.94823,0.97504
tam,private_calls,0,0.01296,0.00396,0.00813,0.00902
tam,private_calls,0,0.95045,0.00716,0.03710,0.08722
tam,private_calls,0,0.85476,0.00435,0.01525,0.01597
tam,private_calls,0,0.96731,0.00574,0.05034,0.09277
tam,private_calls,0,0.96731,0.00608,0.01142,0.00867
tam,private_calls,1,0.92283,0.97885,0.56028,0.81968
tam,private_calls,1,0.00844,0.05300,0.03461,0.13491
tam,private_calls,0,0.00812,0.00594,0.01993,0.03649
tam,private_calls,0,0.01026,0.00391,0.00617,0.00553
tam,private_calls,0,0.08297,0.00392,0.00655,0.00584
tam,private_calls,0,0.85476,0.00392,0.00626,0.00527
tam,private_calls,0,0.97299,0.00890,0.03986,0.04947
tam,private_calls,0,0.92559,0.00393,0.00724,0.00704
tam,private_calls,0,0.01026,0.00395,0.01316,0.02145
tam,private_calls,0,0.01514,0.00404,0.00788,0.02081
tam,private_calls,1,0.26424,0.90369,0.27118,0.69295
tam,private_calls,0,0.95737,0.00650,0.02504,0.07558
tam,private_calls,1,0.92559,0.98845,0.91627,0.95917
tam,private_calls,0,0.88968,0.00382,0.00712,0.00707
tam,private_calls,1,0.92825,0.98442,0.49842,0.92324
tam,private_calls,0,0.38399,0.00460,0.05451,0.29843
tam,private_calls,1,0.41230,0.99013,0.81975,0.84523
tam,private_calls,1,0.94249,0.99148,0.96495,0.98484
tam,private_calls,0,0.97855,0.59286,0.45496,0.86474
tam,private_calls,1,0.98232,0.99134,0.92355,0.95647
tam,private_calls,0,0.16053,0.00397,0.01472,0.01904
tam,private_calls,0,0.68735,0.98997,0.53336,0.70943
tam,private_calls,1,0.96971,0.99045,0.86444,0.90606
tam,private_calls,0,0.87754,0.13822,0.05382,0.05440
tam,private_calls,1,0.97299,0.04732,0.10282,0.18941
tam,private_calls,0,0.92283,0.98932,0.92007,0.95760
tam,private_calls,0,0.92559,0.00399,0.01200,0.01159
tam,private_calls,1,0.91997,0.05836,0.05953,0.14298
tam,private_calls,0,0.97937,0.98996,0.58885,0.76759
tam,private_calls,1,0.10282,0.98789,0.52013,0.91945
tam,private_calls,0,0.94458,0.00380,0.00868,0.00825
tam,private_calls,0,0.96194,0.04271,0.02210,0.01774
tam,private_calls,1,0.97937,0.98615,0.71943,0.94496
tam,private_calls,1,0.95573,0.99245,0.98821,0.98902
tam,private_calls,0,0.00878,0.00374,0.00941,0.01310
tam,private_calls,1,0.97194,0.98672,0.94078,0.94173
tam,private_calls,0,0.00668,0.00375,0.00580,0.00446
tam,private_calls,0,0.36553,0.07705,0.11150,0.65280
tam,private_calls,0,0.38399,0.00375,0.00550,0.00531
tam,private_calls,0,0.95895,0.00582,0.03798,0.07917
tam,private_calls,0,0.90422,0.00370,0.01030,0.01853
tam,private_calls,0,0.54908,0.00691,0.01313,0.02921
tam,private_calls,1,0.89718,0.99011,0.76433,0.86404
tam,private_calls,1,0.77909,0.86143,0.20521,0.64568
tam,private_calls,0,0.32983,0.00370,0.00926,0.01560
tam,private_calls,0,0.01574,0.00380,0.00759,0.01071
tam,private_calls,1,0.98543,0.99158,0.96694,0.98250
tam,private_calls,1,0.95895,0.88253,0.29238,0.80382
tam,private_calls,0,0.01109,0.00382,0.00861,0.01112
tam,private_calls,1,0.02229,0.00413,0.02587,0.17341
tam,private_calls,0,0.76524,0.95720,0.25984,0.33230
tam,private_calls,0,0.94857,0.00431,0.01821,0.08867
tam,private_calls,1,0.97084,0.98460,0.18799,0.31692
tam,private_calls,1,0.95045,0.98380,0.26379,0.37587
tam,private_calls,0,0.90422,0.99064,0.92724,0.97693
tam,private_calls,1,0.51968,0.99063,0.57163,0.74320
tam,private_calls,0,0.95228,0.98791,0.17510,0.20503
tam,private_calls,0,0.95737,0.75869,0.06684,0.07846
tam,private_calls,0,0.23476,0.00373,0.00729,0.00889
tam,private_calls,1,0.95737,0.00375,0.00698,0.01272
tam,private_calls,0,0.86882,0.00377,0.00817,0.01202
tam,private_calls,0,0.93333,0.00380,0.00748,0.01131
tam,private_calls,1,0.96853,0.99161,0.98111,0.98748
tam,private_calls,1,0.16591,0.40210,0.49036,0.56762
tam,private_calls,1,0.05969,0.98869,0.77725,0.85088
tam,private_calls,0,0.94031,0.97342,0.78153,0.91731
tam,private_calls,1,0.95045,0.99156,0.97210,0.98237
tam,private_calls,1,0.94857,0.99111,0.98758,0.99027
tam,private_calls,1,0.98426,0.99106,0.92667,0.92981
tam,private_calls,1,0.97499,0.00369,0.00608,0.00701
tam,private_calls,0,0.95228,0.00502,0.02202,0.02929
tam,private_calls,1,0.98364,0.99005,0.45774,0.46579
tam,private_calls,1,0.78580,0.95308,0.66515,0.84100
tam,private_calls,0,0.96335,0.01351,0.07443,0.11703
tam,private_calls,1,0.92283,0.98831,0.72821,0.88292
tam,private_calls,0,0.94249,0.00725,0.02803,0.02212
tam,private_calls,1,0.92559,0.99177,0.93602,0.97014
tam,private_calls,0,0.38399,0.00368,0.01993,0.02399
tam,private_calls,1,0.83409,0.99147,0.86312,0.93028
tam,private_calls,0,0.97593,0.04548,0.04890,0.06347
tam,private_calls,1,0.94661,0.99063,0.88148,0.93841
tam,private_calls,0,0.84470,0.00826,0.02098,0.02355
tam,private_calls,0,0.96853,0.00662,0.02425,0.02506
tam,private_calls,0,0.97593,0.00383,0.01283,0.01674
tam,private_calls,1,0.97401,0.99195,0.91086,0.96727
tam,private_calls,0,0.11424,0.00383,0.00701,0.00970
tam,private_calls,1,0.98162,0.99215,0.97569,0.97751
tam,private_calls,1,0.77224,0.99211,0.90860,0.94505
tam,private_calls,1,0.97593,0.98994,0.77151,0.86966
tam,private_calls,1,0.98599,0.99086,0.91014,0.96451
tam,private_calls,0,0.93574,0.00391,0.01877,0.01876
tam,private_calls,1,0.98090,0.99190,0.90720,0.95351
tam,private_calls,1,0.97194,0.98149,0.44249,0.40684
tam,private_calls,1,0.95737,0.99186,0.93365,0.96154
tam,private_calls,0,0.95737,0.98772,0.81705,0.83771
tam,private_calls,0,0.80502,0.00375,0.00625,0.00584
tam,private_calls,0,0.96335,0.02471,0.05207,0.05098
tam,private_calls,1,0.89349,0.96340,0.30506,0.41358
tam,private_calls,0,0.00642,0.00376,0.00550,0.00399
tam,private_calls,0,0.89349,0.99023,0.92269,0.95087
tam,private_calls,1,0.60665,0.98799,0.77217,0.73117
tam,private_calls,0,0.02407,0.00378,0.01027,0.01269
tam,private_calls,1,0.98090,0.99197,0.92105,0.95444
tam,private_calls,1,0.90422,0.84243,0.13544,0.19631
tam,private_calls,1,0.97084,0.99166,0.84519,0.89685
tam,private_calls,1,0.98704,0.99129,0.91032,0.94182
tam,private_calls,1,0.95573,0.99021,0.24530,0.25959
tam,private_calls,0,0.91703,0.15025,0.05377,0.06081
tam,private_calls,1,0.96335,0.99077,0.88886,0.90973
tam,private_calls,1,0.98299,0.97228,0.31614,0.53825
tam,private_calls,1,0.93083,0.99169,0.79883,0.83796
tam,private_calls,1,0.71216,0.00448,0.05965,0.05348
tam,private_calls,1,0.97084,0.98912,0.92049,0.97538
tam,private_calls,0,0.07717,0.00371,0.00554,0.00558
tam,private_calls,1,0.89718,0.97924,0.30455,0.31835
tam,private_calls,1,0.96047,0.59216,0.03034,0.03673
tam,private_calls,0,0.01348,0.00377,0.01093,0.01178
tam,private_calls,1,0.86427,0.00487,0.05556,0.17168
tam,private_calls,1,0.98364,0.96987,0.25447,0.61608
tam,private_calls,0,0.98364,0.23229,0.04801,0.05841
tam,private_calls,1,0.68735,0.98969,0.57704,0.67409
tam,private_calls,1,0.49015,0.80250,0.27428,0.59412
tam,private_calls,0,0.09578,0.00377,0.00588,0.00480
tam,private_calls,0,0.03953,0.00370,0.00647,0.00654
tam,private_calls,0,0.97855,0.00398,0.01563,0.02040
tam,private_calls,0,0.96047,0.00685,0.02040,0.03382
tam,private_calls,1,0.97855,0.98855,0.75316,0.83197
tam,private_calls,1,0.98162,0.99251,0.79532,0.87230
tam,private_calls,0,0.02229,0.00374,0.00592,0.00462
tam,private_calls,0,0.32118,0.01874,0.04758,0.06638
tam,private_calls,0,0.95045,0.00447,0.02194,0.02085
tam,private_calls,1,0.94249,0.97969,0.08479,0.17675
tam,private_calls,0,0.94458,0.98283,0.50989,0.58486
tam,private_calls,1,0.97194,0.00569,0.29692,0.27694
tam,private_calls,0,0.83947,0.00368,0.01037,0.01383
tam,private_calls,0,0.88171,0.97899,0.09421,0.06530
tam,private_calls,1,0.93806,0.99171,0.57490,0.65256
tam,private_calls,0,0.96604,0.00420,0.00768,0.01517
tam,private_calls,1,0.98704,0.98821,0.64210,0.81901
tam,private_calls,0,0.93333,0.00372,0.00611,0.00581
tam,private_calls,1,0.97499,0.54338,0.19706,0.30834
tam,private_calls,1,0.98015,0.99129,0.65173,0.81756
tam,private_calls,1,0.98015,0.03576,0.23041,0.40575
tam,private_calls,1,0.95045,0.98804,0.71344,0.84959
tam,private_calls,1,0.96047,0.95196,0.11694,0.05310
tam,private_calls,0,0.93333,0.00399,0.01504,0.01945
tam,private_calls,1,0.97937,0.99202,0.92921,0.94412
tam,private_calls,0,0.02701,0.00367,0.00827,0.01063
tam,private_calls,0,0.95895,0.01536,0.04229,0.05299
tam,private_calls,0,0.86882,0.97881,0.36420,0.42732
tam,private_calls,1,0.82290,0.99145,0.48963,0.56610
tam,private_calls,0,0.69575,0.00376,0.01422,0.01945
tam,private_calls,1,0.97593,0.98977,0.65457,0.77357
tam,private_calls,1,0.05969,0.99032,0.07098,0.08359
tam,private_calls,0,0.94031,0.00712,0.04478,0.04189
tam,private_calls,1,0.94661,0.98755,0.15123,0.12110
tam,private_calls,1,0.94857,0.98996,0.50365,0.32413
tam,private_calls,0,0.78580,0.00540,0.01379,0.01132
tam,private_calls,1,0.94031,0.97014,0.13700,0.19107
tam,private_calls,0,0.91398,0.99071,0.41625,0.49056
tam,private_calls,0,0.96335,0.03355,0.14834,0.22879
tam,private_calls,1,0.97684,0.98672,0.67718,0.83382
tam,private_calls,1,0.95737,0.99036,0.58848,0.68515
tam,private_calls,0,0.80502,0.00390,0.01701,0.02138
tam,private_calls,0,0.77909,0.00389,0.02999,0.06046
tam,private_calls,0,0.05969,0.00386,0.01375,0.02521
tam,private_calls,0,0.93574,0.70000,0.04017,0.07985
tam,private_calls,1,0.97401,0.99179,0.34326,0.30834
tam,private_calls,1,0.97299,0.00396,0.04335,0.05341
tam,private_calls,1,0.96472,0.92385,0.12194,0.20277
tam,private_calls,1,0.97299,0.98765,0.64809,0.86162
tam,private_calls,1,0.03665,0.35745,0.02180,0.06936
tam,private_calls,1,0.95403,0.03818,0.04891,0.06163
tam,private_calls,0,0.18292,0.00394,0.00681,0.00525
tam,private_calls,0,0.04597,0.00386,0.00698,0.00562
tam,private_calls,0,0.98090,0.90587,0.05857,0.05775
tam,private_calls,0,0.10651,0.69176,0.10914,0.15550
tam,private_calls,0,0.03528,0.00441,0.03094,0.03505
tam,private_calls,1,0.92825,0.98982,0.80717,0.93376
tam,private_calls,1,0.86427,0.90203,0.18943,0.44146
tam,private_calls,0,0.97084,0.87872,0.17695,0.27170
tam,private_calls,0,0.97937,0.98197,0.08811,0.07839
tam,private_calls,0,0.20124,0.00390,0.00997,0.01331
tam,private_calls,0,0.08917,0.06536,0.01301,0.02330
tel,private_calls,1,0.93574,0.54350,0.34735,0.80209
tel,private_calls,1,0.95403,0.99167,0.58439,0.76973
tel,private_calls,1,0.94249,0.98317,0.09804,0.09670
tel,private_calls,1,0.97299,0.68179,0.45956,0.66036
tel,private_calls,1,0.98364,0.99107,0.23260,0.26215
tel,private_calls,0,0.97084,0.04794,0.13130,0.08280
tel,private_calls,0,0.41230,0.00411,0.01662,0.02753
tel,private_calls,0,0.57813,0.00501,0.01226,0.01706
tel,private_calls,1,0.91398,0.98989,0.28165,0.63253
tel,private_calls,1,0.91997,0.96936,0.51771,0.38356
tel,private_calls,0,0.97937,0.00398,0.00682,0.00683
tel,private_calls,1,0.73576,0.69648,0.03287,0.03700
tel,private_calls,0,0.96971,0.00451,0.01856,0.02559
tel,private_calls,1,0.96194,0.99241,0.97387,0.97723
tel,private_calls,1,0.06194,0.55990,0.04918,0.19980
tel,private_calls,0,0.01910,0.00412,0.01588,0.03239
tel,private_calls,1,0.97684,0.99210,0.86727,0.93211
tel,private_calls,1,0.64355,0.31277,0.03686,0.04910
tel,private_calls,0,0.58770,0.00448,0.02336,0.04268
tel,private_calls,1,0.97084,0.99045,0.71871,0.83574
tel,private_calls,0,0.37472,0.00458,0.02041,0.02396
tel,private_calls,1,0.37472,0.98944,0.74408,0.82232
tel,private_calls,1,0.26424,0.99193,0.84531,0.97470
tel,private_calls,1,0.93083,0.99213,0.18268,0.43240
tel,private_calls,1,0.01636,0.97732,0.05497,0.12198
tel,private_calls,0,0.96047,0.98546,0.10621,0.12010
tel,private_calls,1,0.62528,0.99156,0.83744,0.94558
tel,private_calls,0,0.11032,0.00534,0.02114,0.01734
tel,private_calls,0,0.09578,0.89836,0.04996,0.06393
tel,private_calls,0,0.85958,0.97167,0.03693,0.06806
tel,private_calls,1,0.66141,0.99189,0.90067,0.96394
tel,private_calls,0,0.05969,0.94443,0.06404,0.08243
tel,private_calls,0,0.34747,0.03807,0.02559,0.05258
tel,private_calls,0,0.03029,0.00915,0.01630,0.04150
tel,private_calls,1,0.97194,0.99067,0.85314,0.91142
tel,private_calls,1,0.85958,0.99237,0.96864,0.97863
tel,private_calls,0,0.95045,0.75573,0.06935,0.12530
tel,private_calls,0,0.02916,0.00357,0.00608,0.00461
tel,private_calls,0,0.83409,0.12255,0.14791,0.27214
tel,private_calls,1,0.97771,0.95954,0.73376,0.84073
tel,private_calls,0,0.50000,0.98866,0.04065,0.04680
tel,private_calls,0,0.75809,0.00352,0.00996,0.01231
tel,private_calls,1,0.97593,0.99249,0.98264,0.98234
tel,private_calls,0,0.40279,0.00500,0.04091,0.03971
tel,private_calls,0,0.96472,0.02357,0.02334,0.02123
tel,private_calls,1,0.94249,0.98809,0.80935,0.84535
tel,private_calls,0,0.52951,0.32096,0.02671,0.02284
tel,private_calls,1,0.98162,0.99156,0.95019,0.96368
tel,private_calls,0,0.70402,0.01555,0.01631,0.01840
tel,private_calls,1,0.32983,0.99201,0.95228,0.95632
tel,private_calls,0,0.00668,0.00986,0.05830,0.06733
tel,private_calls,0,0.01457,0.00386,0.01045,0.01069
tel,private_calls,0,0.22776,0.00365,0.00767,0.00736
tel,private_calls,1,0.21420,0.99239,0.98583,0.98802
tel,private_calls,1,0.96604,0.99262,0.48564,0.77933
tel,private_calls,1,0.98232,0.99236,0.83224,0.89597
tel,private_calls,1,0.84980,0.99208,0.92308,0.94507
tel,private_calls,0,0.90758,0.99200,0.26151,0.26212
tel,private_calls,0,0.89718,0.91184,0.19331,0.17649
tel,private_calls,0,0.91083,0.00369,0.00864,0.00860
tel,private_calls,1,0.79235,0.98471,0.45005,0.69030
tel,private_calls,0,0.94857,0.00363,0.00829,0.01516
tel,private_calls,0,0.96335,0.98684,0.11147,0.19868
tel,private_calls,1,0.83947,0.66697,0.07789,0.08574
tel,private_calls,1,0.98543,0.99148,0.82899,0.85897
tel,private_calls,1,0.95895,0.99182,0.95529,0.96428
tel,private_calls,0,0.27196,0.00416,0.01370,0.01553
tel,private_calls,0,0.98299,0.96441,0.61467,0.71108
tel,private_calls,1,0.98846,0.99231,0.96423,0.97659
tel,private_calls,0,0.35645,0.00427,0.01296,0.01760
tel,private_calls,0,0.82290,0.00357,0.00833,0.01075
tel,private_calls,0,0.94458,0.97543,0.09268,0.07721
tel,private_calls,0,0.03806,0.00368,0.01453,0.01840
tel,private_calls,1,0.98426,0.99239,0.81183,0.91213
tel,private_calls,0,0.83947,0.01950,0.04159,0.03858
tel,private_calls,1,0.86427,0.98933,0.51895,0.70963
tel,private_calls,0,0.35645,0.03894,0.08215,0.05968
tel,private_calls,1,0.97401,0.98909,0.63653,0.75400
tel,private_calls,0,0.91703,0.08572,0.05234,0.05622
tel,private_calls,1,0.98364,0.93746,0.08976,0.18142
tel,private_calls,0,0.87754,0.98954,0.85499,0.88924
tel,private_calls,0,0.01457,0.00362,0.00714,0.00716
tel,private_calls,0,0.84980,0.00377,0.01134,0.02879
tel,private_calls,0,0.02916,0.00355,0.00755,0.00761
tel,private_calls,0,0.88968,0.00987,0.02537,0.03046
tel,private_calls,1,0.79876,0.99174,0.95356,0.97185
tel,private_calls,1,0.97499,0.99204,0.90494,0.93878
tel,private_calls,1,0.97937,0.99219,0.94069,0.96684
tel,private_calls,1,0.97937,0.99220,0.95295,0.97715
tel,private_calls,1,0.98090,0.99238,0.97614,0.98281
tel,private_calls,0,0.08003,0.00362,0.00682,0.00618
tel,private_calls,1,0.96853,0.99206,0.94516,0.96300
tel,private_calls,1,0.97299,0.99187,0.95787,0.96567
tel,private_calls,0,0.00781,0.00361,0.00614,0.00439
tel,private_calls,0,0.17710,0.00360,0.00731,0.00626
tel,private_calls,1,0.98652,0.99034,0.79446,0.89206
tel,private_calls,1,0.98364,0.99197,0.15988,0.27458
tel,private_calls,1,0.98232,0.99196,0.92755,0.94229
tel,private_calls,1,0.98426,0.99245,0.91778,0.94325
tel,private_calls,0,0.96731,0.95411,0.18605,0.33017
tel,private_calls,0,0.01574,0.00375,0.00756,0.00818
tel,private_calls,1,0.98090,0.99220,0.97401,0.98041
tel,private_calls,0,0.97684,0.00415,0.01379,0.02259
tel,private_calls,1,0.98486,0.99235,0.97594,0.97999
tel,private_calls,1,0.98426,0.99217,0.98996,0.99044
tel,private_calls,0,0.98162,0.99241,0.84034,0.87339
tel,private_calls,1,0.92825,0.99162,0.49871,0.70695
tel,private_calls,1,0.96472,0.39167,0.15420,0.18983
tel,private_calls,0,0.95573,0.99185,0.43572,0.36688
tel,private_calls,1,0.77909,0.99248,0.95199,0.96890
tel,private_calls,1,0.98543,0.99228,0.98832,0.98996
tel,private_calls,1,0.98426,0.99174,0.96768,0.97422
tel,private_calls,1,0.97194,0.99109,0.98683,0.98685
tel,private_calls,1,0.98599,0.99093,0.96278,0.96095
tel,private_calls,1,0.98090,0.99113,0.93351,0.93701
tel,private_calls,0,0.06667,0.00426,0.02686,0.03703
tel,private_calls,0,0.75809,0.02580,0.11660,0.07435
tel,private_calls,0,0.40279,0.00415,0.02397,0.02796
tel,private_calls,1,0.97401,0.82500,0.29853,0.22894
tel,private_calls,1,0.94031,0.04372,0.36435,0.20749
tel,private_calls,0,0.57813,0.98988,0.52699,0.70545
tel,private_calls,1,0.79876,0.99212,0.79939,0.81228
tel,private_calls,0,0.81708,0.99186,0.96122,0.97491
tel,private_calls,0,0.05751,0.00379,0.01180,0.01315
tel,private_calls,1,0.96194,0.99225,0.97573,0.97822
tel,private_calls,0,0.03147,0.00378,0.00581,0.00470
tel,private_calls,0,0.06667,0.00381,0.00559,0.00463
tel,private_calls,1,0.94458,0.98735,0.90386,0.92077
tel,private_calls,0,0.83409,0.27389,0.13330,0.19112
tel,private_calls,0,0.94249,0.00404,0.01734,0.02238
tel,private_calls,1,0.93083,0.99149,0.47009,0.52032
tel,private_calls,1,0.91997,0.51412,0.43108,0.68158
tel,private_calls,1,0.93333,0.99125,0.88115,0.93131
tel,private_calls,0,0.20124,0.00371,0.00753,0.00743
tel,private_calls,0,0.05143,0.02254,0.06112,0.15061
tel,private_calls,0,0.02063,0.00397,0.02755,0.03050
tel,private_calls,0,0.95403,0.99247,0.97470,0.98055
tel,private_calls,0,0.93574,0.97799,0.26486,0.19120
tel,private_calls,1,0.97401,0.99247,0.97281,0.97587
tel,private_calls,0,0.92559,0.00381,0.01739,0.01973
tel,private_calls,1,0.91997,0.04098,0.06779,0.11038
tel,private_calls,0,0.94031,0.01060,0.06155,0.04724
tel,private_calls,0,0.89349,0.95150,0.83017,0.92071
tel,private_calls,0,0.51968,0.99146,0.56284,0.79834
tel,private_calls,0,0.72804,0.98486,0.70533,0.71782
tel,private_calls,1,0.38399,0.99232,0.93287,0.96470
tel,private_calls,0,0.78580,0.99021,0.39430,0.43940
tel,private_calls,1,0.98162,0.99226,0.98107,0.98277
tel,private_calls,1,0.95895,0.99218,0.70642,0.80387
tel,private_calls,0,0.95045,0.98325,0.38467,0.35762
tel,private_calls,1,0.93574,0.06456,0.10466,0.08028
tel,private_calls,0,0.12246,0.00366,0.01474,0.01648
tel,private_calls,0,0.93083,0.00613,0.04951,0.03676
tel,private_calls,1,0.94031,0.96457,0.32881,0.53405
tel,private_calls,0,0.72017,0.00369,0.00700,0.00653
tel,private_calls,1,0.72804,0.94770,0.74570,0.69611
tel,private_calls,1,0.98486,0.99204,0.80084,0.75181
tel,private_calls,1,0.97684,0.99221,0.95137,0.96002
tel,private_calls,0,0.00781,0.00383,0.00551,0.00401
tel,private_calls,0,0.78580,0.00660,0.02163,0.05197
tel,private_calls,0,0.14042,0.00370,0.00891,0.00928
tel,private_calls,1,0.42187,0.99126,0.87886,0.90484
tel,private_calls,0,0.91398,0.31184,0.08859,0.09704
tel,private_calls,0,0.75809,0.98661,0.13248,0.14329
tel,private_calls,1,0.96604,0.99048,0.94237,0.93340
tel,private_calls,0,0.74335,0.00420,0.01908,0.02172
tel,private_calls,0,0.59721,0.75641,0.10978,0.06712
tel,private_calls,0,0.50985,0.00382,0.00843,0.01060
tel,private_calls,0,0.87754,0.98148,0.57589,0.76750
tel,private_calls,1,0.98015,0.99230,0.96091,0.97841
tel,private_calls,0,0.90422,0.00444,0.00825,0.01166
tel,private_calls,1,0.88171,0.99121,0.81223,0.85271
tel,private_calls,0,0.97855,0.99241,0.94513,0.91152
tel,private_calls,0,0.96194,0.00404,0.01829,0.02588
tel,private_calls,0,0.83409,0.02410,0.08894,0.07368
tel,private_calls,1,0.95045,0.99199,0.91669,0.96318
tel,private_calls,1,0.98704,0.98960,0.76175,0.85195
tel,private_calls,1,0.92283,0.99053,0.48794,0.61515
tel,private_calls,0,0.24921,0.07594,0.03248,0.03055
tel,private_calls,0,0.95573,0.98055,0.21043,0.22351
tel,private_calls,1,0.97084,0.99014,0.90761,0.91064
tel,private_calls,1,0.93333,0.98779,0.72036,0.76461
tel,private_calls,0,0.94458,0.00487,0.03060,0.04770
tel,private_calls,1,0.75079,0.04874,0.11117,0.11467
tel,private_calls,0,0.67017,0.99174,0.90132,0.93758
tel,private_calls,0,0.96047,0.00953,0.05277,0.05264
tel,private_calls,0,0.04105,0.00374,0.00737,0.00556
tel,private_calls,0,0.04427,0.00373,0.00852,0.00620
tel,private_calls,1,0.29598,0.99101,0.93857,0.94268
tel,private_calls,1,0.01067,0.03084,0.05253,0.06033
tel,private_calls,0,0.93806,0.01065,0.04608,0.03936
tel,private_calls,0,0.90076,0.00399,0.01278,0.01481
tel,private_calls,1,0.97299,0.99206,0.62505,0.60501
tel,private_calls,0,0.98364,0.99216,0.58800,0.74961
tel,private_calls,1,0.96335,0.99202,0.43718,0.46755
tel,private_calls,1,0.98015,0.99174,0.14851,0.06746
tel,private_calls,1,0.98364,0.99217,0.66419,0.59937
tel,private_calls,0,0.94661,0.45270,0.07291,0.06431
tel,private_calls,1,0.97299,0.99146,0.30270,0.41855
tel,private_calls,1,0.98486,0.99228,0.75964,0.75293
tel,private_calls,0,0.96335,0.97416,0.09637,0.18856
tel,private_calls,1,0.88171,0.97144,0.05300,0.06451
tel,private_calls,1,0.97684,0.99010,0.08360,0.13778
tel,private_calls,1,0.95228,0.99240,0.97814,0.97785
tel,private_calls,0,0.95737,0.00374,0.00713,0.00585
tel,private_calls,1,0.97499,0.12136,0.37410,0.52556
tel,private_calls,0,0.93806,0.42124,0.07323,0.07289
tel,private_calls,0,0.01457,0.01858,0.03260,0.04057
tel,private_calls,0,0.96335,0.99193,0.70486,0.71046
tel,private_calls,0,0.92825,0.90004,0.11600,0.16675
tel,private_calls,1,0.94661,0.98902,0.25842,0.26252
tel,private_calls,0,0.01910,0.00377,0.00956,0.01117
tel,private_calls,1,0.96971,0.99239,0.96354,0.95913
tel,private_calls,0,0.96047,0.99206,0.86142,0.89050
tel,private_calls,1,0.97593,0.99232,0.98831,0.98825
tel,private_calls,0,0.84980,0.98403,0.19892,0.16577
tel,private_calls,0,0.27983,0.93307,0.09862,0.09344
tel,private_calls,0,0.97499,0.99238,0.95404,0.96104
tel,private_calls,1,0.94031,0.99207,0.94972,0.96377
tel,private_calls,0,0.00913,0.00376,0.00735,0.00582
tel,private_calls,1,0.98090,0.99240,0.97251,0.97025
tel,private_calls,1,0.93333,0.99179,0.97439,0.97676
tel,private_calls,0,0.97084,0.99147,0.91067,0.87594
tel,private_calls,1,0.97855,0.99148,0.93557,0.94970
tel,private_calls,0,0.79876,0.83752,0.10861,0.19723
tel,private_calls,0,0.94661,0.06804,0.11824,0.11996
tel,private_calls,1,0.03396,0.96653,0.45054,0.68876
tel,private_calls,1,0.97401,0.99236,0.98579,0.98606
tel,private_calls,0,0.97499,0.62896,0.09007,0.11176
tel,private_calls,1,0.96335,0.98957,0.91069,0.95531
tel,private_calls,1,0.93083,0.98989,0.91126,0.89203
tel,private_calls,1,0.96731,0.98628,0.22377,0.35079
tel,private_calls,0,0.03269,0.00373,0.00863,0.01066
tel,private_calls,0,0.03396,0.00372,0.00683,0.00867
tel,private_calls,0,0.83409,0.00385,0.02186,0.02868
tel,private_calls,1,0.97499,0.99074,0.95719,0.97955
tel,private_calls,0,0.97499,0.53537,0.02845,0.04895
tel,private_calls,0,0.68735,0.00369,0.00706,0.00764
tel,private_calls,0,0.90422,0.98685,0.37261,0.46263
tel,private_calls,0,0.97593,0.98039,0.29559,0.38209
tel,private_calls,1,0.95045,0.00561,0.14116,0.48604
tel,private_calls,0,0.98652,0.98652,0.25753,0.15986
tel,private_calls,0,0.49015,0.00377,0.00631,0.00540
tel,private_calls,0,0.08003,0.00380,0.00615,0.00840
tel,private_calls,1,0.97684,0.99175,0.97755,0.98515
tel,private_calls,0,0.96335,0.00374,0.00768,0.01075
tel,private_calls,1,0.97299,0.99242,0.97208,0.98260
tel,private_calls,0,0.71216,0.77480,0.02385,0.02003
tel,private_calls,1,0.98299,0.99149,0.95964,0.96473
tel,private_calls,1,0.14524,0.00420,0.06219,0.26960
tel,private_calls,1,0.38399,0.98764,0.88593,0.96103
tel,private_calls,0,0.16591,0.00405,0.02008,0.05431
tel,private_calls,0,0.83409,0.00379,0.00636,0.01036
tel,private_calls,0,0.00618,0.00376,0.00635,0.00683
tel,private_calls,0,0.11424,0.99170,0.91348,0.94897
tel,private_calls,0,0.03147,0.00395,0.01324,0.01333
tel,private_calls,1,0.84470,0.99195,0.95389,0.97297
tel,private_calls,1,0.97684,0.92649,0.74717,0.91457
tel,private_calls,1,0.96853,0.98586,0.44052,0.82291
tel,private_calls,0,0.00751,0.00376,0.00605,0.00485
tel,private_calls,1,0.16053,0.94695,0.89358,0.97402
tel,private_calls,1,0.98933,0.99247,0.92306,0.96920
tel,private_calls,1,0.96731,0.99093,0.35342,0.71979
tel,private_calls,1,0.98753,0.99074,0.43705,0.85693
tel,private_calls,1,0.98753,0.05532,0.04526,0.08340
tel,private_calls,0,0.04597,0.00389,0.00558,0.00431
tel,private_calls,0,0.23476,0.00367,0.00770,0.00910
tel,private_calls,0,0.40279,0.00391,0.01411,0.01983
tel,private_calls,1,0.98232,0.98752,0.24504,0.28857
tel,private_calls,1,0.97194,0.99162,0.73061,0.76527
tel,private_calls,1,0.98652,0.99031,0.44079,0.68199
tel,private_calls,1,0.97593,0.91694,0.10041,0.16357
tel,private_calls,0,0.01154,0.00375,0.00729,0.00888
tel,private_calls,1,0.95895,0.99178,0.93896,0.93374
tel,private_calls,0,0.96335,0.78031,0.03595,0.02707
tel,private_calls,1,0.96335,0.99175,0.84039,0.92062
tel,private_calls,1,0.96047,0.99189,0.85735,0.85852
tel,private_calls,0,0.91703,0.95308,0.06616,0.18363
tel,private_calls,0,0.98299,0.00615,0.03782,0.10808
tel,private_calls,1,0.93806,0.99165,0.81809,0.91230
tel,private_calls,1,0.94249,0.99112,0.94252,0.95951
tel,private_calls,0,0.97299,0.00380,0.01448,0.01674
tel,private_calls,0,0.96853,0.00370,0.00902,0.02067
tel,private_calls,1,0.93574,0.98694,0.88389,0.93698
tel,private_calls,1,0.93574,0.98937,0.94901,0.97227
tel,private_calls,1,0.98426,0.98149,0.71608,0.86060
tel,private_calls,0,0.98486,0.96876,0.36943,0.22170
tel,private_calls,1,0.98704,0.99067,0.95203,0.95410
tel,private_calls,1,0.97937,0.98675,0.39143,0.65755
tel,private_calls,0,0.95045,0.02618,0.04105,0.09120
tel,private_calls,1,0.91703,0.98774,0.73721,0.87659
tel,private_calls,0,0.97937,0.96850,0.10078,0.20574
tel,private_calls,1,0.97194,0.86811,0.17371,0.28778
tel,private_calls,0,0.98364,0.05439,0.02292,0.02146
tel,private_calls,0,0.72017,0.00371,0.00647,0.00603
tel,private_calls,1,0.97593,0.98792,0.21712,0.41864
tel,private_calls,0,0.97499,0.00836,0.06457,0.06689
tel,private_calls,0,0.97855,0.99206,0.97808,0.98413
tel,private_calls,0,0.98090,0.95696,0.14136,0.21349
tel,private_calls,1,0.98704,0.99140,0.46308,0.84245
tel,private_calls,0,0.97684,0.97521,0.24383,0.14769
tel,private_calls,1,0.95895,0.99217,0.94099,0.96585
tel,private_calls,1,0.98426,0.99137,0.94421,0.93545
tel,private_calls,0,0.96335,0.00713,0.02793,0.02077
tel,private_calls,0,0.97855,0.94379,0.02753,0.03038
tel,private_calls,0,0.98232,0.00375,0.00703,0.00596
tel,private_calls,0,0.97499,0.98018,0.25298,0.30143
tel,private_calls,0,0.98232,0.98649,0.36885,0.38890
tel,private_calls,1,0.98543,0.99227,0.96814,0.97779
tel,private_calls,0,0.98015,0.00407,0.00971,0.00843
tel,private_calls,0,0.95737,0.99160,0.35346,0.24752
tel,private_calls,1,0.27983,0.98893,0.60859,0.64354
tel,private_calls,0,0.95228,0.00645,0.01247,0.01366
tel,private_calls,0,0.98162,0.99167,0.69990,0.76283
tel,private_calls,0,0.61601,0.98900,0.22339,0.58590
tel,private_calls,0,0.92559,0.00372,0.00840,0.01012
tel,private_calls,0,0.77909,0.00370,0.00743,0.00834
tel,private_calls,1,0.92283,0.99239,0.90961,0.91561
tel,private_calls,1,0.93333,0.07283,0.23087,0.34611
tel,private_calls,1,0.96472,0.99039,0.86510,0.88551
tel,private_calls,0,0.97593,0.11886,0.02944,0.05416
tel,private_calls,0,0.95403,0.00389,0.01892,0.02319
tel,private_calls,0,0.00878,0.00376,0.00575,0.00450
tel,private_calls,0,0.04427,0.00373,0.04003,0.06261
tel,private_calls,0,0.95045,0.86012,0.15614,0.23515
tel,private_calls,1,0.90076,0.98480,0.73103,0.87828
tel,private_calls,0,0.92283,0.00376,0.01211,0.01286
tel,private_calls,0,0.96472,0.00708,0.05821,0.06835
tel,private_calls,1,0.97499,0.00369,0.00846,0.00891
tel,private_calls,0,0.88968,0.00388,0.02020,0.01870
tel,private_calls,1,0.93083,0.98951,0.66352,0.70723
tel,private_calls,0,0.03147,0.01817,0.08463,0.10023
tel,private_calls,0,0.78580,0.02691,0.13267,0.18614
tel,private_calls,1,0.92825,0.07085,0.30219,0.45122
tel,private_calls,0,0.86882,0.00372,0.00769,0.00821
tel,private_calls,1,0.98090,0.99173,0.93158,0.93968
tel,private_calls,1,0.81708,0.01478,0.08659,0.12265
tel,private_calls,1,0.96047,0.99240,0.88072,0.93273
tel,private_calls,0,0.98891,0.99144,0.82129,0.78422
tel,private_calls,1,0.52951,0.86320,0.34441,0.70303
tel,private_calls,1,0.96731,0.08650,0.88481,0.78310
tel,private_calls,0,0.02701,0.00374,0.00657,0.00666
tel,private_calls,0,0.88576,0.53177,0.21224,0.33392
tel,private_calls,0,0.10282,0.00373,0.00607,0.00527
tel,private_calls,0,0.72017,0.00457,0.04431,0.15476
tel,private_calls,1,0.93806,0.99226,0.97938,0.98062
tel,private_calls,0,0.66141,0.00376,0.00700,0.00748
tel,private_calls,0,0.82290,0.98572,0.22050,0.27821
tel,private_calls,0,0.00571,0.00371,0.00644,0.00694
tel,private_calls,1,0.87325,0.96694,0.55794,0.68632
tel,private_calls,0,0.61601,0.00374,0.01133,0.01831
tel,private_calls,0,0.95403,0.00390,0.02007,0.02313
tel,private_calls,0,0.05143,0.00376,0.00734,0.00859
tel,private_calls,1,0.04597,0.97698,0.75656,0.86816
tel,private_calls,1,0.95403,0.96328,0.82062,0.93289
tel,private_calls,0,0.26424,0.00394,0.00916,0.01221
tel,private_calls,1,0.96853,0.99165,0.89274,0.93347
tel,private_calls,0,0.64355,0.08410,0.01825,0.02226
tel,private_calls,0,0.96604,0.98929,0.20934,0.34556
tel,private_calls,0,0.09924,0.00456,0.00711,0.01204
tel,private_calls,1,0.84470,0.99241,0.98865,0.99056
tel,private_calls,1,0.98162,0.99145,0.72544,0.82910
tel,private_calls,1,0.95403,0.97079,0.28188,0.41199
tel,private_calls,1,0.80502,0.99153,0.94451,0.97706
tel,private_calls,0,0.95403,0.00410,0.01827,0.03201
tel,private_calls,1,0.94857,0.98436,0.04147,0.05342
tel,private_calls,1,0.32118,0.01741,0.02596,0.04013
tel,private_calls,0,0.96472,0.00741,0.02667,0.09746
tel,private_calls,0,0.71216,0.00393,0.00882,0.01650
tel,private_calls,0,0.95045,0.00412,0.02777,0.03147
tel,private_calls,1,0.95403,0.27867,0.06977,0.16563
tel,private_calls,0,0.95895,0.96707,0.07887,0.05617
tel,private_calls,0,0.83947,0.00374,0.01201,0.01217
tel,private_calls,0,0.12675,0.00380,0.00809,0.00778
tel,private_calls,0,0.93333,0.00716,0.03312,0.03913
tel,private_calls,0,0.19498,0.98869,0.04249,0.05280
tel,private_calls,0,0.62528,0.03535,0.05015,0.06074
tel,private_calls,1,0.95045,0.00372,0.00987,0.00979
tel,private_calls,0,0.86882,0.00368,0.01014,0.01208
tel,private_calls,1,0.97401,0.01304,0.01926,0.04093
tel,private_calls,1,0.10651,0.92400,0.04681,0.03212
tel,private_calls,0,0.03029,0.00371,0.00700,0.00653
tel,private_calls,0,0.39335,0.96395,0.03154,0.03517
tel,private_calls,0,0.50000,0.00373,0.00830,0.00916
tel,private_calls,0,0.48032,0.00383,0.01560,0.01084
tel,private_calls,0,0.97937,0.06667,0.24333,0.28842
tel,private_calls,0,0.79876,0.00393,0.00899,0.01027
tel,private_calls,0,0.02806,0.00379,0.00907,0.01562
tel,private_calls,0,0.91703,0.98617,0.25428,0.50023
tel,private_calls,0,0.88171,0.91224,0.06305,0.10483
tel,private_calls,0,0.05542,0.00373,0.00652,0.00487
tel,private_calls,0,0.97855,0.98923,0.05751,0.04766
tel,private_calls,0,0.48032,0.00379,0.01150,0.01242
tel,private_calls,0,0.66141,0.00401,0.02672,0.02772
tel,private_calls,1,0.98232,0.94638,0.05996,0.06098
tel,private_calls,1,0.30425,0.98731,0.02461,0.03585
tel,private_calls,0,0.62528,0.00371,0.02401,0.05127
tel,private_calls,0,0.75079,0.03358,0.04821,0.04905
tel,private_calls,0,0.97499,0.22805,0.02661,0.02806
tel,private_calls,1,0.91997,0.97409,0.37025,0.84733
tel,private_calls,0,0.78580,0.27408,0.04764,0.08877
tel,private_calls,1,0.95045,0.01754,0.04370,0.03956
tel,private_calls,1,0.97499,0.06288,0.10258,0.20637
tel,private_calls,0,0.01701,0.00369,0.00925,0.00960
tel,private_calls,1,0.80502,0.58218,0.06394,0.09001
tel,private_calls,0,0.07175,0.00374,0.00661,0.00622
tel,private_calls,0,0.00913,0.00380,0.00771,0.00757
tel,private_calls,1,0.61601,0.98527,0.28703,0.47210
tel,private_calls,1,0.94031,0.98939,0.75531,0.86281
tel,private_calls,0,0.28784,0.00377,0.00769,0.01108
tel,private_calls,0,0.46069,0.00372,0.00785,0.00802
tel,private_calls,0,0.66141,0.01365,0.00828,0.01099
tel,private_calls,0,0.01348,0.00446,0.01312,0.03336
tel,private_calls,0,0.96604,0.98631,0.20346,0.52732
tel,private_calls,1,0.92825,0.98188,0.12716,0.21725
tel,private_calls,0,0.36553,0.00397,0.00947,0.01083
tel,private_calls,0,0.81708,0.00404,0.00949,0.01489
tel,private_calls,0,0.55881,0.99213,0.82916,0.90868
tel,private_calls,0,0.79876,0.92278,0.01637,0.02355
tel,private_calls,1,0.95045,0.26084,0.14499,0.38027
tel,private_calls,0,0.95045,0.98676,0.22868,0.31889
tel,private_calls,0,0.02701,0.00542,0.01214,0.00989
tel,private_calls,0,0.01910,0.00394,0.01749,0.03314
tel,private_calls,0,0.15530,0.99076,0.22593,0.08327
tel,private_calls,0,0.17710,0.00401,0.00844,0.00838
tel,private_calls,0,0.75079,0.12771,0.25687,0.37297
tel,private_calls,0,0.03806,0.00463,0.01276,0.01360
tel,private_calls,1,0.80502,0.12384,0.09553,0.28014
tel,private_calls,0,0.38399,0.00373,0.00909,0.01112
tel,private_calls,1,0.96604,0.98786,0.23661,0.48020
tel,private_calls,1,0.98299,0.99083,0.79249,0.90089
tel,private_calls,0,0.01457,0.17609,0.00885,0.00766
tel,private_calls,0,0.05143,0.00380,0.00795,0.00680
tel,private_calls,0,0.86882,0.98011,0.16799,0.47018
tel,private_calls,0,0.32983,0.00487,0.01090,0.01748
tel,private_calls,0,0.73576,0.00397,0.03171,0.04708
tel,private_calls,1,0.97401,0.98836,0.71333,0.85537
tel,private_calls,1,0.97593,0.99139,0.97047,0.97796
tel,private_calls,1,0.02599,0.00410,0.00976,0.01440
tel,private_calls,0,0.67882,0.00730,0.02525,0.06414
tel,private_calls,1,0.42187,0.98784,0.05714,0.09698
tel,private_calls,1,0.97194,0.99130,0.72124,0.84877
tel,private_calls,1,0.97299,0.00400,0.00903,0.01167
tel,private_calls,0,0.88171,0.00417,0.04437,0.15353
tel,private_calls,1,0.96335,0.98997,0.92593,0.97009
tel,private_calls,0,0.03147,0.00379,0.00731,0.00613
tel,private_calls,0,0.72804,0.80437,0.10240,0.10329
tel,private_calls,0,0.75079,0.00469,0.00895,0.01562
tel,private_calls,1,0.46069,0.99084,0.15170,0.27693
tel,private_calls,1,0.97771,0.98503,0.74710,0.85433
tel,private_calls,0,0.45092,0.35471,0.02587,0.05013
tel,private_calls,0,0.72017,0.00369,0.00827,0.00753
tel,private_calls,1,0.89718,0.00471,0.04392,0.04786
tel,private_calls,0,0.94661,0.98888,0.60167,0.90683
tel,private_calls,1,0.97855,0.99126,0.74305,0.84351
tel,private_calls,0,0.96335,0.00387,0.01027,0.00748
tel,private_calls,0,0.81112,0.00388,0.00900,0.01044
tel,private_calls,1,0.95045,0.98951,0.35567,0.37944
tel,private_calls,0,0.80502,0.06445,0.04675,0.03943
tel,private_calls,0,0.94458,0.97979,0.17533,0.17455
tel,private_calls,1,0.98543,0.99201,0.89441,0.93376
tel,private_calls,1,0.96604,0.99257,0.98533,0.98658
tel,private_calls,1,0.97593,0.98919,0.13665,0.06561
tel,private_calls,0,0.86882,0.14495,0.04128,0.05544
tel,private_calls,0,0.97937,0.98927,0.13034,0.13773
tel,private_calls,1,0.97593,0.99201,0.94353,0.97813
tel,private_calls,0,0.95895,0.99252,0.25333,0.13008
tel,private_calls,1,0.96853,0.99141,0.72158,0.63450
tel,private_calls,0,0.03029,0.00595,0.02680,0.02110
tel,private_calls,0,0.88171,0.01582,0.06726,0.09920
tel,private_calls,1,0.98599,0.99156,0.60778,0.81728
tel,private_calls,0,0.24921,0.00544,0.07324,0.18388
tel,private_calls,0,0.98846,0.98764,0.03319,0.05379
tel,private_calls,0,0.01636,0.00374,0.00853,0.00674
tel,private_calls,1,0.96472,0.00578,0.03493,0.06946
tel,private_calls,0,0.60665,0.00375,0.00938,0.01014
tel,private_calls,0,0.03147,0.07337,0.07081,0.10113
tel,private_calls,0,0.12246,0.00410,0.02255,0.02150
tel,private_calls,1,0.98599,0.98896,0.09060,0.06352
tel,private_calls,0,0.56849,0.04211,0.01733,0.02613
tel,private_calls,0,0.01910,0.00375,0.00848,0.01045
tel,private_calls,0,0.72017,0.07740,0.03982,0.04888
tel,private_calls,0,0.14042,0.00375,0.01216,0.01992
tel,private_calls,0,0.90422,0.97481,0.07595,0.08514
tel,private_calls,0,0.09578,0.00371,0.00764,0.00925
tel,private_calls,0,0.79876,0.98492,0.13838,0.18692
tel,private_calls,0,0.94031,0.99238,0.89930,0.91782
tel,private_calls,0,0.96047,0.71174,0.03202,0.03474
tel,private_calls,0,0.21420,0.18313,0.04082,0.06039
tel,private_calls,0,0.09578,0.00415,0.03628,0.06384
tel,private_calls,0,0.91083,0.98669,0.41823,0.65406
tel,private_calls,0,0.93574,0.00380,0.00737,0.01063
tel,private_calls,0,0.83947,0.00395,0.01976,0.02663
tel,private_calls,0,0.03528,0.00412,0.01500,0.01212
tel,private_calls,0,0.72804,0.63707,0.09258,0.16882
tel,private_calls,0,0.31265,0.00382,0.00929,0.00993
tel,private_calls,0,0.97299,0.98898,0.08941,0.09265
tel,private_calls,1,0.98704,0.99210,0.81596,0.90175
tel,private_calls,0,0.43151,0.00387,0.01273,0.01526
tel,private_calls,1,0.93574,0.99267,0.95958,0.95829
tel,private_calls,1,0.98232,0.99248,0.98712,0.98846
tel,private_calls,1,0.97855,0.99245,0.95423,0.96756
tel,private_calls,0,0.94458,0.00602,0.03955,0.04957
tel,private_calls,0,0.98543,0.96125,0.23180,0.21884
tel,private_calls,0,0.69575,0.02750,0.01860,0.02352
tel,private_calls,0,0.96472,0.59899,0.12026,0.14254
tel,private_calls,1,0.95045,0.98560,0.91922,0.84341
tel,private_calls,0,0.04263,0.00375,0.00702,0.00991
tel,private_calls,1,0.94661,0.99238,0.98949,0.99017
tel,private_calls,0,0.98486,0.02308,0.01711,0.01414
tel,private_calls,0,0.00668,0.00372,0.00668,0.00669
tel,private_calls,0,0.25665,0.32310,0.53803,0.73763
tel,private_calls,0,0.70402,0.00377,0.00612,0.00522
tel,private_calls,0,0.97194,0.14373,0.01969,0.02351
tel,private_calls,1,0.67882,0.98421,0.02057,0.01853
tel,private_calls,0,0.16053,0.92932,0.34621,0.61058
tel,private_calls,1,0.87754,0.99195,0.92955,0.96435
tel,private_calls,1,0.98232,0.94997,0.40046,0.45897
tel,private_calls,1,0.95573,0.99033,0.93348,0.93714
tel,private_calls,0,0.72804,0.00426,0.05610,0.04693
tel,private_calls,1,0.97684,0.98834,0.94428,0.94259
tel,private_calls,0,0.21420,0.00369,0.00607,0.00473
tel,private_calls,0,0.26424,0.00484,0.23567,0.29855
tel,private_calls,0,0.77224,0.96693,0.06727,0.06756
tel,private_calls,1,0.90758,0.99245,0.98142,0.98563
tel,private_calls,0,0.87325,0.01708,0.15652,0.13803
tel,private_calls,0,0.94031,0.00400,0.00889,0.01608
tel,private_calls,0,0.82290,0.00393,0.01483,0.02757
tel,private_calls,0,0.97401,0.98884,0.77373,0.91557
tel,private_calls,1,0.91997,0.99214,0.96386,0.96498
tel,private_calls,0,0.08297,0.00381,0.00887,0.00738
tel,private_calls,0,0.89718,0.99023,0.39641,0.27460
tel,private_calls,0,0.71216,0.99187,0.94244,0.93727
tel,private_calls,0,0.72017,0.95402,0.07774,0.10769
tel,private_calls,0,0.00722,0.00374,0.00585,0.00473
tel,private_calls,1,0.94857,0.99190,0.96204,0.95911
tel,private_calls,1,0.57813,0.13599,0.67996,0.78325
tel,private_calls,1,0.94857,0.99205,0.96754,0.97404
tel,private_calls,0,0.96604,0.03520,0.01258,0.01633
tel,private_calls,0,0.88968,0.00384,0.00749,0.00719
tel,private_calls,0,0.94458,0.00396,0.02478,0.05458
tel,private_calls,1,0.93574,0.99214,0.96249,0.95217
tel,private_calls,0,0.01109,0.00381,0.00656,0.00718
tel,private_calls,1,0.72804,0.99119,0.70377,0.80744
tel,private_calls,0,0.95045,0.00385,0.00626,0.00536
tel,private_calls,1,0.59721,0.98804,0.10003,0.26772
tel,private_calls,1,0.97499,0.99203,0.91522,0.93378
tel,private_calls,1,0.97499,0.98769,0.87344,0.88626
tel,private_calls,1,0.91083,0.99211,0.97594,0.97569
tel,private_calls,0,0.65253,0.99197,0.90811,0.90962
tel,private_calls,0,0.02916,0.00369,0.00808,0.00723
tel,private_calls,0,0.03953,0.00408,0.01670,0.02415
tel,private_calls,1,0.93333,0.99172,0.80832,0.83906
tel,private_calls,0,0.93333,0.00397,0.01379,0.01595
tel,private_calls,1,0.60665,0.99199,0.81897,0.73431
tel,private_calls,1,0.96194,0.99114,0.84204,0.84403
tel,private_calls,1,0.18888,0.99097,0.91039,0.91846
tel,private_calls,1,0.98015,0.99207,0.97126,0.97495
tel,private_calls,1,0.98162,0.99175,0.98718,0.98874
tel,private_calls,0,0.61601,0.88303,0.02658,0.04309
tel,private_calls,1,0.80502,0.98979,0.78148,0.76674
tel,private_calls,0,0.94857,0.00519,0.04900,0.14938
tel,private_calls,0,0.69575,0.99104,0.09987,0.07908
tel,private_calls,1,0.98090,0.99199,0.95894,0.96537
tel,private_calls,1,0.73576,0.99142,0.20752,0.27447
tel,private_calls,0,0.63447,0.00371,0.01008,0.01213
tel,private_calls,0,0.41230,0.00429,0.02207,0.07405
tel,private_calls,0,0.40279,0.00375,0.01474,0.03238
tel,private_calls,0,0.18888,0.00467,0.01083,0.01718
tel,private_calls,0,0.09924,0.98628,0.12391,0.16762
tel,private_calls,1,0.88968,0.99131,0.82756,0.87326
tel,private_calls,0,0.86882,0.00373,0.00651,0.00562
tel,private_calls,0,0.97299,0.95583,0.11607,0.10497
tel,private_calls,0,0.93333,0.99230,0.70809,0.80478
tel,private_calls,1,0.67882,0.99109,0.88335,0.93599
tel,private_calls,0,0.00642,0.00371,0.00671,0.00541
tel,private_calls,0,0.00668,0.00371,0.00686,0.00699
tel,private_calls,0,0.91703,0.00367,0.01364,0.01377
tel,private_calls,0,0.02407,0.00367,0.00667,0.00467
tel,private_calls,0,0.01199,0.00371,0.00674,0.00568
tel,private_calls,0,0.12675,0.00389,0.01076,0.01373
tel,private_calls,0,0.00913,0.92193,0.29025,0.40808
tel,private_calls,0,0.01348,0.00378,0.00964,0.01062
tel,private_calls,0,0.11424,0.00409,0.03252,0.05377
tel,private_calls,0,0.05143,0.00459,0.01556,0.01777
tel,private_calls,1,0.93574,0.99052,0.92318,0.97136
tel,private_calls,1,0.96047,0.98882,0.41310,0.46993
tel,private_calls,0,0.41230,0.02175,0.01459,0.01439
tel,private_calls,0,0.29598,0.00460,0.01563,0.02490
tel,private_calls,1,0.91703,0.99162,0.65197,0.76540
tel,private_calls,0,0.96335,0.00376,0.00906,0.00803
tel,private_calls,0,0.91703,0.00388,0.01904,0.02610
tel,private_calls,0,0.90422,0.13228,0.05656,0.04721
tel,private_calls,1,0.22091,0.98948,0.76571,0.86248
tel,private_calls,1,0.96853,0.99183,0.66954,0.60843
tel,private_calls,0,0.36553,0.00379,0.01139,0.01603
tel,private_calls,0,0.53931,0.00371,0.00852,0.00766
tel,private_calls,0,0.90758,0.06753,0.03054,0.03438
tel,private_calls,1,0.95895,0.99201,0.84184,0.92852
tel,private_calls,1,0.97855,0.99200,0.94886,0.96163
tel,private_calls,1,0.98162,0.99222,0.96035,0.97744
tel,private_calls,0,0.89349,0.99259,0.95377,0.96190
tel,private_calls,0,0.77224,0.96582,0.06381,0.10259
tel,private_calls,0,0.06426,0.99165,0.35002,0.24343
tel,private_calls,1,0.94857,0.99257,0.97759,0.98333
tel,private_calls,0,0.11032,0.00381,0.00786,0.00778
tel,private_calls,1,0.17710,0.99229,0.64952,0.46557
tel,private_calls,0,0.79876,0.00387,0.00721,0.00812
tel,private_calls,0,0.17710,0.00455,0.02374,0.02332
tel,private_calls,1,0.83409,0.98263,0.43329,0.50568
tel,private_calls,0,0.12675,0.01764,0.02383,0.03194
tel,private_calls,0,0.01154,0.00366,0.00850,0.01259
tel,private_calls,1,0.95403,0.99130,0.93830,0.96567
tel,private_calls,1,0.98015,0.99144,0.92918,0.96196
tel,private_calls,0,0.24191,0.00365,0.00893,0.01147
tel,private_calls,1,0.89718,0.98603,0.86282,0.94677
tel,private_calls,0,0.00987,0.00377,0.00563,0.00563
tel,private_calls,0,0.36553,0.00366,0.00700,0.01473
tel,private_calls,1,0.96853,0.99175,0.95344,0.97390
tel,private_calls,0,0.82856,0.00641,0.01632,0.02107
tel,private_calls,0,0.08917,0.00367,0.00788,0.00808
tel,private_calls,0,0.01199,0.00603,0.01396,0.02388
tel,private_calls,0,0.01985,0.00366,0.00775,0.00922
tel,private_calls,0,0.09242,0.00696,0.02360,0.03291
tel,private_calls,0,0.64355,0.00419,0.03031,0.04095
tel,private_calls,0,0.25665,0.00368,0.00871,0.01309
tel,private_calls,0,0.33859,0.00369,0.00622,0.00749
tel,private_calls,0,0.56849,0.98428,0.10595,0.37301
tel,private_calls,1,0.27196,0.03792,0.14019,0.20541
tel,private_calls,0,0.83947,0.00376,0.00591,0.00446
tel,private_calls,1,0.58770,0.61236,0.04951,0.20415
tel,private_calls,0,0.00668,0.00374,0.00523,0.00476
tel,private_calls,1,0.01199,0.00495,0.04212,0.10581
tel,private_calls,0,0.09924,0.00372,0.00612,0.00649
tel,private_calls,1,0.01067,0.34780,0.04354,0.07669
tel,private_calls,0,0.00549,0.00364,0.00578,0.00594
tel,private_calls,0,0.00549,0.00370,0.00526,0.00479
tel,private_calls,0,0.25665,0.00452,0.01941,0.03640
tel,private_calls,0,0.01838,0.00371,0.00911,0.02603
tel,private_calls,1,0.91398,0.99178,0.75679,0.95215
tel,private_calls,0,0.01838,0.00384,0.00515,0.00397
tel,private_calls,0,0.06194,0.00365,0.00761,0.00975
tel,private_calls,1,0.08297,0.99197,0.69338,0.87273
tel,private_calls,1,0.77909,0.00632,0.11998,0.25511
tel,private_calls,0,0.26424,0.00372,0.00564,0.00576
tel,private_calls,1,0.15020,0.06884,0.08237,0.16583
tel,private_calls,1,0.96971,0.98971,0.58057,0.68488
tel,private_calls,0,0.00549,0.00367,0.00675,0.01576
tel,private_calls,0,0.00668,0.00372,0.00774,0.01180
tel,private_calls,1,0.00722,0.99046,0.79601,0.86836
tel,private_calls,0,0.01154,0.00373,0.00630,0.00695
tel,private_calls,1,0.72017,0.99125,0.97311,0.97984
tel,private_calls,0,0.00878,0.00380,0.00661,0.00688
tel,private_calls,0,0.01247,0.00374,0.00542,0.00514
tel,private_calls,0,0.01574,0.00368,0.00889,0.02043
tel,private_calls,1,0.27196,0.99180,0.92125,0.95884
tel,private_calls,1,0.94031,0.06196,0.11498,0.28693
tel,private_calls,1,0.93806,0.99086,0.89045,0.94831
tel,private_calls,0,0.79876,0.05697,0.08753,0.08242
tel,private_calls,0,0.22776,0.00373,0.01059,0.02579
tel,private_calls,0,0.09242,0.00466,0.00893,0.00985
tel,private_calls,1,0.92559,0.98937,0.80016,0.70570
tel,private_calls,1,0.87754,0.97525,0.17665,0.29416
tel,private_calls,0,0.00694,0.00368,0.00597,0.00589
tel,private_calls,1,0.41230,0.98800,0.34182,0.44336
tel,private_calls,0,0.03396,0.00455,0.03438,0.04109
tel,private_calls,0,0.08297,0.97717,0.05939,0.09021
tel,private_calls,0,0.07175,0.00426,0.01285,0.01600
tel,private_calls,1,0.97401,0.99211,0.98116,0.98679
tel,private_calls,0,0.01636,0.00371,0.00708,0.00831
tel,private_calls,0,0.98364,0.76376,0.26315,0.30087
tel,private_calls,0,0.52951,0.00413,0.02463,0.04054
tel,private_calls,1,0.95403,0.99025,0.76690,0.93789
tel,private_calls,0,0.87325,0.17624,0.03661,0.07437
tel,private_calls,1,0.87325,0.99159,0.71927,0.89055
tel,private_calls,0,0.42187,0.00390,0.01690,0.02074
tel,private_calls,1,0.95573,0.97719,0.65694,0.73474
tel,private_calls,1,0.91703,0.98946,0.23140,0.21477
tel,private_calls,0,0.17710,0.00575,0.01773,0.02979
tel,private_calls,0,0.22776,0.67837,0.08397,0.10661
tel,private_calls,0,0.01768,0.00383,0.00758,0.00758
tel,private_calls,0,0.04105,0.99166,0.76308,0.81450
tel,private_calls,0,0.07717,0.99051,0.05849,0.09129
tel,private_calls,1,0.75079,0.99192,0.83925,0.86072
tel,private_calls,0,0.07175,0.00588,0.03388,0.09547
tel,private_calls,0,0.03029,0.43256,0.04928,0.04558
tel,private_calls,0,0.08917,0.00360,0.00709,0.01017
tel,private_calls,0,0.24921,0.00588,0.03277,0.04432
tel,private_calls,0,0.04955,0.91172,0.07194,0.08800
tel,private_calls,1,0.96472,0.99238,0.56509,0.55884
tel,private_calls,0,0.08003,0.02648,0.01656,0.02194
tel,private_calls,0,0.14042,0.00366,0.00830,0.01170
tel,private_calls,1,0.98599,0.99043,0.96170,0.97478
tel,private_calls,0,0.16053,0.00368,0.00707,0.00546
tel,private_calls,0,0.46069,0.98848,0.57634,0.58309
tel,private_calls,0,0.93806,0.01175,0.04953,0.04929
tel,private_calls,0,0.15530,0.00361,0.00756,0.00830
tel,private_calls,1,0.70402,0.99142,0.13999,0.16168
tel,private_calls,0,0.01985,0.00363,0.00798,0.00875
tel,private_calls,0,0.06667,0.98963,0.11535,0.12615
tel,private_calls,0,0.33859,0.02791,0.02188,0.03202
tel,private_calls,0,0.02501,0.00367,0.00677,0.00617
tel,private_calls,0,0.08297,0.00387,0.00753,0.00856
tel,private_calls,0,0.14524,0.31597,0.05329,0.07917
tel,private_calls,0,0.03147,0.00381,0.00801,0.00862
tel,private_calls,0,0.02229,0.00426,0.02589,0.03928
tel,private_calls,0,0.22091,0.99079,0.11379,0.14698
tel,private_calls,0,0.05969,0.98822,0.05714,0.09073
tel,private_calls,0,0.02806,0.00367,0.01022,0.01178
tel,private_calls,0,0.28784,0.00372,0.00745,0.00847
tel,private_calls,0,0.00844,0.00375,0.00857,0.01144
tel,private_calls,0,0.03806,0.00410,0.00791,0.01062
tel,private_calls,0,0.24921,0.00649,0.02925,0.04191
tel,private_calls,0,0.11829,0.00407,0.00793,0.00680
tel,private_calls,0,0.93083,0.00413,0.02437,0.02810
tel,private_calls,1,0.93806,0.99229,0.97713,0.97858
tel,private_calls,0,0.93574,0.00369,0.00691,0.00578
tel,private_calls,0,0.05542,0.00366,0.00672,0.00554
tel,private_calls,0,0.92283,0.01303,0.03237,0.03503
tel,private_calls,0,0.63447,0.00393,0.02139,0.03503
tel,private_calls,0,0.85958,0.97711,0.03163,0.04913
tel,private_calls,0,0.59721,0.01740,0.01604,0.03734
tel,private_calls,0,0.97401,0.00372,0.00783,0.01017
tel,private_calls,0,0.11829,0.00378,0.00607,0.00456
tel,private_calls,1,0.66141,0.20195,0.04742,0.08044
tel,private_calls,0,0.03528,0.00386,0.00752,0.00651
tel,private_calls,0,0.02501,0.98524,0.07475,0.10673
tel,private_calls,1,0.97084,0.99098,0.94540,0.94065
tel,private_calls,1,0.94857,0.98767,0.42000,0.64526
tel,private_calls,1,0.81112,0.99163,0.90207,0.92930
tel,private_calls,0,0.93083,0.92855,0.09560,0.13032
tel,private_calls,0,0.40279,0.00366,0.00800,0.00913
tel,private_calls,0,0.02806,0.00363,0.00725,0.00820
tel,private_calls,1,0.96335,0.98992,0.38034,0.40407
tel,private_calls,1,0.97771,0.99228,0.89579,0.87935
tel,private_calls,0,0.96194,0.99119,0.83506,0.79171
tel,private_calls,1,0.97401,0.99075,0.38192,0.42434
tel,private_calls,0,0.16591,0.00365,0.00667,0.00559
tel,private_calls,0,0.05542,0.00766,0.00790,0.00860
tel,private_calls,0,0.78580,0.96443,0.05018,0.07314
tel,private_calls,0,0.90758,0.99082,0.91917,0.95036
tel,private_calls,1,0.60665,0.99118,0.95136,0.96397
tel,private_calls,0,0.00812,0.00396,0.00687,0.00626
tel,private_calls,0,0.05143,0.99211,0.42179,0.50517
tel,private_calls,0,0.72017,0.80577,0.07438,0.11830
tel,private_calls,0,0.60665,0.00388,0.00749,0.01041
tel,private_calls,1,0.91997,0.98589,0.66444,0.51876
tel,private_calls,0,0.96604,0.95783,0.63638,0.65272
tel,private_calls,0,0.11829,0.00376,0.01853,0.04126
tel,private_calls,1,0.91997,0.99202,0.92827,0.95635
tel,private_calls,0,0.05751,0.00378,0.00583,0.00435
tel,private_calls,0,0.93806,0.00664,0.01838,0.02100
tel,private_calls,1,0.09242,0.96479,0.43949,0.79182
tel,private_calls,1,0.97084,0.98950,0.90051,0.90244
tel,private_calls,0,0.01348,0.00408,0.01670,0.02122
tel,private_calls,0,0.30425,0.94824,0.21728,0.18024
tel,private_calls,0,0.08297,0.00374,0.00775,0.00817
tel,private_calls,1,0.85476,0.99200,0.95949,0.96844
tel,private_calls,0,0.11829,0.00638,0.00769,0.00867
tel,private_calls,0,0.00878,0.00379,0.00600,0.00639
tel,private_calls,1,0.12675,0.99068,0.07442,0.10781
tel,private_calls,1,0.94249,0.98511,0.84008,0.86894
tel,private_calls,1,0.97937,0.99190,0.95383,0.97623
tel,private_calls,0,0.01067,0.00385,0.00594,0.00448
tel,private_calls,0,0.56849,0.99004,0.03676,0.06774
tel,private_calls,0,0.74335,0.99210,0.17072,0.15888
tel,private_calls,1,0.94857,0.98898,0.25175,0.28634
tel,private_calls,0,0.09242,0.00371,0.00627,0.00563
tel,private_calls,0,0.18888,0.00373,0.00613,0.00554
tel,private_calls,1,0.89718,0.98786,0.78922,0.89246
tel,private_calls,0,0.81112,0.00373,0.01025,0.01369
tel,private_calls,1,0.85476,0.92657,0.09923,0.27669
tel,private_calls,0,0.93806,0.96389,0.03886,0.04232
tel,private_calls,0,0.98486,0.00779,0.00990,0.00938
tel,private_calls,0,0.05339,0.00366,0.01011,0.00928
tel,private_calls,1,0.91997,0.97698,0.60408,0.73241
tel,private_calls,1,0.77224,0.99167,0.97962,0.98400
tel,private_calls,0,0.04263,0.00368,0.00715,0.00715
tel,private_calls,1,0.96047,0.99223,0.96364,0.97651
tel,private_calls,1,0.81708,0.99221,0.62145,0.65356
tel,private_calls,1,0.84470,0.99202,0.86636,0.90155
tel,private_calls,1,0.91703,0.02224,0.04770,0.08636
tel,private_calls,1,0.13118,0.00375,0.01404,0.02368
tel,private_calls,1,0.14042,0.98842,0.39846,0.42868
tel,private_calls,0,0.67882,0.00370,0.00785,0.00968
tel,private_calls,1,0.27196,0.99218,0.78399,0.89871
tel,private_calls,0,0.95228,0.98797,0.69120,0.75052
tel,private_calls,0,0.20124,0.00368,0.00753,0.00817
tel,private_calls,0,0.06667,0.00392,0.01377,0.01909
tel,private_calls,1,0.21420,0.98586,0.42476,0.49918
tel,private_calls,1,0.93083,0.99161,0.92850,0.88315
tel,private_calls,0,0.58770,0.96088,0.04186,0.03929
tel,private_calls,0,0.90758,0.14096,0.04516,0.05593
tel,private_calls,0,0.45092,0.00604,0.02036,0.04084
tel,private_calls,0,0.14524,0.00366,0.00692,0.00694
tel,private_calls,1,0.91083,0.96350,0.56877,0.58893
tel,private_calls,1,0.94031,0.99220,0.90666,0.91571
tel,private_calls,1,0.94857,0.99212,0.95547,0.95412
tel,private_calls,1,0.93083,0.98378,0.42399,0.49651
tel,private_calls,0,0.79876,0.00373,0.00589,0.00414
tel,private_calls,1,0.98801,0.99266,0.97987,0.98446
tel,private_calls,1,0.98704,0.99248,0.96857,0.96173
tel,private_calls,0,0.94249,0.00369,0.00729,0.00637
tel,private_calls,0,0.28784,0.95865,0.03349,0.02443
tel,private_calls,0,0.86882,0.16691,0.03112,0.03460
tel,private_calls,1,0.06667,0.00396,0.01255,0.01200
tel,private_calls,0,0.97855,0.98006,0.39203,0.44666
tel,private_calls,1,0.98543,0.96868,0.09026,0.37875
tel,private_calls,0,0.95895,0.99148,0.84021,0.77683
tel,private_calls,1,0.06426,0.99199,0.97499,0.97660
tel,private_calls,1,0.97771,0.99246,0.99068,0.99114
tel,private_calls,0,0.87325,0.98675,0.34185,0.69261
tel,private_calls,0,0.69575,0.00374,0.01029,0.00992
tel,private_calls,0,0.03147,0.00588,0.01315,0.01539
tel,private_calls,0,0.96971,0.96585,0.29604,0.37691
tel,private_calls,1,0.97855,0.99242,0.97831,0.98358
tel,private_calls,0,0.96971,0.00374,0.02516,0.02920
tel,private_calls,0,0.05542,0.00373,0.00649,0.00496
tel,private_calls,0,0.11424,0.98555,0.09817,0.18720
tel,private_calls,0,0.03953,0.00382,0.00865,0.01326
tel,private_calls,0,0.10282,0.79822,0.13892,0.25402
tel,private_calls,1,0.93806,0.99230,0.95242,0.96945
tel,private_calls,0,0.87325,0.00377,0.01950,0.01965
tel,private_calls,0,0.82856,0.00706,0.04530,0.04363
tel,private_calls,0,0.98891,0.99048,0.50503,0.59784
tel,private_calls,1,0.98015,0.99227,0.91791,0.93706
tel,private_calls,0,0.13573,0.00435,0.01152,0.01265
tel,private_calls,0,0.01067,0.00371,0.00656,0.00529
tel,private_calls,0,0.97771,0.17738,0.19579,0.31202
tel,private_calls,1,0.98426,0.99243,0.99122,0.99153
tel,private_calls,0,0.31265,0.00369,0.00652,0.00569
tel,private_calls,0,0.87325,0.98982,0.18323,0.33679
tel,private_calls,0,0.15020,0.00371,0.00697,0.00559
tel,private_calls,1,0.97299,0.98998,0.76800,0.73985
tel,private_calls,0,0.98704,0.99257,0.98203,0.98695
tel,private_calls,0,0.96472,0.99161,0.80945,0.89560
tel,private_calls,1,0.98543,0.99109,0.82443,0.92231
tel,private_calls,1,0.98704,0.99246,0.73365,0.77492
tel,private_calls,0,0.13118,0.00371,0.00770,0.00815
tel,private_calls,0,0.05143,0.00395,0.01377,0.01986
tel,private_calls,0,0.30425,0.00375,0.00957,0.01185
tel,private_calls,0,0.90076,0.01567,0.01994,0.02019
tel,private_calls,1,0.93083,0.99195,0.81853,0.85654
tel,private_calls,0,0.61601,0.00415,0.01509,0.01878
tel,private_calls,0,0.11424,0.00366,0.00690,0.00688
tel,private_calls,0,0.90422,0.00369,0.00638,0.00486
tel,private_calls,1,0.91703,0.98939,0.94851,0.95639
tel,private_calls,0,0.04105,0.00389,0.01475,0.02123
tel,private_calls,0,0.02063,0.00369,0.01052,0.01252
tel,private_calls,0,0.77909,0.00400,0.01440,0.02275
tel,private_calls,0,0.32983,0.00827,0.10605,0.16614
tel,private_calls,0,0.08003,0.00438,0.01573,0.02040
tel,private_calls,0,0.88171,0.48874,0.11208,0.18193
tel,private_calls,0,0.33859,0.00375,0.01072,0.02788
tel,private_calls,0,0.75079,0.84786,0.04376,0.03877
tel,private_calls,1,0.98426,0.99229,0.95292,0.97140
tel,private_calls,0,0.37472,0.13233,0.05193,0.03950
tel,private_calls,0,0.05339,0.00378,0.00765,0.00792
tel,private_calls,0,0.63447,0.00449,0.05667,0.09449
tel,private_calls,0,0.03396,0.00364,0.00724,0.00702
tel,private_calls,0,0.02316,0.00364,0.00777,0.00970
tel,private_calls,0,0.94031,0.07413,0.01450,0.01754
tel,private_calls,0,0.89718,0.98888,0.15731,0.28145
tel,private_calls,0,0.94249,0.99250,0.99122,0.99158
tel,private_calls,0,0.96604,0.00382,0.00930,0.00953
tel,private_calls,0,0.93806,0.00397,0.01137,0.01704
tel,private_calls,0,0.50985,0.98764,0.08938,0.12643
tel,private_calls,0,0.79235,0.00362,0.00695,0.00793
tel,private_calls,0,0.96335,0.99138,0.91413,0.94525
tel,private_calls,0,0.96335,0.00373,0.03886,0.03346
tel,private_calls,1,0.97771,0.99124,0.92144,0.93281
tel,private_calls,0,0.20124,0.00626,0.01135,0.01660
tel,private_calls,1,0.98704,0.99193,0.80029,0.91690
tel,private_calls,0,0.96047,0.01661,0.02202,0.01778
tel,private_calls,0,0.69575,0.96244,0.05052,0.06083
tel,private_calls,0,0.03528,0.00370,0.01158,0.01062
tel,private_calls,0,0.85476,0.00684,0.02895,0.02944
tel,private_calls,1,0.96731,0.99229,0.98458,0.98739
tel,private_calls,0,0.03269,0.00366,0.00643,0.00560
tel,private_calls,0,0.96335,0.98544,0.82305,0.75758
tel,private_calls,1,0.01154,0.95879,0.67125,0.64664
tel,private_calls,1,0.90076,0.99215,0.98764,0.98987
tel,private_calls,0,0.91083,0.00374,0.00778,0.00712
tel,private_calls,0,0.04263,0.00378,0.00667,0.00545
tel,private_calls,1,0.97194,0.99178,0.93979,0.96370
tel,private_calls,0,0.27196,0.96774,0.05499,0.06997
tel,private_calls,1,0.72017,0.99244,0.98220,0.98555
tel,private_calls,1,0.94857,0.99248,0.99074,0.99114
tel,private_calls,1,0.94031,0.00433,0.01294,0.01600
tel,private_calls,1,0.97499,0.99230,0.98765,0.98931
tel,private_calls,1,0.96971,0.99239,0.93324,0.91394
tel,private_calls,0,0.97084,0.99225,0.80997,0.76049
tel,private_calls,0,0.94249,0.00384,0.01510,0.02469
tel,private_calls,0,0.97593,0.99077,0.76309,0.82893
tel,private_calls,1,0.93083,0.96612,0.76247,0.75622
tel,private_calls,1,0.27196,0.98983,0.22899,0.35969
tel,private_calls,1,0.98162,0.99248,0.96977,0.97850
tel,private_calls,0,0.77909,0.00386,0.01059,0.00960
tel,private_calls,0,0.93083,0.16973,0.18425,0.09959
tel,private_calls,0,0.95895,0.96306,0.04416,0.03788
tel,private_calls,0,0.65253,0.00593,0.03004,0.03356
tel,private_calls,0,0.72017,0.00382,0.00638,0.00515
tel,private_calls,0,0.97194,0.02851,0.04940,0.04617
tel,private_calls,1,0.98090,0.98985,0.94154,0.96052
tel,private_calls,0,0.04597,0.00370,0.00737,0.00741
tel,private_calls,1,0.96853,0.99141,0.92814,0.90351
tel,private_calls,0,0.01199,0.00367,0.00665,0.00545
tel,private_calls,0,0.01910,0.00373,0.00770,0.00852
tel,private_calls,0,0.74335,0.00426,0.01911,0.03438
tel,private_calls,1,0.97299,0.01183,0.13666,0.19704
tel,private_calls,0,0.98232,0.99095,0.85955,0.87495
tel,private_calls,1,0.87325,0.00410,0.01314,0.01399
tel,private_calls,1,0.98232,0.99138,0.92560,0.93255
tel,private_calls,0,0.03953,0.00371,0.00702,0.00664
tel,private_calls,1,0.24921,0.96278,0.25988,0.18136
tel,private_calls,1,0.97855,0.98408,0.74885,0.87832
tel,private_calls,0,0.77909,0.00373,0.00669,0.00693
tel,private_calls,1,0.97771,0.98916,0.89543,0.96207
tel,private_calls,1,0.98162,0.99228,0.95721,0.97306
tel,private_calls,0,0.96472,0.50512,0.02812,0.03811
tel,private_calls,1,0.94249,0.98614,0.24467,0.23457
tel,private_calls,0,0.93333,0.00391,0.02389,0.02432
tel,private_calls,1,0.97401,0.99209,0.58897,0.49013
tel,private_calls,1,0.95228,0.01361,0.03781,0.03771
tel,private_calls,1,0.97084,0.99061,0.51242,0.74169
tel,private_calls,0,0.00781,0.00408,0.01055,0.01715
tel,private_calls,1,0.90422,0.97993,0.14091,0.29032
tel,private_calls,0,0.02599,0.00371,0.00616,0.00483
tel,private_calls,1,0.94249,0.98880,0.38821,0.53826
tel,private_calls,1,0.98232,0.96821,0.13517,0.19488
tel,private_calls,0,0.01026,0.00370,0.00635,0.00498
tel,private_calls,0,0.79235,0.01502,0.02735,0.04084
tel,private_calls,0,0.00949,0.00369,0.00728,0.01895
tel,private_calls,1,0.98652,0.96016,0.82766,0.94187
tel,private_calls,1,0.98599,0.99176,0.93712,0.94947
tel,private_calls,0,0.93333,0.84363,0.08484,0.13202
tel,private_calls,1,0.93333,0.99035,0.15455,0.14524
tel,private_calls,1,0.98974,0.63064,0.02505,0.04751
tel,private_calls,1,0.97771,0.99180,0.27036,0.33007
tel,private_calls,0,0.96971,0.01151,0.03220,0.04886
tel,private_calls,1,0.93333,0.98877,0.64083,0.79940
tel,private_calls,0,0.81708,0.01999,0.02947,0.03470
tel,private_calls,1,0.67882,0.98878,0.59874,0.79770
tel,private_calls,0,0.92825,0.28858,0.07575,0.08485
tel,private_calls,1,0.70402,0.02908,0.03215,0.05874
tel,private_calls,1,0.97299,0.99052,0.89919,0.93732
tel,private_calls,1,0.96604,0.98893,0.69587,0.87745
tel,private_calls,1,0.98299,0.98934,0.91954,0.95542
tel,private_calls,1,0.76524,0.99077,0.97153,0.98166
tel,private_calls,0,0.10282,0.00377,0.00673,0.00667
tel,private_calls,1,0.96853,0.99172,0.97154,0.98558
tel,private_calls,1,0.97771,0.99204,0.96792,0.98166
tel,private_calls,1,0.97684,0.98955,0.92789,0.95050
tel,private_calls,1,0.98426,0.91111,0.45943,0.82129
tel,private_calls,1,0.98426,0.99123,0.44631,0.55971
tel,private_calls,1,0.55881,0.95714,0.63978,0.77036
tel,private_calls,1,0.73576,0.98941,0.03337,0.04446
tel,private_calls,0,0.00594,0.00376,0.00588,0.00454
tel,private_calls,1,0.83947,0.99127,0.92531,0.94882
tel,private_calls,1,0.83947,0.99240,0.98845,0.99042
tel,private_calls,0,0.36553,0.00375,0.00804,0.00952
tel,private_calls,0,0.45092,0.00372,0.00857,0.00736
tel,private_calls,0,0.19498,0.00378,0.00679,0.00779
tel,private_calls,1,0.77909,0.00382,0.01529,0.03011
tel,private_calls,0,0.92559,0.01637,0.02274,0.04578
tel,private_calls,1,0.93574,0.99108,0.94789,0.95541
tel,private_calls,1,0.92559,0.03448,0.01653,0.01753
tel,private_calls,0,0.00594,0.00372,0.00663,0.00745
tel,private_calls,0,0.07175,0.00371,0.00803,0.00832
tel,private_calls,0,0.10651,0.00377,0.01420,0.02637
tel,private_calls,0,0.18888,0.00446,0.04397,0.08254
tel,private_calls,0,0.24191,0.00411,0.02327,0.06275
tel,private_calls,1,0.95573,0.98413,0.42610,0.77646
tel,private_calls,0,0.96853,0.00454,0.19699,0.59561
tel,private_calls,0,0.00751,0.00378,0.00586,0.00464
tel,private_calls,1,0.89349,0.99069,0.14635,0.09205
tel,private_calls,1,0.98753,0.99166,0.88785,0.92350
tel,private_calls,1,0.97194,0.99210,0.97984,0.98360
tel,private_calls,0,0.22091,0.00374,0.00680,0.00646
tel,private_calls,1,0.96971,0.36117,0.05584,0.07369
tel,private_calls,1,0.96604,0.95778,0.08730,0.14051
tel,private_calls,0,0.72017,0.58744,0.17530,0.72018
tel,private_calls,1,0.82856,0.04285,0.01816,0.02074
tel,private_calls,1,0.98162,0.99190,0.95496,0.98070
tel,private_calls,0,0.90758,0.98850,0.45940,0.71286
tel,private_calls,1,0.97771,0.99029,0.66649,0.84675
tel,private_calls,0,0.80502,0.01223,0.01646,0.01334
tel,private_calls,1,0.94661,0.00421,0.01431,0.01813
tel,private_calls,0,0.87754,0.00396,0.00991,0.01716
tel,private_calls,1,0.98652,0.99193,0.93436,0.95886
tel,private_calls,0,0.34747,0.00377,0.00628,0.00553
tel,private_calls,1,0.98599,0.99244,0.97847,0.98231
tel,private_calls,1,0.94857,0.99162,0.98512,0.98778
tel,private_calls,0,0.82290,0.96230,0.19069,0.25306
tel,private_calls,0,0.00781,0.00373,0.00614,0.00582
tel,private_calls,1,0.93806,0.40044,0.25447,0.59278
tel,private_calls,1,0.93083,0.98215,0.77677,0.89811
tel,private_calls,0,0.51968,0.00435,0.00688,0.00545
tel,private_calls,1,0.91997,0.99041,0.87502,0.93940
tel,private_calls,1,0.98704,0.99213,0.91943,0.94683
tel,private_calls,0,0.93806,0.00400,0.01974,0.02227
tel,private_calls,1,0.94031,0.99146,0.77358,0.80412
tel,private_calls,0,0.96335,0.00377,0.00719,0.01112
tel,private_calls,0,0.89349,0.00388,0.00904,0.01418
tel,private_calls,1,0.67017,0.91903,0.06943,0.18448
tel,private_calls,1,0.98090,0.99138,0.69823,0.78355
tel,private_calls,0,0.96335,0.01438,0.04084,0.07354
tel,private_calls,0,0.72804,0.00372,0.00942,0.01195
tel,private_calls,0,0.81112,0.00538,0.01141,0.01503
tel,private_calls,1,0.98426,0.98982,0.70102,0.94377
tel,private_calls,0,0.88968,0.98580,0.05948,0.10990
tel,private_calls,0,0.90076,0.00382,0.01175,0.02252
tel,private_calls,0,0.83947,0.97371,0.14372,0.19785
tel,private_calls,0,0.49015,0.00436,0.01012,0.01820
tel,private_calls,0,0.50000,0.00378,0.00677,0.00654
tel,private_calls,0,0.96335,0.11829,0.06259,0.09320
tel,private_calls,0,0.00668,0.00383,0.00757,0.01167
tel,private_calls,0,0.73576,0.97426,0.28079,0.45697
tel,private_calls,0,0.00594,0.00375,0.00664,0.00525
tel,private_calls,0,0.23476,0.92381,0.19894,0.19039
tel,private_calls,0,0.81708,0.68878,0.05809,0.10586
tel,private_calls,0,0.94031,0.98383,0.18649,0.16428
tel,private_calls,0,0.93574,0.11465,0.02525,0.06203
tel,private_calls,0,0.81112,0.00384,0.00989,0.01886
tel,private_calls,0,0.96472,0.99003,0.24578,0.47008
tel,private_calls,0,0.71216,0.97747,0.24570,0.45849
tel,private_calls,1,0.98232,0.99186,0.98124,0.98544
tel,private_calls,0,0.90076,0.00378,0.00823,0.01141
tel,private_calls,0,0.83947,0.00372,0.00634,0.00603
tel,private_calls,1,0.93574,0.99190,0.84451,0.91072
tel,private_calls,0,0.96472,0.00422,0.00909,0.01403
tel,private_calls,0,0.77224,0.00964,0.03010,0.08685
tel,private_calls,1,0.08917,0.00421,0.02506,0.04732
tel,private_calls,1,0.96971,0.99054,0.87517,0.96179
tel,private_calls,0,0.95045,0.98568,0.08117,0.11349
tel,private_calls,0,0.77909,0.96504,0.14160,0.12438
tel,private_calls,0,0.90422,0.93460,0.32466,0.62394
tel,private_calls,0,0.91997,0.00379,0.01638,0.01608
tel,private_calls,1,0.98015,0.99140,0.91215,0.96857
tel,private_calls,1,0.96853,0.99201,0.96360,0.97713
tel,private_calls,1,0.96971,0.98785,0.90065,0.94923
tel,private_calls,1,0.81708,0.99178,0.98724,0.99033
tel,private_calls,1,0.97194,0.99190,0.95918,0.96299
tel,private_calls,0,0.02063,0.00671,0.04700,0.07013
tel,private_calls,0,0.96853,0.98836,0.19915,0.31892
tel,private_calls,1,0.98090,0.99231,0.94989,0.95740
tel,private_calls,1,0.95573,0.99104,0.83831,0.89089
tel,private_calls,0,0.98704,0.97987,0.13320,0.10457
tel,private_calls,1,0.96731,0.99138,0.78488,0.89204
tel,private_calls,0,0.13118,0.00425,0.01813,0.03031
tel,private_calls,0,0.96335,0.99056,0.30020,0.53123
tel,private_calls,0,0.62528,0.98855,0.80292,0.87980
tel,private_calls,0,0.98486,0.99232,0.95711,0.97259
tel,private_calls,1,0.98299,0.97515,0.01361,0.01332
tel,private_calls,1,0.97937,0.97559,0.47273,0.76716
tel,private_calls,0,0.98599,0.99011,0.86557,0.92206
tel,private_calls,0,0.98753,0.00532,0.03864,0.05823
tel,private_calls,1,0.89349,0.99227,0.93087,0.94793
tel,private_calls,0,0.62528,0.00423,0.02604,0.04231
tel,private_calls,0,0.94458,0.02574,0.04974,0.07830
tel,private_calls,0,0.95045,0.00406,0.02910,0.04045
tel,private_calls,0,0.22776,0.00413,0.02292,0.03420
tel,private_calls,1,0.28784,0.98437,0.23184,0.22591
tel,private_calls,0,0.03269,0.00385,0.00876,0.00970
tel,private_calls,1,0.96335,0.99241,0.91346,0.92290
tel,private_calls,1,0.98232,0.99224,0.53921,0.59244
tel,private_calls,1,0.93333,0.00420,0.02402,0.05137
tel,private_calls,1,0.90758,0.98994,0.75865,0.86791
tel,private_calls,0,0.96335,0.05073,0.06819,0.13099
tel,private_calls,0,0.56849,0.15759,0.14777,0.15522
tel,private_calls,1,0.97593,0.98714,0.27803,0.44678
tel,private_calls,1,0.85958,0.52984,0.02044,0.02456
tel,private_calls,1,0.94031,0.98718,0.15947,0.19069
tel,private_calls,1,0.97084,0.99199,0.98774,0.98847
tel,private_calls,0,0.98015,0.02523,0.03352,0.04136
tel,private_calls,1,0.98599,0.99130,0.77782,0.85690
tel,private_calls,1,0.04427,0.92885,0.67829,0.91003
tel,private_calls,1,0.98364,0.99213,0.97225,0.97445
tel,private_calls,1,0.98543,0.99187,0.87333,0.94556
tel,private_calls,1,0.98933,0.99217,0.96329,0.97920
tel,private_calls,1,0.31265,0.00469,0.01709,0.03233
tel,private_calls,0,0.96853,0.94048,0.05509,0.05974
tel,private_calls,1,0.84470,0.99191,0.85138,0.91215
tel,private_calls,1,0.94249,0.99213,0.47376,0.44497
tel,private_calls,0,0.86427,0.96200,0.19565,0.20077
tel,private_calls,1,0.98753,0.99235,0.95727,0.95426
tel,private_calls,1,0.96335,0.96419,0.36832,0.64291
tel,private_calls,0,0.97684,0.00533,0.12904,0.15034
tel,private_calls,0,0.84470,0.99052,0.31386,0.39451
tel,private_calls,1,0.98486,0.99221,0.94941,0.96826
tel,private_calls,0,0.92283,0.30203,0.56200,0.69765
tel,private_calls,1,0.95737,0.99164,0.91773,0.95226
tel,private_calls,0,0.95737,0.98688,0.18727,0.14696
tel,private_calls,0,0.96335,0.00393,0.00983,0.00927
tel,private_calls,1,0.97299,0.94993,0.29340,0.48757
tel,private_calls,1,0.98232,0.99201,0.91705,0.92971
tel,private_calls,0,0.96194,0.00420,0.03235,0.11157
